  1.9954082655  0.6958122284  0.5671618606  0.5193407617  0.4576940725  0.2957919793  0.4621433551  0.3787354544  1.1058444751  0.5367692305  0.4396410280  0.3194655014  0.5754673258  1.4461396722  1.7255878813  0.4005713360  0.2801550796  0.3899338019  0.4483452242  0.8577550456  0.5397693134  0.4461988867  0.4800071835  0.6032424464  0.3744615863  0.2567656742  0.3421154205  0.7299681766  0.4095314342  0.2666693358  0.4309110897  0.7326081453  0.3270151748  0.4042598086  0.2792066231  0.2747065142  0.4430860848  0.4833298042  0.2202956379  0.3082363736  0.1958461524  0.1105998253  0.0847411925  0.1517556492  0.0716178553  0.0652501019  0.0474262154  0.0533737046  0.0155795627  0.0159107304  0.0166886420  0.0264042707  0.0361786636  0.0400405637  0.0117367254  0.0401287656  0.0705609902  0.1225277338  0.1227369342  0.1959501460  0.1973629223  0.1196060873  0.4771377725  0.3103023132  0.2694829450  0.2042443662  0.2212555680  0.5905143750  1.1966347734  1.4307886365  2.3155515114  0.9892355712  1.3239306064  2.2500418564  1.4154479878  2.6899549758  4.9411893962  7.8707826988  5.8915219167  7.7521113173  7.1722959918  9.0484374896  17.5971061205  38.1140849612  16.2180929734  9.8946888569  13.1103416138  17.0215564667  7.3809191239  3.4733900073  3.9578139874  7.1712084561  10.9261314797  12.8782600766  27.1104577087  21.3871632493  18.1943900140  24.9206754698  10.4280324357  4.2394258992  3.1557585724
  1.8507060149  0.6596787751  0.5167132239  0.3824738505  0.3315822359  0.3145259526  0.2620659770  0.4088656513  0.2935167911  0.2821444143  0.3089320443  1.0773100532  1.1200931967  1.6847755208  0.9411366602  1.0639776889  1.3496252637  0.8300230650  0.6892238492  0.4204400006  0.7307965901  1.0814850174  1.0911290758  0.7386001471  0.4295094661  0.2853339283  0.4037960840  0.4356854480  0.4358832169  0.4115470607  0.7204926719  0.4567122432  0.4849403171  0.2875561275  0.4057900147  0.5004781210  0.4110146091  0.2215235148  0.3073382038  0.1972517990  0.1159022213  0.1457810798  0.0815252473  0.0642645727  0.0673730495  0.0526651646  0.1030075838  0.0400798263  0.0131518178  0.0116194658  0.0235537926  0.0343265958  0.0478950554  0.0433931978  0.0283306748  0.0356284656  0.0505762600  0.0915352038  0.1854367209  0.1722133891  0.2150065401  0.5034365576  0.4011737298  0.2486132079  0.2786596146  0.2661733798  1.0027963951  2.2063519485  2.1983750794  2.6965651813  2.3153062152  1.4125479636  0.8353576661  0.6691700148  1.4694803132  4.4576498253  9.4233744221  8.0380050062  9.8240051632  10.3395448117  10.7501684142  12.5178425039  17.4932779824  13.2949219334  4.5511207695  5.0597605769  6.0250918596  7.3831275791  2.6195075269  2.0780934048  2.9360635779  12.7922065153  25.6767482682  31.6500294137  19.5341703273  17.4114089594  14.5805202577  9.7745123798  4.3498372908  2.9243428340  2.4645099914
  0.7976530090  0.5497609292  0.4944896051  0.2506041255  0.3239472242  0.1276000189  0.1628828889  0.1895267529  0.1257836566  0.3557314697  0.7594306778  0.9121983658  0.4462797480  0.5465594069  1.3608962571  1.6216246416  1.8726635577  0.9497206493  0.6957836606  0.5043911610  1.0079576439  1.2028527408  0.9964379512  0.4516086199  0.3643731373  0.3183153954  0.2755256087  0.5032366517  0.3186965262  0.3007320119  0.3922376274  0.8363872796  0.5850292418  0.6563759863  0.5876006114  0.3436777707  0.7928912205  0.4775179996  0.3485113456  0.4248822736  0.1903546892  0.0743273671  0.0553282281  0.0532287357  0.0505838094  0.0715622511  0.0285059674  0.0058870279  0.0083542272  0.0139360162  0.0366547562  0.0975471509  0.1356141075  0.0501083803  0.0452249002  0.0962169695  0.1318922474  0.2286598613  0.3032249657  0.3883599167  0.6843943440  0.6320910486  0.3223457906  0.3741533851  0.3305967749  1.5000666858  2.1230733401  1.9889787438  2.4983931032  2.5934321833  2.3622219826  1.6377236232  0.9915410604  2.0106927829  4.2723461760  10.0284558688  11.0262866305  7.2513044196  15.2124989455  10.1650652297  13.4218818296  19.5596052548  10.3934895038  2.6327293272  2.0722054884  3.0174591625  2.6548986099  3.3627678917  2.0260793180  3.5407383006  5.9222624686  26.3670578002  26.7816454749  9.0808722310  7.0227658361  7.0467431289  4.3595009319  3.8400460478  4.4732100732  1.8263423698  0.7999349787
  0.2194308189  0.1415133417  0.0997668080  0.2102452611  0.1662076931  0.1059108481  0.1117467440  0.1599255157  0.3570669651  0.2358933074  0.3678882060  0.2767349974  0.3211333569  0.4783101012  1.0161203125  1.3628917059  1.3087128948  0.6221878814  0.4543877182  0.4827064120  0.4871947249  0.5055403434  0.7286552165  0.4211067767  0.2963846419  0.3679528951  0.5318565493  0.3782854246  0.2528601014  0.5630700874  1.1056529708  0.8604705828  1.2273395042  1.6229809825  0.9097203070  1.3140562925  0.8452571621  0.6766371137  0.4655964078  0.1719309719  0.0821442472  0.0483455405  0.0383955011  0.0719724687  0.0357393714  0.0265077366  0.0171979114  0.0208796974  0.0348466423  0.0748311835  0.1092521527  0.0782508010  0.0747476191  0.0809806796  0.0774862987  0.1352292991  0.3074650049  0.5781713942  0.4471062936  0.4924212753  0.4210429882  0.1640445966  0.2606364054  0.6071822373  1.4401718302  1.5778814535  2.5259788064  2.4070385678  3.2157514801  2.8565824636  1.5778441769  1.1179196695  1.6818204070  4.6093069263  3.6927369981  6.1174279600  4.3453442235  6.0101602469  7.4599320932  13.7385858060  14.6212103509  6.9740407771  6.6959084067  6.5018313280  4.1957827902  1.8684777804  2.8519899672  2.1669568658  4.1352503037  7.8458738109  8.7980084909  9.1804986451  4.2654421836  4.7145241951  4.8306016491  3.6208361444  5.2521187730  1.6609961238  0.9170546915  0.6336678798  0.2087361854
  0.2659308127  0.1366115964  0.0964171730  0.1355844454  0.0723269488  0.1130931496  0.3477500234  0.3925563661  0.1352094279  0.1441028209  0.1677991295  0.3245647700  0.4771783688  0.6770300262  0.4930160404  0.7484502474  0.6701029334  0.2513716590  0.1736144868  0.3663539418  0.3104763197  0.3370626666  0.4029419044  0.4234750735  0.4532933941  0.9934712957  0.5745608185  0.2689890100  0.6622043149  1.7037545408  1.5736645969  1.1427290382  1.7609859725  1.1073483059  1.2483154226  1.0623326359  0.6222100434  0.3794026947  0.1913423577  0.0831942863  0.1306603300  0.0906803609  0.1861050436  0.0970535705  0.0608258107  0.0485339448  0.0425439634  0.0791190295  0.1549355017  0.1007668930  0.1148439416  0.1413019090  0.1284132578  0.0758117982  0.3052041556  0.4199545878  0.5915570056  0.6094748435  0.3412069580  0.1323056517  0.0930035764  0.1216409297  0.2060042892  0.4873340004  1.5869078863  4.2889480093  5.4714537543  3.4068741943  2.2431404944  2.2022180435  2.5243722878  2.4145408698  3.3749846127  5.1675301051  5.3359075567  3.8929330974  4.8575339831  3.6437774385  6.7416539902  8.3722171384  6.3977459698  7.2459468114  6.4168611478  4.9336433142  3.5085115778  3.8296260142  3.2626775095  3.7408241896  7.3888276530  7.7948150294  11.6584774990  5.3550353722  5.6358374194  9.0947922209  3.0379495594  1.3909413246  1.6417714573  0.8720571399  0.7711759523  0.2617999183  0.4688398872
  0.2596073517  0.1557977220  0.1241303522  0.1252013509  0.1184220422  0.1523751648  0.1141652945  0.1625261838  0.1179769374  0.1109759876  0.3202571706  0.2371279638  0.2018374759  0.3461381141  0.5781106727  1.1407480456  0.5234208320  0.4516406131  0.4647374344  0.4034200254  0.3533898646  0.6041223466  1.3805580415  1.3259960638  2.1134269892  0.4440284920  0.3536032963  0.5629142424  0.9553035878  0.8109721213  1.4414776185  1.2630939364  1.1326879999  0.7484916547  1.3836076354  0.7866862034  0.4458615035  0.3679651209  0.1722250897  0.2985582951  0.1774077500  0.0863627910  0.0763586730  0.0543360227  0.1096350222  0.1136965571  0.2721006274  0.2873182585  0.2468295646  0.2421266413  0.2563618780  0.2067320492  0.5407043605  1.2943252172  1.3117508680  0.4285035436  0.6284659341  0.2963247843  0.1034294652  0.1369727415  0.1713443861  0.1881458876  0.1855002641  0.5404321586  2.6913278031  4.8577459198  2.2241273238  1.6698799925  2.3591059832  2.0463129131  2.1420063734  3.4619192950  3.7012870140  4.5014018182  3.7360993416  7.1135889659  4.1041549043  8.1421014426  15.1973784577  12.9515939917  7.8662587592  9.0895189283  12.0711926176  4.7028590685  1.9470963467  2.6034117848  2.7340110521  5.1358434041  2.5047412114  1.9483457537  3.1164708016  3.1052369334  2.8827607346  2.9514786102  1.9117287784  2.7695013148  1.8265759266  0.7829373954  1.2044161303  0.9013972464  0.5274413570
  0.2259440307  0.1970128353  0.1517565311  0.1112132616  0.1104228951  0.2691551296  0.2415654267  0.1283285794  0.1790608872  0.1753043631  0.2078966183  0.2545565409  0.3414721835  0.5463569113  0.9180565207  0.5040308339  0.3514034574  0.4585587526  0.4525987465  0.6089400600  0.9129608411  1.2131775549  1.4983196607  1.3385753361  0.5654930293  0.3181761006  0.6091286568  0.9640084454  1.1923314954  1.1917195612  0.8870901566  0.7160237493  0.6081502668  0.9848382527  0.6283592022  0.3244957135  0.3393017376  0.1466658246  0.1702522655  0.1849935500  0.0887554925  0.0880681530  0.2354802009  0.2111999319  0.2260567480  0.2900759300  0.4117096974  0.5153910681  0.5696187364  0.6285660091  0.7377396898  1.2539136638  2.1302597490  1.6475735097  1.0253582297  0.9549743544  0.7252353728  0.1966059041  0.1864022597  0.1246104789  0.0547202011  0.1681931774  0.5798184094  0.6963406001  1.0963632277  1.5573312030  1.4868632598  2.8898219946  1.4205829580  2.5718143101  3.6576162748  3.0340647629  2.0405816641  2.4994169127  4.1637651440  3.2926510795  10.0750206139  30.7106407196  22.9510946248  13.7380579777  9.5438275105  4.6188066222  1.8554425462  1.1200168271  0.6878619260  0.9989249526  0.9583664622  0.3877285846  0.8466848255  1.3463151877  1.5983011820  1.7447298562  3.1339568756  1.2580752655  1.3520101489  0.7372760345  0.4127924156  1.0732054930  0.6652187575  0.9026826795  0.8646823485
  0.4516995834  0.2503882253  0.1352028915  0.1429096386  0.1924391838  0.1163672579  0.0714257135  0.0743351876  0.1012245550  0.1285314719  0.2404742409  0.3823627394  0.4757924099  0.3202353560  0.2669938479  0.1901867425  0.6826904646  0.5912482004  0.4529798043  0.8783060006  1.2401266995  0.5982511839  0.6450153984  1.2362998586  0.6482137852  0.5135581191  0.7081431066  1.0248885817  1.0676854901  1.0200126645  0.8894647496  0.8568012666  0.8524768016  0.4578919075  0.3160464373  0.2179530832  0.2312299884  0.0977867446  0.1738202894  0.2194438122  0.2816327869  0.3629545318  0.2523300179  0.3585704567  0.2719613081  0.4671163474  0.4023429771  0.7445817106  0.9185115274  0.9958360103  1.4240782759  1.4776207697  2.0395403753  1.6114452115  2.4482781583  1.0587536459  0.4164645134  0.1805445284  0.1786992606  0.1355553804  0.4109773185  0.4882231100  0.6590637450  0.7063399992  1.3923851329  1.5840672521  2.3061697903  1.6410181953  2.1134195251  2.9600343760  2.8096046312  2.0404486144  2.9498416708  3.7082759676  2.6932220711  6.3520031993  7.9737077157  7.2846711791  3.8147874054  6.6161364840  5.1240386029  1.2123857439  0.8126259189  0.3710492769  0.1648081986  0.2262166391  0.2923603130  0.2522243756  0.3418981248  0.5006022561  1.0023516394  1.6607615195  1.1178289111  0.4924416153  0.6805954794  0.5943752454  0.2110292625  0.6236605455  1.0663449674  0.5618705356  0.4311249774
  0.2970364464  0.1971199610  0.0795058049  0.0574788281  0.0961614616  0.0614190631  0.0659704774  0.0675326156  0.0877645901  0.1830556074  0.1611009484  0.2093575336  0.1973057709  0.1944146725  0.2130956000  0.2834225886  0.5037420503  0.4293878870  0.5915021209  0.5112421138  0.3104392548  0.5166940209  0.8790206845  0.6778133873  0.5898410226  0.8340908754  0.7162537330  1.1864087912  1.1693595759  0.4849718962  0.9693915683  0.6753871022  0.2868676080  0.1834046528  0.2790343023  0.5746449665  0.3176760092  0.2230494207  0.2786350475  0.5168886523  0.4546938904  0.5222963976  0.4501954153  0.7017810044  0.5446308223  0.3233475037  0.7213646580  1.2563496709  1.0581141640  1.4658626218  2.0370571615  2.4798102683  2.6936524383  1.6368432179  0.7550486544  0.7814786358  0.3339393368  0.1569434802  0.2544660560  0.2926823443  0.3920971240  0.4844794108  0.7482908333  0.7679142857  1.1960021548  1.3858415827  1.3931854051  1.2369910845  2.8345876764  4.5088552121  3.0663751382  4.7232775480  3.0255397204  2.5069220081  3.7922921573  2.8831223892  4.4523612153  2.0689994249  2.0711869917  1.9805598817  0.9299600635  0.6340489072  0.4153336296  0.2289635983  0.5290967019  0.6138935013  0.2911565950  0.1839225862  0.1935303170  0.4467268399  0.6756726068  0.6886711136  0.3114606448  0.1805798325  0.1525185596  0.3282232383  1.2649009278  1.3749347884  0.4910535553  0.2990326091  0.2817305040
  0.1266860131  0.2105857270  0.1231038495  0.0525731052  0.0315698319  0.0321217246  0.0377539001  0.0708896957  0.1382280338  0.1175533584  0.1212817146  0.1160108682  0.0835239588  0.0766925211  0.2230688770  0.5558613483  0.3529115874  0.5212749466  0.3474045147  0.3272789989  0.3511545860  0.6904210334  1.3542545137  1.0309431673  0.8506216923  1.2084895718  1.5088392216  2.2525740858  0.5359067018  0.4779883794  0.6465336426  0.2205971585  0.2660769081  0.7370274104  1.0200401920  1.1104421476  0.4687541626  0.5022787419  0.7573645185  0.4120157961  0.8296469571  0.5574203397  0.5164201607  0.7267715889  0.5070054736  0.7174038866  1.0736116739  1.7025981013  3.8587841416  3.6440731464  4.3836972308  3.8872508531  3.4058140509  1.2560262149  0.6214216084  0.3529641257  0.4282554157  0.2384911993  0.2572675882  0.6074430500  0.4673093847  0.8221714831  0.9843017910  1.0260101196  1.2620942854  2.1061514672  2.5688979669  4.7289226774  5.1337789374  4.2500855274  3.7898377753  1.0979667272  2.0691372779  2.0273568529  0.9738428031  1.3590826569  1.0725964007  1.0284065503  1.1303810706  0.7485709149  0.5258237926  0.3762803432  0.5151563693  0.4721230688  0.4642220982  0.3558363820  0.1550258567  0.0998140047  0.2626000182  0.3372055297  0.4034086731  0.2098560368  0.1662673276  0.2255897481  0.2033754475  0.3811984139  0.7933619594  0.5214379335  0.9712441752  0.6831890826  0.2249644008
  0.4477142601  0.2441234856  0.0902228279  0.0472690597  0.0271141361  0.0919515523  0.1512984320  0.1629358293  0.1859181359  0.1705164591  0.1391704621  0.0629440978  0.0755941084  0.2458406611  0.2931949746  0.4675479724  0.2679279261  0.3389583740  0.4888664285  0.2815203234  0.3940153088  0.6400639855  0.6315640959  0.4553276389  0.4692436562  0.6686894425  0.8211626724  0.6186677471  0.3862631332  0.8380658556  0.3977814500  0.6418915718  0.7092468130  0.6197079777  1.5528509871  0.9132413102  0.6684381010  1.1008743534  0.7809857495  0.5571324534  0.4509993257  0.7487063378  0.8725056726  0.6413463550  0.8103432388  1.2572957991  2.3776214389  4.6190856926  3.6235069255  4.5888700353  3.7450619802  4.2806692579  1.8783116810  0.6703906761  0.7166232112  0.9294850374  0.5973612321  0.3297320096  0.8207390947  1.0965563466  1.3641011965  1.1860891242  1.0761478124  0.7493924455  1.1777336913  4.6905593790  9.1826305230  5.2398805320  4.1786536571  5.0281049693  1.2460939564  0.6923779675  1.0401102295  0.4704782415  0.4826269997  0.4477719026  0.3860592239  0.5470105994  0.5123921574  0.7663239761  0.5792732677  0.3249827869  0.2482255686  0.2680034428  0.3070292934  0.1392178240  0.0453618203  0.1956443903  0.3970267206  0.2872317211  0.1680241488  0.0763478211  0.1003333773  0.0678666173  0.2482697654  0.6504957745  0.4812796084  0.8143498426  0.6486819550  0.2068022386  0.4536769682
  0.4186209571  0.2295915111  0.0945956976  0.0699651587  0.0974895349  0.1729135947  0.2641759058  0.1368657971  0.1535279502  0.1557207654  0.0950300594  0.1574719435  0.1524881113  0.2535601211  0.6622066865  0.5373604237  0.3253370250  0.1852749208  0.2196646727  0.1764274123  0.1972318574  0.3234410833  0.2099601314  0.2359613273  0.4394335785  0.3601500805  0.4665612481  0.5968773591  0.5317915855  0.7855730742  0.4848687972  0.4237782289  0.7404776006  1.4178686384  0.9641275442  0.6575021773  0.9041497499  0.6516016488  0.8668035744  0.5463475671  0.9990788664  0.9674457473  1.1689887785  0.7134437358  0.8673831783  1.0204137151  1.2432527509  2.9776781361  4.9254570793  4.0508078295  2.4331123466  1.3760143911  0.7732432952  1.4422698072  1.4483184426  0.8519708014  0.9112186117  1.1870447050  1.5165612633  1.1128786395  0.3996071110  0.5430813602  0.5502776638  1.7156080544  3.0742142101  2.1688466245  1.3939031498  2.5570437142  2.7936887282  1.3003947085  0.3874895060  0.5129718916  0.5335268520  0.3326969238  0.5397084286  0.3613565354  0.2615901202  0.2244768467  0.2702083528  0.3157443060  0.2507610995  0.2470001734  0.2495018451  0.2201753662  0.1142419968  0.0641559540  0.1713791641  0.3172172756  0.3732520460  0.0774603000  0.0690482344  0.0888470053  0.0676618600  0.1874624675  0.3668886837  0.4525179574  0.2735030733  0.1824662509  0.0904124917  0.1423304867  0.1789916207
  0.2974523184  0.2769641490  0.0963006837  0.0530219353  0.0760431099  0.1936271668  0.2160173558  0.3700832074  0.2274650413  0.1753694739  0.3087056545  0.5232696066  0.4752563575  0.3948981133  0.3544947554  0.2106688404  0.0641929280  0.0442609424  0.0711494351  0.1089225489  0.1165504495  0.1033722711  0.1509863566  0.2193406563  0.6033213797  0.4484138645  0.3231274650  0.4727560274  0.8111459159  0.5588495179  1.0299693360  0.8051543761  1.3176207878  1.1697635817  0.8944032098  0.5548635368  0.4077218698  0.8540133220  1.6046467238  1.2195507323  0.8449452336  0.6519672498  0.8004435333  1.3086020189  1.0794987638  1.3346240842  1.9069349674  3.5503763721  1.6069140048  1.6016725987  0.7304146038  0.8025846106  1.8461014665  1.7950213948  0.8840424098  1.2966734825  0.8488197593  0.6696205766  1.1541571718  0.6935406790  1.0239579748  1.9672326126  2.8148209598  2.4886853553  0.9941257497  0.7961468400  1.7381756731  2.4374639564  0.6382054021  0.2221257118  0.3487419932  0.4190261953  0.2057001139  0.3860551216  0.4885967754  0.4161078084  0.2141895314  0.1555360691  0.1350901384  0.2198731014  0.3012325990  0.4221190943  0.3108665213  0.1643462897  0.1498666775  0.2192905856  0.2689744559  0.2590883968  0.1175036703  0.1307060686  0.1229051112  0.0930576024  0.1503322603  0.1400421426  0.5283904745  0.3401833626  0.1359624203  0.0995829283  0.0642768387  0.1251273912  0.2578536579
  0.5169829914  0.1360829104  0.1017748774  0.1086477351  0.1059286134  0.1285430811  0.1219643446  0.0918163051  0.1590843335  0.1910079990  0.4163879145  0.6268240173  0.5265168364  0.2400750888  0.0881159503  0.0336779137  0.0417718612  0.0824139304  0.0566291436  0.0709945257  0.0482073163  0.0358549318  0.0796448219  0.3187307257  0.8136241498  0.3420922418  0.3226861906  0.4671304793  0.6455504391  0.8623050114  0.6893249194  0.7211185293  0.7111182060  0.6414530568  0.3558595579  0.8224920567  1.4277601840  2.1048747969  1.0188316450  1.7185754979  1.0753957771  1.1674048191  2.2512090489  4.0699969239  4.7749695365  2.8582771607  1.2861016111  0.4939389800  0.8693083256  0.7615185725  1.1760581943  1.2901868161  1.0826531201  1.0877912889  0.7380367297  0.3842226312  0.3780305747  0.6462517332  0.8428885569  1.7193416908  2.2941908643  1.6748375968  2.0567585800  0.6357746930  0.4499806103  0.7323934419  0.7205393873  0.3108902257  0.2381182800  0.3396344752  0.2942786986  0.2795425647  0.3477276976  0.2595060314  0.2464321788  0.2196305875  0.2092630842  0.2270957544  0.3579339140  0.5438902876  0.4783935559  0.3680636755  0.3476870994  0.4736448767  0.6302126932  0.4021529869  0.2731378933  0.0982585462  0.0929160770  0.0508244491  0.1049672893  0.1277049527  0.1559540259  0.3217353797  0.3071511844  0.1703977690  0.2332162413  0.1046439582  0.1851025122  0.3596593639  0.8238117863
  0.2533560474  0.3033994472  0.1856832765  0.0952790762  0.0871845377  0.0612909705  0.0744378276  0.0916935397  0.1264270765  0.1702880524  0.3299523302  0.2734055267  0.1479073986  0.1258375080  0.1368999245  0.1072343282  0.1003613851  0.1353951955  0.0892985707  0.0333910510  0.0331139861  0.0938612163  0.1728148626  0.1405678304  0.1374074412  0.1267207535  0.3614761840  0.3695913213  0.5755833568  0.4818334792  0.4362459951  0.4877788789  0.3700745097  0.3648645658  0.7466054750  1.2127748647  2.2297580000  0.9289205877  2.1645775476  2.1124066937  2.0521615779  3.0266268707  4.4179529640  2.8271599221  2.0252726209  0.6427008358  0.4498415796  0.8571085882  0.8520046731  1.6532935158  1.8521001781  1.3488691814  0.7632992152  0.5463890426  0.2891663316  0.1654040761  0.2191521302  0.5097468734  1.0883443046  1.4805047719  1.3834314399  1.0609553070  0.7874479049  0.6032533393  0.4552283899  0.3358573127  0.2451401067  0.1545922047  0.1759583431  0.4209643485  0.3265693094  0.4185756701  0.2659452400  0.2459775852  0.2718898942  0.4630130301  0.4835873652  0.5606240585  1.2745312818  0.7947907885  0.6067979044  0.7609441823  1.2699944302  0.5229585264  0.4121269028  0.2288526193  0.0642803132  0.0519242130  0.0298908619  0.0316992116  0.0543208809  0.1381491759  0.2817588937  0.3222427185  0.3788543351  0.3865868998  0.3905381975  0.2969805935  0.6081897713  0.5034823066  0.4564593375
  0.4918295743  0.2769096116  0.1023983651  0.1518198549  0.1127794660  0.0788526826  0.1070828598  0.1383712172  0.1350230432  0.1331570227  0.2747382571  0.2099359119  0.3370378025  0.3845924005  0.2581679426  0.1682594424  0.1056066802  0.0648620162  0.0361563917  0.0274630254  0.0783381529  0.1786397114  0.2580614554  0.2154669630  0.1605630191  0.3775826386  0.6618891110  0.8770989987  1.3055057716  1.1442272247  0.7244994255  0.3202376746  0.2677056522  0.3969271356  1.4052057004  2.9058592988  1.0686349649  1.5816841910  3.1137300253  3.0513991638  3.9610068151  2.7217035554  3.8477756616  3.7360581952  0.8559144113  0.8309015273  0.5820367674  0.5959503857  1.2349520418  1.7138072369  1.5792639139  0.5318962759  0.3525414924  0.1956522076  0.2161342210  0.1908714219  0.2615059963  0.3333116453  0.7851579814  1.2955511852  0.9110868586  0.5136814320  0.3903114525  0.4568413908  0.2279234870  0.2230249691  0.1833337712  0.1568359982  0.4152874851  0.4217127478  0.3384193791  0.3482332102  0.3344762603  0.5442284057  0.5987215262  1.2393108259  0.8201527077  1.7301211461  1.5377008453  1.1238986735  1.3144531594  0.9001636815  0.9201172946  0.5175286310  0.1813776673  0.0414348661  0.0238238291  0.0533289115  0.0362686651  0.0286672747  0.1042401341  0.1336045897  0.1961318563  0.1493654835  0.2707939130  0.3000809296  0.3695648113  0.8579838523  0.4379552013  0.5549270480  0.5592690950
  0.4490784764  0.2925579652  0.1798625918  0.1548280150  0.1100010167  0.1252401924  0.1746352465  0.2736051055  0.1698091128  0.2231938479  0.5561067014  0.5284438514  0.5379233393  0.3984774093  0.2010698649  0.1523308809  0.1406510212  0.0630083281  0.0378635252  0.1306962775  0.1970394133  0.4576359663  0.3639114421  0.2302699741  0.1797521193  0.6840759945  0.7587851262  0.8500197613  1.0466457176  0.6502260733  0.6696978539  0.4717828779  0.6966702821  1.2436364626  0.8579174319  0.9295886630  1.5111362771  2.2857981077  3.8501927484  3.1247861485  3.2755953599  2.8427202581  2.4500234430  0.8454165384  0.3391941596  0.2749129495  0.2386282119  0.3093559224  1.5942877993  2.1471611205  1.0740102224  1.0914210803  0.3156859278  0.1791093074  0.1176422965  0.0993167728  0.1550155357  0.2380955134  0.5103009764  0.6951893607  0.6874326289  0.4405083087  0.3615685840  0.3474910635  0.5532947363  0.9106443142  1.1030070276  0.7996206447  0.4980894975  0.4918886401  0.6264054906  0.5729973295  0.7747647687  0.7896625509  1.6127050411  2.3621717097  1.2807673780  1.0880547337  1.2918050436  1.5488381812  1.4561813364  0.4226555696  0.3153107195  0.1539530056  0.0332513564  0.0308202403  0.0220759353  0.0161356457  0.0374547765  0.0607534778  0.0630222978  0.1146325689  0.1304317805  0.2149790951  0.2318527550  0.6048121404  0.7977237558  0.4876784920  0.2601311864  0.2855864839  0.5305927686
  0.6860430705  0.2999658521  0.2036764759  0.1464110360  0.1613673596  0.1623300683  0.4462364816  0.3118646676  0.4630050048  1.0965891716  0.9894721095  0.7733385102  0.7612555054  0.4755692634  0.3268195037  0.3014245545  0.2660673547  0.1579187065  0.2425669395  0.3694479135  0.7016471264  0.5194468999  0.3328167652  0.8089685681  1.0651539148  0.8987601843  0.4345449048  0.7463506431  0.7532067880  0.6180268307  0.3905633742  0.4140022646  0.5443549188  0.6114592671  0.7964381429  1.4599292668  1.8444787237  2.3965503041  1.1969703991  2.3826649236  1.5059560703  0.9858578334  0.4827620179  0.3278697177  0.3086283539  0.1916965334  0.2999418654  0.7638427530  0.8828598171  0.8083429904  1.0191082695  0.4339085354  0.2464913614  0.1413414944  0.0693433878  0.1264372241  0.4402941309  0.3522639806  0.3071038323  0.3787071402  0.4142251358  0.5794118885  0.7386438867  0.7808354251  1.3229992896  1.9219314432  1.5210073224  0.5538913089  0.4039511787  0.7455732391  0.4755831877  1.0911583445  1.0722523642  1.9063973991  1.2384326526  1.1371613986  0.7543500353  1.3827982519  1.6892635398  1.2323963346  0.3438340817  0.1784837387  0.0852017985  0.0353230303  0.0501603211  0.0261446284  0.0139244312  0.0370703144  0.0668588474  0.0540152891  0.0352767493  0.0977143811  0.1891560788  0.3106035872  0.8452735137  0.6573931835  0.2623549626  0.1689954814  0.2954242090  0.4329574295  0.6810157791
  0.6375274167  0.2347209338  0.2187469835  0.1475563347  0.3793222614  0.4968225200  0.4651145213  0.3818253674  0.5808102857  1.0156804496  1.4528131582  1.5766796461  1.0048962625  0.8551560553  0.7917430104  0.4646582559  0.4120950277  0.3077741780  0.2188068713  0.5170746897  0.4954363417  0.3950950130  1.5127873548  1.9815648123  0.6332118550  0.3289926116  0.6163189462  0.6347400103  0.6643626653  0.9664096072  0.7578280309  0.7373347154  0.7654435571  1.3618097180  1.1571449971  1.4513501696  0.6527836026  0.3843352557  0.5294236357  0.8107900632  0.5996952888  0.1991363245  0.1913133667  0.2087996764  0.2530748346  0.2430962372  0.4036153163  0.5580523778  0.9776513037  0.5276181430  0.5807527769  0.7918728358  0.4707085408  0.2252820765  0.1664127186  0.3051043091  0.3869116781  0.4443694004  0.6177437464  0.4688134578  0.3502254319  0.7336658051  1.0468502659  1.2575375228  1.3848158259  0.9391632583  0.4692533680  0.7588107982  2.8357075098  0.7516938631  1.5870260410  2.1353240245  1.9906458074  0.9926208910  0.6849961549  1.0324361198  2.1510233824  1.4401036659  1.4686105775  0.5015120231  0.0933118531  0.0402678656  0.0500844595  0.0807300819  0.0474765367  0.0254996860  0.0176367009  0.0363189785  0.0454222914  0.0151134918  0.0945186848  0.2152339142  0.2995577357  0.4107015019  0.4972123759  0.2364070022  0.1563786658  0.1162482098  0.1894013189  0.2687981959  0.3303623631
  0.3173919221  0.1851090143  0.1419299690  0.2953601128  0.4135252244  0.3474958454  0.4381858540  0.6569133608  0.4960357301  1.0458194047  2.1469981194  2.0329037460  2.1677901606  2.4943105356  0.8411745083  0.3982470164  0.4560221079  0.2494636556  0.4291777613  0.5902865417  0.8301405644  1.6446553829  0.8098008197  0.3766110320  0.3054114370  0.3878189313  0.3520139830  0.7731335219  0.7786901408  0.8205670730  1.2227121781  2.5480878470  1.9497800223  0.5086930459  0.5897332266  0.5543576732  0.4000232453  0.2632332934  0.6453674250  0.5382262153  0.1172455312  0.1009968431  0.1199498983  0.3299676389  0.2348636855  0.2583690710  0.9190775438  1.8068505046  0.5136370882  0.3618788715  0.6789976222  0.2694153812  0.2589503880  0.2282804200  0.4145060142  0.3652387853  0.4215075258  0.3892595208  0.3634931311  0.2496030065  0.4513541098  1.0252315980  1.8225765176  0.9376901272  0.6202948626  0.3278101073  1.0295687495  2.7021917386  1.6872012755  1.8677540844  2.8309861948  2.6651832300  1.2485266125  0.9686661952  2.5460660631  1.6770010884  1.1331458276  0.7413273477  0.3125515295  0.1252505257  0.0920022910  0.0945636344  0.0651129805  0.0443397050  0.0483817195  0.0220687191  0.0144880244  0.0296837157  0.0265317790  0.1035939470  0.5331624687  0.3308218168  0.2901271106  0.6188515588  0.5390366879  0.2272988743  0.1367236280  0.1057174624  0.1899550708  0.3848099729  0.3525513337
  0.2753238695  0.2091986788  0.2605878282  0.2542314893  0.2787824037  0.5330050331  0.9414426825  0.4177421784  0.7301493984  2.8928534625  2.9232739575  2.5126130960  1.4840515828  0.9664127628  0.3875870250  0.3613286257  0.2018155404  0.2382569587  0.7939228592  1.5061152336  2.2246055269  0.9154218459  0.2081165971  0.1627732700  0.3658029643  0.7481778730  0.8340682535  0.7780138335  0.4077485491  1.1137183975  3.9542495550  2.5768272221  1.1596634836  0.7754900965  0.5870205949  0.4917258230  0.3895309329  0.5862371869  0.7296440146  0.2538429270  0.1449788882  0.0840783389  0.1092707199  0.2492103732  0.3460375823  0.7250310267  1.1550715373  0.4281615607  0.3276445464  0.2871603811  0.2275757313  0.1636911734  0.1734374253  0.3412353641  0.2097089320  0.2420363928  0.2847741961  0.4364233814  0.2835971933  0.6156689665  1.1450789589  1.3365833959  1.1909377551  0.8424692733  1.1164042916  4.2689442004  4.9973658042  4.0903581031  1.8762524438  3.3594439717  4.0322952820  1.3640685422  2.5280703721  2.5740181388  1.3245640538  1.0315900930  0.5612420918  0.2233948581  0.1595938295  0.0903459827  0.0705262507  0.0490380913  0.0295135449  0.0280277377  0.0164588817  0.0279084958  0.0359790017  0.0691794414  0.1189279968  0.2462074603  0.3022334916  0.4153334481  0.7093621496  0.3140024037  0.1336662377  0.1326882669  0.1636718900  0.1390145263  0.2209517421  0.2187716589  0.5017966011
  0.3629635797  0.2144122697  0.1680676744  0.1979702355  0.2880063749  0.5597284712  0.6261985453  1.1381319988  2.7361464831  2.0931896383  1.3545239132  0.6685480480  0.3961623466  0.3764273551  0.3425855628  0.1378936140  0.4408003010  0.9515285537  1.4104092420  1.8866271463  0.7955366667  0.2867749279  0.2018655239  0.4549860763  0.4273954514  0.8210619120  0.8598284741  0.9249891930  2.2872069704  4.6801183854  2.2976508524  2.2583725864  1.1160933575  1.3988909483  0.7587944262  0.5492479058  0.7899284707  0.8602661070  0.7754024870  0.3988637578  0.1559483322  0.1972304482  0.3195033445  0.4040040823  0.5667075675  0.4664206981  0.2144320036  0.0810190475  0.1080589395  0.1258542727  0.1375886994  0.1516419072  0.2619330265  0.2614939641  0.2845846665  0.3334380914  0.5397589459  0.5251502771  0.4605597398  0.5828608509  1.3020966743  2.6829480200  1.8918579218  2.7896299298  7.8796220297  9.6915651700  5.9010425863  2.1406180638  2.2207295891  2.3052924493  1.7906417582  3.1110694231  1.9307328376  0.9379743559  0.6603399032  0.4705793581  0.3105949729  0.2001710420  0.1012299476  0.0365788545  0.0378954624  0.0405796463  0.0189140999  0.0372602456  0.0601052018  0.0540647949  0.1012066136  0.0548489705  0.1594055942  0.1735005789  0.4317534535  0.5658862497  0.2199769262  0.1112306433  0.1111201660  0.2290414302  0.3213201951  0.1848216632  0.2142834681  0.3513925507  0.2456750622
  0.1710926992  0.1328446314  0.2434939956  0.2166772862  0.3576610577  0.6572286358  1.8862826663  1.1196171907  0.7134689459  0.9248631671  0.6986292194  0.4026056935  0.2464533950  0.4614420939  0.3529838057  0.4975276331  1.6524244405  0.9635726371  0.6859048059  0.4117795961  0.4702043373  0.2232927385  0.1652651013  0.2096170373  0.6389222676  0.7820161223  1.3298383678  1.6055145977  2.9606282816  4.1994996837  4.1626801168  3.4123959034  1.7431493585  1.9955943194  1.0197380921  1.0690933113  0.6075368017  0.3913591171  0.3075096480  0.3049635519  0.2953945400  0.6662755936  0.8175873715  0.9277393384  0.7261353638  0.2248949807  0.0855036462  0.1249641606  0.1154895786  0.1063343480  0.2945076793  0.3871767401  0.5193568093  0.3976956782  0.3161003817  0.3151702226  0.5883671319  0.3859772973  0.8498989188  1.8524754800  1.5591996050  2.7942155440  4.4038283830  9.8844333172  8.6149223708  5.3601468695  5.9125366396  3.9812578249  5.8803825857  2.0562017155  1.5753181248  1.5332659435  0.9335383178  0.6573536475  0.4836669013  0.3883808295  0.1113589177  0.0467335083  0.0635079989  0.0600731500  0.0347937046  0.0312112250  0.0500195267  0.0586174541  0.0486176889  0.0526090650  0.0935755923  0.2196291600  0.1514190451  0.2129792844  0.1090964537  0.1150302530  0.1367443290  0.0932805656  0.1017883607  0.1486406799  0.2551820502  0.1737835450  0.1695972159  0.2683836311  0.2688204504
  0.1721507873  0.1982847080  0.2271181399  0.4247982852  0.5819307710  1.5880681419  1.2626935217  0.5167618923  0.4322294760  0.5320733457  0.3022520725  0.3720878294  0.3218876347  0.3453579437  0.4921087842  0.6611174757  0.6845999339  0.3283619836  0.4700206515  0.3919585077  0.1119620264  0.1982336002  0.3605931405  0.5027667050  1.0526538340  1.0661885975  1.0243195262  4.9727551545  7.6597877362  6.2541843180  5.8080124977  3.2343199738  1.0335254109  0.4393244600  0.2662913978  0.1498417369  0.1522574397  0.1999542752  0.1285183077  0.3872593224  0.8792246021  1.3350587451  1.2414318486  0.6298642691  0.3201033724  0.1277497894  0.1417040286  0.1482570651  0.2705173655  0.2694705753  0.4234103970  0.6634527266  0.6104458040  0.2607998461  0.1833490070  0.3282667521  0.5723445928  0.9095430023  1.2270679804  1.6170509092  1.6158376424  3.3948520538  4.5831259808  5.4965666149  3.4981469698  5.2135114102  6.1296122470  6.5230627418  2.0104819487  1.7368889769  1.9375949024  1.9056745772  1.6883369616  0.8155764312  0.5043288579  0.2432991854  0.0928723236  0.1262470255  0.0527750894  0.0384175348  0.0879176398  0.0544535308  0.0423903955  0.0507962357  0.0473709777  0.0866264761  0.1313507800  0.1229370196  0.0961932145  0.0684855415  0.0939440949  0.1291810393  0.1059180459  0.1132674035  0.1687470091  0.2261481883  0.1835288526  0.1212223279  0.2656593128  0.4712746899  0.2158083319
  0.2901527768  0.3362437733  0.4223905138  0.7689418754  0.7759477030  0.8246132462  0.4856999490  0.2505268728  0.2367718712  0.4191789235  0.4949845853  0.4252918354  0.3400033059  0.3531337843  0.2500809355  0.4306625330  0.4772021244  1.1520984260  1.2634081560  0.4496535667  0.3565580673  0.4045078895  0.5943437672  1.3178067975  1.8780848879  2.4573407411  4.4278640405  10.4590483191  8.3903304737  2.6785157768  0.9855299140  0.9200772166  0.1900197160  0.1331668835  0.0990574993  0.0881989609  0.1259517253  0.0684485824  0.1228589886  0.2339607025  0.2071988459  0.2092084800  0.2499669096  0.2003292419  0.1654638638  0.1591934465  0.2752252406  0.4896342024  0.5128819881  0.7248872974  0.4572944070  0.3660510874  0.2990337187  0.2384612813  0.2731894135  0.3529123712  0.5621169228  0.6636590543  0.9042946852  0.9521772855  2.8199820819  4.9173576844  3.9213566933  3.3771765759  2.3415827533  4.6758210192  3.7836764864  1.9151438471  1.3381954917  3.3908367091  4.9915912216  2.4638266228  1.2442072434  0.4834090203  0.2488906427  0.1334057851  0.3982387759  0.1009788713  0.0400424982  0.0384096713  0.0375790011  0.0211156383  0.0354467531  0.0838205832  0.1056383435  0.1006668441  0.0853780643  0.0588745397  0.0506398720  0.0238302946  0.0408064092  0.0569855874  0.0706162667  0.2019722964  0.1582816314  0.1322439976  0.1784018775  0.2222117847  0.2899010489  0.1675387463  0.1610059026
  0.2665438352  0.4052366549  0.3603468327  0.3345068291  0.1977818688  0.3383386069  0.1933207358  0.1615280628  0.4372712879  0.3837532951  0.4645405947  0.4774765471  0.2835280440  0.1762753996  0.2276880721  0.4615949044  1.3197167369  0.6669554201  0.4999556102  0.4530428939  0.4648820005  0.6380936286  1.5621087916  1.5975428045  2.0271874472  2.7173965528  7.2533656686  3.6702147137  1.8727450720  0.8342557721  0.5607071744  0.1762328293  0.1390837294  0.0861313157  0.0681994052  0.0445743479  0.0376876507  0.0852926632  0.1511898905  0.2825759584  0.1470801487  0.1354529524  0.0954478787  0.1643127053  0.1703581890  0.2248192821  0.5751597782  0.6111019760  0.7310600142  0.3634702026  0.2262628550  0.2283615119  0.3195851936  0.6108410639  0.3686014683  0.4940748036  0.4866694015  0.9898165751  1.7158536709  1.8715840871  2.7824587040  1.4311777963  2.4584098515  3.7481925263  4.3335323579  5.5287984045  1.9996085694  1.6529292860  6.3892824645  16.4225342525  9.2922658418  2.7845721593  0.5111160048  0.3583571332  0.2902525789  0.7327188717  0.1948010512  0.0505577177  0.0485387935  0.0338458309  0.0351455551  0.0739555072  0.1128193612  0.0962289009  0.1022462753  0.0483458361  0.0395688231  0.0271473450  0.0194918586  0.0263324183  0.0457833781  0.0729469437  0.3615768397  0.2409668347  0.1408204360  0.2334154673  0.2631017370  0.1719339223  0.0747802924  0.0908317753  0.1082426541
  0.1162449056  0.1955618162  0.2424566075  0.1457498705  0.1323654628  0.2041271236  0.5968759780  0.5567031764  0.2682951267  0.3619465935  0.2570764334  0.2072943992  0.2473282172  0.1757727359  0.2405778535  0.5642240828  0.8116888904  0.4657779539  0.3376766835  0.8800247782  0.7932760353  0.8146449142  0.8834308438  0.8724003404  2.1712875553  3.2673747521  2.2545398027  2.6899880717  1.0874659601  0.7400931437  0.1830944230  0.1085532814  0.1554820299  0.0985679282  0.0748810659  0.0535937984  0.1152552407  0.2897933376  0.4944122425  0.2889992444  0.1710954283  0.1916508501  0.1733237695  0.1369374874  0.1730070604  0.4986333433  0.4300759505  0.6317028249  0.3446628295  0.1137070061  0.1289673478  0.3326857178  0.5783275299  0.4187347672  0.7251245405  0.9082503962  1.1727368076  1.5373784422  1.8177328500  2.0940793009  1.7016485142  2.9319371535  5.0988941832  4.4695687170  5.2542650980  2.4952375730  1.6062613328  2.5595749899  5.7357471158  4.0775969667  3.5454614421  1.2613049883  0.9013660907  0.8165902219  1.2601288756  0.2424647442  0.0955379031  0.1411225210  0.0365498283  0.0540748777  0.0545432186  0.0648817779  0.0931661343  0.0713145911  0.0482074210  0.0426922564  0.0224229830  0.0135155723  0.0201056054  0.0274068970  0.1028294325  0.2658641437  0.2237362237  0.1495461249  0.1872209957  0.1779008776  0.1460883802  0.0792340619  0.0964241441  0.0886375887  0.0793922209
  0.1269665865  0.1862978192  0.1613583465  0.2948342002  0.5679288683  0.6218343759  0.8668534632  0.4403502233  0.2870861543  0.1010940425  0.1236460543  0.2088295277  0.2164747888  0.1934367520  0.9181081320  0.4552902648  0.4815057646  0.5771341553  0.9512667055  0.6678581948  0.8497040003  1.2734804109  1.9163570246  2.4832325819  2.0720906795  2.1727846053  2.5436667953  1.3419114110  0.9542546448  0.6655274659  0.5221672527  0.2740743489  0.1713153232  0.1051236977  0.1137203805  0.1729196477  0.3545735572  0.6370697689  0.1667145165  0.0774281549  0.1249475433  0.0997775613  0.1842004057  0.3746795112  1.0101768618  1.2722682936  0.6241162936  0.2493077355  0.2697627841  0.2195026174  0.3062167688  0.7046878501  0.6574898908  0.6610181024  0.7406499920  1.3313443230  1.3271761889  0.9330747040  1.6592841938  3.9442084676  4.6549693442  2.7107413291  5.1888087423  8.8968319319  4.2331799667  1.2708750035  1.4397137769  3.2345606959  2.9230859236  1.7420160442  1.3654877776  0.6822741620  0.9013529745  0.8990678241  0.2724618976  0.1247335903  0.1044714540  0.0330954215  0.0492817153  0.0346919760  0.0290975528  0.0641157247  0.0352620708  0.0649171740  0.0896677902  0.0324468788  0.0194667132  0.0386736055  0.0317881612  0.0755448365  0.1828939085  0.2379302454  0.2402888363  0.2507939906  0.1795684549  0.1176884984  0.0755021972  0.0622148855  0.0714180627  0.1147354091  0.1407766907
  0.0953325912  0.1396919325  0.2493025114  1.2639195998  1.2487204281  1.2344841302  0.8942347315  0.7013945863  0.1756466561  0.1588483732  0.1703404994  0.4137697957  0.7007544178  1.1987328560  1.3515622078  1.2428102782  1.5023271969  1.9144789943  1.1746328453  1.2077134635  3.2506648177  3.3171230978  5.1608781177  4.7668501682  4.0154037663  1.3418120509  0.8001112172  0.6181232332  1.3468192831  0.9589611040  0.4707329944  0.3590315557  0.3653079928  0.3163077139  0.3974179003  0.8353950417  1.1563079314  0.4642315935  0.1499914159  0.1030237762  0.1061536552  0.4056297313  0.3730919248  0.5844458113  0.7335298514  0.6827361615  0.3063940689  0.2633084420  0.2038133157  0.4940053824  0.6230682222  0.8246940086  0.6485530134  0.4853508793  1.4030958953  1.5471460641  1.0027168600  1.5032432106  3.8337907797  4.1956107780  2.4132521150  4.0796976860  7.1932834126  4.1737876861  4.3880747628  5.7747222635  4.7826406537  5.4779934676  4.7313137189  1.2957397687  0.5774566437  0.9218075253  1.0623994962  0.3875535577  0.1211373701  0.1286104014  0.0989110727  0.0952543409  0.0247466278  0.0525065266  0.0664581654  0.0324984217  0.0202775162  0.0198496369  0.0269105924  0.0241701942  0.0347887001  0.0296644587  0.0396616500  0.0962393794  0.1057773757  0.0805218877  0.1182682101  0.0927558438  0.0458608431  0.0336763799  0.0366948052  0.0304502670  0.0773118848  0.1001577269  0.1086195330
  0.1029044624  0.3223681528  0.6692701719  0.9327133490  1.2341388633  1.4234305809  0.6265013180  0.3029704482  0.1871506428  0.2757171993  0.8640476142  0.8089710356  2.1811776765  1.4079506444  2.2455839638  1.5194560083  1.4771010320  1.2867506879  0.8770945671  1.7814743580  2.2935823734  4.2197781189  4.3303509213  2.3922230255  2.1338733917  0.6651205038  1.0243025892  1.7656758132  1.1469429110  0.9251814698  0.7922790155  1.0304408092  0.7054737561  0.6856386815  0.8268402240  1.0505885215  0.8380936634  0.4124541433  0.3435602758  0.3564650088  0.2700616725  0.2829024977  0.4622330019  0.9642859453  0.4453917303  0.3422302786  0.3271160992  0.3435460666  0.5784860363  1.4406712556  1.0367896725  0.6322507505  0.7995749888  2.3036063172  3.2326339047  1.6827296741  2.9050895183  2.4163999750  4.0634512150  2.5402833187  3.5418627508  3.8210521337  8.3065401249  12.3370431332  11.3475936052  12.9997437232  7.8265446322  3.8575290078  2.1333181629  1.4923506795  1.1907071655  1.2791745205  0.7649407375  0.3044471182  0.2397879359  0.2350163523  0.2888147735  0.0715380725  0.0634140121  0.0902734493  0.0360581305  0.0158403862  0.0125863882  0.0247553973  0.0209031726  0.0242853375  0.0109698247  0.0392948193  0.0484015750  0.0446439866  0.0432391122  0.0769902661  0.0684912661  0.0286105266  0.0186708590  0.0256954725  0.0433836144  0.0512010831  0.0570759990  0.1692037179  0.2433761555
  0.2184467274  0.2136440160  0.5964515980  1.5171018236  1.5894520466  1.1033834986  0.8387101689  0.6254058115  1.0408936178  1.8766577579  1.8062958812  3.0875968363  1.3442401485  0.8820560457  1.4201579850  1.0560118485  0.5233821875  0.6365370843  0.7980162304  0.9909759459  2.0774570330  2.6581016545  1.9767227694  1.9558063388  1.0261160045  1.0988556030  2.1050685587  2.5868466773  1.9678412618  1.8616949522  0.6015417593  0.4895088785  0.5550697995  0.4961663029  1.1031818523  0.6245722434  0.9810657762  0.5287788268  0.5215682971  0.1996821020  0.4134222564  0.6001193268  0.3982361443  0.3599473111  0.8938669775  0.4405302669  0.4149038404  1.0230053820  2.0176815705  1.0269391720  0.7076819556  1.3723830693  2.7163924911  3.2356968329  1.6601637301  4.0756561289  4.8272286928  3.5421247864  3.8716362397  2.8678147184  4.9278627540  10.7350503766  16.8232825830  12.3575195352  8.4241675180  4.8139094556  1.6824012620  1.4013270364  1.5862869795  2.3935492381  2.8010827853  2.7285100522  0.6952780749  0.3036912275  0.4633516373  0.3523446956  0.1206807956  0.1113107940  0.2490280951  0.1038705690  0.0266083558  0.0157713458  0.0271461206  0.0284147558  0.0388805161  0.0321203504  0.0314969415  0.0142509290  0.0326351576  0.0677533166  0.0633125660  0.0645043643  0.0540561352  0.0387743398  0.0535177897  0.0526763730  0.0502679344  0.0636406275  0.3215831709  0.3172179644  0.3857881732
  0.4277787176  0.8502495367  1.5246831943  1.8573585251  1.5679763578  2.0973432467  1.8202532677  5.7453720673  2.5582403774  2.8627226069  2.9426061590  2.1461663338  2.2754225351  1.6153415308  0.6532368646  0.3972389240  0.4191888375  0.7174671299  1.9334010315  2.2725424217  3.5010454295  2.2926525121  1.7666644939  3.0655419569  3.0838229681  1.4169954376  2.1144575184  1.7616012628  1.8459888305  1.1398579677  0.7935751699  0.8642294013  0.6986615630  1.4605416154  0.8921313976  0.7953511352  0.8710901431  0.4114881154  0.5521681720  0.7648147005  0.6327479255  0.6061224492  0.3905815612  0.4864696913  0.6909001254  0.5472731566  1.2678705848  1.3943080836  1.4693156437  0.7168821446  0.9407125211  0.6729548788  1.6290483362  1.8826737574  3.0980336831  3.8537265110  4.6311310997  6.6902066613  4.5885952986  5.1030328342  6.0505929936  7.1375419862  7.4354717527  7.3837688330  9.5424910961  2.4204648307  1.9194068378  1.4401327217  2.5316122446  4.2840361574  2.1568202121  1.0696327107  0.7171145383  0.8211848143  0.2965443371  0.1739118278  0.1717664567  0.4320102503  0.2300109374  0.0426730942  0.0288398106  0.0300538776  0.0210837118  0.0555022299  0.0484228991  0.0144997452  0.0104509861  0.0228024231  0.0363635072  0.0451690053  0.0869820116  0.0572390761  0.0676118291  0.0756033611  0.1291395307  0.1412515363  0.1909026654  0.2520611025  0.2586257912  0.2865574206  0.5744200422
  2.1495933045  2.1879582908  1.6669046503  1.3717748185  6.1819253174  5.7483395131  5.0743752224  3.8985580799  2.1584154398  1.9208307386  1.9454110655  2.5136537805  1.3719701693  0.7707232349  0.3443140999  0.4873681478  0.9689909647  2.1815705288  3.8078184369  3.3554101804  1.7716371049  1.2641267840  2.4643123434  1.6226498812  0.9481903030  1.7229158389  2.7739988225  1.5219298848  1.6966234983  1.2748179955  0.6697060878  0.9094900412  0.7159541367  0.4500733582  0.4588073983  0.7138273618  0.5561872947  0.3154760376  0.3967111148  0.4784715419  1.2854027988  0.6501664417  0.2775833150  0.2971338113  0.2476850843  0.7091918601  1.1147392275  0.7364096119  0.5559904474  0.8222617583  0.9800991112  1.3284156723  1.8080831190  1.2871855987  2.0124948935  3.2322187145  2.8616557535  2.9959847495  4.5754606415  5.0476678454  5.0070337706  4.9843225032  2.9118026807  5.3974633416  3.2248979583  1.9942057766  2.1553414181  3.7250692180  2.9980474880  1.6036621335  1.7149445165  1.6151729624  1.2992464810  1.1176923419  0.9719750619  0.7288935268  0.3590924985  0.2496105996  0.1303869429  0.0582020452  0.0290334078  0.0262502255  0.0573470306  0.0445606245  0.0153425453  0.0084477518  0.0160136696  0.0317291114  0.0504062635  0.0752940345  0.0815102691  0.1016986794  0.1055732721  0.1151783327  0.2411803162  0.3651478944  0.3627222422  0.2828606971  0.4148601516  0.8168410664  1.3959265746
  2.1482089359  5.3077628052  3.7534988622  5.6192349896  4.4566982058  6.1403495701  8.1954949500  4.9533239061  3.2351006505  2.3764092278  1.9313422799  2.6216989996  1.6080699523  0.5121530882  0.5656705749  0.9525384378  2.8753617802  3.5907616694  1.2251886863  0.7257143730  0.6480376623  0.5660353927  0.3219810672  0.3610021929  1.7488139799  3.7140117295  1.6150264673  0.9816385099  1.2686357989  0.6138555503  0.7456780361  0.5067436990  0.2258242939  0.1564042749  0.1816753878  0.2644009091  0.3613582777  0.5113334051  0.5298923729  1.0646475870  0.9469583829  0.2851568505  0.1277917494  0.1256333592  0.2212172501  0.4543198054  0.5050400318  0.4415709850  0.4963449234  0.4850986968  0.6560587719  0.8109072943  0.5922489941  0.4136045977  0.9575961800  1.7187122730  2.6508203767  4.7374558439  5.5165728223  8.8792972962  7.3108824668  3.7636534030  3.1928229811  2.1699325197  2.1360830121  1.3877145609  3.4635307531  4.0030344709  2.2886771706  2.4699242141  1.4006717749  1.4405092892  1.2904547741  0.7793218160  0.6736671353  0.5460618189  0.7212590373  0.2890512432  0.1115603633  0.0570043737  0.0461641969  0.0516876108  0.0257084402  0.0206149357  0.0177173274  0.0183017482  0.0485707120  0.0483371026  0.0797269434  0.0862412409  0.0576806482  0.0836860065  0.1231049936  0.1902690382  0.3952982582  0.6106635123  0.3815829091  0.6440105255  1.2264543620  1.4412352459  2.2542927310
  3.9114699955  5.0421125271  6.8487562751  6.4919266694  9.8035767226  7.8078159393  8.1588653309  2.2732115446  2.6016697420  3.6562731838  2.3971639013  1.9581989016  0.9959472016  0.4762288373  0.5849786539  1.6182708116  1.5673603107  0.5774920550  0.7514241422  0.3954307596  0.4542101290  0.3381985559  0.3260211524  0.7852604931  1.0555748524  1.1643384176  0.9509241815  0.6086390407  0.5262957282  0.8052919567  0.3737085822  0.1344736446  0.1764398997  0.2694737584  0.3254154720  0.4752208097  0.3104484950  0.4250211654  1.0897360445  0.7157339285  0.4390824513  0.1279124178  0.1832429807  0.4515251555  0.4601020058  0.2905424552  0.3012930975  0.2278128597  0.2989927307  0.5143499142  0.6911460836  0.2629241000  0.6875095279  1.1894165256  0.9934801171  3.1252428523  5.4149123210  6.8108081248  5.0305367667  5.4621587269  4.1175727148  2.1327103815  1.2966747102  0.8203641625  1.8240785938  4.3038786804  1.6062366377  1.4532872523  2.0565901864  3.4315097720  3.4866812122  1.9151311470  2.3297273509  1.4352750352  1.2527518344  1.1184570005  0.8613100060  0.4363818191  0.1869072472  0.1163477688  0.0697884830  0.0295922940  0.0305336768  0.0539967038  0.0525506697  0.0565604309  0.0344819340  0.0374666745  0.0209997049  0.0214054897  0.0702223185  0.0624758866  0.1759723013  0.4256168872  0.5123585977  0.4620986370  0.6663689326  0.8344551246  1.7812770318  4.9983483345  3.9995200987
  4.3891555448  13.0378948753  25.0765104526  14.6074585591  7.9876210418  3.9881277088  1.8290255441  3.4486205615  1.6319736893  0.8988319563  2.1924992991  1.3007889063  0.7777666357  0.8900322456  1.4588322486  0.7357399739  0.6372415475  0.4983748719  0.3486973022  0.4958079325  0.5110434027  0.2634352987  0.6167782537  0.7752933518  0.7594821004  0.6510610894  0.6416463309  0.8402361170  0.5832468709  0.4035260639  0.2484136807  0.3192477873  0.3977275291  0.7966298638  0.9915797662  0.7156146040  0.8635555301  0.5895125540  0.2835209763  0.2430064795  0.1445926496  0.5178588839  0.7513181908  0.5241082206  0.3760486788  0.2234782896  0.1521267900  0.3013888903  0.5535016956  0.5972544604  0.4467867640  0.6642854124  2.1683266266  2.5905015635  4.7668636683  3.3819506208  2.4324479403  3.4134061640  3.0197321485  2.3175814533  1.9804490020  1.3182609633  0.9275733700  2.4578240254  3.8752045233  2.1345685790  1.3470455920  4.6409837198  12.0832280345  9.1688235926  6.7553349260  2.3716663294  0.6026577332  0.2426625297  0.5897340391  1.2909855175  0.5645092528  0.2322642902  0.1049113512  0.1120385116  0.0324047093  0.0314789536  0.0624481174  0.0448768408  0.0287316408  0.0174183709  0.0369185671  0.0391843044  0.0352951258  0.0496077165  0.0503411739  0.1061604161  0.2498101018  0.3007317933  0.5267756568  0.6722393408  1.1489485851  1.3401157298  2.3477689097  2.2313388573  2.1112036315
  7.6919686216  23.3303746222  29.1455759638  8.8673242754  6.2140795353  3.8739814253  2.2683157953  0.9648658163  0.6638571380  1.1992159157  1.7383891301  1.0896918732  0.8807356202  0.9110365173  1.1651746536  0.7118088241  0.4313832893  0.5571001507  0.5209683410  0.7908670207  0.3046788381  0.4787534405  0.7553060689  0.9714442519  1.1364162607  0.9392536964  0.5956731939  0.6047494746  0.5561590477  0.4519144299  0.8751797489  1.2241922400  2.2464988951  0.9586992275  0.8396006448  2.2291361342  1.2374238705  0.6638769810  0.2890125857  0.2040454637  0.4503026839  0.5095890799  0.5934643339  0.3243886618  0.1278312658  0.1624766454  0.3387688994  0.4066297308  0.6535087318  0.7268633049  0.6272889290  0.9768567187  1.8263463805  3.1881905675  1.7885508844  0.9926122473  1.2776602295  1.6240412985  1.0835275109  0.6816645296  0.6145724340  0.6787773718  1.1229116678  1.3335187987  1.5618741064  2.1317626815  3.1646109969  9.8206132586  8.8383058095  2.5356863797  0.8502889584  0.4295376908  0.1244693566  0.2086912642  0.2679598385  0.1528225732  0.1702875884  0.1394150196  0.0845887443  0.0840051380  0.1061574337  0.0844063689  0.0495959938  0.0399081912  0.0571977571  0.0744304330  0.0447279450  0.0679976120  0.0465755896  0.0369742792  0.1062428261  0.1135734914  0.1879624290  0.7030113692  1.2739988414  1.5117522027  0.7246272080  0.8535364787  0.8359790726  0.9609144461  1.5847059347
  6.6524675461  5.1983541372  3.8222244084  3.6996121142  4.4997346479  2.9798822850  1.1272711617  0.9484609918  0.9260900089  0.7119049388  0.7563591273  0.7174619188  0.5763963362  0.8576700854  0.6931146623  0.8222905098  0.7534577856  0.5764713806  0.4995967351  0.5371016472  0.7413952469  1.2624505453  1.6270795900  1.5477299154  0.5318906053  0.4399335415  0.4676526334  0.9809343672  1.2978188069  2.0211815249  2.8010630647  2.1094814039  0.9331262872  0.5943535701  1.2521875086  1.0547310969  0.8364650379  0.6773238370  0.4696843163  0.2566510402  0.2340839315  0.2349652122  0.2457586862  0.1378089173  0.2445406104  0.5199830116  0.3915512853  0.6510568356  0.6304276792  0.5801521384  0.4795351326  0.5453029674  1.2945392147  0.9209597899  1.6985965244  1.5387979124  1.1548912486  0.8001519990  0.2729807219  0.5252456909  0.7203670353  0.9939308091  1.4444365940  2.0639222524  2.9143629109  2.4004670287  10.8705537508  10.8085498564  4.0963627400  1.1374010184  0.3523173729  0.1116923117  0.1355663686  0.1011453484  0.0801963946  0.0473511559  0.0576864684  0.0674007098  0.0703935285  0.1332044080  0.1514820765  0.0950202222  0.0874685739  0.0754142400  0.0705603832  0.0756690586  0.1124253803  0.0714371203  0.0763975943  0.0792736124  0.1379241153  0.2341079150  0.6841856729  1.1066079611  1.3602895098  0.4406457404  0.2833412221  0.6995964664  1.2016622690  1.1749580815  2.5884641978
  3.0747638145  4.9068066344  2.7330846313  2.5499781063  3.1650323443  0.9214073010  0.4880981762  0.7949179342  0.4091768536  0.3859601567  0.5597112707  0.4080660145  0.4053964425  1.1429932017  1.3256483634  0.4136527229  0.3483710531  0.5158857103  0.7981639114  1.4061648834  1.3169188132  0.7828984988  0.7966956755  0.3115186497  0.5255688510  0.5366330543  1.3006931547  3.3381198844  2.4725856977  2.2644842686  2.2596821831  1.3550082465  0.8629159079  0.6981280504  0.6770761798  0.6656097624  0.4280059936  0.5060744512  0.3319719670  0.1502899205  0.2683150514  0.2309327015  0.2488691826  0.2072523838  0.3478842474  0.3848891079  0.4518548403  0.2565824223  0.3808716774  0.3185016547  0.2311981911  0.3926346053  0.9877175200  2.2526846968  1.6841603507  0.8959247905  1.0507233946  0.5315423200  0.4234753295  0.7686822310  1.3439664877  0.9398544197  0.6275724765  1.7380835980  3.7760463400  5.8608445169  9.3289005704  4.1444881745  0.9111463028  0.4696725308  0.1405084756  0.0411225413  0.0769031223  0.0561615226  0.0335694123  0.0430537256  0.0810317759  0.0834586601  0.0639504369  0.1229589286  0.1531970469  0.1890956739  0.0691524462  0.0472955361  0.0681960148  0.0840242942  0.0922195644  0.1331142869  0.1802823475  0.1845472367  0.3630198501  0.8872476738  1.2515606433  0.7137840194  0.2702005443  0.2682084121  0.4972228344  1.1297437947  1.0076261440  1.6576034759  1.9121588560
  3.6851902647  1.8363532998  1.7559519036  1.8545179260  0.7867915496  0.3781965857  0.3503838272  0.4237748118  0.2320149819  0.2555280726  0.4129623869  0.6384313626  0.9320793400  0.7082653853  0.4389735053  0.2964944109  1.1576495558  1.8773170770  2.2061104863  1.3783229587  0.4072196052  0.3014051971  0.2926466060  0.5618650772  1.5122725852  1.6011181446  4.4799192202  4.0753842627  4.4384213392  3.2295204107  2.9064127733  1.3752799975  1.2454561275  0.6217366670  0.4318698797  0.4985189999  0.4651778151  0.2850706100  0.1748237454  0.1848719563  0.1545021820  0.2160966081  0.2777187893  0.3243869904  0.5412871520  0.2997112494  0.2520916296  0.3378315431  0.1772824309  0.3188118397  0.2787814683  0.6774497564  0.4983947921  0.4748370731  0.8242216108  0.8660545193  0.9104093985  0.9347315058  0.7519807779  0.6376912126  0.2898277901  0.5418190839  1.6779315680  1.6507750114  1.4336401945  2.8291562599  2.0418275491  0.3007805046  0.1161046221  0.0688788166  0.0268545625  0.0336138555  0.0229882931  0.0306297549  0.0358950528  0.0436484480  0.0799349900  0.0769751738  0.1436005130  0.2199072375  0.3922947932  0.1753030385  0.0976088097  0.0812895406  0.0780479757  0.1245854713  0.2931122168  0.3922859857  0.4880223364  0.6637711537  1.1570588315  1.2226918879  1.0012969928  0.2478944389  0.2630062134  0.3661337015  0.6108424401  1.0221454508  1.0627680245  1.3275074098  2.4758220652
  1.6596172483  1.0803860018  0.4958966826  0.3200680406  0.2146090366  0.1278851782  0.2433402869  0.3420738162  0.2541661429  0.3558981780  0.6409755224  0.7129100680  0.4941202187  0.9177858944  0.4371925847  0.7254697247  1.3084614677  1.4373029039  1.0774838490  0.7344090861  0.2777899657  0.2714838912  0.5435808823  0.5119633853  0.7070187668  1.3430637997  2.8941609537  4.2439417463  2.8179214296  2.5761592996  1.5574228562  0.9975235660  0.3994240202  0.2686159344  0.1736395157  0.1390281560  0.1488994142  0.0660351244  0.1062844546  0.1041878210  0.1614346973  0.2536765033  0.1016389574  0.2775242715  0.1675749981  0.2738941537  0.4735318369  0.5741330076  0.2576979947  0.2750434247  0.4504826966  0.4794131435  0.4616298872  0.5292690926  0.7455697513  0.7408077398  0.5151562972  1.6322944477  1.1748391779  0.4144618604  0.4191137387  1.0360710833  1.4115140009  0.9753385148  0.7512747044  0.7171205713  0.1443256544  0.0991632225  0.0390793762  0.0296538776  0.0191421872  0.0182560264  0.0340702397  0.0335226762  0.0521632123  0.1115167794  0.0825693578  0.0811733510  0.2524490749  0.6639198340  0.2969460150  0.2668278161  0.3194996075  0.1422725178  0.1981873237  0.8185339820  0.9398121201  0.8597518541  1.2861019988  1.7449367995  1.4038289053  0.7979074552  0.3924194153  0.4480684788  0.4516255802  1.1403507471  1.2399366370  0.8821504783  1.1657226707  1.8942482723  2.0568586988
  1.5254820262  0.4698225912  0.3045869112  0.2617155801  0.2817009874  0.1169525405  0.2776700998  0.3289464590  0.4450550266  0.4413271540  0.4940857592  0.5650976708  1.5753571615  0.7326839723  0.7464242429  0.4344196844  0.5341218502  0.4528625182  0.3138083256  0.1834509921  0.2046861365  0.2290300695  0.2703395970  0.3680104064  0.5098713525  1.3443946848  2.8306302363  3.0546369285  1.8331882959  0.5061156418  0.2745783739  0.2523855204  0.1398754810  0.0806953939  0.1475839567  0.1270963281  0.1516168602  0.1373612041  0.1665750575  0.1337898727  0.2534554616  0.1504403765  0.1855656982  0.3699531383  0.3837153179  0.3350546804  0.2487303527  0.2287965201  0.1644424572  0.1861040427  0.3583338456  0.2769064724  0.3455964239  0.6380858705  0.4390393441  0.4662425855  0.6597322739  0.8691606178  0.8051936617  0.3349854361  0.5306528626  0.5280297791  0.5571878340  0.4202917340  0.3114883908  0.1896448418  0.1680230983  0.0703425988  0.0387589298  0.0171323474  0.0148830937  0.0177249834  0.0583144401  0.0954328377  0.1637258625  0.1315635717  0.1125566717  0.2581659837  0.3247074798  0.3815696944  0.2509217148  0.5515739771  0.2466943299  0.6154861575  1.6841742935  1.5706441797  1.9411614720  1.1259724573  0.7581424815  1.1902555646  0.5313331856  1.0266570997  1.0972065235  0.6267303526  0.9651774253  1.4808837213  0.9741559740  0.5739718833  0.6483800643  1.1410801539  1.3083170790
  0.2979287377  0.2517748519  0.4101750308  0.1623936245  0.0978153827  0.4377746542  0.7592668361  0.4984840897  0.7135010104  1.2207689852  2.2141626905  1.4854102770  0.4736601467  0.4074128408  0.3002189064  0.1765388773  0.1130429850  0.0716864578  0.1722381272  0.1427467785  0.2158043843  0.1506588552  0.2461883185  0.4703579158  1.1955723271  1.5073672635  1.5301878408  0.4445927688  0.2426471988  0.1368286667  0.1257957134  0.0965165304  0.0649138193  0.1210038953  0.1892291898  0.1750881391  0.0805070741  0.0864424214  0.1374898409  0.1684411270  0.2425136297  0.1775236684  0.1679594943  0.3188432622  0.1640142780  0.1169583564  0.0894708062  0.1274927039  0.1774503763  0.1614469207  0.1460460577  0.1563630360  0.2217095337  0.2846286529  0.3464908826  0.2940079792  0.2658748941  0.3492987815  0.3307527579  0.5170930526  0.6996237873  0.6869376683  0.4134168850  0.2592196296  0.1472039823  0.1336549810  0.1169931373  0.0444325909  0.0263806465  0.0386607396  0.0422111701  0.0536100201  0.0512520387  0.1023232126  0.1482056913  0.1165493816  0.0894606702  0.1560477097  0.2189038831  0.1433108040  0.2035728121  0.2888686810  0.6885587024  1.5007723376  1.2089919835  1.9215468871  1.1678724613  0.6770858167  0.8280460969  0.5841872407  1.0525574595  1.0829998789  0.8811068774  0.8468458833  0.7906335720  1.1409288295  0.4900746898  0.1945638250  0.5485756240  0.4754492649  0.1802458180
  0.0965836168  0.1321300326  0.0898611036  0.0954054084  0.3814994666  0.8379020123  0.5120193808  1.2384149461  3.6023555220  3.6429596575  1.0601877009  0.4941140940  0.2083995153  0.1337463938  0.1070503303  0.0567753580  0.0420443026  0.0710041092  0.1256648973  0.1450837856  0.1496755359  0.2112978597  0.4336148220  0.5013631192  1.0081855732  0.7486502914  0.2969821306  0.2122068323  0.2627658675  0.2094194093  0.0819767254  0.1345922954  0.1534317176  0.1010170174  0.0879526619  0.0731628690  0.0395076157  0.1157773551  0.3206749982  0.2663751832  0.1934242674  0.1171749977  0.1941365699  0.0952821147  0.1157566432  0.1282880849  0.1854109650  0.1412196191  0.1327729138  0.1348170532  0.1110909527  0.1453790415  0.1447677793  0.1979208677  0.1607641758  0.1371030857  0.2486841883  0.3993362516  0.7532679223  1.0584441914  0.6435190129  0.3206690733  0.1010430554  0.0481016234  0.0520477677  0.1170456896  0.0783653114  0.0227632744  0.0173676419  0.0273929431  0.0314453092  0.0551088606  0.0938947852  0.0750065047  0.0676660360  0.0412986977  0.0792132062  0.1210552072  0.1175085919  0.2451505415  0.5502239731  0.7271068916  0.7559731302  1.1962569196  2.1224478094  0.8293697233  0.4506024954  0.6024764998  0.7548221972  2.5116447979  3.3258758868  1.7046331776  0.6841803501  0.3000999676  0.6872042691  0.6341321738  0.3820588115  0.3354951696  0.3559484618  0.3538453996  0.2152798063
  0.0656365895  0.1215925515  0.1400781624  0.1567911272  0.5542294448  0.7843371742  0.6235045455  1.3571611766  1.7280969151  1.4610368770  0.4667635337  0.1694595508  0.1214564244  0.1520712273  0.1351945414  0.0960186803  0.0691136110  0.0734263470  0.0797224971  0.1219443050  0.1426975673  0.2679794492  0.2749301313  0.2987648428  0.4224610721  0.4382592624  0.1882460630  0.3474932047  0.2379829732  0.2198522499  0.1548943685  0.1559420400  0.1071599402  0.0562782048  0.0232122895  0.0135504208  0.0198499570  0.0863655318  0.1182401393  0.1780370340  0.2485840351  0.1632881631  0.0762459301  0.2427841175  0.1924209074  0.0786031778  0.0937701708  0.0848215566  0.0442996184  0.0409584048  0.0771961484  0.0760649101  0.1424343983  0.1485770755  0.2547266750  0.5358648174  0.4095542005  0.3366136133  0.6695606357  0.2697013148  0.1992159463  0.0828899271  0.0404657037  0.0358798324  0.0620673996  0.0263245800  0.0120405622  0.0077142257  0.0198957147  0.0599625848  0.1243201825  0.0564791042  0.0882970810  0.0616285667  0.0752929150  0.1804091004  0.1936689825  0.1876192221  0.3466225340  0.9793245384  1.5265159160  0.7954920048  0.7282935107  1.2390513283  1.1633162008  0.5977017616  1.1984025711  2.3716736713  3.1906612877  2.5123342599  2.0829833637  0.6560683068  0.4523992382  0.4172264154  0.5735087171  0.6212606004  0.4008048737  0.2383482507  0.1565202938  0.1218220294  0.0839910618
  0.2561786216  0.2110070811  0.1708593927  0.2088684671  0.4305888848  0.4092856813  0.4161559505  0.6883570322  0.8155116208  0.4529294469  0.2012766084  0.4297295891  0.2835988694  0.2439195477  0.2595372913  0.1042005600  0.1127439223  0.0838811843  0.0654068595  0.0366266873  0.1282198769  0.1702843358  0.1842610801  0.1274252911  0.3602139251  0.2749598542  0.1741313714  0.1693023153  0.1923755087  0.1713405762  0.2057551883  0.1018331422  0.0463804102  0.0351767912  0.0112133291  0.0103133109  0.0210386828  0.0757447816  0.1990313147  0.1186308868  0.0768322865  0.0687874123  0.1548461426  0.0891921642  0.0514376641  0.0750853934  0.0999747284  0.0767940586  0.0421490158  0.0400495776  0.0493774452  0.0712384780  0.2091392252  0.4500394948  0.6368488916  0.1632347670  0.2523852363  0.4961380546  0.1391141995  0.1513415921  0.0912588874  0.0573516408  0.0636590850  0.0451784113  0.0233245467  0.0178235801  0.0107403189  0.0233310612  0.0370217207  0.0970838102  0.0787653994  0.1367453393  0.0879190592  0.0438807838  0.3710174168  0.5660168824  0.3379698559  0.5837309385  1.0767604619  1.9639853396  1.7743102177  0.9256979516  0.9944816765  1.1126477083  0.8194361621  0.7015400547  1.6319674618  1.8491589947  2.4154295419  1.2504865910  1.0471705517  0.4166645046  0.1757833744  0.3864353195  0.2369953830  0.1617092788  0.1519503407  0.0973917351  0.1150431548  0.0777444851  0.1595730812
  0.1406135922  0.2689242723  0.2108841987  0.2450814531  0.2987576579  0.2448242452  0.2115116876  0.4141542832  0.2676062456  0.1920033070  0.2322295751  0.1661967978  0.2824916397  0.2396205539  0.0758556999  0.1210782789  0.1209357815  0.0787743905  0.0773601939  0.1597850027  0.2306106220  0.2396603672  0.2256094411  0.4439579765  0.3719004671  0.0811751735  0.1020830777  0.1739047265  0.2027054210  0.2955524190  0.1655358421  0.0525749663  0.0440486946  0.0307979024  0.0310720848  0.0401074616  0.1154626993  0.2674864857  0.1610401302  0.0938352991  0.1076197001  0.1377126253  0.1097890300  0.0557269367  0.0287861728  0.0214443258  0.0309162508  0.0427826157  0.0550578555  0.0811745007  0.0670784205  0.1699391001  0.2575446250  0.2411649834  0.0851532762  0.1775476083  0.1314564214  0.0719148294  0.0664346426  0.1138721056  0.0723247824  0.0456555573  0.0262831808  0.0274463584  0.0352555322  0.0242842645  0.0263536250  0.0356807816  0.0536414469  0.0772740384  0.1400779290  0.0943594260  0.0676081858  0.1760953195  0.2756704571  0.2878959678  0.7209898189  1.2001139332  2.4385623555  1.2935800555  1.3628864844  0.5701073394  0.8805101070  0.5512689582  0.4981561682  0.9418725737  0.9090206079  1.2307402420  0.5501807149  0.4802917625  0.3607940791  0.2020580101  0.3094572496  0.2039386634  0.2176900776  0.1862720901  0.0870536282  0.0950650766  0.1198844847  0.0798303968  0.0594199293
  0.1870039777  0.1361119134  0.2284850651  0.1896369132  0.2062363953  0.1653763340  0.1405272909  0.2559135484  0.1914163930  0.1149839221  0.1648741574  0.1294912961  0.1337089677  0.1242268482  0.2156977185  0.2413720791  0.1948459787  0.2023457396  0.2976867046  0.2263437033  0.1677428720  0.2886045323  0.2895334751  0.6078329714  0.1511621985  0.0947729350  0.2988558557  0.3362469863  0.1953434479  0.1075122438  0.0408353181  0.0374966959  0.0410321881  0.0488722488  0.0905135627  0.1463254685  0.3625845666  0.1953754879  0.0627327400  0.1304286048  0.1047294402  0.1184488528  0.0448760585  0.0218921306  0.0133872073  0.0179842012  0.0536013294  0.0815996844  0.0968756709  0.1246497867  0.1526689072  0.1219051641  0.1387505403  0.0575444543  0.0375007825  0.0601970831  0.0496275171  0.0414143076  0.0673693548  0.1384694159  0.0876744811  0.0521460908  0.0679682633  0.0563400895  0.0523997905  0.0368790270  0.0324213111  0.0517365491  0.0782034860  0.1732950493  0.1102188216  0.0684833540  0.0943758874  0.1212281985  0.2583349588  0.2479109200  0.4200763864  1.5243503456  1.2607957608  2.7532766583  0.9667620630  0.9507679617  0.3895031719  0.9941858770  1.0214762754  0.7464700313  1.0435064061  0.8695479068  0.4533927745  0.6601262918  0.4920996695  0.3227345080  0.2441081468  0.2898948680  0.0629164383  0.0372996024  0.0581922507  0.0356287138  0.0240940326  0.0462423589  0.1274508068
  0.1789729686  0.1890605377  0.0960063795  0.1069474090  0.1090023618  0.1429963710  0.2474111444  0.1415341680  0.3186751945  0.2172474708  0.1091950924  0.1035031999  0.1111421175  0.1948332301  0.1990462945  0.4767291586  0.3985047436  0.5508831147  0.3121555555  0.2240832853  0.1946090612  0.1944406624  0.3399348114  0.2113243983  0.2082768379  0.1374127752  0.1219035710  0.0917198574  0.0604756008  0.0568712011  0.0892036943  0.0703371915  0.0989160502  0.1982463565  0.6424271106  0.6367322354  0.3278893875  0.1603838390  0.1259594402  0.0758410008  0.0538052981  0.0284648892  0.0237009850  0.0212622317  0.0312110494  0.0644324805  0.0832225345  0.1255391123  0.1162335062  0.1272902960  0.0930585648  0.0473118536  0.0744811100  0.0642678393  0.0425797633  0.0310655494  0.0394861450  0.0610587209  0.0679097694  0.1015247764  0.1083867972  0.1028481661  0.0686960886  0.0513359370  0.0360960766  0.0670809980  0.1050909550  0.1882752831  0.1497718483  0.0818915506  0.0718429393  0.0845813493  0.1286504258  0.2555558262  0.4359650844  0.7434180272  0.9908219574  0.7937699968  0.8364701426  0.9632739680  0.4269941063  0.2246029130  0.3281659236  0.4871803936  0.7730649412  0.7205770596  0.4171464608  0.4826594064  0.9216233843  0.6763402674  0.2791767225  0.2068328304  0.2328570056  0.1214274749  0.0576567466  0.0630085183  0.0522404744  0.0361347621  0.0717832943  0.1050703673  0.2681174662
  0.3177609421  0.1781077853  0.1248049174  0.0807778080  0.1269183586  0.2427112050  0.4633916498  0.4567206962  0.2491643701  0.2350050839  0.1509885154  0.1956596127  0.3221892847  0.4553785802  0.7325806840  0.7044463808  0.6289143605  0.6201025197  0.2443996582  0.1629589162  0.2242640455  0.2055776396  0.2054974405  0.1217777464  0.1154560850  0.1382369983  0.0850694495  0.0674284116  0.0557555090  0.0629678494  0.1249463465  0.2464919737  0.6028098098  0.8408662957  0.9288809275  0.6949354637  0.2947774841  0.1739937287  0.1062440964  0.0427933235  0.0252397073  0.0266644568  0.0263985631  0.0330486689  0.0762298562  0.1257704998  0.1225169898  0.0672628608  0.0648154645  0.0413755623  0.0565019309  0.0618246710  0.0290512692  0.0195696078  0.0221481992  0.0325775039  0.0388774639  0.0318814890  0.0373080128  0.0601323663  0.0917682850  0.1115791191  0.1195601645  0.0960635830  0.1821454164  0.1357058043  0.0884456231  0.0602364187  0.1365270917  0.1663081407  0.1717502468  0.1370332645  0.1957034726  0.3186115164  0.5030020879  0.8277254101  0.4588737412  0.3523992104  0.2293207824  0.2419433688  0.2270159793  0.1668396355  0.2431609677  0.6411329706  0.7341948473  0.5254545910  0.6959726756  1.0215689659  0.8207525005  0.5211743824  0.1887470868  0.2316809017  0.1340888867  0.0735883964  0.0956042416  0.0650532417  0.0370744667  0.0401621790  0.0911358093  0.2422398589  0.3846065635
  0.2178348509  0.2587051488  0.1748109287  0.1423793721  0.2435241758  0.4504946586  0.4746148752  0.2870539700  0.2644631935  0.3630826303  0.2603750405  0.5467579769  0.5258565596  0.5868584271  0.6495672163  1.2753066916  0.5422539996  0.2664139948  0.2619199297  0.1503920208  0.1472509763  0.1195611608  0.1005672093  0.0590910956  0.1266994052  0.1152633869  0.0872530571  0.1578013539  0.1305570030  0.0987057955  0.0797176025  0.3165147771  0.9115332317  1.0093437857  0.9194508581  0.6343195977  0.2017312504  0.0888619297  0.0512783365  0.0193126131  0.0102737850  0.0101473720  0.0141995247  0.0212987502  0.0933849592  0.1407383147  0.0711443541  0.0658024422  0.0682142353  0.0743932016  0.0545880929  0.0278172054  0.0161966903  0.0436552224  0.0631659296  0.0421615873  0.0514920476  0.0610467855  0.0633183751  0.0721183198  0.1031053327  0.0960419052  0.1993742741  0.1346004789  0.1289540237  0.1128657107  0.1355501401  0.1210171595  0.0987076476  0.1784489148  0.2212802687  0.1558060409  0.2056591510  0.3132563267  0.3846094553  0.2025821352  0.1750970442  0.1417860604  0.2382344573  0.1665664460  0.2630825726  0.4599393704  0.6968305561  0.6780429341  0.8232489046  1.4415037080  0.7941923852  0.2907727952  0.1458766143  0.1475774936  0.2341468760  0.1095279570  0.1109260604  0.0697614062  0.0581594178  0.0354097678  0.0500663000  0.1376192001  0.1726622304  0.2297408288  0.1766275730
  0.2173592204  0.2606624815  0.1885620830  0.2431520276  0.3508272157  0.4512405420  0.7132057359  0.9775771224  0.8909494244  0.4839281710  0.6222088950  0.7244459941  1.0907555933  0.8334246013  1.2261191563  0.4429631597  0.4444362668  0.9723260491  0.6422919575  0.2254537604  0.1730213311  0.1781539066  0.1611914857  0.1799266808  0.1958764202  0.2191305976  0.2163967050  0.2880571083  0.1532862706  0.2350547205  0.3968838363  0.6797202966  1.0074000373  1.3846906424  1.1753495350  0.1752403130  0.0621427373  0.0514001882  0.0348086332  0.0162334050  0.0135045837  0.0088568148  0.0197249727  0.0648583888  0.1204127940  0.1684734873  0.1874765454  0.1283625471  0.0605286892  0.0631414429  0.0255133806  0.0259171054  0.0521831458  0.1290426160  0.0505419206  0.0371904088  0.1154233017  0.1763753019  0.1418265225  0.0794014528  0.0863064365  0.2086002063  0.1485917410  0.1555647746  0.1210802230  0.1838397038  0.0987783836  0.0897933303  0.2266664545  0.1538560025  0.1587141281  0.1409959671  0.1496506260  0.1773096546  0.1227999154  0.1137258747  0.2089003224  0.5500434500  0.5729510956  0.5756020085  1.4053987430  1.2408315391  0.7837636095  0.6604214552  1.4906337016  0.8110554429  0.2437251896  0.1115486530  0.2552961822  0.1915807118  0.1499244572  0.1595941831  0.1571111904  0.0513737342  0.0489743302  0.0828993439  0.1049335166  0.1704884309  0.2103735808  0.2844081620  0.2978609500
  0.3756906318  0.1102993722  0.1495586910  0.2419346972  0.6673411815  1.0212957317  1.4995724428  1.3187956026  1.3097224917  1.7155667430  1.1462826701  1.0801648269  0.8340977278  0.3994260701  0.4004224223  0.5572508944  0.6104284987  0.9470298931  0.3751930367  0.1839658924  0.1261305590  0.1339641166  0.1637757012  0.2541344001  0.6236261341  0.9398232243  1.0185709206  0.5648341203  0.5437309496  0.2301276340  0.8148896479  1.0534830415  0.6425161891  0.6625796933  0.1648562446  0.0797744998  0.0595126532  0.0512185551  0.0354165894  0.0151922018  0.0162746827  0.0231066026  0.0305196168  0.1148972278  0.1963979153  0.1678533545  0.1079271373  0.1164057394  0.0427102420  0.0457138113  0.0388680849  0.0440625852  0.0908218131  0.0579558616  0.0496493360  0.1193649234  0.1853693656  0.2404796009  0.1640849763  0.1930152121  0.1667527675  0.2032679445  0.1356373123  0.0718666353  0.1444543680  0.1426859691  0.1186388306  0.1479772211  0.1353098081  0.1068895481  0.1691905950  0.1109721330  0.1383600896  0.1945898621  0.2654953565  0.2313403124  0.5770436622  1.0077535914  0.7085888208  1.7182744331  1.1310633012  0.6039304231  0.6804580335  1.2927837831  1.1374111052  0.5266669818  0.3422472653  0.2349572702  0.1680198017  0.2080778811  0.1177365638  0.1139753287  0.0593568459  0.0565122550  0.0583771978  0.1522596687  0.2333500274  0.1556133165  0.1281042300  0.3257551625  0.2691497096
  0.1784640196  0.1063037139  0.1115496980  0.3484745155  0.6729869443  1.4024564973  1.3673211542  1.0866739709  1.1834124138  0.6228629454  0.4463678723  0.9201878868  0.7296169283  0.5621152184  0.4797935337  0.8466125769  0.7529076180  0.7613616679  0.1750996186  0.0897857021  0.0902146846  0.2166752299  0.3121951027  0.5407443347  1.2759737251  0.6179846939  0.5303834590  0.3352797559  0.2273508353  0.5162471067  0.6412699462  0.6278717255  0.4661214634  0.1437046513  0.0874887910  0.0389573352  0.0359193569  0.0261809994  0.0131242447  0.0310754070  0.0495311193  0.0451147678  0.0681293235  0.0770357486  0.1313948973  0.0693743699  0.0553965664  0.0404598278  0.0320078133  0.0227406169  0.0347378994  0.0789737780  0.1268981800  0.1029691508  0.1483108356  0.2481903898  0.3314002112  0.3194869684  0.1672284899  0.0933769912  0.1919848693  0.1008089176  0.0294856968  0.0751870825  0.1977029585  0.1474783952  0.0883922947  0.0629434592  0.0757200871  0.1551237219  0.2212236604  0.2456720243  0.2927363951  0.1953665035  0.1962189517  0.5942417715  0.6534111403  0.9148041893  1.1233458547  0.6521526834  0.7777182922  0.6728735794  0.7586650273  1.0566248048  0.4269009676  0.3859402710  0.3146252159  0.2183870225  0.1667002637  0.1081850863  0.0916470479  0.0334618354  0.0296074806  0.1036950298  0.1917775113  0.3390235742  0.1664875955  0.0788890856  0.1159116945  0.1157200198  0.1646204087
  0.1090981351  0.0880918732  0.0964924568  0.1576096475  0.2736737439  0.8180269631  1.2936548438  1.3222280724  0.8915052104  0.8104328398  1.6500221444  0.9634150456  0.9295269460  0.3933299199  0.5186693487  0.3321171514  0.7013463306  0.2781078179  0.1614243901  0.1744760872  0.1812680652  0.2838230015  0.3691233502  1.1663328800  1.0595230974  0.4111460104  0.2412742092  0.1886005566  0.2119860037  0.1235442549  0.2634284800  0.2011019687  0.1650798041  0.0671008198  0.0608368187  0.0396368965  0.0463267727  0.0358834186  0.0425313884  0.0657843712  0.0413477412  0.0337391104  0.0340528328  0.0341175275  0.0320176974  0.0294783019  0.0157745830  0.0117901938  0.0197979242  0.0243522622  0.0529579037  0.1381856331  0.0914538145  0.0765978148  0.0898862762  0.1716783128  0.2297739643  0.1041654583  0.0583847502  0.0600367845  0.0413483593  0.0198887513  0.0175777683  0.0921773361  0.0832305756  0.0507957139  0.0864853246  0.0820746371  0.1068934025  0.1460125039  0.2321670570  0.3434589464  0.4243465256  0.2770745333  0.5930449299  0.2902163374  0.5124607776  1.5368601457  1.8737052675  1.2098047215  1.0457600593  0.8154166503  0.7909308576  0.5256853892  0.5865026150  0.5183176215  0.5883599796  0.3233193248  0.1204050752  0.1329434353  0.0355207248  0.0319229809  0.1198661805  0.2704198216  0.2919170616  0.1499949820  0.1423855267  0.0972423001  0.1215856553  0.1476877916  0.1594691145
  0.1333732936  0.0853991804  0.0663522709  0.3222153291  0.7419417760  0.7940345140  0.7467001589  0.6760973935  0.6871642956  1.1218808350  0.9583135926  0.5906835947  0.3228693674  0.3209091758  0.2329256335  0.2707850749  0.1971290192  0.1382285258  0.2712427691  0.1626079151  0.1856811486  0.3059586081  0.7000452101  0.5633536334  0.2640464779  0.1108848412  0.2466503025  0.2185407816  0.0764564009  0.1188960799  0.1235378586  0.1293713327  0.1117240509  0.1266983318  0.0964293527  0.0933077488  0.0498534465  0.0547143626  0.0477540203  0.0345627815  0.0229382031  0.0145882608  0.0064813056  0.0094670902  0.0167907799  0.0033857541  0.0039211979  0.0067413365  0.0164193226  0.0396251413  0.1073398393  0.0543505581  0.0671887384  0.0610819022  0.0652690434  0.1315435603  0.1280004824  0.1442680721  0.0939117850  0.0521974476  0.0222655552  0.0382729889  0.0657042171  0.1096833215  0.0983370437  0.1071925187  0.0811367092  0.0731464691  0.0784259424  0.1559817335  0.2384582646  0.2665329184  0.1954801944  0.7319363465  0.3821099523  0.7890873682  4.5762666038  9.9778569613  3.8104399105  1.0127894645  0.4351187218  0.3778768591  0.3123020784  0.2201094637  0.2009155772  0.2666331755  0.3012949159  0.1459391516  0.1338321494  0.1019718276  0.0892923052  0.1477479664  0.2847906978  0.2442533659  0.1713464591  0.1918492405  0.2312874812  0.2449938212  0.1556060913  0.2623529759  0.3283615433
  0.2678335451  0.1214146250  0.4678574199  0.8733474549  0.9052940234  0.4626861152  0.6227078553  0.8035513578  1.4337487534  0.8511082653  0.4497953210  0.4770495237  0.6402501404  0.4840648719  0.2841919648  0.0925013461  0.0875647478  0.0696356693  0.1901609957  0.2368478633  0.3384524978  0.4060334067  0.2694893935  0.2983952536  0.1060034505  0.1824296497  0.1956689815  0.1179067244  0.0543487056  0.0682406773  0.0421698397  0.1495307968  0.2521402656  0.2062080867  0.1290812333  0.0743202767  0.0699731865  0.0242603683  0.0209327062  0.0121038308  0.0078144115  0.0037916939  0.0011220753  0.0022206771  0.0042134134  0.0033700419  0.0025816588  0.0115918276  0.0304419152  0.0470866527  0.0659958653  0.0595920946  0.0429337486  0.0512950483  0.0754279730  0.1877343165  0.2774085740  0.1402701721  0.1397644846  0.0512255738  0.0305325680  0.0531279002  0.0809279184  0.1011360069  0.0698426225  0.0641065647  0.0458912854  0.0288459218  0.0397922693  0.1777360661  0.1875290991  0.4403584844  0.8949324621  0.8349676109  3.7393382574  4.7082458854  10.7624344940  7.0371031821  1.4325706187  0.5104259503  0.5959712108  0.3204247346  0.1304876575  0.0672549460  0.0658767318  0.0728710606  0.0914000521  0.1032899130  0.0894757397  0.1061453730  0.1555459119  0.3938128074  0.2637126800  0.2136846628  0.2284792412  0.3414987996  0.5358024186  0.1507082634  0.4700329493  0.4617480261  0.3398921006
  0.2726111599  0.7943042806  1.3258850631  0.8094127364  0.3516646769  0.5468635122  0.9945010473  1.5995304944  0.7952489526  0.2752877912  0.4059902504  0.8605227250  0.8858829240  0.5459736613  0.1936226108  0.0821361884  0.1347292588  0.2671369009  0.4883498631  0.3015063941  0.2024925122  0.1586230440  0.0837405230  0.0726351667  0.1265447852  0.1466694073  0.1119341070  0.0341434622  0.0297944778  0.0423235540  0.1323837444  0.1477419178  0.1388059455  0.0653282765  0.0434418759  0.0339508519  0.0119419666  0.0054666156  0.0059801240  0.0078069481  0.0044125815  0.0021332041  0.0011903888  0.0016483561  0.0015662377  0.0022423579  0.0125620198  0.0206150917  0.0343830315  0.0533081782  0.0651376428  0.0343204931  0.0474327195  0.0794865234  0.1723282616  0.3462151587  0.2652955114  0.1976210802  0.0667126228  0.0265957964  0.0369492988  0.0680344245  0.1588584491  0.1025402235  0.0376994425  0.0412659273  0.0205640694  0.0256438699  0.1755811827  0.2591735503  0.4112969818  0.7703255583  1.7458722145  3.2897848663  3.3558007734  3.6004433663  3.0583077944  1.9916791280  0.8909474080  0.9981331445  0.5788311767  0.2376513159  0.1287101411  0.0941861217  0.0983238953  0.1018031080  0.0932188387  0.1043401078  0.1074135774  0.2125966644  0.3875680318  0.3812967498  0.2995799184  0.6264581361  0.5251195597  0.7025317065  0.3300184402  1.0080338390  1.2243013587  0.7166501302  0.8787026292
  1.6396171220  1.1912135853  0.9596039642  0.6137902584  1.3763321296  0.7851637103  0.8037546731  0.8869014407  0.2695438414  0.2625620975  0.4928982041  1.2549985441  1.2905672179  0.6211093260  0.2301052970  0.2021854321  0.2301499493  0.2915420491  0.3188900208  0.3806722514  0.1679859680  0.0573320436  0.1893678284  0.1639112971  0.1553403961  0.2814097210  0.0833116929  0.0497527280  0.0721174053  0.1407429090  0.1117110574  0.0543868203  0.0473097515  0.0648620464  0.0348590623  0.0242362232  0.0150088960  0.0071976149  0.0045266458  0.0043455412  0.0015470273  0.0011087442  0.0014081940  0.0011906890  0.0012853185  0.0059462049  0.0073839518  0.0183883937  0.0184360540  0.0275054416  0.0518599628  0.0630310709  0.1606357040  0.2159824630  0.4736503803  0.3960681136  0.2175717817  0.0845200324  0.0350708634  0.0489338513  0.0366093834  0.0685737259  0.1034766158  0.0675014885  0.0393075144  0.0509007257  0.0578986225  0.0958159239  0.3003142936  0.6134794641  0.5895951561  0.6601350078  0.9959337659  0.9866331248  3.6052041459  4.5846327474  2.5871595967  1.6397299703  0.6365057825  0.5391500831  0.3455920333  0.1876264055  0.0733067949  0.1249062200  0.1035058450  0.0583208443  0.1149397664  0.0910358830  0.0813283687  0.3094367770  0.2795643909  0.4935378840  0.7475730917  0.7910779564  0.6888520101  0.6067163797  0.8267165714  1.0262833694  1.3848638444  1.4943968719  2.4986465583
  1.1348223781  0.7832200533  0.5620846777  0.7351032826  0.3661502297  0.2992225750  0.3852104878  0.3584986949  0.2012619843  0.4127992047  0.4063445094  0.3732740608  0.3696799512  0.3553969306  0.3841415181  0.2120624277  0.3245942754  0.3233535090  0.3079575907  0.1733656898  0.1171850603  0.1961924299  0.1967736928  0.2725047563  0.1643269102  0.1667446366  0.0950081116  0.0660759606  0.0844971674  0.1020278680  0.0735813285  0.0565047564  0.0532146127  0.0344381581  0.0245739609  0.0147244208  0.0084584554  0.0031764995  0.0029203342  0.0012817281  0.0012305815  0.0009806180  0.0014981467  0.0014081037  0.0014988356  0.0019029845  0.0058454856  0.0106423663  0.0136804374  0.0358842505  0.0553256999  0.1357583375  0.3716453660  0.2666431346  0.1843424900  0.1351718865  0.0828233224  0.0577116318  0.0685246635  0.0552134130  0.0951907562  0.1569291481  0.1510671624  0.1847723459  0.1072001845  0.1316846719  0.1597499782  0.3873994202  0.5769829560  0.6662824570  0.8319913108  0.8994497503  1.4475465245  2.0763290592  2.5222825269  2.3618657280  0.9597159920  0.5140855336  0.4453579353  0.3174186897  0.1563783734  0.1352240733  0.1751914803  0.0788662580  0.0777808497  0.1204653311  0.0822982246  0.1288183420  0.1810943106  0.3916905444  0.4381631500  0.7269470719  0.8945395217  0.8830271834  0.6836730396  0.7003485532  0.7383163654  1.8153196086  2.1641451527  2.5240602864  1.1216344780
  0.5362100909  0.2639169504  0.3842860070  0.2154974220  0.1655410065  0.3018440816  0.2291193680  0.1821549762  0.2906898869  0.1907687230  0.2616850159  0.3363884771  0.2586692146  0.3011683511  0.4026042764  0.4159821465  0.2923463734  0.2833124649  0.1559897755  0.2450024635  0.2512651864  0.2817869357  0.2839102594  0.2203913376  0.1303963897  0.1080506859  0.1292981709  0.1203485498  0.1020012176  0.0427601305  0.0292701266  0.0275174372  0.0248634266  0.0243627769  0.0078319247  0.0074196317  0.0049288064  0.0031970016  0.0017550978  0.0014376706  0.0016454245  0.0012836409  0.0008315674  0.0009901787  0.0030138169  0.0020366865  0.0029740240  0.0101245565  0.0278505626  0.0788609267  0.1448350915  0.2215207741  0.1610209658  0.1593733373  0.0536511371  0.0286833849  0.0537853836  0.0870907990  0.0956287741  0.0994923216  0.1695840124  0.1678727791  0.3586155131  0.1583787462  0.1602729566  0.2142636759  0.4285747472  0.5441302829  0.9700431681  1.1537217484  0.6133068238  0.7901242940  1.3472354881  1.0505450126  1.2597011471  0.4416373939  0.3681513741  0.1855347656  0.1984995236  0.1127256648  0.1966280602  0.1983494671  0.1820062222  0.1053799550  0.1125522246  0.1560752679  0.1102615905  0.1310370011  0.2679100570  0.6024244447  0.7088129440  0.8185839132  1.0331348148  0.9148218240  0.7122127203  1.0847078684  3.1500256905  3.7956090232  2.3488696733  1.5510009992  0.5741956535
  0.2348000709  0.1818398743  0.1956588573  0.3874489895  0.2688751869  0.2770877302  0.3359175492  0.1864758739  0.2788464970  0.3570162433  0.1557242778  0.0849207951  0.1343620615  0.1712502828  0.1585475334  0.1379413358  0.1030193959  0.1258546715  0.1113860923  0.2521594471  0.3144547165  0.3979520516  0.3897349795  0.4700192437  0.2932274553  0.1580208794  0.1419470902  0.1240331627  0.1460925549  0.0415853263  0.0237954736  0.0178614577  0.0256318266  0.0142354182  0.0118598234  0.0052699657  0.0041450973  0.0025665381  0.0025148447  0.0016984309  0.0014504441  0.0010423350  0.0032964808  0.0030930425  0.0010984539  0.0034245903  0.0083456831  0.0267208658  0.0672366667  0.1082960885  0.0806807868  0.1081356899  0.1139887237  0.0385095384  0.0299741341  0.0506774003  0.0457581338  0.0221880345  0.0786417488  0.1351261406  0.1390863571  0.1825782082  0.1175838611  0.0904795398  0.2016120572  0.5201013911  0.6085917594  0.7312966411  0.3236023531  0.3758389561  0.9764087871  1.2777101642  1.0982890695  1.4454222625  0.5539243183  0.3523914768  0.1444777385  0.2487954106  0.1429102288  0.0914632048  0.0892561001  0.0651809155  0.0445975951  0.0527629172  0.0813645152  0.0883561881  0.0892693078  0.1388287363  0.3071835628  0.6762895844  1.1158201549  0.7749475998  0.9667265981  1.2700731890  2.3188224987  3.2109595525  2.6528126892  2.0661370103  1.6167966053  0.9330928420  0.3910666844
  0.2226745238  0.2693241926  0.6103137100  0.3389215423  0.5332143654  0.5373712157  0.2407730679  0.2656890176  0.1211848869  0.1158598707  0.1617090412  0.0695225880  0.0730506645  0.1614841447  0.1636293881  0.1425076516  0.1551243985  0.1384108854  0.2066153300  0.2069992878  0.6783774299  0.4970980371  0.9163717153  0.3083951579  0.1468913970  0.0722630644  0.1654135705  0.1673879220  0.0274981777  0.0216389530  0.0239045463  0.0228958289  0.0249766686  0.0084198332  0.0066274760  0.0074032575  0.0035930574  0.0027135875  0.0025274969  0.0027209995  0.0053657320  0.0045586593  0.0025357915  0.0029535599  0.0035872035  0.0103020394  0.0406594733  0.0470659389  0.0781583284  0.0862806977  0.0324064300  0.0475720845  0.0409374270  0.0501864096  0.1161464154  0.0315437389  0.0379962684  0.0636492115  0.0861202433  0.0851184625  0.2510359349  0.2410939743  0.1328014196  0.2546161883  0.3896379533  0.3256539400  0.2609969100  0.1460072377  0.2703807758  0.8673809497  1.4667150826  1.7515632006  0.9340770289  0.3902417766  0.1804160677  0.1971120702  0.1551221385  0.0803193380  0.0759540379  0.0431145674  0.0552908488  0.0597794162  0.0783771580  0.0592303870  0.0600144432  0.0607930214  0.1818395544  0.3614691076  0.6264719473  0.7785416563  0.4835481153  0.6952456357  1.1139019873  3.1284989975  2.0032406677  1.6643823873  1.6748031974  1.8638755484  1.7005127548  0.6123247092  0.5333493994
  0.3023119122  0.7602028650  0.6632245308  0.5429634376  1.0494091003  0.3798892863  0.1523973938  0.1643842399  0.1149869513  0.2955689721  0.1112389198  0.0288695822  0.0722500306  0.1951659180  0.2427352027  0.1718180041  0.1171566237  0.2456959738  0.3216268375  0.6541233165  0.6662279130  0.6573572629  0.6197608592  0.1781350940  0.0725794754  0.1691989914  0.1580438986  0.0345428446  0.0282325901  0.0392569271  0.0329239007  0.0179268308  0.0124091495  0.0072042596  0.0070455918  0.0055051970  0.0047536508  0.0031806191  0.0033178115  0.0114288782  0.0054174298  0.0046312730  0.0050122218  0.0077971899  0.0398168701  0.1192001689  0.0684261724  0.0757173877  0.0836266636  0.0536076237  0.0831264343  0.0784452356  0.0440296512  0.0620585728  0.0533729422  0.0591735091  0.0424690198  0.0504143235  0.1004505824  0.1949527943  0.2327422242  0.1748601786  0.1649196519  0.3099935071  0.0893567193  0.1251842381  0.1421649664  0.3446302964  1.7720411437  2.8889067645  1.0543205042  0.4365187690  0.1837072216  0.1417257762  0.3075968298  0.2091743714  0.0830526405  0.0591226388  0.0433805979  0.0561943202  0.0916299198  0.1014692230  0.0807912280  0.0985169995  0.1303557904  0.3302548706  0.4848984528  0.9356302843  1.3107212076  1.3692866774  1.5854328346  0.9212082695  1.3989268372  1.4455279671  1.4438071500  1.1223952772  1.3791023731  0.9228965336  0.7777284245  0.6408554928  0.3229975073
  0.9013256622  1.2907531688  1.3168490099  1.2300073383  0.4702868696  0.2281727475  0.1788554757  0.1520466693  0.1540092078  0.1135992829  0.0556573572  0.1140034092  0.1805098579  0.1211402602  0.1562729973  0.1159334869  0.2166739774  0.2872851863  0.2837983586  0.9303105441  0.6805964539  0.5152097053  0.1900758776  0.1158238082  0.1089584142  0.1223002964  0.0476627269  0.0324034275  0.0317737533  0.0152027160  0.0144343085  0.0125164845  0.0105157409  0.0090175206  0.0048627644  0.0063030375  0.0078450196  0.0051112055  0.0065112123  0.0047285170  0.0093009354  0.0094289778  0.0144204897  0.0633666285  0.0946897388  0.0839245913  0.0950781455  0.1230300264  0.1341514315  0.1010031509  0.0636786161  0.0530636088  0.0515202452  0.0353166067  0.0340809862  0.0517795607  0.1634394530  0.1342086663  0.1514235308  0.3067437365  0.1596765438  0.1346393801  0.1331129339  0.0516864873  0.0664544029  0.2088069572  0.6258664300  2.0594655695  1.9592577137  1.2282735806  0.4338968411  0.2039974842  0.2975978370  0.2170363859  0.1565595709  0.0906564931  0.0795529872  0.0475010250  0.0728778956  0.1269721408  0.0984315550  0.0918089245  0.0796037909  0.1864906865  0.4317085982  0.9911536335  1.2720991869  1.5979582967  0.8051253199  1.3815088215  1.3641450733  1.0608193486  1.3226171378  0.9254302098  1.0430744533  0.9281704474  0.4187476499  0.8726453868  0.8581163088  0.5112643326  0.6669475442
  0.5525828201  0.7023283899  0.6105835024  0.6685906307  0.3103317426  0.4400553198  0.2139041802  0.0913182796  0.0771997859  0.1077293552  0.2035200893  0.1020334046  0.0872573936  0.0905037994  0.1307884393  0.3241179210  0.4973825687  0.6182540370  1.1159038435  1.3440268149  0.5613005657  0.2374229114  0.3112842989  0.1540107239  0.0519730365  0.0309353122  0.0259036170  0.0363106152  0.0206662091  0.0277708034  0.0143150956  0.0084885428  0.0092201193  0.0086256830  0.0126718684  0.0147995891  0.0109729978  0.0120656240  0.0196028661  0.0173933343  0.0139360716  0.0479117190  0.0763093732  0.1324425922  0.1106115848  0.1396231510  0.1544862130  0.1202817224  0.2070885330  0.0936103608  0.0674980999  0.0381114745  0.0224211583  0.0335952903  0.0878183070  0.1535821844  0.1668312333  0.1511868857  0.2023579406  0.1123924430  0.0949008171  0.0506412093  0.1021223798  0.1055873073  0.1843906725  0.4932659979  1.0606084455  1.8438080338  1.0212067645  0.4017068685  0.2196373848  0.2564127824  0.1548184125  0.1802885026  0.1295422726  0.0875719110  0.0724920888  0.0579041059  0.1238176288  0.1183705028  0.1099949161  0.0849653487  0.0629758897  0.1634857015  0.3545004568  1.4098773048  1.0167402785  0.9187645203  1.0918995326  1.0986186084  0.8776653575  0.8519078984  0.7879373964  0.4470517657  0.5629459614  1.0283165406  0.7078928380  0.6491842018  0.7886338718  0.3393690737  0.5305218268
  1.0438304692  1.0169035747  0.7238320798  0.6685935920  0.4898047854  0.3321206968  0.1216490082  0.1884527835  0.1665783711  0.1412735277  0.2235578472  0.1394891377  0.1497501048  0.1708775287  0.1535560961  0.2985671711  0.5631062923  1.0721919426  1.5966582681  1.0159540838  0.6346907161  0.6803482673  0.3201173129  0.0714739490  0.0344742722  0.0237203012  0.0301825228  0.0218655334  0.0264608050  0.0138151998  0.0054623797  0.0127257311  0.0114834521  0.0192306867  0.0220512565  0.0179470159  0.0260021554  0.0392469071  0.0436076083  0.0305700270  0.0761269758  0.0766935793  0.1253724663  0.1252532832  0.1733476946  0.0989697866  0.0547621043  0.1392504685  0.0967251991  0.0582230286  0.0466800015  0.0584714973  0.0777405281  0.0598227008  0.0985718730  0.2508616105  0.1705252344  0.1168806716  0.0836676446  0.0981668640  0.0753911154  0.1382437894  0.1723363334  0.2271649577  0.7142063200  0.9462949104  0.8727746607  0.4538982404  0.2952529719  0.1630571715  0.1564529989  0.2398181707  0.3158346800  0.1479355128  0.0616726590  0.0462120298  0.1386744684  0.1227442043  0.2078866015  0.2018484528  0.1582355867  0.0999166323  0.1568333946  0.5585360513  0.9579890443  1.2385564921  0.8716666662  1.3980075191  1.1721142359  1.4451102327  1.2179722618  1.4873921079  1.1487308680  0.7550471652  2.2233144528  1.1460768346  0.6681687907  0.8098426664  0.6367964446  1.3697244291  1.7156047770
  1.4902385459  0.8948644123  1.0062152048  0.7426974339  0.4960248311  0.2802302368  0.1875209834  0.1023773734  0.2456849670  0.4275430412  0.3586575018  0.4968473527  0.2967248698  0.1863358670  0.4354328507  0.3323134769  0.8063519020  2.9832804777  1.1343095090  0.8513139963  1.1223087521  0.5916342103  0.2229515352  0.1642625877  0.1154540729  0.0527189298  0.0184687890  0.0146537362  0.0065621010  0.0054243892  0.0137211438  0.0238376898  0.0197983668  0.0197598479  0.0132730581  0.0231039008  0.0423685825  0.0312787415  0.0478470251  0.0511111536  0.0694863697  0.1274436663  0.1331174042  0.0872762924  0.1316489415  0.0396474304  0.0356090003  0.0400206791  0.0310676302  0.0901837582  0.0644261237  0.0729712902  0.0850229486  0.1440834073  0.1700446677  0.1836451438  0.1858311598  0.1206402364  0.1072483951  0.1332915122  0.1338012045  0.1718717273  0.3294965746  0.7402832359  0.8572257812  0.6402482607  0.4093206101  0.3076047415  0.2307629510  0.2338644250  0.3214142942  0.2912906830  0.0966335960  0.0481198400  0.0386048813  0.1035746811  0.2317814396  0.2794008239  0.3587634814  0.3652600833  0.3331141666  0.1640440364  0.2956876838  0.4768907269  0.7225934006  0.7697407823  1.1192720171  0.8731698736  1.5278963937  1.0763406218  1.6395850418  2.3297833936  1.9906143890  1.9382674950  1.8667696066  1.8100964223  1.5369589396  1.0722447139  1.4056612543  1.3219346872  1.6414283354
  1.5997432657  0.9763803960  0.6970962379  0.4374024629  0.2377364171  0.3388501628  0.2978070107  0.2596155300  0.3503959304  0.2327087624  0.9272313504  0.9887741774  0.3419527134  0.6364725874  0.8014738674  1.4376151565  2.1629203120  1.7145693133  1.1141757989  1.1029675376  0.7978772382  0.6300214583  0.3961266572  0.1835477983  0.0511371366  0.0324005862  0.0252509184  0.0125746148  0.0157141303  0.0199147662  0.0190583654  0.0181769194  0.0146206250  0.0141321359  0.0084619553  0.0193972088  0.0202222601  0.0388317593  0.0416604837  0.0587182125  0.0703464707  0.0901431365  0.0890978717  0.1966059740  0.1293326254  0.1241860567  0.0357930939  0.0191881542  0.0309574266  0.0564380468  0.0658255582  0.1091658401  0.1185140445  0.1000004763  0.1061480031  0.0503731871  0.0609907747  0.1374498856  0.1673878819  0.1360242730  0.1917003147  0.1884568714  0.5803313955  0.5702745363  0.2603253952  0.3108984375  0.3482416200  0.2423753800  0.1946054679  0.2647564079  0.1295674277  0.0865056878  0.0565971100  0.0618534866  0.0845333537  0.1239546544  0.3135090872  0.4697480232  0.2838505549  0.2970120908  0.5692846682  0.4783147330  0.5527561177  1.2180498970  0.6258770731  0.4478526613  0.4149433406  1.2742936313  1.0142987941  1.3985195689  3.8282677558  3.1402319167  2.1958859431  2.8184477958  2.8770319114  2.5391303516  3.3534123510  0.7845683538  1.2993746155  2.3433333275  1.4804816818
  0.6253666788  0.3918185932  0.4680899141  0.3362576932  0.5525518964  0.3102141755  0.3804698043  0.3734388985  0.5926688825  2.8690982847  4.1401249079  1.7470980767  0.5875872863  1.3241325430  2.6326343257  3.2939894598  1.9771679310  1.5665527601  1.0994831863  1.4232240264  0.5248820226  0.2353302215  0.1017604856  0.0299416165  0.0123590583  0.0127668665  0.0246205163  0.0453801354  0.0152554144  0.0127259266  0.0189426331  0.0106710281  0.0074808847  0.0117446270  0.0086540252  0.0098060721  0.0388037516  0.0821538655  0.0500005032  0.0793209121  0.0764135397  0.0663734643  0.0986488011  0.1408135840  0.0889157336  0.0362011475  0.0336738598  0.0375219945  0.0468145705  0.0644878452  0.0688732500  0.1216777431  0.1027585892  0.0587799273  0.0410785710  0.0494130748  0.0358596060  0.0775882289  0.1002755037  0.1908937445  0.3439246744  0.3367570905  0.2490103111  0.1559116294  0.4176125559  0.6622008953  0.3936943973  0.3119610123  0.2036310754  0.1120844573  0.1128698151  0.1165164146  0.0890103742  0.1421084299  0.1447061910  0.3128805996  0.6686690867  0.8149343880  0.4362758373  0.7104324993  0.7559295203  1.3530875025  2.0233315456  0.6526677740  0.5559831179  1.3947018237  1.4545853212  1.0646817985  1.5345455776  3.6901376158  3.2791572749  1.6145027744  1.8780863082  2.4557201333  2.1706356210  3.1710472316  1.0708032275  1.2944078467  1.7958315527  1.2641004022  1.0447177262
  0.8831829868  0.7873862016  0.6103067523  0.6873958667  1.0681528590  0.9210593982  0.6366798427  1.4666387176  2.4508701826  3.0574703242  1.9269836466  1.6729080247  1.3291801815  2.0438552905  2.6304137972  1.3971169015  1.3804728880  1.5621177439  1.0107273680  0.4618134340  0.4098036307  0.2202058563  0.0759394861  0.0233932317  0.0188843325  0.0403724990  0.0376110818  0.0252657770  0.0365702488  0.0217418929  0.0113856484  0.0203099209  0.0117145522  0.0115897029  0.0225452629  0.0573361432  0.0737651860  0.0730266652  0.0669474149  0.0715173099  0.0431879221  0.0506887486  0.0719062328  0.0672206884  0.0648527721  0.0597940921  0.1430290883  0.0524176189  0.0476097681  0.0658558191  0.1143794421  0.1300634397  0.1172383019  0.1045320008  0.0524552010  0.0364651637  0.0567758173  0.1981061454  0.3867835095  0.2916936505  0.1179618443  0.1087136998  0.2232645470  0.5557530143  0.8737799472  0.3678511925  0.2284178952  0.1673074369  0.1317636708  0.1539357299  0.2174450257  0.1992465076  0.1476536191  0.2031923110  0.7216971176  0.8169891930  0.9274245534  1.1185727244  1.8547878175  1.9870762216  1.5443484374  1.2634917185  0.3945019867  0.7614631230  1.7571181601  1.3318308314  0.9827457408  1.7820478675  2.5037763181  1.8447709848  1.2196178547  0.9885474286  2.5939824701  1.2827456526  1.3869067327  1.8523299975  1.3121765417  2.1786313214  2.0760141218  1.0173983414  1.0599473103
  1.0983046922  0.7505277385  1.3519168919  2.0815904466  1.5340966788  1.5141634826  1.4453612826  1.2395972930  1.5006371469  1.8544315132  2.8441186107  2.2638352843  1.3830669600  2.5505523249  2.5604243466  1.7406172571  1.2587513516  0.9492838624  0.6340447045  0.5252823813  0.4382475717  0.2352722633  0.0335252869  0.0225758876  0.0325114939  0.0329282032  0.0342001126  0.0267608308  0.0111558069  0.0245929206  0.0390611451  0.0218065243  0.0103265568  0.0454742306  0.0481358127  0.0528777204  0.0954186782  0.0863254971  0.0645288589  0.0594597680  0.0552807002  0.1554266142  0.2875699473  0.2211451348  0.1843366736  0.2042862177  0.2889812665  0.1516150142  0.1963126925  0.4169508253  0.4525247396  0.2718140777  0.1525549844  0.1525601503  0.0753871522  0.1161442564  0.3169251399  0.3229624276  0.3369391222  0.1864181214  0.2578260508  0.6629241977  0.9778391535  0.7426198365  0.2514929712  0.1118822350  0.0777364712  0.2150305718  0.2883057967  0.2396442730  0.3598371678  0.4187866791  0.3542336760  0.6138947719  0.6475255363  0.4349586701  1.1228333645  2.0809724111  1.7133335667  0.9700615584  0.9050207557  0.5669379971  0.4875016566  0.9233090368  2.2284425042  1.6482450958  1.5637956569  1.5568709617  1.0009113861  1.0688915766  0.6615959161  1.1965235852  0.8307414716  0.8698273877  1.4719137144  1.0802859223  1.1683031383  1.9184032211  1.3303472335  1.3415483957  2.9899361237
  2.5629601390  1.4889854918  2.2611035805  1.6762235067  1.1392310918  2.7297676899  1.3069542541  0.8632024780  2.1180529507  4.2963991082  5.5491435496  3.4848689199  1.5449187439  1.8054003403  3.2286599887  1.4017924083  1.2693997131  0.7359776468  0.7584385248  0.3696405690  0.3369737967  0.1458606434  0.0337603711  0.0452681774  0.0329446779  0.0240629174  0.0265995017  0.0241587628  0.0546740643  0.0607077513  0.0238602880  0.0160758193  0.0343291766  0.0449473674  0.0421959377  0.1098212530  0.0849488453  0.0890722567  0.0870342265  0.0819665965  0.1417690408  0.4202404886  0.4103596382  0.1931102623  0.2573243460  0.6287349316  0.4251983371  0.2878101610  0.4799380220  0.5622408077  0.3862405928  0.2895521519  0.2567392840  0.2234561137  0.3138032365  0.3487746612  0.1627787483  0.2852450279  0.4202680862  0.4565615287  0.6172873579  0.7638617550  0.7230954731  0.2873230205  0.0960582874  0.1495098048  0.2413504153  0.1981200017  0.2297260771  0.2755021668  0.3474759307  0.7796571659  0.9162130611  0.8045672418  0.9316418733  2.2788991129  1.9129445302  2.4325082053  2.9759838050  1.6633606988  1.4108061462  1.9962355128  2.0379143109  2.4707370743  0.7921746377  0.5812225361  1.2262716951  1.4546740073  1.5493969233  2.1513177693  1.4874458119  0.5710111271  0.3240490784  0.6541251918  0.8404570881  0.9417809039  2.9627488243  1.9340680867  1.4528393481  3.3665654096  2.8764995733
  2.0328809698  1.5282165804  1.0352619845  0.8297939245  2.3695548001  1.2074902978  1.1424307042  1.8709194564  13.7980059546  8.5750642242  6.4717439302  2.1239118955  2.3490823732  2.5298046783  1.4103049236  1.7577723079  0.9517241473  0.8224921698  0.4219194676  0.2796485184  0.1202020531  0.0330401189  0.0259922893  0.0329892944  0.0402541923  0.0440831660  0.0508511806  0.1185688312  0.0420271233  0.0279819843  0.0178570399  0.0274022384  0.0389590856  0.0641434099  0.0903306402  0.1069302660  0.1113897955  0.1172091026  0.2109191801  0.1210437910  0.1783008727  0.3149174756  0.2932482459  0.5231866784  0.4549905324  0.4932742310  0.4779931051  0.3880932397  0.2430358402  0.3021622001  0.4001726462  0.4993026099  0.3540913937  0.2132909452  0.1959734740  0.1441162066  0.4092986002  0.2740900182  0.2725875525  0.3543083097  0.4205482400  0.5481267443  0.3902417931  0.4060746725  0.2657673526  0.3621300127  0.2550065345  0.2147861344  0.2366673313  0.3522395265  0.5873207177  0.9403970600  1.1337676635  2.1891394464  2.4235764969  4.1992444256  4.9753112714  4.0316436650  4.5255193450  1.7932920427  2.4576359479  2.4724812325  0.8774014224  0.6026430125  0.3945760254  0.7538759257  1.2176702500  1.0412317626  0.8694244964  0.6654018862  0.4117712396  0.3505013232  0.8444321281  1.2192178530  0.9066747923  1.1293739486  0.8691914350  1.0387591564  3.2066113286  2.7639261396  2.1806032639
  1.4623370849  1.4685056843  1.3076415947  1.4964132195  1.5773743259  0.9465422944  2.2316357617  6.2679946185  5.9319390354  3.1499336924  2.4035442057  2.2102262565  1.9371806416  1.1360377367  1.1211354878  0.8453757876  0.6212386738  0.4035858135  0.1785060181  0.1017112545  0.0721487307  0.0489408166  0.0381753822  0.0485794736  0.0457903700  0.0995674091  0.0946992383  0.0735953568  0.0383244232  0.0430114391  0.0347861053  0.0342002946  0.0671768079  0.1403529676  0.1380404807  0.1306693174  0.1554674103  0.2435100659  0.2703064564  0.3199787139  0.2912337350  0.7759643821  1.1980965791  1.1053034882  0.7418051750  0.5064566861  0.6463445259  0.3303704400  0.2313843556  0.4777304754  0.6744842366  0.6380972778  0.8868128227  0.3915273447  0.3359570801  0.5496138227  0.3360720658  0.3363340557  0.2848086045  0.2158759209  0.2717396960  0.3258744888  0.4818363798  0.4944197464  0.5078038083  0.2945772880  0.2339586249  0.1559129729  0.1501772951  0.2643136580  0.2823926889  0.5705691681  1.8014022275  2.6219981206  4.4872417894  6.0156953678  3.5799538409  2.8859756339  1.6895064255  0.8812839633  0.9569716818  0.9666447751  0.3819219074  0.5515810636  0.9816348891  0.5364701354  1.0456817231  0.9332690247  0.5620296429  0.3209966006  0.5970303100  1.3894315604  0.8272914517  0.4561755936  0.5745950214  0.6088506311  0.5578656837  1.9255491302  4.1895666601  4.7027102539  1.6446129561
  1.9840326668  0.9945445161  0.5026750877  0.5629341855  0.6769140683  2.0758751842  3.8816760237  3.7336990537  1.7723247228  0.6849145404  0.8469678394  1.5863018251  1.1547761806  1.0296931258  0.7124986237  0.9549659552  0.5670048222  0.3239906892  0.0846891759  0.0886426419  0.1075620186  0.0770909781  0.0616424046  0.1282452652  0.1058193632  0.0692487773  0.1232263217  0.1043050759  0.1143236816  0.0674044126  0.0460584117  0.0969268018  0.2547005823  0.3058382181  0.1097791134  0.1747098925  0.5450641678  0.4075435968  0.3836645938  0.3810677753  0.6776080317  2.0206755639  2.2833122730  0.5979515855  0.4748026417  0.4288163827  0.5338829913  0.4277102998  0.3310688488  0.8845519014  1.4916758345  1.2390706915  0.6142740368  0.4107296139  0.3678619550  0.5438411931  0.5559648652  0.4147697135  0.4123206186  0.4774220489  0.3660399373  0.3266830344  0.8365493081  1.2685877125  0.6819493219  0.3690097374  0.4830573212  0.1830189197  0.2696259090  0.3760668808  0.5446918085  1.1294785946  1.9920691638  1.9541561059  3.5842630931  3.7947438642  4.4257156896  1.8374981052  0.6634127962  0.9314632264  1.0377413132  0.4744937820  0.4537514742  0.2976149479  0.3392300287  0.8305254643  1.1325000371  0.5125187333  0.3436667798  0.4409184746  0.4430754582  0.3997182096  0.4908352995  0.4637234249  0.6577632210  0.8609039082  1.7311732051  5.1497113515  4.7588608161  2.7258220354  0.9515475132
  0.7747966231  0.4774245641  0.3852590935  0.7668640024  1.8437157708  2.7405409742  2.0823554809  1.7734748314  1.1527718647  1.3979048584  2.2433883070  0.6732818992  1.3610172422  1.2938655776  1.0310907751  0.9128602041  0.3686441350  0.1247479468  0.1108868567  0.1393070866  0.2445172537  0.1937230856  0.1657154941  0.0914763612  0.1868784470  0.3660438216  0.3771054743  0.5567680392  0.4018573964  0.2370734892  0.2387392777  0.2403392542  0.2865365050  0.1129995623  0.3258428174  0.4644732942  0.4008655459  0.3340414853  0.4243573285  0.5764815157  0.9100112304  0.7027882069  0.4873003130  0.7677546514  0.6343009175  0.7857994073  0.5359020855  0.4157780883  0.8075486964  1.5264301663  0.8258845712  0.3788408480  0.4246694134  0.3063298816  0.4426589990  1.2674332238  0.9554362392  0.9922138051  1.0137218868  0.3035897004  0.3359445374  0.9294159979  1.4861421025  0.8814846101  0.8338675084  0.9840598351  0.2483878061  0.2204675053  0.2491958245  0.5101198952  0.9458700339  1.2658702706  1.2309661009  1.5288135366  3.0987967681  3.1450964760  1.9366441835  1.0431236908  1.1961839358  0.8591505931  0.7740174604  1.0018470694  0.4540731411  0.3373856325  1.1536435214  0.7317086713  0.6719250803  0.7464403719  0.3763794824  0.2234930482  0.2067041249  0.3618456463  0.3851797078  0.2513475083  0.3961844853  1.4329850464  2.3694632348  3.7966377297  3.4835705387  1.1880239014  0.8649968047
  0.4923060908  0.5048490799  0.5462151247  0.6964769675  0.6161369859  0.7098662032  1.4249647748  1.7516801200  2.0987826943  1.5701151716  0.9597248028  0.7443659736  0.5119854168  0.6677122586  0.3848329127  0.2118053393  0.2956947744  0.2417813781  0.1991389682  0.2774062946  0.2574667729  0.1757043660  0.1373142970  0.2285120140  0.3732524810  0.4484835915  0.5713649456  0.6272625390  0.3465606790  0.2932756679  0.2251184225  0.2319757877  0.2317274786  0.2860144691  0.1759743123  0.1748316135  0.2878082693  0.3851250423  0.6131622810  1.0300797756  0.5186159895  1.0294884451  2.2899426611  2.8821319608  1.0479018770  1.1765036249  1.6313595699  1.2401863032  0.6604468012  0.4006882256  0.5077973345  0.4358043516  0.2510707711  0.6889968823  1.1061464067  1.3719832496  1.4415444744  1.1277349234  0.4225101706  0.6336917918  1.1175511193  1.3640472564  1.0900640975  0.4624431727  0.5877959601  0.5643349009  0.1902427518  0.3263150889  0.4482014212  0.8783432099  1.5391372690  1.7605950265  1.5166770246  2.3044517591  1.4646398001  1.3564047392  1.4798913114  1.2397914690  1.5090376348  2.1020852130  1.9192675541  1.0005116039  0.3863133961  0.7909333240  0.7317431321  0.4194196297  0.2983659798  0.4090510459  0.2254911940  0.2613564897  0.4210697264  0.3231485116  0.1586009572  0.2186087111  0.8175739152  2.2004577223  2.1912217580  1.7930946419  1.8881492976  1.6086078165  0.6201899934
  0.3705831118  0.3212719726  0.4796524222  0.2642160151  0.5580694197  0.6666839098  1.4234004462  2.1339787360  2.1429203826  0.9419026439  0.4813438767  0.8211247090  0.2642915302  0.1785472044  0.2076346059  0.1913948683  0.2661128962  0.2074185918  0.2726818650  0.2535812490  0.3146211253  0.4253453201  0.2474783237  0.3332215400  0.5222530472  0.7127096599  0.6691158744  0.2430282458  0.2782909861  0.1796330996  0.1301890025  0.1546309407  0.3560046475  0.1936049392  0.2227473384  0.2124421976  0.3952168261  0.9564394376  0.9528718478  0.6301265713  1.7252385396  3.2934847530  4.7889208073  2.1922542060  2.6185745577  2.3836154627  0.8888836429  0.7008332112  0.3813141776  0.2511819258  0.3217587334  0.3041810864  0.4492410331  0.9322639531  1.1469383717  1.3985044872  1.7076868007  1.0996371376  1.1452501847  1.6571277599  1.6150078411  0.7723210641  0.3665576904  0.3970811674  0.1773839118  0.2109960939  0.1571411217  0.3094472902  0.4183446440  0.6738349986  1.7189009301  1.4631140292  1.5248764114  1.1650308228  1.1512186727  2.1445375720  2.2310437249  3.2952640556  2.9344969396  3.3070044984  1.4282400798  0.9446726972  0.7147449959  0.8777532090  0.7439273822  0.4113085674  0.5005459560  0.3649966640  0.5885220755  0.5771000609  0.1807805230  0.0946871840  0.1640735934  0.5247837760  1.1280696643  2.2470450102  1.8731045795  3.6902507830  2.4202304347  0.9370938922  0.8114755552
  0.4685680515  0.3612352607  0.3170971244  0.4425799772  0.9826232521  1.1288933430  1.4488484820  3.4763134413  1.8910883866  1.0691155034  0.3563911931  0.1549576918  0.1151868220  0.1250731114  0.0690092162  0.0618677493  0.1359422512  0.1959471478  0.2914810411  0.3914920410  0.3136298013  0.3361082235  0.4483174493  0.6738100541  0.6362263846  0.8037112907  0.4054335063  0.2821606777  0.1532440499  0.1159973337  0.1534928271  0.2432663557  0.1999620461  0.1942592901  0.3782089014  1.1910544204  2.1487319727  1.6337764942  1.2673857308  1.7282826964  3.3012329235  3.9895967210  3.5050089782  3.0783821182  2.1569091499  2.3118375819  1.6490375268  0.6949000580  0.2555156556  0.1108352081  0.1634190617  0.2179804432  0.5697302682  0.4838351595  0.7943915249  1.1865667705  1.4760113757  1.0581721452  0.9457748165  0.6882964688  0.3744310274  0.3728853314  0.2296647426  0.2285683775  0.1726348989  0.1130046210  0.2637871757  0.6580862723  0.7482372523  0.6117832484  2.1317243977  2.0541303671  2.0445674945  2.6178957986  1.8790649505  2.9085113716  4.5797031618  3.8243995221  3.3821861412  2.2007592879  0.8159263937  0.7107530406  0.7336293589  0.9332614270  1.1631711843  1.2895221972  0.5434607456  0.9735329240  0.6338397611  0.3144485418  0.2069273842  0.3708300289  0.4375046081  0.4894091670  0.9701769518  0.7984508086  1.8370530751  2.2612467870  1.5045001414  1.3734697026  0.9433124027
  0.7162624680  0.4901792202  0.5169939975  0.7026720156  1.9375067352  1.0820053021  0.7905494732  2.0102798197  2.8419524903  0.6690041090  0.2614810353  0.1736752956  0.2411324098  0.0677084940  0.0345225588  0.0601069031  0.1439362738  0.2254578816  0.2450123191  0.1429264339  0.3308646978  0.7623892370  0.9452473269  1.1051891564  0.7951124226  0.8509171761  0.3193342012  0.1583289212  0.1834185804  0.2975681303  0.3843758458  0.2696974379  0.2678710672  0.4685404758  1.4743973531  2.1629143258  3.7943355284  4.4895771981  4.5091690974  4.7894953271  4.0033288277  3.5535284268  1.8449142219  1.9562093943  0.9760408665  1.0798159847  0.5700925267  0.3381723666  0.1702361270  0.0991973027  0.2595853873  0.3433660530  0.3615887499  0.4288887086  0.9269915676  2.2887388588  0.9250545164  0.8344322924  0.3924606224  0.2774306670  0.3152219009  0.2839965999  0.1832022219  0.0725044837  0.0902783135  0.3438703738  0.4461227770  0.9477480813  0.9782805840  2.5489472228  3.6568137074  2.2001486922  3.0822425407  2.8052451782  2.5626639970  3.2074939497  4.0119198769  3.5805020066  3.7491986584  1.8684659278  1.1206614622  1.1134089348  0.9013169497  1.3798768809  2.1744940573  0.8915396558  0.3702557583  0.5796254423  0.2761431867  0.3193741278  0.4201066638  0.4282936279  0.1310175602  0.1332446054  0.3912990052  1.2954230660  2.8088145910  1.4088791077  1.2629551047  1.2765865417  1.2723534811
  1.5616617975  1.2331869701  0.7873806001  0.7720859230  0.4340461415  0.3148284201  0.5171648824  1.3197457717  0.3495521047  0.2919823505  0.4050245310  0.2332765012  0.0800940480  0.0459230553  0.1709511057  0.2132070637  0.2214609474  0.1772194912  0.2011555332  0.7259301951  1.0705451861  0.8127181974  1.6483685208  1.5979530275  1.2425517766  0.3428017012  0.1827657856  0.2456514740  0.3088240793  0.3378057053  0.5267034899  0.7157656292  0.5374708370  1.3082772967  1.6884833486  2.0174850632  2.6705527726  3.6751925330  3.6888745805  5.6202110873  2.2222010348  1.4329329613  0.7216449212  0.6637680377  0.3746736094  0.3616212878  0.2546589831  0.2296491449  0.1613644853  0.3713342415  0.3865609844  0.3305302932  0.8161653104  1.4359127985  2.4263836061  1.5458977341  0.5544537208  0.4236423351  0.2466492241  0.1922587685  0.1533307548  0.1040778491  0.0650955742  0.0974706379  0.3809405560  0.3883519616  1.0427747247  1.5733616034  3.1522187280  2.9394921079  3.1207565156  1.7999912626  2.5198639618  2.5523750540  2.6632800120  4.6899719672  1.9547348220  1.8311610288  1.4385930592  1.1236713419  0.9916328497  0.7410560024  1.1646243166  0.6385379019  0.6589136534  0.3442010150  0.6199042517  0.5103284085  0.4042272904  0.2363568790  0.2617711601  0.2299303660  0.2263688590  0.5340799019  2.0163680094  4.5013239806  3.8713320155  1.3418631250  1.4536049193  1.1592414163  2.2797375740
  2.4658739360  0.8314719290  0.3778331623  0.2732479720  0.1584850563  0.3358184672  0.6113376033  0.4950404913  0.5148149461  0.4059052622  0.2674002507  0.2924312824  0.2244449315  0.2574999832  0.2753741500  0.1782731098  0.3900123353  0.4470317852  0.8968538391  0.5899515818  0.8402754598  0.6490134459  0.8819925825  0.6103319266  0.2011451299  0.1108136982  0.2161590540  0.5651342859  1.2686831362  1.1138512319  1.1904610107  0.7046024792  0.5031219447  1.1264908038  1.0020597837  1.2031341839  1.6282229992  2.6057251216  4.3291345283  2.3304425681  0.9725605187  0.4682405146  0.2583397425  0.2686931733  0.2601828873  0.3519332696  0.5321447520  0.4965936688  0.6648709669  0.4798318951  0.6119076620  2.1221708626  3.2870521065  4.1099887768  3.2084377498  0.8662945566  0.3109964468  0.1820511015  0.0964068218  0.2142946576  0.1889105227  0.2656227275  0.2074880672  0.3479652325  0.5529350234  0.9659188853  1.1270269248  1.6276164781  3.0381630621  4.1475593961  3.8975923341  2.9970031808  3.8106211710  3.3947552875  2.1215689668  0.9205783004  0.8114109274  0.8485021879  0.9424188907  0.5110913860  0.8269612007  0.6892919296  0.5392396259  0.4973820462  0.4673713476  0.4987303838  0.6160929136  0.4707987403  0.2281438740  0.3058964412  0.3884948707  0.4864127523  0.5220392056  1.8414633176  8.1991167214  12.3545252948  2.7610624356  1.4322294593  0.8749271745  1.4348711594  1.5906893434
  1.3518859029  1.0487574754  0.3328217527  0.1271609935  0.1472372226  0.4406995121  0.5998406780  0.4815248856  0.7455556219  0.6651540801  0.5546214608  0.4936650641  0.1746874627  0.1445786424  0.2230638729  0.4401772980  0.6509247951  0.4003813842  0.5205811899  1.2216968771  1.4930370925  0.4968462093  0.2574611436  0.2551098101  0.3553610109  0.8116957752  1.2141767686  3.2687401844  2.7292790301  0.9647252118  0.8326995708  0.6975829175  0.5416052845  0.3865716037  0.4552462105  0.6625751472  1.1529204553  2.2637910928  1.8033861663  1.2697283441  0.4724450041  0.2553321535  0.2511270471  0.1676949271  0.3347490172  0.5394197221  0.8497236636  1.3118984282  0.7093382894  0.9438320780  3.0197060416  4.7900729478  7.4335262110  2.8276598927  0.9631766943  0.3974565709  0.1665714370  0.2227475405  0.3402451238  0.3346466244  0.4255644704  0.3353802881  0.3386000668  0.5522169638  1.0380088028  1.0614058378  2.0631962046  1.3371652212  1.1175746353  5.2991567635  2.9550824171  2.9389927193  3.6430140216  2.9415107141  1.4545644079  1.0100443161  0.8495392126  0.7827680135  0.8823979964  0.7012399849  0.5117444232  0.5628924735  1.1472450303  0.6696069586  0.4399136160  0.3744021216  0.3052947160  0.1845772222  0.3888416060  0.3505812677  0.5073428910  1.1930739458  4.2812181398  6.9381979166  5.7245531405  2.8926765054  1.2574467148  0.9535121190  0.7392461067  0.7630657843  1.3472634050
  0.8266523451  0.3716815622  0.0971056997  0.1553307954  0.6448187240  0.6038316365  1.0617514729  0.8756040007  1.1035960353  1.2635484920  0.3612959214  0.1201750106  0.1926935986  0.4454409790  0.5727881964  0.6621122031  0.3757917786  0.2202248919  0.4484551945  1.0574652506  0.3437774538  0.1426681166  0.2780925139  0.7462684278  1.3503123611  1.6407475224  3.7213532468  1.9985593124  0.6530437834  0.6576259420  0.3948441220  0.4177709279  0.3618889964  0.2577755106  0.8411311495  1.4226455225  1.3809595605  1.5202008360  1.6338994133  0.6313285215  0.5523608926  0.5066459273  0.2079854497  0.3418710436  0.7849286003  1.3073996978  1.2436079468  0.4052234989  0.5028672847  1.5866914595  2.7418481703  2.6909416756  2.0366156655  0.3809603036  0.2301555922  0.3615089232  0.4166358289  0.3719813029  0.4716531916  0.3917931561  0.3008951775  0.3910087252  0.3757929060  0.4404707744  0.6210908335  1.0613077332  1.7503540720  1.4578175029  3.0106024183  1.7161047438  2.8176498767  5.4449769522  1.6050546559  1.0833421137  0.5321986455  0.5246318203  1.1701543540  0.6320604681  0.3427471765  0.3762209489  0.8409556712  0.9012346771  0.6313659435  0.5976395271  0.5653100728  0.2182098696  0.1848423219  0.4059065100  0.4405370843  1.2361298247  5.1224498443  7.3703940768  10.2796123297  5.2216095118  2.9174098101  0.7568342403  0.7927649033  0.7635538025  0.6810007527  0.7931748128  0.4122047993
  0.2978658436  0.1056438354  0.1606510990  0.5057043494  0.7691546997  1.0147110859  1.3562281031  1.2280942847  1.2017016148  0.6334244203  0.1915369539  0.3388699248  0.6242610264  1.1208533011  0.7322546597  0.9439457355  0.4761465884  0.3106535131  0.3399830960  0.2020603894  0.2111135779  0.2780921154  0.6280937269  1.9732182049  1.5454615592  1.4964338407  0.8641078314  0.7794788137  0.5856881300  0.2476425693  0.2457259519  0.6651190389  0.4830138271  1.0260681778  1.1490772535  1.5842207847  2.3886426391  0.9722429046  0.4989315226  0.4409582488  0.3004060281  0.2423373900  0.4293886179  0.5638417660  1.1918389835  0.7704863878  0.3369021328  0.3635255433  0.4161819053  0.7445646508  1.2194100232  0.7900757877  0.2309971507  0.1308683936  0.2914167212  0.4904147156  0.4669004321  0.3064821705  0.1633991768  0.2469887440  0.9887102441  0.5862697909  0.3445720939  0.4074373407  0.5806465191  1.0774604959  1.2052777654  1.9170960084  1.3015322187  1.4171267049  3.0873693537  0.5863547389  0.2073533038  0.4095559489  0.7883222539  1.4978084498  1.0172987871  0.4021917588  0.4741412981  0.6134768911  0.5497518288  0.3573630309  0.5987330945  0.5637991504  0.2772996638  0.2532791572  0.5787706367  0.7486567404  1.5633255868  7.6130269780  4.8206254753  17.6063227220  12.5901200155  2.7725814874  0.6174726503  0.8631428871  0.6778086387  0.5858670303  0.5964375745  0.2297095106  0.2964806543
  0.3972546537  0.4946696294  1.6468159055  1.9385016121  0.7051834520  0.8567382648  0.7537141519  0.8306851961  0.4686559429  0.3547445646  0.3381454116  0.4184338485  1.6632563401  1.6259393840  0.2840939138  0.3475066220  0.2413031309  0.3691817980  0.6772116625  0.4673732367  0.2418037190  0.6375343490  1.3628223744  1.0754637746  0.6886200915  0.9591484205  0.7130871684  0.3596061597  0.1925549904  0.2768091875  0.6278567832  0.4021942335  0.6598384759  0.9354779772  1.5738255173  1.5355088742  0.9156474680  0.9099463435  0.5206964636  0.2551389412  0.2613589113  0.2866953990  0.3278490294  0.4711774322  0.6012270734  0.4451459459  0.3060123601  0.2735414268  0.2779039206  0.3306915463  0.2182831414  0.2030905142  0.1461415498  0.6124098379  0.4290450581  0.2460894964  0.3883020781  0.1506112045  0.1860753618  0.2875613201  0.3601549791  0.3515016188  0.4867971476  0.9481694257  0.6024097056  0.5769449227  0.5841076709  0.6703476639  0.8514385845  0.7311863579  0.2999354336  0.1984754211  0.3458620764  0.4366747886  0.3259843549  0.5196324254  0.5862122979  0.8351674260  0.7683021592  0.3556621109  0.3207245027  0.3395209210  0.4339026754  0.4569960683  0.3059310084  0.3115835439  0.4504943991  0.9227934941  4.7448767506  6.7951326222  10.6302437008  7.9447087386  1.5093889814  0.7581997436  0.6673681959  0.6999665314  0.7036168804  0.6293607735  0.3490064065  0.6369371928  0.7966380496
  0.8725244567  2.2784253046  3.5164649710  2.8044147722  0.9607415325  0.7077233022  1.1151862498  0.6866134297  0.6040404399  0.4596402766  0.3976387360  0.5115016653  0.5188820720  0.2568412606  0.2671984933  0.1710634211  0.2407770571  0.7001462100  0.4767337810  0.3621045282  0.2485889199  0.3608951169  0.2716945067  0.2691005619  0.6434589484  0.3654858115  0.2406851296  0.1005008520  0.1567322713  0.4296028184  0.6585420944  0.9534701214  0.8348814530  1.4340327277  1.2137235719  0.9413615492  0.8867009990  0.8163491241  0.2679512131  0.1744871725  0.1659969510  0.2770820551  0.3787654580  0.5343364051  0.5924159147  0.2167479821  0.0912652348  0.0891285064  0.2118461107  0.1665701449  0.1591867728  0.1355800531  0.2413697992  0.1297258474  0.1888001621  0.2877445419  0.1250375020  0.1483079274  0.1860828583  0.1814789303  0.1930073581  0.2865775870  0.7635793471  0.6214076240  0.4947114132  0.3902724124  0.3601453826  0.6182691407  0.5589555592  0.1800723434  0.3020231052  0.5138110044  0.3107500426  0.2297240457  0.2672222670  0.3697043758  0.5795375111  0.2678142885  0.1948564715  0.1550069958  0.1454563509  0.3471971690  0.2158869904  0.2129225885  0.2615955142  0.4138671426  0.5929078157  1.3957703456  4.0696247072  6.1408219430  2.6056480450  1.4165426062  0.5592220192  0.3674515749  0.7621152038  0.5040528390  0.3327080287  0.4294107910  0.9856994688  0.8233376281  0.8213248254
  1.3264570462  1.7065670924  3.0721134859  1.2249729647  0.7530930839  1.1436220054  0.6333116052  0.6726651735  0.6649494947  0.2540672435  0.1450933080  0.1744731757  0.2093626901  0.2924006326  0.3796963592  0.3792926797  0.5238540859  0.4731889203  0.4395293572  0.1772760858  0.1497072735  0.2446666510  0.1620378211  0.2551554532  0.1955120932  0.1290740588  0.0579462599  0.1686351279  0.4997316454  0.8278909262  0.8998138228  0.6396725725  0.9193173181  0.5906278112  0.8856306047  0.6121440630  0.6597628362  0.4301685094  0.2432265014  0.1320692447  0.1069141691  0.1276535253  0.1562771411  0.2086654593  0.2889336065  0.0956218649  0.0849520254  0.0714844810  0.1584140017  0.3238956957  0.1956937458  0.0675866398  0.0551027987  0.0656667875  0.1363530598  0.1485538236  0.0557888936  0.0869962889  0.1033743655  0.2087834471  0.5382076273  1.3806512814  0.6676956335  0.3666246195  0.4942902972  0.4472767108  0.5168618525  0.5976994100  0.5534888572  0.9812877805  1.1705370691  0.5296977466  0.3541061878  0.2168302626  0.3946619005  0.3071351964  0.1536209406  0.1697043083  0.0924949649  0.1198884255  0.2317557427  0.2336152617  0.1548036284  0.1631744441  0.4123079996  0.3953064896  0.6360761610  1.6472421990  2.1371144573  1.5407867840  0.7730757393  0.4139217177  0.6650829179  0.6399449777  0.5028924257  0.4329135580  0.9495098595  0.9202046501  0.9493602209  0.8104993300  0.5755595316
  0.8834304183  2.0198803570  1.5860869732  1.7544373439  0.8710069602  0.4314811316  0.4347035929  0.2684970165  0.3161918896  0.1822491985  0.0599843692  0.2013561388  0.3820287619  1.1198586609  0.9215230070  0.5434497977  0.4960562095  0.6415981777  0.2608673911  0.2231047306  0.1623168809  0.2083409467  0.2093083978  0.2004963632  0.1328534220  0.1140528162  0.3292095270  0.5323398739  0.8684446785  0.9535083370  0.7788095703  0.9782110556  0.5756457378  0.3942350815  0.6286752762  0.6803787935  0.7242411425  0.3275601903  0.2050480418  0.2190463153  0.1125669963  0.1403036784  0.1554326353  0.1591042475  0.1163894484  0.0999624743  0.0692402978  0.1443122673  0.2788039590  0.1542678108  0.0829079772  0.0596723441  0.0697489303  0.1050234480  0.1671544081  0.1313976043  0.0893443748  0.1269783855  0.3374984686  0.4463708047  0.7384394808  0.3435799001  0.2131721046  0.5755617185  0.7714320062  0.6048973764  0.3165323445  0.5302127882  1.3981536248  1.1520506925  0.5474058268  0.6062455204  0.5120127319  0.2757724070  0.1684305360  0.1829834626  0.1988375628  0.1657361018  0.1901908132  0.4907936510  0.1862940186  0.1277853597  0.1285666936  0.2240835836  0.2345151283  0.4197946691  0.6669300367  1.2155556060  0.6215035181  0.5802149740  0.7453416802  0.6074037403  0.2285434132  0.3985294070  0.4024645672  0.5849844377  0.4351206242  0.4372629517  1.4282475244  0.5933037251  0.5731900113
  1.4503255674  1.9828127383  1.3385422431  0.9784314209  0.5066258992  0.6772476921  0.8768900696  0.6025941096  0.1655923783  0.0663845242  0.2656049555  0.7658739225  1.4410438899  0.8346235460  0.7709680086  0.9666622213  0.6046594955  0.6435789218  0.2556259339  0.2571584559  0.1747947751  0.3195436269  0.2483761931  0.2148945687  0.1476074086  0.3849587865  1.5420687957  0.9883183537  0.8114466411  0.7876370744  0.9540449419  1.0576226722  0.9112248414  1.3491921683  1.4835209452  0.8876604644  0.5469466466  0.3199042128  0.1726479536  0.1849241809  0.1931630556  0.1205168842  0.0714839515  0.1143337403  0.1150245651  0.0974980593  0.1872915417  0.1221366053  0.1218532430  0.0766386129  0.0586083660  0.0668751635  0.1201600680  0.1651719402  0.2033533112  0.2423356572  0.2444488945  0.2259138085  0.2326853287  0.4804586451  0.5955120417  0.2862098642  0.3849989418  0.5163749327  0.2908794283  0.2673011230  0.3708140932  0.5007983472  0.3513627062  0.6231342414  0.7036013108  0.5466675352  0.3234813642  0.1747080072  0.1737387305  0.2835542778  0.1947125740  0.5100673506  0.7391220593  0.3449408910  0.1190921705  0.1810532749  0.2018021244  0.2389909695  0.3343892168  0.6061481183  0.6986440381  0.9566558183  0.7890279266  0.8833861354  0.4750019113  0.1883216760  0.3349908712  0.3201655270  0.5254220212  0.6236145845  0.5105396594  1.2014397183  1.1086384254  0.6445208937  1.0700821378
  1.1900111319  1.2650208578  1.6271808546  0.8384715075  1.1697989243  2.0674737984  1.0454252484  0.2865235143  0.1923594551  0.3925492462  0.5037389819  0.9387380405  0.5542134126  0.7823323693  1.3961230776  0.8700119141  1.5560069489  0.6962253849  0.2585360105  0.2748962962  0.3720566927  0.4484959794  0.1980624817  0.1587519497  0.5951982649  2.9871692063  1.9552850195  0.7703152564  1.2938030802  1.5455661521  1.5194597259  1.6822506051  1.6117526673  0.9586203068  0.5436344131  0.4649681918  0.3965765357  0.1382404471  0.1475914356  0.1613879211  0.1450856178  0.0594891114  0.0585827349  0.1127346124  0.1595490014  0.1414017221  0.0771143145  0.0699811421  0.0443158999  0.0535969659  0.1076384907  0.1149769377  0.1560387012  0.5295549571  0.7884442319  0.3991993981  0.7399554872  0.7826968475  0.8070477587  0.5281368512  0.4171680824  0.4266166599  0.4756078005  0.3338521621  0.3231751555  0.2496472876  0.1825195899  0.2865386903  0.4609354026  0.7123734743  0.7755637191  0.7106805414  0.3178090168  0.2907249542  0.2152724831  0.1651388107  0.3271356814  0.4437105637  0.2455751608  0.0861206656  0.1443835581  0.2031742984  0.5208976768  0.2618287086  0.3804413910  0.7740822959  1.5469639448  1.3265909312  0.9827611831  0.5073912185  0.3145909223  0.5954294928  0.4973929484  0.8185270966  2.3721912996  2.5171957874  3.9977049583  1.7631059396  0.9907941713  1.2679087871  0.9565030413
  1.8601777932  3.9607834524  1.6671544913  1.2342346185  1.0845368342  0.6783512671  0.3649084753  0.5538886595  0.2998034113  0.4249667176  0.5966725649  0.5969917828  0.5693020860  0.5171274373  0.9955362278  1.0313338510  0.7420525448  0.2938585508  0.2693971505  0.3864304979  0.5824403685  0.6300464051  0.3287689055  0.3770272166  0.8923227549  0.6164972399  0.7074156648  1.5692153709  3.3667151903  2.3234232813  0.6752407575  0.6077306881  0.3857818159  0.2942958327  0.2863380507  0.2387721289  0.2552264229  0.1060746008  0.0550594803  0.0818673340  0.0528592090  0.0416783389  0.1495827739  0.3328570542  0.2095472312  0.1574638473  0.1040435785  0.0469980552  0.0631022166  0.0631581589  0.0889900815  0.1667190406  0.3361331372  0.5310863348  0.8283452383  1.3298773535  1.0366431126  0.5050114880  0.3888404654  0.3032641818  0.1578776203  0.1605155491  0.3209162797  0.4076498994  0.3037547271  0.1767302772  0.3079953154  0.5871558976  1.0954057751  0.7954850095  0.9957772336  0.4324758225  0.1516465602  0.1713550872  0.2133720313  0.3829730431  0.6567021521  0.3540504476  0.2210555255  0.3188384560  0.3708183965  0.2518225052  0.3379771897  0.8656863194  0.9315989762  1.9862846246  1.5184521396  1.4150011424  0.9043958520  0.8407364190  1.7088566733  2.1859563297  1.6821712157  4.0030019016  8.8528390045  10.2960327398  3.3362817541  2.0227032818  1.4844562162  1.4187190985  2.9220697168
  3.1206815085  3.3436361061  1.6627636497  0.9154606362  0.6142570256  0.3544123453  0.5223160949  0.1856433519  0.4529904777  0.6408249891  0.4071415487  0.5750489110  0.3295281024  0.5807669749  0.7291173905  0.5020970381  0.1953986541  0.2287394247  0.5804078824  1.0768608481  0.6857533266  0.4063609047  0.5216114455  0.6555669495  0.7179765243  0.7117810457  1.6830419814  1.5417588445  0.7679275229  0.3715110400  0.2767879118  0.1431826690  0.1362184529  0.1275989877  0.0998034119  0.1471174583  0.1128961268  0.0398631058  0.0330626068  0.0516874688  0.0929669901  0.1832619357  0.5204967589  0.3315548951  0.2358925654  0.1199245797  0.0711629982  0.0415266017  0.0479039582  0.0908911965  0.2203177501  0.3775978556  0.6762781053  0.6666639563  1.3983129283  0.9653987928  0.7802156885  0.4083878071  0.4798217768  0.1325376129  0.1033098785  0.2445153701  0.3431256986  0.3370229247  0.2745271807  0.3584541642  0.7914116945  0.9108762937  0.5714798243  0.3681160151  0.3655854822  0.4092842855  0.2475326531  0.2586742263  0.5246980472  0.9488162877  1.2137206394  1.1030104723  0.6684873837  0.7622883248  0.4024513087  0.2972135392  0.6875801141  0.6655482147  0.8386142652  3.4977030988  2.2519359910  1.5981983313  1.6208220328  3.2979136930  2.9337925682  4.7019089885  3.7931559731  6.3064611537  8.0111355437  8.2720333895  4.6990271234  2.0744530953  2.9721888225  3.0291933734  5.0905660019
  4.1599700665  1.4980067399  2.2424461704  1.2775176578  0.9119045538  0.7640856223  0.4774135143  0.5970909571  0.7089285165  0.4517976872  0.6996623063  0.6886009964  0.3859714138  0.4225704212  0.6673760731  0.2566430662  0.5073838679  1.0182096458  0.8951789093  0.5179013098  0.4214330315  0.9321011300  1.2572015067  1.4846808344  1.4885103639  1.7386763617  0.7314158164  0.5132398749  0.5305493436  0.1854711116  0.0495749272  0.0464615792  0.0443593850  0.0528816491  0.0700277762  0.0442228827  0.0222087622  0.0282435833  0.0402841060  0.1051661527  0.2984857985  0.3631990685  0.4270130227  0.3794195025  0.3322442264  0.1961475335  0.0661914539  0.0743259069  0.1378390939  0.2505032649  1.1589950644  1.9021770363  2.3392805856  2.7853577964  0.7791082457  0.5834370066  0.3947762510  0.3557967481  0.1474129223  0.0680694772  0.1239830748  0.1548171433  0.1930199381  0.4091265416  0.7155768761  0.8682804446  0.7378815484  0.6222298991  0.2176482572  0.2599308016  0.4819958631  0.3083533865  0.3722025532  0.4702731566  0.5217809979  1.1246371755  1.5315458050  1.5097812532  1.2246204974  0.7993474244  0.5044653300  0.7526949065  0.8414594720  1.0415330498  4.8375295559  4.5374242386  4.3035041882  2.3743835174  6.3477897051  6.0933164320  4.8176993537  5.3548309810  5.0288502360  5.8168627743  8.3051570225  4.8762560241  6.2482878418  3.9108903263  2.4519566902  3.2567241959  2.9611130109
  3.2905807765  4.4108921698  2.9200655566  2.2760495578  1.6111188925  0.5632236346  0.3380953518  0.2146869068  0.3356300916  0.8461991855  1.0305916281  0.7790128574  1.2260948680  1.2199766802  0.4429476817  0.5195218235  0.6952900164  0.7832784736  0.5466301713  0.6248076674  0.6816604244  1.2725750818  1.3426204045  2.0457015056  1.2342770561  1.8498523275  0.6714891718  0.2961003187  0.1095810060  0.0459133711  0.0426197157  0.0269897705  0.0437265142  0.0339105157  0.0275887258  0.0145754008  0.0514259359  0.0516200960  0.0798253709  0.1989644873  0.3320851727  0.7179478117  0.9658244103  1.1675249305  0.6039863145  0.3280137153  0.3073116770  0.2434158504  0.2408810952  0.6522241124  1.6939399469  3.5089750831  1.7725094604  0.9700239705  0.6241211260  0.1953582164  0.2337108469  0.1410534326  0.1858796849  0.1812205523  0.1249837742  0.1369773622  0.2566026740  0.5253545560  0.5018634567  0.8630243970  0.4441020797  0.2047511864  0.1890648917  0.1303490678  0.1346723076  0.1917841586  0.1987378671  0.1854502053  0.5434478713  1.1077480873  2.8825515123  1.1544495744  0.7340654022  1.0869555508  0.7580867121  1.5103442405  2.3382776968  3.3312393610  2.8079654258  2.8958529403  3.8629579764  7.3875142242  6.9174273859  7.6816436685  3.8283104766  3.4974558118  6.9437725270  17.4190674105  10.3276508306  10.3098581484  6.2410548835  3.3589088708  5.1183943765  2.9711254997  5.5090257339
  26.2828097115  9.7844588452  3.9418205003  1.6614434698  1.2267415116  0.3054970423  0.1412908462  0.1549079281  0.2884632692  0.4372071112  0.5146848190  1.0103180427  0.8874793397  0.5760458242  0.4816490475  0.6109496584  0.8128024936  0.3788974536  0.5479293046  0.7736390436  0.9391383780  1.4015186524  1.2760302087  1.0398834175  1.1623531849  0.6642263961  0.2381544360  0.0388536386  0.0370784597  0.0499916416  0.0294010028  0.0314287729  0.0285999459  0.0251895047  0.0113692802  0.0122319960  0.0225650585  0.0382555937  0.1756535197  0.4089824553  0.9039844913  0.9566851649  1.1254523108  0.7449526003  0.4887764683  0.6580635299  0.4940510952  0.3920710751  0.4205580297  0.8662872173  1.8906090016  0.8802743331  1.2261819683  0.6311508990  0.1775943128  0.2143741893  0.2140456061  0.2275841610  0.3282903508  0.3127543607  0.2476584786  0.2376709750  0.3055376552  0.3292638542  0.4197204471  0.2861907870  0.1945076660  0.1679301503  0.0771574025  0.1435669540  0.1427711516  0.1192431328  0.1280404001  0.1344735809  0.4171502410  1.0519436049  0.8341105331  0.4621898010  1.3476588622  0.8945483048  1.9191123566  6.2231538713  4.5731341388  2.6080086335  1.3260919566  2.1334804702  6.0026963749  3.9955661993  2.5874414608  3.5656493429  4.4718006845  11.3092324474  22.2511171788  13.4088047287  8.2368536537  7.4822269464  7.5997573895  5.2376971512  4.3728294887  10.3745593104  22.9835185340
  14.7843075461  7.0088921609  3.6409344413  3.3720134906  0.7896759268  0.2158434949  0.1770108280  0.2871708897  0.7141612221  0.7252033270  0.9912597733  0.9191525764  0.4291725978  0.6064948774  0.4718762261  0.3017922625  0.3578438577  0.6813103568  1.7552166140  1.3125107106  1.4781362897  1.7168335332  0.6640685680  0.4496608005  0.1913658359  0.1494293048  0.0593499343  0.0377234078  0.0752135427  0.0742578607  0.0460337373  0.0606491727  0.0337259891  0.0099300757  0.0136315329  0.0229352421  0.0646671119  0.1329228124  0.3020815231  1.2058690109  0.9302861528  1.0534247629  0.7970570789  0.6377127635  0.7320729224  0.3556540945  0.2764025699  0.3160035478  0.4792055849  0.7574793410  0.5650551841  0.2878003766  0.3250761744  0.3538216903  0.3647236777  0.4288112068  0.1988681423  0.1796456437  0.4090961502  0.2302311559  0.1648722730  0.1342472550  0.1845474121  0.2296983539  0.1742940187  0.1368950166  0.0773225444  0.0480011105  0.1215716324  0.1830191649  0.0787251818  0.1347585668  0.2455193352  0.2934201881  0.4033591952  0.4947014728  0.5609238430  0.9261185331  0.8430596711  1.7098459928  4.1410389706  2.7475498888  1.8812609015  1.9206199273  3.0364942845  2.6927148384  2.8048336488  3.1920660254  6.3288396671  11.9241102536  15.5749703052  12.8580166502  11.4274483351  12.1805558563  13.6915035226  6.9125814528  7.1657196282  9.2494708418  14.5269560128  22.5282793243  20.2103713282
  9.7081476714  4.9147791705  1.6337147518  0.4848080313  0.1738693233  0.1539005897  0.3223235828  0.6056397540  0.8719063860  2.3043653484  2.8445334709  1.5749730248  1.1714962074  1.2207589028  0.4672490788  0.4254081902  1.2514411289  1.2848665421  0.6304212994  0.5668311478  0.8878058267  0.3718867631  0.1464882759  0.0631018278  0.0539440054  0.0423308420  0.0656205598  0.0873358816  0.0914313883  0.0497924942  0.0664095505  0.0516692296  0.0247550266  0.0174714053  0.0251068661  0.1390753521  0.1819324658  0.2192073575  1.3690650305  1.0661757742  0.5396058601  0.4780919462  0.6347804347  0.5384915350  0.3834805388  0.1706471994  0.1559694207  0.2324650773  0.2416689960  0.0803346006  0.0709236911  0.1308785623  0.2635517561  0.3990251883  0.4803220874  0.2028486503  0.0769316324  0.0997537594  0.1333661070  0.2141960351  0.1787573578  0.2360184067  0.2833670440  0.1421060225  0.1757975891  0.0484807102  0.0586765340  0.0763679564  0.0984700528  0.1009559284  0.1257760346  0.4249238151  0.6921944901  0.4840091119  0.6046887404  1.0070457873  1.7964276811  1.2367403998  3.2698812493  5.6633001060  2.4739454307  2.1500356059  3.4282520521  3.2776489974  2.5829425374  2.6791972565  5.1881780083  10.4143024897  29.6503400150  14.3971412090  10.1156327781  15.4532152514  19.3475584457  6.6390351284  3.0071365228  5.7226891266  15.2268107843  9.7379014906  17.0753300069  37.8394067887  21.6918600978
  5.3627884951  1.1681573860  0.1973356880  0.1587701263  0.1261296935  0.2346386823  0.3642642742  1.3782454024  5.1038875323  4.1227676572  2.4303828493  1.0067488070  0.8334694933  0.7743294857  0.4308168743  0.8063079739  0.4867900526  0.2905960593  0.4079335555  0.5025310867  0.1447003923  0.2965165974  0.0808577695  0.0543536076  0.1055351456  0.1670518271  0.1281141813  0.1633722339  0.0856856210  0.0745414534  0.1127647239  0.0958859585  0.0697749069  0.0588335786  0.1616441782  0.5018256578  0.5171918613  1.1775858166  1.3662320163  0.6619371343  0.3251845510  0.2330889316  0.3053379816  0.3546292645  0.2184575444  0.1765567510  0.1170691277  0.1396131867  0.0695902937  0.0344391003  0.0603552177  0.1360095192  0.1461045996  0.3195685999  0.1661756726  0.1106111619  0.0891889674  0.1493568559  0.3066372796  0.2540616503  0.2313172492  0.2431008368  0.0948959513  0.0974623046  0.1042029397  0.0891736854  0.0533860255  0.0775909491  0.1901531396  0.1647936906  0.5528258340  0.4811575991  0.5196035455  0.9415911474  2.0042718102  3.8645450193  2.7406000926  5.7343661241  6.7430246284  2.1800196857  3.5187952505  4.9292378646  5.4005961476  5.9020866564  6.9864964538  5.7758806008  8.9524499725  29.3871787830  24.6307080776  12.1439661869  17.3193875017  11.5631950693  9.3122365774  10.2082211323  9.4952221094  11.5729775289  17.8155943046  22.5515696462  46.8898003604  27.5073279508  7.0847726627
