  1.8491786767  1.0373951714  0.9273234560  0.8835729163  0.8243913060  0.6488034941  0.8287786701  0.7430393432  1.3376303453  0.8997204170  0.8063886325  0.6767980610  0.9347496383  1.5497588239  1.7075019983  0.7662462929  0.6297546745  0.7550141388  0.8151093750  1.1635949037  0.9024759871  0.8129661080  0.8462050062  0.9592395745  0.7384270971  0.6003412887  0.7027180003  1.0650326080  0.7756031909  0.6129373479  0.7975634671  1.0671441935  0.6855272142  0.7701094340  0.6285840236  0.6230050451  0.8098494738  0.8494137632  0.5519441627  0.6636404583  0.5174442131  0.3781875611  0.3267751814  0.4498711543  0.2979590240  0.2831187209  0.2376536478  0.2535687427  0.1290287805  0.1305264541  0.1339901232  0.1723437092  0.2048521451  0.2165747363  0.1104578539  0.2168363587  0.2955384746  0.4000476326  0.4004222409  0.5175949460  0.5196391207  0.3947854276  0.8434258518  0.6660772377  0.6164771715  0.5295029807  0.5532624419  0.9480815593  1.3968102854  1.5407110669  2.0064802345  1.2582993826  1.4764735227  1.9751334553  1.5316255562  2.1784500450  3.0411779178  3.9262128111  3.3493259106  3.8936221759  3.7310407457  4.2383657368  6.1050488179  9.3291996059  5.8377266383  4.4514569855  5.1946368087  5.9946712825  3.7901994498  2.5064195727  2.6925508396  3.7307303361  4.7003469437  5.1439805517  7.7387458389  6.7946542007  6.2178849348  7.3892804727  4.5815433661  2.7960336199  2.3779467305
  1.7743559205  1.0074823798  0.8811174124  0.7470544969  0.6907636621  0.6710363503  0.6071092680  0.7749111220  0.6460606255  0.6322042541  0.6644618240  1.3185814639  1.3470593538  1.6852248635  1.2243542092  1.3096031081  1.4921273163  1.1428012100  1.0319942619  0.7868710071  1.0656955871  1.3213826672  1.3278347767  1.0719242058  0.7961390636  0.6361154723  0.7696246265  0.8023997982  0.8025996170  0.7776953071  1.0574250621  0.8234205515  0.8509655021  0.6388288442  0.7717074321  0.8658185185  0.7771431001  0.5536299542  0.6625787671  0.5194785738  0.3880302239  0.4400656287  0.3199117567  0.2807644825  0.2881361431  0.2517162984  0.3637153938  0.2166912283  0.1175768482  0.1098509981  0.1618730262  0.1990302414  0.2389397939  0.2263434232  0.1791327628  0.2031369604  0.2461884365  0.3408989944  0.5021687154  0.4821939836  0.5446336133  0.8686228597  0.7668783067  0.5898070240  0.6279080515  0.6123116374  1.2677343083  1.9539981389  1.9501189447  2.1813855432  2.0063636109  1.5299030287  1.1468252193  1.0154097686  1.5634329350  2.8741049161  4.3338403503  3.9717628743  4.4339816249  4.5601720573  4.6586621370  5.0644883070  6.0852587456  5.2346366967  2.9070157522  3.0810035980  3.3907773894  3.7908216294  2.1469606178  1.8908348449  2.2856407946  5.1250931429  7.5114520865  8.4248294485  6.4650665893  6.0696167623  5.5065664561  4.4217115631  2.8357551471  2.2806301406  2.0763020524
  1.1181290289  0.9116037891  0.8601189258  0.5923938153  0.6819910476  0.4090506807  0.4676800642  0.5082157341  0.4058456198  0.7179276831  1.0884067528  1.2035533772  0.8130469379  0.9086872646  1.4989513917  1.6502685299  1.7858754362  1.2304686611  1.0373718025  0.8695261527  1.2713100957  1.4007878830  1.2633176468  0.8183592488  0.7274447075  0.6754601378  0.6240235652  0.8684336009  0.6759037502  0.6547263985  0.7574583622  1.1476005431  0.9432396037  1.0047117262  0.9455119984  0.7044769155  1.1144617893  0.8437945517  0.7098958937  0.7914217066  0.5094326260  0.3040920424  0.2586220180  0.2531906356  0.2462085980  0.2978320767  0.1797400323  0.0756466264  0.0916625176  0.1213730408  0.2063268353  0.3530069827  0.4229524027  0.2449362477  0.2315365904  0.3503577034  0.4165437151  0.5633453468  0.6576986760  0.7533405903  1.0280203975  0.9841429914  0.6801392069  0.7380935783  0.6896365317  1.5812044300  1.9131812538  1.8459071773  2.0919158127  2.1352084343  2.0285687621  1.6592374087  1.2599075231  1.8569367724  2.8079253444  4.4843751480  4.7239379421  3.7535351687  5.6362646378  4.5177888693  5.2620044773  6.4696838657  4.5732104203  2.1528995197  1.8878935876  2.3201916469  2.1628272818  2.4623025728  1.8647198122  2.5329683727  3.3589030557  7.6215866548  7.6871065019  4.2466946689  3.6881597639  3.6950633123  2.8392099545  2.6482930729  2.8796050897  1.7615016625  1.1198829602
  0.5507542787  0.4329498939  0.3573917641  0.5379828777  0.4728939175  0.3693045991  0.3803342934  0.4630018945  0.7194052197  0.5730542533  0.7312866445  0.6255249096  0.6787344284  0.8445622141  1.2769484837  1.5001568838  1.4671378410  0.9756531014  0.8211184848  0.8488124947  0.8531337363  0.8706125431  1.0639811503  0.7875554372  0.6495164177  0.7313571934  0.8951930731  0.7425547934  0.5953138116  0.9236468285  1.3375032462  1.1656146149  1.4163624484  1.6510257046  1.2017583994  1.4704214344  1.1542620239  1.0216109226  0.8321705438  0.4817599616  0.3212421849  0.2401702453  0.2116465820  0.2987675816  0.2034836545  0.1727139121  0.1362182853  0.1515163004  0.2006790070  0.3052212424  0.3756521889  0.3127967183  0.3050341879  0.3187375321  0.3111162974  0.4222935104  0.6627287385  0.9371569785  0.8138727833  0.8581431549  0.7874899809  0.4695072302  0.6052899747  0.9626717913  1.5462466085  1.6256937193  2.1045571975  2.0495952250  2.4026442298  2.2514828673  1.6256726472  1.3456245489  1.6836024299  2.9273489866  2.5920617565  3.4191904821  2.8341476699  3.3861643165  3.8124074709  5.3297691913  5.5149925872  3.6740979760  3.5929663053  3.5354495362  2.7802040643  1.7836841876  2.2494961629  1.9347779388  2.7581251026  3.9193905919  4.1735985390  4.2721941869  2.8054348659  2.9638254124  3.0036431155  2.5642480985  3.1447276439  1.6721326786  1.2070646779  0.9854892374  0.5358607892
  0.6120054170  0.4246564461  0.3507574944  0.4229016435  0.2995740400  0.3828417636  0.7090446275  0.7577960144  0.4222594628  0.4372787808  0.4753728898  0.6827040512  0.8434652237  1.0219363646  0.8587116870  1.0797440771  1.0161862247  0.5933885899  0.4843424729  0.7296117549  0.6662821438  0.6970045701  0.7687309539  0.7899824936  0.8200328935  1.2612526166  0.9339414635  0.6158569595  1.0095967907  1.6956143725  1.6233085443  1.3619278888  1.7266319344  1.3386280746  1.4295927910  1.3084917767  0.9756721685  0.7437572871  0.5108811701  0.3234887494  0.4144045396  0.3391485544  0.5031608994  0.3520258487  0.2724194294  0.2406833159  0.2239021814  0.3146961748  0.4550189026  0.3593529622  0.3860822771  0.4325948649  0.4104790031  0.3074092927  0.6600505617  0.7863724340  0.9489996332  0.9646644091  0.7016935738  0.4172595523  0.3438886132  0.3984564459  0.5320014560  0.8532675394  1.6307896783  2.8139067019  3.2161164940  2.4799698984  1.9718072696  1.9519885904  2.1038227106  2.0530977348  2.4672065506  3.1168373207  3.1721550609  2.6682429803  3.0128196920  2.5731494194  3.6064134420  4.0615364582  3.5042834818  3.7520133160  3.5100241569  3.0386288201  2.5202932544  2.6443478656  2.4218178092  2.6105272591  3.7924271013  3.9053756305  4.8706698869  3.1783890424  3.2687764343  4.2502650710  2.3288229001  1.5170187381  1.6614862225  1.1742001050  1.0976104858  0.6067710178  0.8353462314
  0.6039775969  0.4564064803  0.4029100738  0.4048136974  0.3926363367  0.4508778562  0.3848288444  0.4671178492  0.3918259469  0.3788927411  0.6777177503  0.5746979404  0.5260702516  0.7072395039  0.9371029761  1.3606319974  0.8873747646  0.8183910569  0.8313278530  0.7692312861  0.7153309718  0.9600069900  1.5107949419  1.4777368875  1.9084070042  0.8107940814  0.7155679768  0.9235065573  1.2344320577  1.1283344662  1.5470156561  1.4388540162  1.3553489120  1.0797768515  1.5126250697  1.1096681135  0.8126287846  0.7313705261  0.4822119582  0.6521256500  0.4901202433  0.3301913590  0.3086239895  0.2560669965  0.3763739086  0.3839611415  0.6197555490  0.6385388524  0.5874815921  0.5813135040  0.5998231065  0.5330318037  0.9033334121  1.4582661991  1.4690054590  0.7951154988  0.9810422292  0.6494444433  0.3645319517  0.4252720169  0.4808574602  0.5061808027  0.5022631202  0.9030838759  2.1790599657  3.0128918133  1.9626196974  1.6770336930  2.0271001719  1.8749141715  1.9225233660  2.5018747226  2.5953528639  2.8895482456  2.6087176803  3.7142538106  2.7467264841  3.9999021298  5.6331902478  5.1600312883  3.9249744881  4.2489127903  4.9645291911  2.9597996160  1.8244784591  2.1397125224  2.1979537808  3.1063366904  2.0948304455  1.8251206989  2.3616580300  2.3569834573  2.2627801140  2.2922170442  1.8062204372  2.2135624632  1.7616252532  1.1067637062  1.4017865131  1.1957133906  0.8911080659
  0.5596643831  0.5191331899  0.4498725886  0.3793369969  0.3778555011  0.6160656058  0.5805738493  0.4103304700  0.4926207828  0.4869234008  0.5346771773  0.5975018403  0.7019927821  0.9085025361  1.2077879919  0.8691852840  0.7131220610  0.8252454546  0.8193431754  0.9641999051  1.2041052320  1.4073721655  1.5801937918  1.4854120712  0.9258253924  0.6752979475  0.9643637382  1.2405909454  1.3940520393  1.3936594469  1.1852630157  1.0538214581  0.9635135672  1.2552274374  0.9809508133  0.6826243506  0.6995411484  0.4415289704  0.4791734369  0.5015098988  0.3351795679  0.3337529106  0.5725034217  0.5393218034  0.5598175530  0.6418941743  0.7778639137  0.8798796914  0.9295253096  0.9811279371  1.0712388704  1.4331068230  1.9167316482  1.6647052499  1.2833050001  1.2341986214  1.0612384157  0.5185446000  0.5036016263  0.4037643776  0.2570587700  0.4759850550  0.9386207704  1.0378273092  1.3313257764  1.6140425635  1.5735531436  2.2658194659  1.5346716722  2.1254247436  2.5785067189  2.3271885148  1.8720312137  2.0923861044  2.7685438114  2.4339996624  4.4957875142  8.2867024210  7.0629148393  5.3296568427  4.3641473138  2.9306576427  1.7768460275  1.3470089615  1.0308749058  1.2650466621  1.2366019891  0.7526684203  1.1553312778  1.4901183340  1.6372032316  1.7178685190  2.3689191294  1.4357144859  1.4935733952  1.0708694295  0.7789856102  1.3158227180  1.0121157576  1.1966486359  1.1687414803
  0.8184496834  0.5921137465  0.4222482627  0.4352885125  0.5124858588  0.3888836642  0.2975201648  0.3041095968  0.3602475208  0.4106862868  0.5791334937  0.7469354162  0.8421202102  0.6776924218  0.6133464762  0.5091859731  1.0266153749  0.9487277953  0.8197215881  1.1788090601  1.4244398690  0.9548767885  0.9951331318  1.4220264867  0.9978374755  0.8781614243  1.0474419200  1.2829824653  1.3121051087  1.2796299376  1.1870027340  1.1628848353  1.1596608766  0.8245867957  0.6728142349  0.5487161876  0.5668106978  0.3534824366  0.4846573973  0.5507721714  0.6315750052  0.7258894500  0.5946287645  0.7210656390  0.6195814256  0.8336599542  0.7681038252  1.0766784660  1.2081163860  1.2628988724  1.5367422879  1.5681789304  1.8715070279  1.6445767344  2.0687879089  1.3060712692  0.7827800518  0.4948560848  0.4920746788  0.4228519012  0.7771044138  0.8541213077  1.0069669168  1.0459777713  1.5178825016  1.6291873851  2.0020158095  1.6610679301  1.9084033062  2.2958603537  2.2310917309  1.8719642431  2.2915194418  2.5980405328  2.1799013219  3.4905144885  3.9542998722  3.7630017476  2.6387213363  3.5694173640  3.1024172345  1.4068681139  1.1295963503  0.7347275397  0.4707050649  0.5600347674  0.6446627472  0.5944921613  0.7024730789  0.8659363379  1.2674257869  1.6720030929  1.3455646094  0.8581626029  1.0248856746  0.9514775470  0.5390826405  0.9769194424  1.3112009858  0.9225666977  0.7977806470
  0.6502997415  0.5192880464  0.3155393076  0.2640900059  0.3502467921  0.2738740243  0.2848294198  0.2885103617  0.3331212293  0.4986205537  0.4648659090  0.5367353757  0.5195565555  0.5153656801  0.5419724060  0.6337740300  0.8689120161  0.7960154097  0.9489513234  0.8759863609  0.6662385014  0.8810994459  1.1793352431  1.0225849534  0.9474882593  1.1458707032  1.0540071574  1.3902484411  1.3792512110  0.8509959055  1.2443870731  1.0205749941  0.6379891563  0.4991419730  0.6283711407  0.9340165079  0.6747153934  0.5557190530  0.6278776785  0.8812815302  0.8214220023  0.8863283452  0.8169532054  1.0422682597  0.9069266393  0.6812980372  1.0581270278  1.4346337002  1.3056383924  1.5613199647  1.8702564881  2.0833645298  2.1800924362  1.6587479589  1.0849565121  1.1056318293  0.6934535019  0.4582450064  0.5973853015  0.6450522488  0.7573094822  0.8505216539  1.0796178913  1.0950609895  1.3964050807  1.5139645552  1.5183610932  1.4224626548  2.2419548329  2.8921723370  2.3407533341  2.9668433638  2.3235986027  2.0958309540  2.6301726760  2.2629358612  2.8722335472  1.8862904403  1.8873844240  1.8416162270  1.2163551685  0.9858143189  0.7816131051  0.5637557940  0.8926414196  0.9684953643  0.6432051151  0.4999148601  0.5140781280  0.8134937367  1.0208116780  1.0315400924  0.6674402884  0.4949091739  0.4511106067  0.6869155352  1.4399830369  1.5074155141  0.8568345832  0.6526938712  0.6316952269
  0.4074404647  0.5384606954  0.4010785690  0.2514747900  0.1900949415  0.1919111077  0.2096987621  0.2962930551  0.4274059818  0.3910534660  0.3978104193  0.3882297521  0.3241914420  0.3093635900  0.5557456487  0.9171400141  0.7147996346  0.8853768823  0.7086580224  0.6858306013  0.7128449161  1.0329773959  1.4949332181  1.2871354054  1.1582756007  1.4043857187  1.5862712511  1.9763527355  0.8989269004  0.8442504878  0.9964176112  0.5523585220  0.6121898651  1.0706712825  1.2796488850  1.3406787886  0.8352624263  0.8675262390  1.0867810592  0.7781811670  1.1425170636  0.9185504169  0.8808431880  1.0624711906  0.8719960027  1.0549354398  1.3160959313  1.6949828128  2.6553755069  2.5732639900  2.8478451409  2.6661054300  2.4795464599  1.4344310365  0.9749936496  0.7148580174  0.7948628525  0.5765083231  0.6009848709  0.9628986476  0.8338489576  1.1368572901  1.2548522447  1.2837525805  1.4382291141  1.9047996348  2.1241020452  2.9687883335  3.1056515352  2.7998887238  2.6292385769  1.3323937495  1.8863593948  1.8653648320  1.2475188612  1.4978550659  1.3154129310  1.2853968414  1.3538336779  1.0798395846  0.8896076089  0.7403927405  0.8796598311  0.8385507087  0.8308219481  0.7180438442  0.4551644747  0.3574845174  0.6077877469  0.6971666423  0.7692194095  0.5374362034  0.4729870025  0.5591827289  0.5282658374  0.7456866372  1.1148247657  0.8855287580  1.2456913122  1.0270267000  0.5583317231
  0.8144797950  0.5839389985  0.3382086157  0.2372212475  0.1748706391  0.3417488682  0.4491269942  0.4677634580  0.5028835806  0.4795812629  0.4290023429  0.2775844256  0.3069246686  0.5861890368  0.6456718839  0.8340825108  0.6145228634  0.6991526533  0.8547386173  0.6314366174  0.7593399517  0.9909345790  0.9836927590  0.8220499631  0.8357408662  1.0150096037  1.1360917316  0.9726206513  0.7511062689  1.1488636284  0.7633136159  0.9924859827  1.0483373151  0.9735175757  1.6114932685  1.2043081741  1.0148002641  1.3343285116  1.1052491747  0.9182901034  0.8177532860  1.0799467625  1.1745314235  0.9920233673  1.1278543102  1.4352263683  2.0358138212  2.9307547938  2.5652856796  2.9202205572  2.6121494215  2.8109253176  1.7888287200  1.0164256108  1.0543054344  1.2160142359  0.9540971720  0.6886461984  1.1357701636  1.3314544360  1.5008871745  1.3900429054  1.3178007839  1.0804896355  1.3846617325  2.9555499387  4.2727384754  3.1407050985  2.7739709562  3.0704127101  1.4281963997  1.0345827853  1.2934023516  0.8369465727  0.8487358756  0.8145373277  0.7508886925  0.9090987581  0.8770669725  1.0938161446  0.9381364815  0.6831863361  0.5893022799  0.6146178891  0.6622132927  0.4290824394  0.2319209323  0.5171516673  0.7625186642  0.6384333257  0.4757225434  0.3085999239  0.3585039081  0.2892923809  0.5893598464  0.9997632946  0.8474350069  1.1309105089  0.9982328232  0.5331310899  0.8204135411
  0.7850013059  0.5646035293  0.3471062123  0.2941666207  0.3528925699  0.4832686840  0.6097862299  0.4250898069  0.4527462081  0.4562827746  0.3479797834  0.4590909561  0.4510611931  0.5962174814  1.0095987745  0.9002639756  0.6835948175  0.5019282662  0.5510762411  0.4886324133  0.5194497586  0.6814062118  0.5375824514  0.5731449084  0.8061798426  0.7228067554  0.8331162584  0.9536730691  0.8951330788  1.1088063645  0.8508966416  0.7902927278  1.0734183065  1.5330621308  1.2406750361  1.0056571742  1.1977153012  1.0006954682  1.1703137009  0.9084940110  1.2651536023  1.2430159990  1.3790112349  1.0517363908  1.1707429923  1.2799059601  1.4264088080  2.3033586370  3.0358614852  2.7270798898  2.0617469103  1.5080648102  1.0992239142  1.5474820646  1.5510394509  1.1592831633  1.2028439573  1.3906572390  1.5907203380  1.3422919722  0.7652337628  0.9055100795  0.9120738051  1.7020767443  2.3440346616  1.9357035032  1.5187902248  2.1187185959  2.2241484498  1.4620141318  0.7524137478  0.8776112912  0.8967344713  0.6920367763  0.9024201333  0.7241342316  0.6065041843  0.5576674928  0.6173871043  0.6724612643  0.5925973758  0.5877043512  0.5909627777  0.5517788102  0.3849706785  0.2805040197  0.4809110074  0.6741806527  0.7371174854  0.3110590196  0.2920451324  0.3353691371  0.2888131764  0.5051711778  0.7301958681  0.8192629286  0.6215061119  0.4977391273  0.3385985145  0.4343197646  0.4925162198
  0.6507991216  0.6258090462  0.3505249199  0.2526504551  0.3079235540  0.5142192630  0.5460369752  0.7336773606  0.5617283646  0.4870226186  0.6641946213  0.8872340905  0.8415995203  0.7602729335  0.7165571994  0.5385772856  0.2805927041  0.2288157025  0.2968881996  0.3750299615  0.3892194368  0.3644213397  0.4486184818  0.5506301044  0.9593084377  0.8151778405  0.6810436247  0.8391673363  1.1284671299  0.9198418158  1.2864681828  1.1238861416  1.4726085171  1.3795126401  1.1906141406  0.9162363675  0.7737209940  1.1608072210  1.6407663401  1.4114238127  1.1540282954  1.0010034869  1.1202735295  1.4670696422  1.3200505949  1.4830047539  1.8037340071  2.5367490052  1.6420379067  1.6390971215  1.0653899257  1.1219166474  1.7719324413  1.7448624569  1.1830270357  1.4597172002  1.1569287274  1.0157848263  1.3693840368  1.0355356569  1.2823431660  1.8348066780  2.2333634791  2.0874521828  1.2617084081  1.1169701403  1.7143248442  2.0637692442  0.9893548106  0.5544551881  0.7101536248  0.7854181464  0.5315703240  0.7508843146  0.8544799108  0.7824121264  0.5434971451  0.4559857675  0.4220550227  0.5513630686  0.6553241239  0.7885936232  0.6667414481  0.4699807852  0.4467901008  0.5505611356  0.6158386768  0.6033148703  0.3909627677  0.4144841252  0.4007231810  0.3439982025  0.4475511209  0.4304745278  0.8919875031  0.7005378418  0.4235480778  0.3570302062  0.2807938833  0.4046824760  0.6017356455
  0.8813697765  0.4237539765  0.3613207820  0.3745105171  0.3693385854  0.4107066384  0.3990373516  0.3414729849  0.4616641399  0.5103911682  0.7827010554  0.9796351509  0.8902507329  0.5786058797  0.3338522818  0.1969577616  0.2216635075  0.3218204045  0.2619408719  0.2965333717  0.2397932532  0.2038443827  0.3158418988  0.6759435446  1.1303574616  0.7026918783  0.6805331801  0.8336737920  0.9955859477  1.1669773639  1.0320772910  1.0579289282  1.0498540693  0.9921139175  0.7180695030  1.1371004758  1.5389209600  1.9041660529  1.2788168183  1.7036913965  1.3172954372  1.3779857264  1.9756955408  2.7341601975  2.9846143287  2.2522156256  1.4531754142  0.8595933065  1.1721679504  1.0900475217  1.3835805858  1.4557061718  1.3221655346  1.3256046396  1.0714754969  0.7489266588  0.7422802795  0.9961792106  1.1524862485  1.7041080947  1.9963035352  1.6797635671  1.8801592388  0.9872856068  0.8167393146  1.0669725909  1.0574626786  0.6667693421  0.5760135498  0.6999174515  0.6469802135  0.6289988711  0.7090196514  0.6038482539  0.5869624667  0.5510293234  0.5366025079  0.5612278235  0.7203630412  0.9062498498  0.8446430604  0.7314779958  0.7089742319  0.8400326237  0.9825373344  0.7679048010  0.6210506773  0.3544171536  0.3437110632  0.2468505440  0.3674957841  0.4092352103  0.4566576500  0.6794322569  0.6623575228  0.4793980808  0.5694769064  0.3668742671  0.5016719476  0.7222662402  1.1381011664
  0.5959541550  0.6579062916  0.5025349364  0.3484797833  0.3319114547  0.2735604928  0.3043399116  0.3412224037  0.4069833404  0.4792286965  0.6888986218  0.6213844833  0.4435757953  0.4059409425  0.4251479595  0.3718295185  0.3585588122  0.4225776719  0.3363032700  0.1960355207  0.1951413781  0.3456249233  0.4831172656  0.4313603654  0.4260119905  0.4075017630  0.7242657733  0.7331421736  0.9348530415  0.8479699524  0.8029660489  0.8536948222  0.7336679000  0.7279828369  1.0782830867  1.4071158392  1.9653442429  1.2156090205  1.9336120801  1.9079014567  1.8778524377  2.3240566575  2.8600336426  2.2387296344  1.8643124211  0.9931723148  0.8166008510  1.1631136687  1.1593084507  1.6678737528  1.7750891637  1.4916686239  1.0914452335  0.9085318502  0.6407890426  0.4716380572  0.5503703867  0.8745797513  1.3259743494  1.5698575100  1.5125193805  1.3075607114  1.1102574813  0.9592490779  0.8219516466  0.6956359107  0.5852719502  0.4544654624  0.4879192009  0.7874092791  0.6850142357  0.7849547111  0.6120236337  0.5863681444  0.6194921557  0.8296340114  0.8496620814  0.9214432100  1.4459879112  1.1159259095  0.9623374164  1.0895963407  1.4431615807  0.8869446574  0.7782962961  0.5636058539  0.2808022110  0.2497670430  0.1844797534  0.1905219812  0.2560278426  0.4272721835  0.6317301513  0.6800198759  0.7431672994  0.7514516296  0.7556559963  0.6502326491  0.9635479066  0.8686661672  0.8231703461
  0.8575772441  0.6257414321  0.3625335733  0.4499755733  0.3822587862  0.3141144824  0.3715412643  0.4276488330  0.4219399981  0.4187305855  0.6230445421  0.5375484271  0.6969763597  0.7493220235  0.6021379373  0.4760879362  0.3687223025  0.2821935878  0.2047829443  0.1761016402  0.3129882504  0.4919847039  0.6020016559  0.5452732080  0.4640136191  0.7417975785  1.0093330974  1.1779199711  1.4651641123  1.3629072732  1.0606474190  0.6776951139  0.6142430976  0.7624137211  1.5255347942  2.2727099175  1.3127451772  1.6278421908  2.3605182562  2.3344740538  2.6937423830  2.1925195906  2.6512165196  2.6087019170  1.1622242700  1.1434646549  0.9405893830  0.9528601658  1.4211756886  1.7010962647  1.6264750522  0.8952297592  0.7143882583  0.5171630046  0.5461990332  0.5101909035  0.6063971635  0.6927380421  1.1084848719  1.4590238770  1.2027485313  0.8782771086  0.7554152497  0.8235482962  0.5623492437  0.5556856277  0.4990361233  0.4580727948  0.7815654587  0.7881770282  0.6985424548  0.7095849963  0.6940650204  0.9065589143  0.9552886069  1.4239256237  1.1353248720  1.7099617025  1.6028479706  1.3495684308  1.4706650741  1.1948153169  1.2092747376  0.8818800338  0.4961076843  0.2206805566  0.1628886251  0.2534519631  0.2051315919  0.1802973650  0.3660968055  0.4195022075  0.5178582382  0.4459696786  0.6181208117  0.6539483023  0.7331133208  1.1637651925  0.8046906221  0.9162939069  0.9202206607
  0.8158405164  0.6449018335  0.4938296907  0.4548456793  0.3770627557  0.4048825969  0.4859028157  0.6216333123  0.4784887161  0.5559164519  0.9173621006  0.8920369401  0.9007812843  0.7640460622  0.5249715967  0.4508059570  0.4315004133  0.2777398018  0.2100326221  0.4144670897  0.5191716134  0.8243338815  0.7269388384  0.5655183364  0.4936632515  1.0277580058  1.0878990352  1.1578258245  1.2978550451  0.9995358471  1.0158491423  0.8382191410  1.0380968702  1.4266503342  1.1637157614  1.2160886161  1.5875957810  1.9922933395  2.6521301510  2.3651132680  2.4270740467  2.2454817024  2.0695969238  1.1543814298  0.6994194495  0.6232618705  0.5766900179  0.6649618798  1.6349463657  1.9250604070  1.3163639653  1.3280297324  0.6723930453  0.4926938659  0.3912157666  0.3565063375  0.4551478485  0.5759833327  0.8751012265  1.0368855583  1.0305218618  0.8072610363  0.7243673444  0.7087548819  0.9148141326  1.2024279602  1.3357461475  1.1196414961  0.8635488473  0.8576337493  0.9792762188  0.9325462189  1.1004100832  1.1119696073  1.6452820422  2.0285450751  1.4498654236  1.3257807720  1.4567076528  1.6092071157  1.5556538491  0.7891433519  0.6719544521  0.4534335087  0.1955851193  0.1876050770  0.1562191195  0.1315356003  0.2087855568  0.2722416392  0.2777735858  0.3856922400  0.4140066731  0.5445954686  0.5676477652  0.9606082493  1.1181834391  0.8535984211  0.6046459491  0.6364243295  0.8940253715
  1.0293784386  0.6538106961  0.5286947033  0.4411079670  0.4652875326  0.4668085078  0.8130036891  0.6679151783  0.8296261217  1.3314763036  1.2584644521  1.0992981765  1.0898409027  0.8419034910  0.6853021290  0.6555532092  0.6121778052  0.4598051232  0.5818932550  0.7329860811  1.0421591633  0.8836719873  0.6921735356  1.1268041540  1.3103972434  1.1937928515  0.8012466339  1.0780811414  1.0835035988  0.9720676912  0.7556827237  0.7802374445  0.9066745342  0.9663864402  1.1171943540  1.5578493919  1.7710777046  2.0446904253  1.3970252210  2.0381820475  1.5846074776  1.2559402619  0.8488661415  0.6865095041  0.6641033650  0.5113997923  0.6537820105  1.0918715891  1.1821584898  1.1263259879  1.2790073095  0.8006026288  0.5870398039  0.4326613533  0.2927294091  0.4070012629  0.8070456656  0.7140796642  0.6623014955  0.7430088648  0.7804678698  0.9382596479  1.0719590337  1.1051324480  1.4759035793  1.8115029549  1.5932773159  0.9153551844  0.7697868005  1.0774648838  0.8419170155  1.3278543189  1.3151814227  1.8034550080  1.4233719402  1.3582831600  1.0844056112  1.5121395186  1.6876864470  1.4195612682  0.7046526938  0.4917489750  0.3277485052  0.2021796369  0.2450755167  0.1714118102  0.1213176721  0.2076069699  0.2869274935  0.2552365820  0.2020342531  0.3533388928  0.5076701440  0.6664319784  1.1542742752  1.0055657049  0.6074764905  0.4772294610  0.6483607730  0.7996393155  1.0252328826
  0.9887780162  0.5714898849  0.5498119063  0.4429978299  0.7436707718  0.8623429707  0.8316978784  0.7463592800  0.9395013995  1.2766451694  1.5536785888  1.6250142360  1.2691901266  1.1616591711  1.1135760216  0.8312501400  0.7782632685  0.6630942897  0.5498944889  0.8814555455  0.8610220509  0.7604808963  1.5885472653  1.8421288551  0.9851000541  0.6877985063  0.9705929232  0.9864037232  1.0114009037  1.2422854011  1.0871459337  1.0709161924  1.0931264784  1.4995033313  1.3713279055  1.5528199787  1.0016909825  0.7490470974  0.8929440038  1.1281954809  0.9561407419  0.5221957671  0.5108386991  0.5359502105  0.5955911351  0.5825895655  0.7694355723  0.9191217077  1.2501933110  0.8912719271  0.9394503593  1.1136762024  0.8371713269  0.5587641663  0.4732138840  0.6599320786  0.7517979383  0.8111355628  0.9718233735  0.8353203945  0.7118094188  1.0679892015  1.2979942031  1.4353777552  1.5133496276  1.2229449838  0.8357503565  1.0879192296  2.2424407437  1.0823089634  1.6308562968  1.9192303715  1.8467558782  1.2606601536  1.0285162746  1.2881577528  1.9269595171  1.5462064542  1.5629251665  0.8667994163  0.3445135545  0.2172484270  0.2448720867  0.3181959837  0.2377919660  0.1690787595  0.1381143085  0.2052876739  0.2320905110  0.1268964563  0.3469511384  0.5449495463  0.6533224907  0.7768182250  0.8627141733  0.5737386012  0.4573394441  0.3886653326  0.5080311635  0.6156172252  0.6893681979
  0.6743842773  0.5016816163  0.4336487772  0.6482835886  0.7797440470  0.7087602332  0.8049231158  1.0051629485  0.8615934258  1.2972927642  1.9249802239  1.8681633003  1.9351861141  2.0900396005  1.1511997981  0.7638036545  0.8227376370  0.5909131471  0.7958016609  0.9478808465  1.1428899679  1.6630868893  1.1274400345  0.7407496753  0.6602964769  0.7527646414  0.7138015720  1.0991382922  1.1034655305  1.1356395484  1.4134301058  2.1146439361  1.8258577351  0.8735872707  0.9473932504  0.9157779628  0.7656708793  0.6085914921  0.9954310781  0.9010595204  0.3904912932  0.3598026575  0.3954076578  0.6889161583  0.5716805553  0.6023952703  1.2085247972  1.7511619300  0.8782355095  0.7247083435  1.0235648063  0.6163923650  0.6031385267  0.5628322528  0.7807581887  0.7283923994  0.7879665615  0.7542975341  0.7264802542  0.5910942294  0.8181061752  1.2832180412  1.7595079099  1.2218921352  0.9740233092  0.6864410200  1.2861936374  2.1838816594  1.6865557057  1.7833051092  2.2403915138  2.1674201917  1.4297254844  1.2438761024  2.1137231891  1.6809537372  1.3556494561  1.0740939836  0.6687218815  0.4049009253  0.3418523200  0.3470416564  0.2827921303  0.2290390166  0.2402688393  0.1561911002  0.1239876562  0.1837772101  0.1727998427  0.3648499012  0.8963983950  0.6898940591  0.6419563105  0.9727791898  0.9018037113  0.5615031829  0.4248474822  0.3689344705  0.5088455700  0.7495545760  0.7143991997
  0.6237728354  0.5365118891  0.6052280756  0.5970831072  0.6280598416  0.8962531577  1.2245726232  0.7840967410  1.0651776687  2.2671232609  2.2801727420  2.0984400694  1.5719198429  1.2422876266  0.7525176360  0.7241035450  0.5260388822  0.5761975835  1.1152571363  1.5846993631  1.9628512090  1.2058850095  0.5349875091  0.4675073495  0.7290095043  1.0795284692  1.1458536519  1.1029396001  0.7737487715  1.3428476004  2.6912201030  2.1276967533  1.3729646651  1.1009751922  0.9449998135  0.8574779834  0.7545860497  0.9443076605  1.0647730888  0.5965822419  0.4387353591  0.3253702800  0.3756872147  0.5905838970  0.7071267960  1.0610743444  1.3699791607  0.7947672711  0.6862507839  0.6383463204  0.5618783253  0.4689519764  0.4840713940  0.7017256246  0.5372294723  0.5811946129  0.6354305203  0.8031451717  0.6339882206  0.9700311776  1.3634638051  1.4841988744  1.3931577391  1.1521716714  1.3446234614  2.8066983763  3.0600995942  2.7416565205  1.7877524535  2.4609669099  2.7202348504  1.5008674617  2.1055131279  2.1264238342  1.4768610738  1.2875784907  0.9220004030  0.5561910908  0.4624747852  0.3384618315  0.2954586337  0.2420518257  0.1831984129  0.1780792797  0.1329748387  0.1776631995  0.2042310900  0.2923494822  0.3935558466  0.5866687382  0.6565178956  0.7816129177  1.0484308470  0.6704232735  0.4196083994  0.4179211774  0.4689216652  0.4287385439  0.5528454752  0.5498459339  0.8670692449
  0.7258993782  0.5438071702  0.4757901527  0.5205158240  0.6393774553  0.9206352939  0.9790987008  1.3589191200  2.1988955234  1.8983589001  1.4950963743  1.0148918421  0.7616073862  0.7405514379  0.7032476737  0.4268383344  0.8075545790  1.2317532631  1.5286316695  1.7931694160  1.1165003743  0.6378760584  0.5261103599  0.8217115689  0.7939867163  1.1360152440  1.1651372993  1.2127836052  1.9929669806  2.9519385127  1.9979548459  1.9791424125  1.3444179766  1.5217696244  1.0879063509  0.9111369516  1.1121750421  1.1654626339  1.1009069475  0.7644524166  0.4566485026  0.5194477224  0.6768420470  0.7698421124  0.9269158470  0.8329785495  0.5438346305  0.3188203793  0.3733955938  0.4059706141  0.4263202275  0.4496861241  0.6069402626  0.6063818551  0.6351984526  0.6928822177  0.9024664765  0.8889822398  0.8272192875  0.9413198272  1.4630636837  2.1753347986  1.7958954719  2.2223749522  3.9286314452  4.4010845522  3.3522944581  1.9218396030  1.9609741111  2.0015978956  1.7425253753  2.3594113903  1.8160497928  1.2220953319  1.0080362363  0.8370452608  0.6664218375  0.5236827339  0.3602580504  0.2060923128  0.2101298039  0.2181697149  0.1435160990  0.2081898989  0.2706439282  0.2553649028  0.3602124865  0.2573904901  0.4621754253  0.4841680958  0.7984185156  0.9261785550  0.5515059005  0.3793695244  0.3791627420  0.5638609306  0.6789510631  0.5012541808  0.5436279115  0.7131099171  0.5859723600
  0.4804697959  0.4181913177  0.5831123810  0.5469515881  0.7200616974  1.0054276008  1.7929897682  1.3467452368  1.0517567811  1.2126929433  1.0396973888  0.7683789639  0.5869901920  0.8280884377  0.7148798856  0.8630142503  1.6673926620  1.2402831994  1.0292646079  0.7779363689  0.8366791989  0.5560515795  0.4714205939  0.5371002965  0.9899643813  1.1060489852  1.4800847237  1.6412531683  2.2961130805  2.7815550847  2.7681479563  2.4821743977  1.7170145359  1.8492732746  1.2794409354  1.3130540700  0.9629801825  0.7565270807  0.6627815326  0.6597650189  0.6483250467  1.0129976643  1.1333751104  1.2147606483  1.0619607787  0.5582371868  0.3283850632  0.4043927441  0.3872716424  0.3701140885  0.6472563728  0.7520804748  0.8835878960  0.7632233073  0.6728772404  0.6717901601  0.9461885263  0.7508012601  1.1577355111  1.7752865065  1.6151047277  2.2243785573  2.8550131744  4.4489249775  4.1257198726  3.1800532374  3.3558754286  2.7012898621  3.3458499140  1.8798799251  1.6242441704  1.6003099664  1.2189208080  1.0055325239  0.8497387512  0.7533628474  0.3796095015  0.2357428277  0.2789460984  0.2705647337  0.2005116823  0.1889071512  0.2446978530  0.2669476141  0.2409110828  0.2515691496  0.3450474697  0.5510273583  0.4493234008  0.5418100760  0.3753583655  0.3864258012  0.4248827737  0.3444501708  0.3613470448  0.4447810211  0.5983069463  0.4846011824  0.4781610267  0.6150961109  0.6156451892
  0.4820978040  0.5209693121  0.5612581759  0.7913358679  0.9404953969  1.6314437617  1.4386037356  0.8811629454  0.7989013733  0.8953932616  0.6565400403  0.7358551371  0.6796086483  0.7063644545  0.8578443225  1.0086873234  1.0281898205  0.6870748352  0.8364998532  0.7571625782  0.3807361354  0.5208956337  0.7232944923  0.8679885504  1.3019373770  1.3110954879  1.2825915722  3.0518219658  3.8681113961  3.4609190837  3.3231942614  2.4102461594  1.2889032592  0.8060700010  0.6124605795  0.4467493040  0.4506866973  0.5233715115  0.4106632082  0.7521684836  1.1794853411  1.4832697302  1.4252621874  0.9822392569  0.6775391619  0.4093140363  0.4332698822  0.4441508449  0.6177743868  0.6164616457  0.7899162939  1.0106406309  0.9655072990  0.6054981993  0.4990588769  0.6869654988  0.9319632138  1.2016298845  1.4161905213  1.6477131432  1.6470347325  2.4751645675  2.9182144411  3.2242070998  2.5162055849  3.1320234848  3.4229252565  3.5417790900  1.8568299388  1.7136284535  1.8195882781  1.8030798059  1.6871784805  1.1318447812  0.8694672220  0.5828563698  0.3436222526  0.4066652310  0.2520044254  0.2117132115  0.3334398320  0.2563706839  0.2234583889  0.2467753511  0.2375017400  0.3307441113  0.4156045942  0.4007802578  0.3503102418  0.2907369304  0.3457923325  0.4118237450  0.3693183694  0.3831652973  0.4768443561  0.5599417845  0.4993274002  0.3977035329  0.6116625219  0.8377236334  0.5457470211
  0.6419874688  0.6960749714  0.7888717874  1.0958647360  1.1013315945  1.1387085237  0.8516966047  0.5922936145  0.5742242746  0.7855752000  0.8605912019  0.7918401814  0.7003343792  0.7150465224  0.5917149378  0.7973110234  0.8434882621  1.3680433021  1.4390503951  0.8164135743  0.7188424910  0.7703686908  0.9514498994  1.4727225745  1.7887102120  2.0729859801  2.8635521307  4.5890148573  4.0663552850  2.1733623562  1.2557110384  1.2092458376  0.5089405743  0.4187475985  0.3559954047  0.3340248045  0.4061430584  0.2906508347  0.4006406666  0.5704735774  0.5336918234  0.5365256804  0.5915668959  0.5239097730  0.4717315856  0.4618378452  0.6236502252  0.8554748711  0.8775268980  1.0609589302  0.8239962622  0.7292807680  0.6526952000  0.5764686420  0.6211149473  0.7148005056  0.9227886408  1.0108130632  1.1978206371  1.2322139492  2.2356093153  3.0331214627  2.6789143138  2.4680855898  2.0188250043  2.9504510444  2.6268924836  1.8079900320  1.4851807888  2.4735578966  3.0581590068  2.0759861543  1.4270095483  0.8494901429  0.5901680531  0.4191596054  0.7637949831  0.3597675282  0.2165804774  0.2116894342  0.2091652048  0.1524533020  0.2025678689  0.3248226242  0.3687829537  0.3591571598  0.3281203505  0.2675893443  0.2463582770  0.1629128777  0.2188377765  0.2628441964  0.2956654789  0.5262630206  0.4603846011  0.4171528584  0.4916252171  0.5545730573  0.6416818212  0.4749680206  0.4647154129
  0.6127790628  0.7711298715  0.7230233810  0.6940998228  0.5202440321  0.6984509745  0.5137726053  0.4655417106  0.8040009250  0.7484245881  0.8311346457  0.8437543623  0.6339034011  0.4884013742  0.5620304886  0.8282388852  1.4738932909  1.0135646310  0.8653224470  0.8197842260  0.8314697280  0.9892597386  1.6167574227  1.6367769655  1.8652793106  2.1906152797  3.7541205405  2.5833758851  1.7859180869  1.1459949885  0.9215181600  0.4883366568  0.4288556323  0.3297054986  0.2900698330  0.2297032356  0.2094967892  0.3279402341  0.4489501847  0.6327346084  0.4422128801  0.4226765661  0.3488183860  0.4699280887  0.4793369814  0.5581340854  0.9344755161  0.9660765787  1.0659063343  0.7264551114  0.5600975396  0.5629419405  0.6769371744  0.9658502505  0.7320642083  0.8597229864  0.8526288985  1.2587048076  1.7022104375  1.7853105465  2.2192386262  1.5409409738  2.0734807643  2.6133472155  2.8299181765  3.2345668021  1.8513133261  1.6676721414  3.5017392474  5.8779879326  4.3006529575  2.2201633218  0.8758677987  0.7208302414  0.6421086153  1.0672326832  0.5159273871  0.2461389115  0.2406965082  0.1974959573  0.2016216610  0.3032563781  0.3823329714  0.3503815401  0.3622380403  0.2401710512  0.2151710324  0.1749881180  0.1459050428  0.1720862346  0.2331009917  0.3009802804  0.7243764189  0.5797840776  0.4317854998  0.5697437670  0.6084245942  0.4817644974  0.3051073365  0.3394591428  0.3737437631
  0.3886592714  0.5170318994  0.5817480229  0.4400139363  0.4173630357  0.5293361926  0.9536718584  0.9179018284  0.6149848125  0.7247827510  0.6007398285  0.5338268467  0.5881324739  0.4876367511  0.5792703879  0.9246849585  1.1288815193  0.8323485587  0.6977009268  1.1800741766  1.1147585188  1.1311353181  1.1825779413  1.1744536245  1.9368984817  2.4237301890  1.9772988109  2.1784647505  1.3253871066  1.0731124902  0.4986785603  0.3743318469  0.4558988378  0.3550289912  0.3053328563  0.2541419047  0.3868403028  0.6415510017  0.8600450925  0.6405858668  0.4804740007  0.5113329222  0.4838973227  0.4252119586  0.4834119898  0.8640660410  0.7967150070  0.9838113065  0.7055840535  0.3839805017  0.4114498351  0.6920239872  0.9372958255  0.7851183928  1.0611494301  1.2006926292  1.3814353400  1.6026635774  1.7569407945  1.8988015479  1.6944640755  2.2838777669  3.0940551197  2.8783187328  3.1454326759  2.0904657576  1.6416719495  2.1198690850  3.3004438906  2.7369602612  2.5348216530  1.4377355507  1.1956907150  1.1326164903  1.4369998449  0.5817587344  0.3489988563  0.4322934561  0.2060025689  0.2553910315  0.2566022736  0.2822407570  0.3442182683  0.2972661138  0.2397935391  0.2243300443  0.1575618145  0.1193500822  0.1484080415  0.1759040786  0.3633701260  0.6119212310  0.5566572409  0.4462655199  0.5048140514  0.4908672459  0.4405743476  0.3149471283  0.3507714082  0.3349351993  0.3152918979
  0.4079353106  0.5034467928  0.4652732736  0.6476500017  0.9280113101  0.9753489214  1.1703506568  0.8071020749  0.6382557841  0.3599926038  0.4020468359  0.5359922492  0.5466710761  0.5139417496  1.2078252452  0.8220129413  0.8476534691  0.9362341620  1.2315672758  1.0143171306  1.1575898235  1.4453336529  1.8086183245  2.0849415466  1.8878361983  1.9376310754  2.1126301029  1.4874420934  1.2336881994  1.0123734334  0.8862080955  0.6222180285  0.4808127088  0.3677961270  0.3840052810  0.4832779658  0.7166445891  0.9883885170  0.4736845517  0.3109881885  0.4043632391  0.3574128988  0.5003290321  0.7386628489  1.2728450606  1.4445787020  0.9773110659  0.5907104793  0.6168283253  0.5508531450  0.6612511952  1.0446347212  1.0056468636  1.0086041341  1.0735554119  1.4810041009  1.4784583281  1.2185886434  1.6711868900  2.6874684740  2.9432247749  2.1876700383  3.1238725274  4.1992548879  2.7937727166  1.4437105090  1.5459767621  2.4103445814  2.2800922699  1.7164019622  1.5017240330  1.0262718504  1.1956811688  1.1940170326  0.6202068828  0.4039831940  0.3665423196  0.1950813460  0.2427108687  0.2001898172  0.1817771349  0.2804075012  0.2019881252  0.2823252270  0.3370654745  0.1929745331  0.1458017412  0.2124863042  0.1908151184  0.3068148914  0.4983788486  0.5757639409  0.5788884682  0.5926400210  0.4933864382  0.3913000572  0.3067198657  0.2758153790  0.2975026791  0.3858820473  0.4317119012
  0.3485871590  0.4298835549  0.5907036880  1.4393699868  1.4298472525  1.4208802253  1.1904910840  1.0419533441  0.4874448110  0.4612883128  0.4793096722  0.7799970366  1.0414314594  1.3981534571  1.4933018733  1.4261302531  1.5825113270  1.8076456353  1.3826603045  1.4038908002  2.4169214431  2.4439085079  3.1146353393  2.9818287752  2.7139768040  1.4873816650  1.1200183239  0.9721508804  1.4904244281  1.2370229074  0.8371951888  0.7215742355  0.7284681225  0.6731193535  0.7629307764  1.1468533715  1.3707835422  0.8308312719  0.4469940969  0.3637467621  0.3697688856  0.7715401754  0.7369439732  0.9427233820  1.0678806133  1.0266530773  0.6614612317  0.6086868119  0.5288895600  0.8596567073  0.9764102672  1.1387697117  0.9981239508  0.8513607090  1.5242776744  1.6082422913  1.2676791403  1.5830406606  2.6459252994  2.7801415281  2.0524964191  2.7377338080  3.7370269187  2.7721981792  2.8494050963  3.3127298965  2.9872441350  3.2182250034  2.9696118257  1.4591403974  0.9365211554  1.2104930334  1.3085369600  0.7524819842  0.3975505813  0.4108246385  0.3557065849  0.3484301437  0.1663206326  0.2513000089  0.2859827658  0.1931426632  0.1491029266  0.1473683962  0.1741491636  0.1641837179  0.2004958581  0.1837117869  0.2154478412  0.3504024731  0.3690491736  0.3177454929  0.3923564148  0.3433857296  0.2333173038  0.1969528400  0.2064504914  0.1863660934  0.3107318786  0.3581594200  0.3744571769
  0.3635155714  0.6801650943  1.0154931514  1.2183296924  1.4206621738  1.5363587687  0.9793584108  0.6573957289  0.5047099634  0.6242616052  1.1682706866  1.1268060397  1.9417340815  1.5271690848  1.9729854535  1.5923855216  1.5678762696  1.4535777552  1.1779167058  1.7376250581  1.9960130112  2.7889164273  2.8287781054  2.0426639662  1.9185149001  1.0120337349  1.2825799364  1.7291533596  1.3646810792  1.2129219166  1.1139895860  1.2867912492  1.0452737698  1.0290454835  1.1403947607  1.3005352491  1.1488845434  0.7786353027  0.7043447638  0.7187395496  0.6172032013  0.6331356723  0.8288668730  1.2407868693  0.8121589028  0.7028474325  0.6856432863  0.7043287807  0.9374367633  1.5465407836  1.2911351854  0.9842794085  1.1196064207  2.0007945194  2.4095566983  1.6841017780  2.2723795729  2.0539649133  2.7317466871  2.1110878282  2.5334096890  2.6410980095  4.0440243178  5.0242229939  4.7989747590  5.1705476137  3.9140898436  2.6549015899  1.9182409958  1.5767367711  1.3930097346  1.4488758202  1.0927324400  0.6591517840  0.5782260656  0.5718844112  0.6403614910  0.2977768617  0.2787195251  0.3383127161  0.2044774083  0.1302095151  0.1147759209  0.1663529676  0.1516097414  0.1646123924  0.1064375519  0.2143522425  0.2403229350  0.2299000626  0.2259020950  0.3100219837  0.2907502638  0.1801014566  0.1425004986  0.1697897951  0.2263159955  0.2478525295  0.2630729181  0.4775520082  0.5829575316
  0.5493977128  0.5427372375  0.9532997715  1.5910314007  1.6322236433  1.3359962676  1.1493481543  0.9784184472  1.2939367467  1.7879643342  1.7508669876  2.3496277307  1.4888577948  1.1815678663  1.5344197627  1.3042144644  0.8873388181  0.9879349958  1.1184083538  1.2595134969  1.8905171324  2.1642585584  1.8396577857  1.8289518439  1.2838252678  1.3329854611  1.9042622235  2.1322319163  1.8351181193  1.7801286769  0.9577548663  0.8553547278  0.9164232250  0.8617178546  1.3358623024  0.9777027335  1.2525870668  0.8923471386  0.8856502190  0.5229805239  0.7796375146  0.9565116202  0.7637922138  0.7225834490  1.1902224399  0.8072831142  0.7811692342  1.2816884914  1.8604752619  1.2843902359  1.0470676191  1.5058799404  2.1901711451  2.4108090592  1.6716728617  2.7362454276  3.0024922326  2.5335125218  2.6602242409  2.2563358518  3.0366749324  4.6550664312  5.9562578523  5.0287965477  4.0753446477  2.9979440389  1.6839214359  1.5232230486  1.6304395591  2.0432852056  2.2273763069  2.1955262645  1.0369581544  0.6582533606  0.8299668416  0.7141694308  0.3967277692  0.3795194858  0.5903468543  0.3653841087  0.1730733046  0.1298978320  0.1749837876  0.1794242573  0.2131092934  0.1919066028  0.1898540067  0.1228702499  0.1935881058  0.2890272980  0.2784747997  0.2813387896  0.2553424603  0.2127897937  0.2539440853  0.2517456895  0.2453638536  0.2792655680  0.6792558814  0.6741814559  0.7505993941
  0.7943772881  1.1579975348  1.5953888042  1.7778524880  1.6200865381  1.9004247836  1.7582769859  3.3034814266  2.1192625549  2.2541368298  2.2884338420  1.9245710114  1.9873265244  1.6467572604  1.0020725318  0.7627422456  0.7855853940  1.0549864636  1.8174263443  1.9859459947  2.5173492505  1.9955689817  1.7296845236  2.3404043534  2.3480516083  1.5325440433  1.9089175106  1.7269629089  1.7718731243  1.3600494111  1.1149891357  1.1684055373  1.0397237977  1.5582078646  1.1889539262  1.1163575032  1.1734855497  0.7776341906  0.9137916948  1.0926336517  0.9847039950  0.9617495293  0.7557020305  0.8524369117  1.0333706132  0.9093381431  1.4418369192  1.5190322863  1.5633368081  1.0545144281  1.2240514400  1.0185568419  1.6544093023  1.7911068151  2.3539820652  2.6534654075  2.9349455704  3.5912873473  2.9201246310  3.0954327612  3.3986439668  3.7211105616  3.8055438456  3.7910022716  4.3638120115  2.0558599143  1.8101969995  1.5462235705  2.1071310938  2.8121381355  1.9298069863  1.3134175101  1.0547019717  1.1361085390  0.6497084076  0.4847974175  0.4815069844  0.7986790295  0.5651692075  0.2242747944  0.1808919292  0.1850310827  0.1523267885  0.2590679510  0.2403810207  0.1240426801  0.1036453212  0.1590191433  0.2054257296  0.2313795397  0.3314882051  0.2634850542  0.2886959869  0.3069452799  0.4117511364  0.4325102458  0.5102367219  0.5942809865  0.6027235988  0.6376105683  0.9338159062
  1.9262565140  1.9450436267  1.6753935826  1.5055137171  3.4389225204  3.3044174588  3.0858830677  2.6703576034  1.9305899741  1.8109336657  1.8236118696  2.0989168893  1.5056313443  1.0972569085  0.7051922691  0.8533003424  1.2441048993  1.9419259551  2.6360754222  2.4593451953  1.7323540033  1.4394994357  2.0762106905  1.6508408943  1.2293804146  1.7060508084  2.2155340139  1.5938074689  1.6917168483  1.4461663731  1.0158559949  1.2015914948  1.0537652445  0.8168316734  0.8254909373  1.0520466376  0.9174350418  0.6721477268  0.7621860364  0.8447186034  1.4527421413  0.9994855521  0.6265762510  0.6504166858  0.5885979224  1.0482927487  1.3435227809  1.0701787823  0.9172568764  1.1369257769  1.2519097571  1.4792157443  1.7518172741  1.4538472905  1.8578497285  2.4093868954  2.2536758868  2.3111174545  2.9155355461  3.0769613219  3.0633463152  3.0557148640  2.2752591394  3.1921810538  2.4063912611  1.8485671827  1.9290809143  2.6044892070  2.3119903536  1.6402138965  1.7017155262  1.6466629724  1.4613057038  1.3454744110  1.2462055491  1.0641720598  0.7216414339  0.5911040951  0.4139285814  0.2659079904  0.1815571633  0.1717913172  0.2637575904  0.2296644314  0.1279480536  0.0922241128  0.1309891136  0.1906205587  0.2457340812  0.3062556064  0.3198795073  0.3611723340  0.3686583001  0.3866986541  0.5800658427  0.7282929418  0.7256345232  0.6330843434  0.7811241025  1.1328073694  1.5199994717
  1.9255757799  3.1629639845  2.6153764683  3.2634896410  2.8737682605  3.4262137255  4.0142724038  3.0452733241  2.4105653359  2.0352442756  1.8163642866  2.1479459063  1.6426858889  0.8768424269  0.9259848650  1.2324703542  2.2595918022  2.5525404231  1.4150000940  1.0616229277  0.9976887146  0.9263124756  0.6797168736  0.7237445523  1.7200736596  2.6002445672  1.6465810273  1.2529882200  1.4423143055  0.9684625141  1.0775479745  0.8717489527  0.5595016367  0.4573805349  0.4965543114  0.6100711314  0.7241361473  0.8760721807  0.8933776828  1.3100554420  1.2285038062  0.6358988454  0.4093877935  0.4055794799  0.5532098692  0.8210511483  0.8701397060  0.8083289338  0.8618880465  0.8511179762  1.0044452896  1.1282849781  0.9496085510  0.7798261598  1.2360565681  1.7037657886  2.1610037998  2.9717263579  3.2306405634  4.1947120025  3.7704245096  2.6192561690  2.3932299273  1.9362351874  1.9196046269  1.5150868510  2.5025136139  2.7093866315  1.9936697504  2.0788034678  1.5228322172  1.5464453860  1.4558720435  1.1039565665  1.0191481815  0.9082332799  1.0580420215  0.6406491024  0.3799861165  0.2628917352  0.2341628016  0.2491419621  0.1698368034  0.1504591327  0.1384603727  0.1409478770  0.2407833369  0.2401472457  0.3160205363  0.3299363020  0.2645983639  0.3245363859  0.4010806141  0.5093068479  0.7606955120  0.9656962083  0.7460992116  0.9942822291  1.4158019191  1.5468729339  1.9771799188
  2.6752064314  3.0751028628  3.6377365446  3.5324935478  4.4289204731  3.9089481308  4.0044185139  1.9862667970  2.1389268493  2.5779871819  2.0449776384  1.8301790706  1.2629762375  0.8425439347  0.9431948526  1.6483950326  1.6197372723  0.9365526647  1.0820958725  0.7608353994  0.8209423929  0.6982923332  0.6843831350  1.1085642751  1.3039183202  1.3759986488  1.2313239506  0.9639383639  0.8900455925  1.1239915047  0.7376120179  0.4209971655  0.4886513884  0.6164656410  0.6836852496  0.8415649818  0.6662493816  0.7915636414  1.3269043999  1.0535874054  0.8058263450  0.4095998434  0.4989005158  0.8182762626  0.8267681071  0.6424603800  0.6553963316  0.5621994714  0.6526461131  0.8789040183  1.0335724369  0.6081991767  1.0305851091  1.3921810955  1.2612587611  2.3653029197  3.1978389669  3.6266637003  3.0712273718  3.2131176684  2.7516498054  1.9179411294  1.4597179585  1.1354854635  1.7603033758  2.8192770494  1.6416581016  1.5539567451  1.8800747790  2.4897930567  2.5116772625  1.8079834539  2.0132105507  1.5433598203  1.4323781225  1.3459793729  1.1662383629  0.8031032055  0.5043497204  0.3888479286  0.2937588266  0.1834664465  0.1866460106  0.2551883946  0.2514159038  0.2617664410  0.1995239024  0.2088219432  0.1519934847  0.1535979562  0.2947593547  0.2764496294  0.4879404364  0.7921721775  0.8770354544  0.8287346694  1.0130755233  1.1461452289  1.7375194549  3.0604296793  2.7080813013
  2.8497901303  5.1788676837  7.4145968023  5.5121460426  3.9580840736  2.7038463053  1.7629210819  2.4965970699  1.6560386595  1.1938451558  1.9472574565  1.4622572771  1.1027473153  1.1874181930  1.5572070207  1.0696447457  0.9885347308  0.8638202682  0.7101036920  0.8613763114  0.8757995355  0.6088476912  0.9709897190  1.1008219304  1.0884471877  1.0002399042  0.9922779182  1.1504950031  0.9416618240  0.7693422144  0.5895472646  0.6765449603  0.7632568440  1.1173419000  1.2599345070  1.0534910292  1.1679055916  0.9471987302  0.6338947312  0.5824715342  0.4380936771  0.8821887533  1.0820121570  0.8880139615  0.7401426051  0.5563050500  0.4504744737  0.6555106514  0.9150018607  0.9540036026  0.8135536062  1.0113363756  1.9354488554  2.1338842741  2.9818334086  2.4699992259  2.0614379956  2.4825775621  2.3211504078  2.0074451361  1.8415596586  1.4730010294  1.2146414108  2.0732096560  2.6615691646  1.9188578031  1.4905618293  2.9383697872  4.9672443561  4.2692124238  3.6104270135  2.0330146098  0.9587293303  0.5820190582  0.9473939666  1.4562005392  0.9249413487  0.5682003573  0.3673883200  0.3808788173  0.1928368890  0.1897945098  0.2763822053  0.2305571979  0.1805193612  0.1371735926  0.2071402641  0.2140212681  0.2020919901  0.2435904595  0.2455599309  0.3697818066  0.5913632594  0.6547261374  0.8904908124  1.0179624934  1.3659899096  1.4863496937  2.0217495356  1.9661086224  1.9073052084
  3.8770192687  7.1267170331  8.0522677665  4.1916076974  3.4487249265  2.6611082290  1.9839186081  1.2411961947  1.0109785831  1.3984625568  1.7144403497  1.3268748900  1.1805970701  1.2027120686  1.3765407773  1.0504133564  0.7980428701  0.9182608908  0.8850911206  1.1128998639  0.6594269958  0.8449916243  1.0851594401  1.2458320994  1.3577947618  1.2230095957  0.9526169734  0.9605536395  0.9174094773  0.8186632477  1.1765050958  1.4143685669  1.9734264630  1.2368375521  1.1500175189  1.9650434900  1.4227356897  1.0109951629  0.6406020916  0.5292199986  0.8170600002  0.8744312024  0.9506772168  0.6825007834  0.4094572454  0.4670397261  0.6989381982  0.7725831939  1.0023013283  1.0625447531  0.9800337363  1.2496357170  1.7615037849  2.3913241854  1.7414087239  1.2606541305  1.4479345124  1.6516174251  1.3227513056  1.0257686233  0.9690828913  1.0233826263  1.3489180340  1.4823307783  1.6166241507  1.9174734775  2.3816042852  4.4331416087  4.1840760758  2.1089909401  1.1580269924  0.7961677677  0.4035134290  0.5357975144  0.6145630216  0.4516037385  0.4792279801  0.4294157961  0.3264525117  0.3252148265  0.3697761070  0.3260661537  0.2435588756  0.2161816077  0.2633806810  0.3043233237  0.2301371787  0.2895986128  0.2353054263  0.2073117096  0.3699392743  0.3837330611  0.5059099398  1.0432704379  1.4456564514  1.5879507819  1.0607500532  1.1604515645  1.1472932049  1.2384047560  1.6295477545
  3.5801582169  3.1270242229  2.6415425443  2.5947084250  2.8889610223  2.3042939503  1.3517888211  1.2295729621  1.2135752852  1.0504911740  1.0859892743  1.0549822594  0.9355772792  1.1635316671  1.0351866091  1.1369475882  1.0837016867  0.9356441089  0.8649815956  0.9000260829  1.0741479586  1.4384518450  1.6533120106  1.6085752499  0.8952245226  0.8066829607  0.8341849463  1.2524950107  1.4604244698  1.8622452431  2.2273677030  1.9064513901  1.2186256048  0.9514585094  1.4320240669  1.3033463660  1.1476590795  1.0221796668  0.8361713828  0.6001942190  0.5706384159  0.5718161305  0.5860817854  0.4266944708  0.5844862179  0.8841722625  0.7567308728  1.0002363186  0.9827212182  0.9389171448  0.8457483199  0.9075405666  1.4583984781  1.2098821232  1.6927959590  1.6034752899  1.3698618349  1.1200496452  0.6208545762  0.8890708550  1.0573238906  1.2615726568  1.5487571904  1.8837493757  2.2763565438  2.0465231991  4.6872138014  4.6725263260  2.7438640146  1.3584401873  0.7141390451  0.3802326357  0.4228707071  0.3600928322  0.3170401361  0.2374472089  0.2646130122  0.2882010414  0.2951534377  0.4188123350  0.4494260131  0.3479600191  0.3325043016  0.3065237678  0.2955370799  0.3070915947  0.3815998417  0.2975462334  0.3087102900  0.3150333732  0.4268901332  0.5706704931  1.0278484117  1.3381369630  1.4985846849  0.8073992087  0.6336741959  1.0404869156  1.4000270647  1.3828703387  2.1329633200
  2.3442645767  3.0295489891  2.1975451184  2.1155044867  2.3817782580  1.2102046482  0.8540013823  1.1160238524  0.7752346742  0.7507829665  0.9206197714  0.7740792419  0.7712966838  1.3621006181  1.4775242741  0.7798759425  0.7097390899  0.8803429126  1.1185219071  1.5261060383  1.4721780149  1.1067335380  1.1173925442  0.6675084846  0.8893709344  0.8995951747  1.4621982196  2.4523839461  2.0800321877  1.9820792650  1.9797720160  1.4953896639  1.1674308925  1.0392881096  1.0219745871  1.0124421163  0.7946088217  0.8711170875  0.6912090035  0.4474819582  0.6150098703  0.5664107526  0.5901401333  0.5337674796  0.7091947700  0.7496391448  0.8186040183  0.6001061715  0.7453358920  0.6756769619  0.5667679315  0.7578788773  1.2572395773  1.9764059811  1.6848872252  1.1917250303  1.3006268516  0.8949028502  0.7899827556  1.0956616966  1.4886914865  1.2234387008  0.9802767662  1.7142750187  2.6239846882  3.3397459294  4.3099474314  2.7615039624  1.2027915863  0.8361598709  0.4312604216  0.2197663373  0.3098294046  0.2607518936  0.1966093567  0.2253701736  0.3188478599  0.3240523583  0.2800106536  0.4008194441  0.4522105535  0.5075811891  0.2922868850  0.2372941404  0.2900619210  0.3252555136  0.3422950308  0.4186568463  0.4944616793  0.5008456905  0.7259611205  1.1853784839  1.4316306897  1.0520115894  0.6173773153  0.6148757488  0.8627241295  1.3534148572  1.2710806765  1.6702579167  1.8064433701
  2.5891539781  1.7667927391  1.7239220649  1.7763601583  1.1097496406  0.7424591091  0.7119860304  0.7902892315  0.5678656495  0.5987519363  0.7791615799  0.9895469845  1.2178752451  1.0475411510  0.8057166376  0.6496483900  1.3716559459  1.7883089538  1.9538808075  1.5094524609  0.7731979014  0.6555301105  0.6450090323  0.9225617804  1.5882506638  1.6387857812  2.8819739471  2.7361452837  2.8672961238  2.4082831132  2.2729474118  1.5076231552  1.4277952593  0.9752648322  0.7985366357  0.8639573223  0.8317599737  0.6357933216  0.4861905063  0.5013290134  0.4543202420  0.5461468793  0.6267440134  0.6824988540  0.9038674852  0.6535061652  0.5943204745  0.6978764629  0.4899302573  0.6760379207  0.6280586854  1.0222839249  0.8638392118  0.8411920672  1.1384117703  1.1697587111  1.2022577630  1.2197753470  1.0825356003  0.9889173905  0.6415928479  0.9043547239  1.6814653952  1.6664792795  1.5423950497  2.2395968379  1.8726582348  0.6547843208  0.3884018616  0.2916517616  0.1739501298  0.1967521281  0.1597290253  0.1869680143  0.2039694997  0.2270729514  0.3164727256  0.3099886384  0.4364418244  0.5514100331  0.7575189293  0.4869213822  0.3531293899  0.3194039498  0.3123516213  0.4037199175  0.6455718846  0.7575095980  0.8539285760  1.0109067369  1.3712718782  1.4134172368  1.2666939446  0.5888708349  0.6083033854  0.7293710685  0.9658514443  1.2810972626  1.3087859833  1.4786607599  2.0815255089
  1.6713709268  1.3206457538  0.8614609046  0.6774981296  0.5440809253  0.4095519833  0.5829103913  0.7026711122  0.5969988984  0.7181122588  0.9917086151  1.0513046766  0.8597663436  1.2075926366  0.8039215250  1.0614265534  1.4669831866  1.5445558401  1.3186981703  1.0685827105  0.6268321387  0.6189844368  0.9059669550  0.8766642149  1.0465291380  1.4881427996  2.2676854055  2.7976673304  2.2347128556  2.1273941451  1.6140946807  1.2640726282  0.7650413751  0.6153881645  0.4843807817  0.4287616067  0.4452056376  0.2849825260  0.3700187965  0.3659959904  0.4653940519  0.5963676123  0.3610559493  0.6265031240  0.4750244054  0.6219935438  0.8399226212  0.9335598592  0.6015363110  0.6234241492  0.8172391921  0.8456302683  0.8282733240  0.8928009814  1.0774621183  1.0736808584  0.8796597636  1.6562172346  1.3827935551  0.7807125568  0.7855081723  1.2906441253  1.5292885000  1.2485697593  1.0819777955  1.0547068400  0.4376496492  0.3562038190  0.2137066348  0.1836758311  0.1444630867  0.1407545738  0.1982133379  0.1964591276  0.2503971531  0.3799046597  0.3221532639  0.3191533861  0.5947826829  1.0110309676  0.6501911094  0.6131371798  0.6768377035  0.4342227021  0.5208289128  1.1340948945  1.2234084896  1.1650803327  1.4531756545  1.7179803099  1.5247145324  1.1183247093  0.7576509523  0.8148332859  0.8183761112  1.3603719773  1.4243200863  1.1816372694  1.3768959593  1.7971400875  1.8802094530
  1.5958473639  0.8363064371  0.6593178263  0.6066637631  0.6316589144  0.3899555967  0.6266837238  0.6877455656  0.8118219837  0.8080840074  0.8597334457  0.9254701979  1.6242662535  1.0672047931  1.0781394698  0.8011199447  0.8972830247  0.8196051315  0.6701958904  0.4992111630  0.5301310504  0.5638455853  0.6175516157  0.7314199096  0.8746969228  1.4889517023  2.2402369518  2.3358327934  1.7651213502  0.8711559883  0.6228455824  0.5947005230  0.4301933728  0.3181209621  0.4430433272  0.4081639683  0.4496453703  0.4259333330  0.4734671069  0.4198213007  0.5960824460  0.4477276905  0.5023603190  0.7335358727  0.7483839499  0.6947233050  0.5899594881  0.5635300476  0.4701316530  0.5031594146  0.7208045402  0.6257375400  0.7066320317  0.9892531395  0.8057829380  0.8328040104  1.0075272075  1.1720586703  1.1239162285  0.6946445270  0.8940809252  0.8916533725  0.9183401846  0.7867187484  0.6674729100  0.5083894464  0.4757209116  0.2950362554  0.2127433898  0.1359331153  0.1258314038  0.1384931967  0.2661896053  0.3487882260  0.4690064994  0.4159738681  0.3818442807  0.6021354305  0.6828687335  0.7460850350  0.5928055987  0.9132520411  0.5873049704  0.9698731366  1.6848948784  1.6215983361  1.8214251778  1.3509341311  1.0873934101  1.3927198360  0.8947096503  1.2841966631  1.3318875215  0.9795548326  1.2414161107  1.5700779607  1.2477389577  0.9334161041  0.9979779053  1.3608493211  1.4668943661
  0.6513708200  0.5939106056  0.7762717149  0.4669087762  0.3535392314  0.8045085954  1.0882779120  0.8639241271  1.0517827148  1.4121972089  1.9577904157  1.5727092814  0.8400474826  0.7733991846  0.6541132593  0.4888017681  0.3827485824  0.2981155860  0.4822319860  0.4350162757  0.5457415439  0.4480843232  0.5866437124  0.8368291245  1.3961297123  1.5854220111  1.5985464825  0.8113592426  0.5819988832  0.4250265297  0.4058669632  0.3509557641  0.2823172224  0.3973101858  0.5077777932  0.4865937929  0.3177134193  0.3303583651  0.4261521373  0.4763699203  0.5818230861  0.4902959236  0.4756220995  0.6760744778  0.4694596187  0.3899662361  0.3366590040  0.4088618927  0.4901848517  0.4654133856  0.4405043137  0.4573143639  0.5538849771  0.6352523175  0.7076348814  0.6466535906  0.6119348067  0.7107754763  0.6898150397  0.8814727203  1.0405092094  1.0301146943  0.7796319570  0.6034825166  0.4424171188  0.4195890109  0.3900298589  0.2293021441  0.1722590894  0.2124475164  0.2229395305  0.2541841069  0.2479878344  0.3623875657  0.4440663956  0.3892174800  0.3366380777  0.4568081390  0.5500282422  0.4359585040  0.5285470490  0.6404270666  1.0314477067  1.5816124924  1.4047060264  1.8113040775  1.3782885590  1.0219825679  1.1413069756  0.9424945234  1.3018719766  1.3223978604  1.1808700902  1.1554518516  1.1127196129  1.3607503016  0.8558970395  0.5155825736  0.9105248951  0.8417869297  0.4944067066
  0.3510895845  0.4169555797  0.3374639793  0.3487332198  0.7460096914  1.1487403909  0.8767168216  1.4233607745  2.5570590101  2.5728325524  1.3070415780  0.8597604966  0.5353864142  0.4197464395  0.3714793345  0.2623117281  0.2224555541  0.2965553334  0.4056353381  0.4389094982  0.4464773606  0.5394589925  0.8003052474  0.8666582024  1.2714678177  1.0799024067  0.6502344956  0.5407310247  0.6079983253  0.5368224054  0.3208825750  0.4212009312  0.4525904840  0.3598420888  0.3335127023  0.3014687635  0.2149883526  0.3878008050  0.6782027308  0.6125663011  0.5139235501  0.3903623869  0.5149610701  0.3484858806  0.3877627398  0.4102594236  0.5021304462  0.4324566223  0.4180674338  0.4215866984  0.3791080475  0.4393993450  0.4383847266  0.5204446031  0.4643324805  0.4254940081  0.5898994090  0.7649491357  1.0835518489  1.3058618086  0.9938658097  0.6781958555  0.3598929756  0.2395046575  0.2500929519  0.3901259737  0.3130477798  0.1588692926  0.1369542564  0.1758549350  0.1896831867  0.2580589187  0.3456927383  0.3056133832  0.2888229561  0.2202823560  0.3149016419  0.3974026156  0.3909717522  0.5852856189  0.9120249779  1.0627401061  1.0856851603  1.3965682742  1.9128719583  1.1423075784  0.8173584267  0.9585711334  1.0847779630  2.0979963355  2.4474445412  1.6960940881  1.0278440244  0.6539710650  1.0303340235  0.9858853479  0.7466096089  0.6952242703  0.7181679243  0.7158367420  0.5450132944
  0.2840375791  0.3983694908  0.4305352728  0.4580008851  0.9156617345  1.1078489244  0.9767853623  1.4966928056  1.7088637348  1.5584977443  0.8333144222  0.4779480345  0.3981247320  0.4503841944  0.4222339545  0.3499613652  0.2921968137  0.3020639434  0.3160108665  0.3990013775  0.4349339867  0.6145876982  0.6232832423  0.6523731412  0.7889440858  0.8049970985  0.5063286538  0.7087572781  0.5758339440  0.5513343796  0.4549526196  0.4566383934  0.3716879763  0.2610489882  0.1605810877  0.1195188247  0.1473697000  0.3301971083  0.3923053178  0.4910733344  0.5897690506  0.4683181567  0.3083738914  0.5821790435  0.5124591538  0.3135687676  0.3454409405  0.3269451734  0.2289253822  0.2192846304  0.3104765725  0.3079719847  0.4344937084  0.4446765869  0.5977209117  0.8988883526  0.7756268470  0.6964949360  1.0157349367  0.6167512051  0.5223103133  0.3228388950  0.2178333949  0.2039220426  0.2754564470  0.1720581277  0.1120177005  0.0877405648  0.1475559908  0.2702913990  0.4032480226  0.2615598648  0.3342286351  0.2743861898  0.3062531080  0.4946523893  0.5142801894  0.5054028999  0.7077823877  1.2513668224  1.5964406948  1.1164659831  1.0636913353  1.4237620304  1.3753357111  0.9543955449  1.3979420824  2.0330180628  2.3923407775  2.0983122975  1.8932747235  1.0044532991  0.8191449946  0.7835654439  0.9330027658  0.9748550400  0.7664913646  0.5763187064  0.4575666536  0.3987818161  0.3251849264
  0.5995878162  0.5390515508  0.4801102121  0.5360470823  0.7972362110  0.7753477945  0.7824617911  1.0312819461  1.1317954321  0.8196715886  0.5252676874  0.7963629028  0.6339902764  0.5836713020  0.6038881619  0.3660205424  0.3821926823  0.3249514521  0.2834917008  0.2062401329  0.4101397317  0.4792229578  0.5004194476  0.4087432639  0.7228770546  0.6233202122  0.4851331035  0.4777046677  0.5123928133  0.4808515939  0.5316484067  0.3614342589  0.2347638948  0.2017199584  0.1077274312  0.1028939572  0.1521482070  0.3072601663  0.5220446654  0.3930161005  0.3096727921  0.2914393489  0.4548748972  0.3360833441  0.2484802220  0.3057896984  0.3578002306  0.3095882461  0.2227593618  0.2166014852  0.2429694312  0.2970919991  0.5364282267  0.8167979531  0.9882004856  0.4682341271  0.5947001557  0.8616909367  0.4289071779  0.4491972843  0.3403339985  0.2637692241  0.2793100036  0.2314059742  0.1610067081  0.1389153457  0.1052099420  0.1610313791  0.2074576119  0.3520860234  0.3139236661  0.4248844961  0.3334427856  0.2277353155  0.7346929254  0.9262958555  0.6980332121  0.9420905424  1.3182123495  1.8331443368  1.7337876306  1.2132933758  1.2619562348  1.3421391428  1.1347805451  1.0420719043  1.6560351923  1.7735419923  2.0535122929  1.4309564823  1.2982120747  0.7829862716  0.4876529440  0.7512899557  0.5745216221  0.4658281956  0.4501877240  0.3526982910  0.3864495805  0.3116846397  0.4624417959
  0.4314374079  0.6157756333  0.5388792905  0.5851951140  0.6523645333  0.5848580732  0.5397584489  0.7803946217  0.6141179452  0.5118486538  0.5681537605  0.4728769091  0.6326310122  0.5780045765  0.3075069510  0.3974441695  0.3971874629  0.3139433266  0.3108383940  0.4627786543  0.5659771911  0.5780572659  0.5592095109  0.8107234325  0.7356518155  0.3191573176  0.3619207027  0.4847865564  0.5273102418  0.6485151402  0.4718441642  0.2514796743  0.2282130264  0.1875304621  0.1884446289  0.2167731911  0.3872221864  0.6139671402  0.4647696137  0.3455725586  0.3725620784  0.4265308633  0.3766638966  0.2596428984  0.1807072642  0.1537507915  0.1879255027  0.2245904252  0.2579278477  0.3191558663  0.2874441190  0.4786896446  0.6013398603  0.5800456093  0.3276460829  0.4903321993  0.4157879556  0.2986362802  0.2859272241  0.3842862968  0.2995691167  0.2327437052  0.1719096146  0.1760429947  0.2019675747  0.1646084019  0.1721622593  0.2033005620  0.2542658498  0.3106484112  0.4305348792  0.3466302720  0.2886874515  0.4881275600  0.6242035377  0.6392429639  1.0578253220  1.3990370300  2.0642794481  1.4578055128  1.5001537304  0.9299626846  1.1804312039  0.9129749180  0.8636122644  1.2248793908  1.2012511742  1.4185143204  0.9119856366  0.8464802246  0.7235156038  0.5263855455  0.6650813714  0.5290680005  0.5483527976  0.5034086434  0.3316379241  0.3480501299  0.3952893341  0.3162454588  0.2689465581
  0.5044929138  0.4238035257  0.5631090290  0.5083777847  0.5323302452  0.4715946538  0.4312921056  0.5992473438  0.5109896163  0.3863403991  0.4708084144  0.4123661250  0.4196819912  0.4030818917  0.5455935290  0.5803188465  0.5159926690  0.5267966741  0.6510804343  0.5602073367  0.4752854392  0.6401056914  0.6412352983  0.9632377212  0.4489050663  0.3474628834  0.6524821708  0.6960786207  0.5167150613  0.3723579320  0.2189228242  0.2089137317  0.2195012768  0.2416023488  0.3388061388  0.4409665041  0.7254833959  0.5167615592  0.2770726344  0.4140011424  0.3670386674  0.3926851062  0.2305549930  0.1555041378  0.1187268153  0.1396008063  0.2541614981  0.3200719864  0.3516716698  0.4038342533  0.4513545367  0.3989311059  0.4282916500  0.2642553977  0.2089262238  0.2708708461  0.2436437999  0.2206204748  0.2881274735  0.4278153210  0.3329335326  0.2503520564  0.2895300263  0.2612064454  0.2510195979  0.2070185146  0.1928910880  0.2492713583  0.3126929330  0.4838533277  0.3774722007  0.2907318353  0.3466634490  0.3977141000  0.6023516320  0.5888923150  0.7864975592  1.5951977045  1.4374170464  2.2064381007  1.2425339626  1.2312129607  0.7545565435  1.2617502767  1.2806370288  1.0781757562  1.2957177717  1.1723451842  0.8201315296  1.0078573120  0.8578356049  0.6805890867  0.5839188677  0.6416743148  0.2775174937  0.2083105234  0.2658834379  0.2031377368  0.1638996646  0.2343802457  0.4087881681
  0.4924880599  0.5075294402  0.3499367664  0.3712833368  0.3751807106  0.4354334373  0.5882406598  0.4329848516  0.6758789278  0.5477408083  0.3755445309  0.3646745118  0.3792038364  0.5159741453  0.5220662225  0.8430294779  0.7640748178  0.9126242630  0.6682569171  0.5571308403  0.5156483402  0.5154034793  0.7002569681  0.5394961661  0.5352134732  0.4260210638  0.3989282455  0.3412761345  0.2715577434  0.2625545894  0.3361071807  0.2950238116  0.3557164059  0.5209140243  0.9929402137  0.9881011649  0.6865321008  0.4637294419  0.4061567077  0.3074742560  0.2546916863  0.1795978761  0.1624272598  0.1530330952  0.1889065681  0.2811667274  0.3235490091  0.4054125183  0.3886383596  0.4085056227  0.3440001546  0.2373390554  0.3044369905  0.2807723126  0.2240055348  0.1884228812  0.2149242406  0.2729912617  0.2893932891  0.3608333504  0.3740167513  0.3634064456  0.2912269962  0.2482104814  0.2045954435  0.2874501791  0.3677332695  0.5063717737  0.4466349666  0.3206996078  0.2984724491  0.3264368529  0.4108947808  0.5987876160  0.8026823210  1.0757549027  1.2594061108  1.1151393157  1.1476629222  1.2400722580  0.7935775515  0.5578393044  0.6868497206  0.8531199672  1.0990847971  1.0574930125  0.7834830547  0.8487671432  1.2103603560  1.0213649939  0.6285470891  0.5331743585  0.5689954547  0.3980726643  0.2645382008  0.2777402620  0.2506005720  0.2047157210  0.2983364675  0.3676937421  0.6147613461
  0.6748143604  0.4911803967  0.4041099251  0.3182991796  0.4078502866  0.5820831096  0.8300061642  0.8234289132  0.5905240799  0.5718693666  0.4486220011  0.5171737438  0.6799580065  0.8221004220  1.0671222462  1.0444383091  0.9814262300  0.9738575863  0.5843013522  0.4677998216  0.5573773740  0.5313966502  0.5312828992  0.3987022760  0.3872100159  0.4274211897  0.3274690773  0.2882660250  0.2597159301  0.2776418902  0.4043611140  0.5870406040  0.9588620599  1.1509683488  1.2155805445  1.0366777676  0.6475816431  0.4849226678  0.3699417013  0.2246212643  0.1681307777  0.1732734202  0.1723232683  0.1949300954  0.3083382210  0.4058223280  0.4000283857  0.2878774924  0.2820824486  0.2205072058  0.2616178597  0.2748648867  0.1816184372  0.1462240699  0.1564994829  0.1934003909  0.2131001144  0.1911222863  0.2083362929  0.2707110325  0.3413749872  0.3800211660  0.3947022554  0.3500511486  0.4972587554  0.4231092870  0.3345370156  0.2709679448  0.4245123022  0.4730507001  0.4814820523  0.4253751065  0.5172373480  0.6758048249  0.8682114870  1.1410644421  0.8255564261  0.7142300539  0.5642381512  0.5810720446  0.5611196461  0.4738795679  0.5826746739  0.9918422627  1.0684116689  0.8892648446  1.0375264115  1.2807007860  1.1357803421  0.8852831631  0.5070675940  0.5674168769  0.4203358402  0.3024295242  0.3491317949  0.2826497496  0.2076197284  0.2169354008  0.3400820868  0.5814626257  0.7493371635
  0.5485528527  0.6028250624  0.4861709495  0.4344016039  0.5831520343  0.8172510984  0.8409760733  0.6382165248  0.6101499772  0.7260300006  0.6049568715  0.9088683819  0.8896380243  0.9448565700  0.9989800332  1.4464705150  0.9047529372  0.6126152690  0.6069236120  0.4476487256  0.4424946057  0.3947040599  0.3589620806  0.2681289248  0.4074640956  0.3868553040  0.3320545496  0.4596176192  0.4142247036  0.3553013600  0.3160002215  0.6733610809  1.2030718048  1.2722690261  1.2087941014  0.9860452107  0.5259183272  0.3354000448  0.2480576406  0.1451673517  0.1026774090  0.1019823004  0.1226268829  0.1531772490  0.3446616190  0.4316473277  0.2968765667  0.2844311381  0.2901044387  0.3042397926  0.2567180824  0.1773441107  0.1318083967  0.2270922869  0.2781207454  0.2227958129  0.2486243270  0.2729619825  0.2784888182  0.2990996161  0.3639047223  0.3500078060  0.5225380267  0.4212149822  0.4114265117  0.3824191437  0.4228429324  0.3973340808  0.3553050178  0.4916963314  0.5532963294  0.4564198511  0.5315122420  0.6695488180  0.7493402547  0.5271342558  0.4866073712  0.4334074784  0.5761677263  0.4734536770  0.6084002783  0.8266077515  1.0382278958  1.0227749441  1.1376744475  1.5470310184  1.1154648518  0.6427397843  0.4402238326  0.4430326819  0.5707225991  0.3761722023  0.3787992064  0.2936962881  0.2658011197  0.2024518762  0.2448233697  0.4263720773  0.4828831076  0.5648049667  0.4889364939
  0.5478953768  0.6053231997  0.5067948424  0.5826629199  0.7124802189  0.8179932276  1.0515438772  1.2501412635  1.1880893991  0.8499905653  0.9756711804  1.0606045008  1.3275853880  1.1453684088  1.4155895975  0.8097261950  0.8112025278  1.2464524345  0.9928255963  0.5589977603  0.4834338673  0.4912501780  0.4650092291  0.4939262268  0.5174880883  0.5503407165  0.5465628779  0.6394392480  0.4523550370  0.5719356349  0.7623680883  1.0241623785  1.2709241767  1.5132745677  1.3831231006  0.4868257831  0.2756398420  0.2483808785  0.2005588800  0.1319722442  0.1192968328  0.0946481304  0.1468598674  0.2821849290  0.3962441377  0.4764201309  0.5051919920  0.4103900575  0.2716885111  0.2780615859  0.1691285741  0.1705917529  0.2504496478  0.4115815686  0.2460967121  0.2079757152  0.3871496884  0.4885532225  0.4334753344  0.3153120129  0.3300731266  0.5356692334  0.4447006684  0.4560319387  0.3974476709  0.4997912448  0.3554446949  0.3373243124  0.5606454772  0.4532767333  0.4610743808  0.4320807153  0.4464365906  0.4899715341  0.4005349628  0.3840154600  0.5360919364  0.9118607916  0.9325049341  0.9348696624  1.5256497754  1.4248840067  1.1074043579  1.0081045388  1.5757412036  1.1283980702  0.5834160863  0.3799642318  0.5984537518  0.5112302415  0.4468846028  0.4624753474  0.4585136114  0.2483107330  0.2418790974  0.3228590174  0.3674309055  0.4795380104  0.5381630054  0.6349822707  0.6512895007
  0.7397558736  0.3776235328  0.4462860938  0.5810606178  1.0138862351  1.2805128344  1.5809185688  1.4733287680  1.4677587156  1.7020542569  1.3642500040  1.3204974104  1.1458758682  0.7650435293  0.7660899908  0.9183972079  0.9654922816  1.2285547054  0.7392181378  0.4999794393  0.4064593519  0.4201212004  0.4690848249  0.5969579895  0.9768898676  1.2234164205  1.2786372550  0.9252333588  0.9061041734  0.5653265128  1.1313217479  1.3024999715  0.9930157514  1.0099107509  0.4707803490  0.3161239470  0.2691767435  0.2478989305  0.2024732740  0.1272586248  0.1321562553  0.1601795287  0.1865988502  0.3861805528  0.5182435503  0.4754571684  0.3731456425  0.3889542168  0.2243818917  0.2329065935  0.2130719067  0.2282525087  0.3394387149  0.2652902980  0.2437025660  0.3943484866  0.5020686310  0.5791405760  0.4695706353  0.5133269519  0.4737441784  0.5281126118  0.4229921085  0.2985264585  0.4378637533  0.4349145908  0.3930305395  0.4436906720  0.4224314327  0.3711731122  0.4775316868  0.3788855205  0.4276299639  0.5156204284  0.6114553742  0.5669590597  0.9361536161  1.2711688823  1.0478035867  1.7035276379  1.3542819248  0.9598396447  1.0247721100  1.4573130957  1.3584467970  0.8903900129  0.7028665730  0.5718055260  0.4757157905  0.5349329018  0.3913877317  0.3844773834  0.2687898622  0.2616440866  0.2663467434  0.4506903173  0.5696561225  0.4561100071  0.4099367281  0.6840767246  0.6160587992
  0.4917191660  0.3700555824  0.3799661848  0.7098547318  1.0185834698  1.5238965229  1.5028299623  1.3248574156  1.3883208842  0.9762337554  0.8131350204  1.2093256397  1.0647514016  0.9227871056  0.8459983355  1.1552771865  1.0832674543  1.0899242891  0.4866112967  0.3373085894  0.3381918670  0.5469487402  0.6683033665  0.9033700530  1.4468855610  0.9720313279  0.8938318536  0.6949793190  0.5615736060  0.8806812254  0.9919585204  0.9805332003  0.8326853010  0.4366154503  0.3325464660  0.2133402078  0.2040452614  0.1715426025  0.1174415378  0.1884556832  0.2433840260  0.2312270618  0.2899062522  0.3101224563  0.4156811766  0.2928011609  0.2587972313  0.2178160398  0.1915374094  0.1587825124  0.2003351694  0.3143790603  0.4078147079  0.3636409312  0.4442392197  0.5892564560  0.6905555836  0.6768230130  0.4744852327  0.3446454837  0.5118216855  0.3594351810  0.1831035508  0.3060168491  0.5201301387  0.4428694320  0.3344263302  0.2775828805  0.3072052008  0.4553221036  0.5532186644  0.5859683844  0.6451176050  0.5167485211  0.5179843976  0.9513603109  1.0022192028  1.2054385288  1.3492041774  1.0011596848  1.1027097078  1.0184893264  1.0878045575  1.3046297603  0.7934825733  0.7507617427  0.6711525360  0.5493153211  0.4736623324  0.3736346914  0.3411274678  0.1962634183  0.1835180995  0.3650451851  0.5115183081  0.6992264370  0.4733306939  0.3141940376  0.3880476246  0.3876954244  0.4704107184
  0.3753615394  0.3338022283  0.3509077333  0.4593111784  0.6217188697  1.1337094140  1.4578517551  1.4754314759  1.1884959804  1.1279227315  1.6660622374  1.2401719007  1.2160443175  0.7586149556  0.8829459973  0.6913748437  1.0419140121  0.6272255554  0.4653777486  0.4856597948  0.4959431808  0.6342651352  0.7326327084  1.3772913608  1.3065919683  0.7772794067  0.5801897325  0.5068515740  0.5404222198  0.4018651893  0.6088390446  0.5250175836  0.4711305183  0.2874967785  0.2724464780  0.2153740551  0.2346148956  0.2039332249  0.2238658684  0.2843882785  0.2204258434  0.1971540446  0.1981577685  0.1983642329  0.1915698590  0.1830783537  0.1299124604  0.1107336616  0.1471576255  0.1648611288  0.2524830063  0.4273340447  0.3407326542  0.3091539274  0.3375158428  0.4813713994  0.5648496603  0.3659528872  0.2663656485  0.2704748576  0.2204276513  0.1475276535  0.1378609067  0.3422090242  0.3235661609  0.2467739603  0.3304483158  0.3210927969  0.3711804557  0.4404487835  0.5680698365  0.7042307778  0.7908740247  0.6259458794  0.9503085405  0.6420646251  0.8771314152  1.6023671094  1.7864204262  1.4052240524  1.2972523737  1.1317231147  1.1129491497  0.8894791288  0.9445422170  0.8826174326  0.9461822156  0.6812654606  0.3962302013  0.4183619404  0.2027996938  0.1912587176  0.3952562192  0.6176521576  0.6441263114  0.4469999278  0.4344119065  0.3524012688  0.3983570943  0.4432143233  0.4622764626
  0.4191035905  0.3281648732  0.2857326588  0.6799881632  1.0745823290  1.1153431891  1.0783581125  1.0211637435  1.0303011403  1.3482384814  1.2365645595  0.9482306131  0.6807451083  0.6784744204  0.5690874564  0.6181097429  0.5193011387  0.4274068163  0.6186827442  0.4672467179  0.5025317768  0.6609452700  1.0408530406  0.9239019943  0.6096222974  0.3787219710  0.5872474595  0.5495274851  0.3088406447  0.3934978937  0.4018537738  0.4121564788  0.3802919146  0.4074622016  0.3507818042  0.3445052403  0.2442517459  0.2570437210  0.2385534992  0.1997804365  0.1595379752  0.1244575753  0.0797453198  0.0981724756  0.1344394323  0.0558442714  0.0605289527  0.0814851141  0.1327993875  0.2153390076  0.3720302041  0.2561045777  0.2877033939  0.2730481216  0.2831638106  0.4159391522  0.4097545418  0.4375538381  0.3457270767  0.2504873061  0.1569539123  0.2112757916  0.2841981099  0.3764648731  0.3545724734  0.3717499706  0.3190743344  0.3014316853  0.3131806447  0.4567021624  0.5764646409  0.6127652926  0.5169134901  1.0666071798  0.7466644394  1.1115251465  2.9158173103  4.4719469169  2.6370709756  1.2746501685  0.8018269712  0.7421146629  0.6684289997  0.5516881884  0.5247505417  0.6128917449  0.6553985019  0.4403273682  0.4198940813  0.3617042455  0.3362903234  0.4433133947  0.6354507224  0.5841094317  0.4808606522  0.5116232690  0.5668880172  0.5850803005  0.4560983878  0.6074739666  0.6870743297
  0.6144040833  0.3980495511  0.8343853484  1.1751530171  1.1985467280  0.8293125698  0.9761003803  1.1226579057  1.5424591290  1.1586390738  0.8165547768  0.8433402594  0.9910926938  0.8501222944  0.6347173908  0.3428684815  0.3327048409  0.2934057335  0.5091481516  0.5743253844  0.6985799613  0.7719613560  0.6164852652  0.6519302346  0.3694817265  0.4976843452  0.5171873307  0.3916979863  0.2560997883  0.2901661325  0.2228197381  0.4462404229  0.5943833825  0.5322901536  0.4116491427  0.3040761261  0.2941851389  0.1645195109  0.1517272306  0.1123402665  0.0883639442  0.0594238317  0.0304664600  0.0443078029  0.0629636383  0.0557019340  0.0481249267  0.1097075596  0.1863380462  0.2367185557  0.2848895550  0.2693738265  0.2250253777  0.2481019928  0.3065543920  0.5055729823  0.6263598088  0.4308589648  0.4300060402  0.2479175685  0.1866422918  0.2529273632  0.3186235766  0.3600745848  0.2938838382  0.2803855206  0.2334022652  0.1809129593  0.2158368517  0.4906176892  0.5052696865  0.8071103824  1.1910006387  1.1465313856  2.6099582703  2.9616592404  4.6615778505  3.6922890527  1.5417635908  0.8752188062  0.9528784346  0.6779122793  0.4141039746  0.2878589062  0.2846072779  0.3008084566  0.3406227402  0.3642620129  0.3366691890  0.3697530566  0.4560015995  0.7591258075  0.6091993436  0.5427938891  0.5631011539  0.7020228026  0.8988309220  0.4481649421  0.8365118614  0.8283896167  0.7002086938
  0.6203932768  1.1155510769  1.4776690150  1.1271435568  0.7134128618  0.9089646294  1.2619697213  1.6378940053  1.1162788097  0.6237279871  0.7719163373  1.1656533680  1.1843777445  0.9081528281  0.5142126244  0.3212248932  0.4214360454  0.6135267589  0.8542429653  0.6556508589  0.5270062918  0.4609291833  0.3246523648  0.3002738010  0.4071911946  0.4415348879  0.3806840413  0.1984469506  0.1841531378  0.2232649984  0.4173946617  0.4433034373  0.4283854755  0.2833047755  0.2264826989  0.1978319503  0.1115134952  0.0726331638  0.0763006434  0.0883176303  0.0645795843  0.0433415472  0.0314705558  0.0376239587  0.0365837174  0.0445446247  0.1146539459  0.1504597573  0.1992097089  0.2533978945  0.2828508929  0.1990108268  0.2376715296  0.3154973199  0.4823704290  0.7073258698  0.6112028052  0.5200119400  0.2865830223  0.1730284781  0.2072348508  0.2896846232  0.4613043664  0.3628090466  0.2095327502  0.2201864364  0.1502553282  0.1696026286  0.4873451119  0.6034236560  0.7774359897  1.0969462413  1.7184855469  2.4328369467  2.4595022648  2.5563142192  2.3373724995  1.8472817800  1.1880879238  1.2644963916  0.9377435887  0.5753935084  0.4109994128  0.3462808297  0.3545464611  0.3613757677  0.3443250931  0.3662894060  0.3721704038  0.5412758088  0.7524974033  0.7457921724  0.6533490343  0.9793213740  0.8889537096  1.0428798290  0.6889743498  1.2713628228  1.4144377354  1.0543271632  1.1791011001
  1.6602896724  1.3933347643  1.2374778248  0.9684059955  1.5082558610  1.1084893095  1.1228137475  1.1851246649  0.6165536008  0.6077395906  0.8585990727  1.4337869857  1.4559416440  0.9747247952  0.5652964056  0.5265676478  0.5653565894  0.6436721730  0.6761288742  0.7451217453  0.4756632297  0.2637197689  0.5079818744  0.4692978704  0.4556709352  0.6313004956  0.3237391439  0.2439808798  0.2990975350  0.4316550588  0.3802676476  0.2561983138  0.2373332697  0.2821936599  0.2007182472  0.1644296542  0.1264138603  0.0844663354  0.0654902260  0.0640394012  0.0363368415  0.0302673285  0.0345097882  0.0314749102  0.0328236515  0.0760628913  0.0856591843  0.1413136015  0.1415144404  0.1762508170  0.2495974275  0.2777948009  0.4641288556  0.5459885813  0.8400379793  0.7615079857  0.5481892858  0.3263069913  0.2013864528  0.2417693881  0.2061866680  0.2909422695  0.3646231187  0.2884373928  0.2143902353  0.2470537377  0.2651465112  0.3495557156  0.6542272787  0.9681369257  0.9472715468  1.0078646132  1.2629668893  1.2564820725  2.5581682275  2.9187407904  2.1323734270  1.6603523677  0.9879083404  0.9019077926  0.7066271061  0.5054135167  0.3017940026  0.4042898594  0.3646796250  0.2662056441  0.3862589921  0.3398774486  0.3194876467  0.6650572302  0.6290258160  0.8592102590  1.0790496057  1.1130627116  1.0316887488  0.9622664764  1.1403011865  1.2839401527  1.5133784187  1.5779225545  2.0920322466
  1.3567495714  1.1069829153  0.9227595972  1.0691367807  0.7293891334  0.6529213333  0.7499825117  0.7209864585  0.5252467478  0.7789926395  0.7722858207  0.7371413388  0.7332386293  0.7175571710  0.7488399081  0.5405291069  0.6827381022  0.6813049795  0.6633110696  0.4839615324  0.3903807793  0.5179459830  0.5187873581  0.6202604080  0.4699503778  0.4737315043  0.3479356861  0.2850792050  0.3262585552  0.3618132956  0.3024135867  0.2616250379  0.2531537753  0.1993848853  0.1656829131  0.1250935805  0.0922882063  0.0539233747  0.0514922642  0.0327733136  0.0320491842  0.0282952230  0.0357023515  0.0345085739  0.0357113590  0.0407091786  0.0753532793  0.1046823998  0.1201466666  0.2039358192  0.2586155341  0.4231991446  0.7353749110  0.6129043049  0.5005407417  0.4221951326  0.3226965400  0.2646763362  0.2908280413  0.2583274226  0.3483025135  0.4582220460  0.4487501966  0.5011807910  0.3717645568  0.4161839022  0.4627229953  0.7523177678  0.9360995796  1.0130033895  1.1442872571  1.1942952990  1.5505858362  1.8899538766  2.1028669737  2.0284009014  1.2375570867  0.8786561233  0.8121250914  0.6744154819  0.4573389749  0.4222845567  0.4867513472  0.3141441520  0.3117646201  0.3963389836  0.3215724280  0.4111889444  0.4956822978  0.7568785272  0.8049002331  1.0626119364  1.1907136952  1.1822814425  1.0274258012  1.0411004749  1.0716982197  1.7556606385  1.9334001458  2.1036800417  1.3480760345
  0.8992060807  0.6094582024  0.7489944337  0.5453154982  0.4718522408  0.6560536559  0.5639661940  0.4972730744  0.6426392274  0.5100402722  0.6066248901  0.6962393118  0.6027791201  0.6552474339  0.7683774800  0.7822824778  0.6446458827  0.6336389088  0.4567150811  0.5850916244  0.5932506763  0.6317646465  0.6343721152  0.5520757040  0.4139450355  0.3733799456  0.4120285793  0.3961281316  0.3617614394  0.2245256545  0.1823678561  0.1762929861  0.1667508734  0.1649001804  0.0884725443  0.0858860356  0.0686211373  0.0541140522  0.0389417699  0.0349042685  0.0375872310  0.0328001396  0.0258480393  0.0284462506  0.0523901991  0.0422543860  0.0520095335  0.1018564296  0.1774607594  0.3141325006  0.4384965510  0.5536261960  0.4647392668  0.4621241096  0.2542910501  0.1803529497  0.2546399614  0.3317156101  0.3491809460  0.3568519378  0.4781406018  0.4754873559  0.7211153497  0.4605395614  0.4635535122  0.5436003615  0.7951879868  0.9064692318  1.2448459288  1.3691005624  0.9679874359  1.1123263043  1.4906771149  1.3005056979  1.4367322067  0.8083956305  0.7315736167  0.5023143722  0.5212789026  0.3821587237  0.5185766610  0.5210626584  0.4970502270  0.3682877689  0.3818360031  0.4568523993  0.3775525577  0.4150595765  0.6145003763  0.9585256911  1.0479854087  1.1341328507  1.2886359776  1.2054512781  1.0507403324  1.3235417111  2.3755756058  2.6314345894  2.0222695615  1.6104396357  0.9336157469
  0.5715955931  0.4968009251  0.5171726483  0.7523705817  0.6157139642  0.6259622367  0.6957043608  0.5037107361  0.6281390609  0.7193491488  0.4562884213  0.3271549896  0.4208054636  0.4807125464  0.4608087831  0.4269193758  0.3637382768  0.4059713199  0.3796603240  0.5944081912  0.6709529599  0.7634932150  0.7548028949  0.8364984786  0.6457111280  0.4599683223  0.4336774778  0.4027369602  0.4405812552  0.2211198648  0.1627822260  0.1390772413  0.1695589220  0.1227968579  0.1110919891  0.0711877623  0.0624014487  0.0479700724  0.0474375331  0.0382468226  0.0350740797  0.0292588171  0.0550315172  0.0531413928  0.0301128794  0.0561948178  0.0916110708  0.1734744430  0.2878159777  0.3738449801  0.3180893663  0.3735410810  0.3845021746  0.2119912427  0.1847615543  0.2464584305  0.2330304640  0.1566538559  0.3136531808  0.4221167323  0.4288600778  0.4979066666  0.3911091357  0.3387362593  0.5257478134  0.8842826975  0.9638972781  1.0660956137  0.6815926006  0.7399161009  1.2493212941  1.4479655606  1.3326083530  1.5493369578  0.9153851141  0.7142214540  0.4379026189  0.5900441470  0.4352894989  0.3407518492  0.3362155040  0.2829539741  0.2297689571  0.2519725338  0.3195655472  0.3343513722  0.3362427999  0.4284240655  0.6623958308  1.0213229996  1.3442374058  1.1005525510  1.2425089536  1.4432106840  2.0080348601  2.4006792041  2.1618947715  1.8848581823  1.6475709656  1.2186016402  0.7562168727
  0.5552063857  0.6162778893  0.9653926639  0.6991109699  0.8964462664  0.9002738955  0.5795282355  0.6117000458  0.3976361329  0.3879524250  0.4658278200  0.2931442215  0.3012150071  0.4654722583  0.4688548515  0.4346162971  0.4553231932  0.4277160938  0.5328666654  0.5334097437  1.0230517466  0.8626053188  1.2065713692  0.6638280057  0.4419014225  0.2994288321  0.4716529106  0.4747333745  0.1762252774  0.1545148505  0.1631911899  0.1593762075  0.1671671423  0.0920567626  0.0807271020  0.0857819905  0.0576950972  0.0494590603  0.0475683277  0.0495331358  0.0718946426  0.0657439415  0.0476539136  0.0518128752  0.0576435051  0.1028322428  0.2184050835  0.2366614153  0.3125938533  0.3300191148  0.1928425069  0.2380544159  0.2192230021  0.2451454433  0.3884785640  0.1900087217  0.2104363045  0.2792862344  0.3296822431  0.3275725810  0.5929536380  0.5799518973  0.4181166780  0.5975786522  0.7546997892  0.6839600903  0.6057491818  0.4404400675  0.6176032249  1.1707413419  1.5618180698  1.7215567374  1.2193066838  0.7553412586  0.4946628704  0.5192766411  0.4553195536  0.3173067111  0.3077256094  0.2255448581  0.2585261395  0.2698380763  0.3130737437  0.2684755180  0.2704196295  0.2723388469  0.4968004454  0.7242579940  0.9793332199  1.1033500792  0.8496242439  1.0369316094  1.3429690479  2.3666547108  1.8531575749  1.6740021899  1.6797446379  1.7812723667  1.6938434649  0.9671366584  0.8965708170
  0.6566113531  1.0890138119  1.0104498947  0.9054021968  1.2997339893  0.7442804954  0.4509139435  0.4700403263  0.3863459834  0.6485350683  0.3793850119  0.1809943606  0.2993991994  0.5164573593  0.5821146858  0.4815862613  0.3903288010  0.5859997253  0.6793064849  1.0028183889  1.0129578895  1.0055355583  0.9735631539  0.4912217156  0.3001474620  0.4775446890  0.4600050839  0.1997172005  0.1787922262  0.2142388088  0.1945259810  0.1393562930  0.1138863093  0.0845091095  0.0834827861  0.0729139717  0.0672722530  0.0539617327  0.0552266084  0.1088587169  0.0722738731  0.0663164601  0.0692559116  0.0882570454  0.2159100532  0.3940497551  0.2905986209  0.3071991919  0.3244101003  0.2541778726  0.3233439677  0.3132229136  0.2281588889  0.2754349533  0.2535667553  0.2683340354  0.2236856941  0.2457556390  0.3587336210  0.5161478497  0.5688415527  0.4862460951  0.4708796879  0.6657134669  0.3364234042  0.4047833384  0.4340425718  0.7055475114  1.7325707575  2.2654257161  1.3030679640  0.8032414795  0.4995936015  0.4333063640  0.6628846221  0.5364776853  0.3231864472  0.2682074448  0.2263073615  0.2608354307  0.3410924869  0.3607250066  0.3183281918  0.3549283337  0.4138743172  0.6892451212  0.8509251951  1.2204187103  1.4683726861  1.5040148619  1.6299578197  1.2100612132  1.5217910448  1.5493991223  1.5483868599  1.3485776507  1.5099207202  1.2112774420  1.1027175900  0.9916067198  0.6808933287
  1.1956612902  1.4560567380  1.4721352007  1.4180507908  0.8367597710  0.5626865840  0.4923106455  0.4503442873  0.4535243217  0.3837808702  0.2594649805  0.3845293527  0.4948039438  0.3975557852  0.4571698629  0.3880876512  0.5469470055  0.6384985247  0.6342349198  1.2166066628  1.0248864797  0.8797097990  0.5090230990  0.3878861671  0.3750977094  0.3996400401  0.2383031721  0.1928327038  0.1907676618  0.1273069395  0.1237352261  0.1144257340  0.1039971763  0.0955865655  0.0681151256  0.0785343180  0.0885536747  0.0700030023  0.0799470006  0.0670768680  0.0972233528  0.0979554353  0.1236702179  0.2786052405  0.3472954975  0.3250437023  0.3480763813  0.4009465873  0.4204434009  0.3598149867  0.2793570178  0.2527593863  0.2486990178  0.2021594634  0.1982476383  0.2493850384  0.4685561750  0.4205418101  0.4493307039  0.6618753004  0.4626062794  0.4212817699  0.4186545115  0.2491389908  0.2859738824  0.5359604642  0.9788137563  1.8815165325  1.8307219553  1.4169537682  0.8005907902  0.5291517186  0.6509737863  0.5474487445  0.4576296482  0.3390995742  0.3156420336  0.2378592530  0.3008239367  0.4079451017  0.3547594048  0.3414579242  0.3157526134  0.5037326888  0.7983730038  1.2596374005  1.4444733505  1.6370105152  1.1238638885  1.5113657212  1.5009136618  1.3074687748  1.4756696592  1.2131008248  1.2954234671  1.2150703269  0.7851316456  1.1746346108  1.1638637635  0.8760072486  1.0135580640
  0.9141681270  1.0427142236  0.9656267858  1.0149273087  0.6661118967  0.8068054684  0.5430997576  0.3404555053  0.3104845992  0.3727703072  0.5284719399  0.3618240678  0.3320636043  0.3387860873  0.4146274192  0.6821881913  0.8628761816  0.9722637463  1.3442927211  1.4887281497  0.9220531063  0.5750900295  0.6672329237  0.4535267712  0.2498958701  0.1879890649  0.1705430350  0.2052617361  0.1506643387  0.1771817394  0.1231734832  0.0924681748  0.0967589429  0.0932848606  0.1152029490  0.1254435553  0.1064544432  0.1121455655  0.1463603637  0.1370653783  0.1213733056  0.2389854015  0.3085146480  0.4174964515  0.3782096227  0.4297674089  0.4542944776  0.3960074311  0.5335359088  0.3451178046  0.2884294483  0.2107861394  0.1575547796  0.1966924987  0.3332330801  0.4528339507  0.4738664738  0.4489452890  0.5268141019  0.3815384986  0.3477200451  0.2463618465  0.3619971466  0.3686851896  0.5006125182  0.8589505274  1.3073261493  1.7707243374  1.2804516309  0.7674373029  0.5510386800  0.5998884511  0.4548302015  0.4944709415  0.4124551841  0.3327197735  0.2999491318  0.2651602886  0.4023528336  0.3925425709  0.3770512821  0.3272491518  0.2776613406  0.4686289161  0.7165635224  1.5283153252  1.2773758903  1.2082989480  1.3283491185  1.3328277184  1.1783372251  1.1592362012  1.1106360904  0.8138183228  0.9235351080  1.2853351144  1.0472387990  0.9986568040  1.1111746132  0.6996173143  0.8939597858
  1.2959385312  1.2774884477  1.0601112780  1.0149297751  0.8556383802  0.6913788932  0.3984709647  0.5066336451  0.4734722744  0.4325471901  0.5564136999  0.4295410368  0.4465993895  0.4801381721  0.4527917456  0.6521362871  0.9236794128  1.3151407605  1.6362796731  1.2768338651  0.9863616924  1.0246814084  0.6775553510  0.2976303866  0.1994995770  0.1624998770  0.1854652168  0.1554004532  0.1725460710  0.1207945897  0.0726022789  0.1154713597  0.1091436101  0.1448291524  0.1561232780  0.1394423622  0.1708986758  0.2142088047  0.2269563575  0.1867678911  0.3081098336  0.3093659322  0.4051171608  0.4049058161  0.4839339699  0.3558224184  0.2571667544  0.4291376392  0.3513718675  0.2659605847  0.2355947000  0.2665827151  0.3116759356  0.2699452576  0.3550367868  0.5927276862  0.4795948042  0.3898241008  0.3244973149  0.3542356748  0.3064721950  0.4274327101  0.4823828254  0.5613216514  1.0523530357  1.2280314799  1.1747300806  0.8206330590  0.6481545533  0.4679545549  0.4574587060  0.5782660665  0.6725668614  0.4436220536  0.2744938802  0.2342958908  0.4281627990  0.4004352540  0.5346630427  0.5260859486  0.4603111153  0.3576861376  0.4580686226  0.9195586966  1.2363347719  1.4234500311  1.1739116104  1.5212422687  1.3810329230  1.5491534421  1.4104212170  1.5738601953  1.3658478851  1.0849553380  1.9622261122  1.3641155898  1.0145759189  1.1274719996  0.9881558333  1.5042786524  1.7020749603
  1.5755120044  1.1909509497  1.2701038348  1.0751826731  0.8615830389  0.6298473623  0.5052576890  0.3624927950  0.5859853217  0.7941371381  0.7211616732  0.8623666192  0.6499253928  0.5035032034  0.8021445233  0.6915990491  1.1248029684  2.3057353351  1.3564131159  1.1587927280  1.3485206100  0.9490675857  0.5555852333  0.4698494411  0.3872063135  0.2518572578  0.1416522487  0.1247637447  0.0802892192  0.0723247993  0.1203426808  0.1629406141  0.1471594308  0.1470022755  0.1181703030  0.1601692523  0.2233952933  0.1891312505  0.2388082966  0.2476135871  0.2930604222  0.4087756023  0.4186622256  0.3321030624  0.4161219411  0.2154054576  0.2030760614  0.2165157194  0.1884298058  0.3381282528  0.2811515074  0.3010353914  0.3273708536  0.4372464580  0.4788527753  0.4995009686  0.5027544894  0.3966546079  0.3718562792  0.4189625732  0.4198408096  0.4816688730  0.6883763742  1.0732637080  1.1632009215  0.9910910973  0.7753840982  0.6628939768  0.5661822801  0.5703447635  0.6790601474  0.6433676222  0.3511892530  0.2395544186  0.2122790490  0.3648126713  0.5675519609  0.6288238657  0.7212785830  0.7284157032  0.6925128249  0.4695063505  0.6486779687  0.8431862248  1.0591155398  1.0964892795  1.3465174185  1.1750219091  1.5972326437  1.3179303208  1.6602718492  2.0132371216  1.8467398861  1.8199348019  1.7827893245  1.7528872535  1.6024236234  1.3151762743  1.5258061225  1.4752518465  1.6612956949
  1.6380135411  1.2493013630  1.0384450633  0.8041332471  0.5755065479  0.6990301821  0.6512247880  0.6039880362  0.7119995240  0.5687966797  1.2143956618  1.2579773449  0.7025346143  0.9878800723  1.1210644817  1.5447399363  1.9327996979  1.7015112443  1.3431501618  1.3357199089  1.1183014726  0.9823737418  0.7615697409  0.4993556806  0.2476826434  0.1928234267  0.1681717483  0.1147170029  0.1296390660  0.1476334973  0.1441156651  0.1404196072  0.1246089906  0.1223072360  0.0923091559  0.1455158915  0.1488798656  0.2129626261  0.2213390378  0.2671992755  0.2950451653  0.3380446810  0.3358883570  0.5185447011  0.4120888157  0.4030092669  0.2036514177  0.1446533177  0.1880627852  0.2614555247  0.2844859556  0.3754893296  0.3928036712  0.3578507866  0.3697580833  0.2456455963  0.2728245447  0.4260841854  0.4747333120  0.4236537847  0.5114053270  0.5066396748  0.9390763056  0.9301123127  0.6048935827  0.6667790050  0.7095943984  0.5816410825  0.5156431163  0.6105210447  0.4124991259  0.3304910022  0.2618595647  0.2749351687  0.3263352078  0.4025970769  0.6698451765  0.8362336081  0.6342989179  0.6502704855  0.9292261696  0.8445667013  0.9143254149  1.4104705422  0.9788228888  0.8146179268  0.7812100373  1.4458399745  1.2756920415  1.5215479509  2.6438332485  2.3715203824  1.9489071644  2.2349418724  2.2603118081  2.1105620647  2.4585416775  1.1080280688  1.4613847736  2.0196529490  1.5698440767
  0.9783848570  0.7570142746  0.8346128170  0.6960907817  0.9141400578  0.6659734290  0.7449043028  0.7373199222  0.9499778766  2.2568898802  2.7599084704  1.7191474756  0.9455002343  1.4765970791  2.1528568954  2.4345424368  1.8398850817  1.6192793405  1.3334031039  1.5362364451  0.8887330609  0.5723033330  0.3612927480  0.1846515537  0.1136338495  0.1156760021  0.1658550573  0.2319723040  0.1275488718  0.1154723328  0.1436348462  0.1048369895  0.0862743337  0.1104986487  0.0934529088  0.1000858107  0.2128783375  0.3212628220  0.2446467880  0.3151364907  0.3087456401  0.2857827289  0.3551887834  0.4317739724  0.3355114503  0.2049219848  0.1969447534  0.2089910550  0.2359670937  0.2812992568  0.2916388292  0.3985226038  0.3632327525  0.2673533228  0.2196373789  0.2430656076  0.2038589623  0.3113407769  0.3583904357  0.5102236398  0.7047545526  0.6966578028  0.5903237230  0.4565895329  0.7839632423  1.0095939302  0.7590005663  0.6680283812  0.5286300408  0.3809645070  0.3824267739  0.3891570721  0.3357073378  0.4339478581  0.4382823907  0.6691080831  1.0149926509  1.1313558266  0.8029961856  1.0492985169  1.0856507971  1.4942262727  1.8633318560  1.0015934605  0.9172502419  1.5192676260  1.5547181270  1.3100785391  1.6010426147  2.5910605100  2.4285217338  1.6462880616  1.7887109542  2.0722357777  1.9365793811  2.3842606447  1.3142059044  1.4583172763  1.7452944948  1.4394829529  1.2965427934
  1.1823958913  1.1102097478  0.9653866255  1.0304916248  1.3124202078  1.2099539178  0.9880565553  1.5617734539  2.0699893305  2.3370213049  1.8141140909  1.6787014942  1.4796827571  1.8736783744  2.1518604155  1.5207104698  1.5107438132  1.6167625063  1.2732255932  0.8284539966  0.7758859877  0.5518207325  0.3076932609  0.1612666699  0.1433921297  0.2175579682  0.2092631557  0.1682260360  0.2060657088  0.1549177134  0.1086326068  0.1492336124  0.1103433113  0.1096965259  0.1580326660  0.2637301153  0.3028279441  0.3011607084  0.2871359729  0.2977294409  0.2257553206  0.2464887097  0.2986166932  0.2877784485  0.2821715211  0.2698744206  0.4354880957  0.2510664535  0.2381578596  0.2845577034  0.3852247283  0.4133647904  0.3904780827  0.3666588571  0.2511652012  0.2057406172  0.2623128924  0.5207118540  0.7516612887  0.6438557934  0.3917984433  0.3746352556  0.5560130603  0.9170419392  1.1754722754  0.7312462756  0.5630181961  0.4746081199  0.4163208697  0.4534055911  0.5480140356  0.5223542741  0.4431580537  0.5280047885  1.0583945634  1.1329200732  1.2145344877  1.3460557806  1.7765019921  1.8449382123  1.6066460734  1.4391026157  0.7598544083  1.0900039730  1.7245501795  1.4813010112  1.2537634454  1.7379319535  2.0943876451  1.7712316704  1.4114664338  1.2578190569  2.1354569985  1.4510937042  1.5146028811  1.7752100104  1.4692669893  1.9404900339  1.8897965874  1.2778294324  1.3068789665
  1.3326187533  1.0813874276  1.4935168703  1.8925799815  1.6007856313  1.5893399433  1.5493010948  1.4241062014  1.5815343214  1.7763147445  2.2460876692  1.9817675779  1.5123007315  2.1157658458  2.1202550107  1.7156456483  1.4361377542  1.2301581378  0.9858107337  0.8891049291  0.8049853168  0.5722259950  0.1964675217  0.1581504093  0.1931852847  0.1945399281  0.1986275358  0.1736167491  0.1074238772  0.1657530367  0.2136519291  0.1551702131  0.1029664429  0.2322360827  0.2395980432  0.2522731900  0.3487598317  0.3301131199  0.2813974006  0.2690454767  0.2585001032  0.4558096796  0.6388456890  0.5531109148  0.5005320765  0.5295625077  0.6405640028  0.4496423667  0.5181201547  0.7832814320  0.8192696656  0.6193973709  0.4511697138  0.4511780960  0.3064633557  0.3884746019  0.6738399314  0.6808527545  0.6968643892  0.5036251378  0.6017002972  1.0101988179  1.2503251033  1.0751210374  0.5935456932  0.3805872390  0.3116670115  0.5446670121  0.6397420764  0.5780359672  0.7224621264  0.7851717946  0.7162676047  0.9684964642  0.9972560474  0.8016651357  1.3488664243  1.8922716582  1.7008382913  1.2448588772  1.1983482154  0.9271226156  0.8534285852  1.2115744575  1.9647079852  1.6650775209  1.6177150865  1.6137808335  1.2664262769  1.3129181226  1.0090877655  1.3967390741  1.1433437989  1.1725519066  1.5648528812  1.3205786315  1.3785674055  1.8096776224  1.4803954359  1.4872213068  2.3085562631
  2.1214068654  1.5747850234  1.9804551825  1.6805260573  1.3596389761  2.1960814375  1.4660558086  1.1676435916  1.9106977469  2.8165878078  3.2410919579  2.5109608953  1.6069715742  1.7503906628  2.4079310570  1.5235005699  1.4427907511  1.0698343151  1.0876263574  0.7331957710  0.6969037353  0.4401973883  0.1972221989  0.2316581284  0.1945933248  0.1637835002  0.1730417039  0.1641411089  0.2569398320  0.2721291967  0.1630253469  0.1312677956  0.1990384515  0.2307559268  0.2228953870  0.3767245474  0.3272142752  0.3358353717  0.3315973692  0.3208608213  0.4333789335  0.7866661175  0.7764633850  0.5134656314  0.6010576133  0.9812725946  0.7917446644  0.6391384230  0.8461381084  0.9229002185  0.7510822203  0.6412579927  0.6003074341  0.5562747617  0.6701899272  0.7101901226  0.4675159822  0.6360067241  0.7866944615  0.8232714537  0.9714293783  1.0918864920  1.0595192340  0.6385446589  0.3500405609  0.4462060505  0.5802902688  0.5207318362  0.5647850687  0.6239944349  0.7087379471  1.1042171795  1.2064567507  1.1234364063  1.2175615946  1.9889919083  1.8068505698  2.0614660173  2.3026394485  1.6734383102  1.5288676742  1.8495992548  1.8706882240  2.0791788021  1.1139090614  0.9398672128  1.4156862198  1.5547701347  1.6095255992  1.9271042068  1.5738913733  0.9307712682  0.6821086882  1.0028199663  1.1506609992  1.2248139811  2.2970152562  1.8177703517  1.5536939557  2.4638278143  2.2600823337
  1.8681518165  1.5974162814  1.2900910301  1.1426281031  2.0320213196  1.4037484625  1.3617327947  1.7849626705  5.3424043816  4.1152359314  3.5264638186  1.9135958154  2.0223700332  2.1063055056  1.5285696353  1.7249024037  1.2318921756  1.1371005616  0.7883889844  0.6291296645  0.3958634968  0.1949024247  0.1708630949  0.1947378720  0.2172079496  0.2283109967  0.2469217698  0.3929032899  0.2224056788  0.1779197235  0.1390583669  0.1758876729  0.2133454670  0.2804739266  0.3384302947  0.3712506824  0.3796672493  0.3904247211  0.5389283331  0.3973820527  0.4914724827  0.6714945237  0.6457362468  0.8871569406  0.8217159844  0.8589583933  0.8442550674  0.7530567234  0.5825101457  0.6564329249  0.7658277633  0.8647021597  0.7161097416  0.5422449399  0.5176287537  0.4373010663  0.7753612221  0.6222375460  0.6203637997  0.7163503998  0.7869821456  0.9101160391  0.7553412761  0.7720044007  0.6117989914  0.7249842455  0.5980811264  0.5443272187  0.5740851572  0.7140524658  0.9452648661  1.2238262100  1.3560575766  1.9456196624  2.0573095761  2.7814623204  3.0526825579  2.7199936560  2.8980321500  1.7439399400  2.0731226115  2.0799839709  1.1781427911  0.9587164816  0.7599326478  1.0840316178  1.4102293216  1.2941673590  1.1722538922  1.0122686198  0.7779277071  0.7121170156  1.1536437400  1.4112124268  1.1995493605  1.3531717438  1.1720814708  1.2924802784  2.3988949822  2.2111164936  1.9414535037
  1.5592585531  1.5628639187  1.4664787843  1.5790903259  1.6254070257  1.2282076102  1.9662521549  3.4651100343  3.3619131213  2.3755375394  2.0479621723  1.9558799516  1.8193748214  1.3575466042  1.3477469530  1.1543509000  0.9748361625  0.7694047133  0.4917826526  0.3611968361  0.2991688092  0.2417882688  0.2109799958  0.2408071669  0.2331205225  0.3569996776  0.3473146132  0.3024452186  0.2114315257  0.2252486982  0.2004876529  0.1986281157  0.2876753635  0.4309984807  0.4270877038  0.4144201789  0.4558753177  0.5831334957  0.6175100781  0.6773943818  0.6432986086  1.1013445831  1.3977462311  1.3372712732  1.0744737748  0.8714780178  0.9962576872  0.6893774450  0.5670182792  0.8440005282  1.0198262193  0.9892628427  1.1850596931  0.7567054866  0.6957492790  0.9114699463  0.6958799214  0.6961775091  0.6354726439  0.5458407931  0.6193043683  0.6842141980  0.8479727531  0.8600522543  0.8727490765  0.6473403043  0.5704707979  0.4565916916  0.4472979403  0.6099606662  0.6325094206  0.9303759369  1.7482628245  2.1480803626  2.8845575642  3.3878749766  2.5483222471  2.2641643073  1.6878195804  1.1810002997  1.2356142283  1.2424512525  0.7464628109  0.9132584786  1.2529856842  0.8994453182  1.2971990566  1.2187278771  0.9227100250  0.6785758265  0.9538071436  1.5161150832  1.1407361743  0.8228895572  0.9339719667  0.9641222108  0.9189529879  1.8133730026  2.7779434112  2.9597482289  1.6630633503
  1.8433872419  1.2619999850  0.8679017647  0.9235245085  1.0218403277  1.8897271943  2.6640069161  2.6077979937  1.7327228754  1.0284490378  1.1555431454  1.6304479310  1.3697869481  1.2862788849  1.0509717363  1.2341926656  0.9271825718  0.6820412513  0.3266651133  0.3349456756  0.3724525061  0.3102444246  0.2744199910  0.4101842867  0.3691295406  0.2925102098  0.4012974472  0.3662219260  0.3851216788  0.2882097284  0.2338682461  0.3517734960  0.5976873181  0.6608025659  0.3766452297  0.4860167586  0.9073224897  0.7735353617  0.7483296690  0.7455464155  1.0224149607  1.8619894563  1.9911042921  0.9546143925  0.8411586001  0.7954339407  0.8970628440  0.7943075777  0.6901766597  1.1834010663  1.5763455326  1.4237742379  0.9688247038  0.7768473982  0.7312580139  0.9062049667  0.9172337200  0.7810306703  0.7784969918  0.8437015223  0.7292685798  0.6851451091  1.1477225153  1.4422843101  1.0260037332  0.7325089779  0.8491509936  0.4985657220  0.6166565892  0.7401622609  0.9069823573  1.3532405351  1.8474802541  1.8281049884  2.5500047887  2.6311054846  2.8627897560  1.7673969727  1.0106072575  1.2174334912  1.2917852687  0.8408583420  0.8204874618  0.6509943219  0.6994600288  1.1431806780  1.3552255067  0.8771858397  0.7044645544  0.8076733551  0.8098388173  0.7653504833  0.8566256140  0.8303321597  1.0058762186  1.1659366391  1.7105321232  3.1109359661  2.9790857361  2.1943392759  1.2317667289
  1.1004349063  0.8437039611  0.7500344315  1.0942389909  1.7706757221  2.2008324868  1.8929615819  1.7333397061  1.3684819903  1.5211809766  1.9719267854  1.0188283803  1.4990245040  1.4579820472  1.2872365143  1.2040324062  0.7321107000  0.4040087048  0.3787257478  0.4292333631  0.5844555877  0.5143590099  0.4721250547  0.3407787409  0.5043070800  0.7292728258  0.7412830966  0.9179605045  0.7675950709  0.5746255004  0.5768372695  0.5789551076  0.6375850339  0.3826679091  0.6841777122  0.8310685786  0.7665550228  0.6935698761  0.7908850714  0.9356531342  1.2019692436  1.0430887227  0.8532351773  1.0949360853  0.9860292784  1.1089816290  0.8989226519  0.7820719080  1.1257186213  1.5963914915  1.1396714049  0.7431527836  0.7912041423  0.6613851993  0.8094210924  1.4415640089  1.2345261012  1.2603764625  1.2752938917  0.6581326124  0.6957350272  1.2159646788  1.5731343570  1.1811478191  1.1457023302  1.2546829944  0.5895135722  0.5521803798  0.5905649801  0.8749308363  1.2277289317  1.4405883890  1.4186571412  1.5977586093  2.3543001704  2.3735353209  1.8190983693  1.2954570171  1.3965215249  1.1646332177  1.0998275993  1.2670756981  0.8208065390  0.6973709171  1.3690496290  1.0664251333  1.0177013685  1.0781522518  0.7404997630  0.5563252068  0.5329922994  0.7246718360  0.7499496315  0.5933573100  0.7616307374  1.5420082870  2.0319782370  2.6318258634  2.5104475648  1.3912865233  1.1689746603
  0.8580330150  0.8699591844  0.9083731716  1.0379388155  0.9704356908  1.0488395274  1.5372670825  1.7216197867  1.9011402919  1.6212986507  1.2375633203  1.0765072945  0.8766849134  1.0141955179  0.7495790917  0.5401694722  0.6486865032  0.5808585549  0.5221995707  0.6263569851  0.6012401196  0.4875326746  0.4258535236  0.5631454682  0.7371179568  0.8152473852  0.9310876584  0.9800111147  0.7077130866  0.6457693763  0.5585414231  0.5678130147  0.5674794615  0.6369474430  0.4879434960  0.4862025116  0.6391361182  0.7498912331  0.9678622613  1.2865438650  0.8828961585  1.2861385943  1.9942745037  2.2625093103  1.2987094398  1.3838680763  1.6556967179  1.4244774313  1.0081257661  0.7663689634  0.8727429718  0.8025199391  0.5929987828  1.0318077886  1.3378307134  1.5056392202  1.5470550226  1.3520939194  0.7889943920  0.9855096409  1.3453811340  1.5008546117  1.3271235480  0.8290736282  0.9456844502  0.9247845996  0.5092682414  0.6847216077  0.8149659226  1.1788364601  1.6036692982  1.7264216111  1.5907869564  2.0011973727  1.5606052241  1.4962350499  1.5695005805  1.4242285917  1.5863856962  1.9027810432  1.8101249268  1.2661487202  0.7511598927  1.1129510539  1.0664526894  0.7858226710  0.6518951431  0.7751038873  0.5590486820  0.6062069257  0.7875174188  0.6810679625  0.4608939690  0.5496211960  1.1333648757  1.9511323571  1.9466348398  1.7438346116  1.7939630475  1.6429873243  0.9739329566
  0.7342209428  0.6788951557  0.8458618107  0.6098370247  0.9191371077  1.0133382261  1.5363409231  1.9185668647  1.9229734199  1.2249008463  0.8474970934  1.1360629139  0.6099326484  0.4918449049  0.5343073538  0.5109580890  0.6122352938  0.5340022972  0.6204815550  0.5962447383  0.6711477483  0.7918948166  0.5883282891  0.6926352878  0.8862879822  1.0511425174  1.0153646932  0.5825001587  0.6274521768  0.4934838832  0.4135836923  0.4545279377  0.7182301191  0.5141868745  0.5553059892  0.5410599980  0.7606095302  1.2352371304  1.2327070242  0.9824636639  1.7073123279  2.4343377668  2.9893956753  1.9471380218  2.1465410409  2.0386281306  1.1865771868  1.0414957058  0.7458108748  0.5931428108  0.6794593152  0.6588357035  0.8160025321  1.2180075871  1.3646781159  1.5215389482  1.6977604290  1.3335055387  1.3635756633  1.6699948997  1.6465706082  1.0985044129  0.7298343604  0.7625760355  0.4900841088  0.5390361504  0.4585615358  0.6650696274  0.7847169774  1.0192875061  1.7038683949  1.5597130316  1.5954997280  1.3764475448  1.3674700431  1.9237695042  1.9659659379  2.4350592512  2.2849715753  2.4398154495  1.5392047388  1.2268759960  1.0527884436  1.1784019371  1.0761592352  0.7774480049  0.8658829039  0.7281274327  0.9463252305  0.9362038160  0.4952108766  0.3472903562  0.4695527624  0.8886417862  1.3523141028  1.9736896594  1.7861061817  2.5911041071  2.0557506799  1.2214657931  1.1287187202
  0.8350804588  0.7240008823  0.6740405361  0.8093418104  1.2536777046  1.3528557704  1.5513508634  2.5075767927  1.7954946368  1.3130690243  0.7186578859  0.4550546569  0.3867142917  0.4045861492  0.2919545747  0.2749699503  0.4235136040  0.5175906009  0.6435982677  0.7566680498  0.6699866742  0.6959209983  0.8150816694  1.0192668035  0.9876703907  1.1227804962  0.7713353728  0.6322242478  0.4522866722  0.3882049007  0.4526893768  0.5828132172  0.5233826712  0.5151396473  0.7424723744  1.3932326160  1.9258329955  1.6570421256  1.4415343709  1.7089645291  2.4374782673  2.7043927009  2.5189124841  2.3457777529  1.9298506466  2.0047138865  1.6655166901  1.0366487887  0.5987359725  0.3786289527  0.4685241000  0.5487539791  0.9296251627  0.8499009270  1.1156183023  1.3903500075  1.5672415699  1.3056776457  1.2276611204  1.0312321623  0.7383940334  0.7367200525  0.5647023299  0.5632216744  0.4828411676  0.3826773082  0.6092937576  1.0061472397  1.0795754760  0.9666673432  1.9174545840  1.8788406723  1.8740365698  2.1462357456  1.7892222856  2.2738477290  2.9170184790  2.6423671997  2.4700936007  1.9512790628  1.1321112256  1.0495582462  1.0679600923  1.2187224335  1.3752416424  1.4552946914  0.9058570922  1.2473010468  0.9856358924  0.6709457312  0.5333080763  0.7344893115  0.8042362730  0.8552591282  1.2449401219  1.1187424781  1.7671621039  1.9805240011  1.5837667618  1.5065340120  1.2259063831
  1.0540142098  0.8559971975  0.8813800713  1.0429941008  1.8195428498  1.3217314114  1.1126546724  1.8567275117  2.2451489382  1.0152716362  0.6063654056  0.4844355416  0.5800026229  0.2889223740  0.1996528413  0.2706481314  0.4370014225  0.5590033667  0.5851045377  0.4353165796  0.6899431211  1.0907311320  1.2272854005  1.3371953770  1.1161736573  1.1584963401  0.6766454290  0.4604600640  0.4991627694  0.6509381327  0.7490904997  0.6167463409  0.6144513077  0.8350534943  1.5663010500  1.9327967629  2.6309501427  2.8853811645  2.8922828025  2.9895924385  2.7094959399  2.5379844255  1.7713071251  1.8291586322  1.2490629858  1.3202634119  0.9299494274  0.6982626643  0.4791485153  0.3562709805  0.6039495597  0.7041262681  0.7243895103  0.7955075470  1.2142233478  1.9936992334  1.2128305961  1.1461280224  0.7576946024  0.6263871776  0.6718505947  0.6344779559  0.4988396275  0.2999772696  0.3383227177  0.7046935006  0.8128900219  1.2290657982  1.2506347586  2.1150352072  2.5781962786  1.9509820106  2.3473912983  2.2291916973  2.1212723728  2.3992572395  2.7126845996  2.5485363284  2.6137320808  1.7836779796  1.3474342742  1.3426428656  1.1956549489  1.5103859133  1.9384673311  1.1885211750  0.7338650251  0.9384493673  0.6247906021  0.6766918452  0.7865286610  0.7949017648  0.4150257892  0.4188816734  0.7564633236  1.4589447114  2.2307474968  1.5277215497  1.4387672430  1.4472667855  1.4446317706
  1.6165035779  1.4200608678  1.1102054145  1.0983208997  0.8007419221  0.6713903306  0.8815398997  1.4739110822  0.7110582533  0.6442053490  0.7709083761  0.5695576345  0.3168180800  0.2334909049  0.4802515911  0.5421279273  0.5535441555  0.4898348168  0.5250943045  1.0617961390  1.3140321357  1.1296667267  1.6651459299  1.6370075535  1.4259674949  0.7034910701  0.4981872640  0.5859414907  0.6643344064  0.6978471778  0.8904238764  1.0536130082  0.9003654626  1.4668698933  1.6872587408  1.8603758440  2.1698149457  2.5852976810  2.5905738912  3.2638006595  1.9616868991  1.5419775354  1.0583525638  1.0109041331  0.7386564652  0.7244252740  0.5976337569  0.5646812874  0.4652829855  0.7350370787  0.7514239905  0.6895604381  1.1322930955  1.5437360498  2.0586166304  1.6075302034  0.9158650140  0.7901536733  0.5872460508  0.5122221902  0.4524270580  0.3657839838  0.2827506504  0.3528550380  0.7454098431  0.7533321237  1.2952192192  1.6231370514  2.3764828778  2.2871047942  2.3634393720  1.7475113852  2.1017604142  2.1165952960  2.1665708558  2.9553468558  1.8284020068  1.7640500978  1.5453163664  1.3494186513  1.2599715137  1.0738782612  1.3761840158  0.9896375829  1.0068410904  0.7050651840  0.9736867340  0.8751270367  0.7700754456  0.5736718563  0.6067344471  0.5650605773  0.5602414962  0.8972443598  1.8598106161  2.8895208313  2.6601095497  1.4874127273  1.5541431009  1.3726904764  1.9893933844
  2.0769324395  1.1438952724  0.7420675775  0.6211879910  0.4607091448  0.6955917654  0.9662809362  0.8606445302  0.8793399131  0.7718276750  0.6138585318  0.6447486024  0.5576239897  0.6012826688  0.6238353338  0.4914304942  0.7550975654  0.8137983663  1.1924029000  0.9475856955  1.1505245593  0.9985126738  1.1815212223  0.9654084735  0.5250794045  0.3785886347  0.5462334641  0.9255030980  1.4423438330  1.3429354733  1.3928517253  1.0445652836  0.8683249880  1.3512753133  1.2672232966  1.4009677007  1.6539493690  2.1407554862  2.8283421098  2.0135496266  1.2466173386  0.8347601350  0.6023577517  0.6154852446  0.6047118805  0.7137117690  0.8954591898  0.8621250081  1.0118253957  0.8460354468  0.9667751961  1.9127350081  2.4317279422  2.7488679652  2.3996445569  1.1699365830  0.6668943250  0.4971174691  0.3507368329  0.5436434864  0.5073084476  0.6116163038  0.5341004265  0.7092853470  0.9144877696  1.2419392623  1.3516281203  1.6536113076  2.3289126962  2.7626265447  2.6699946445  2.3115484629  2.6371398012  2.4751258582  1.9124373426  1.2096071245  1.1286693980  1.1566912216  1.2252691477  0.8758446517  1.1404863039  1.0320501905  0.9019899736  0.8628756843  0.8339096181  0.8641582991  0.9703976047  0.8372593411  0.5626475162  0.6608715837  0.7534842099  0.8523821682  0.8860888547  1.7694885177  4.0152456311  5.0281279759  2.2098592490  1.5415621315  1.1763187931  1.5431215267  1.6329206464
  1.4934980869  1.2992911226  0.6921792267  0.4082778960  0.4424719288  0.8074532648  0.9562679176  0.8476719374  1.0774509150  1.0120617652  0.9160170260  0.8593317314  0.4859825231  0.4380703915  0.5557388085  0.8069281619  1.0001250134  0.7660469120  0.8847301807  1.4127860386  1.5771346341  0.8623655303  0.6012329070  0.5982140101  0.7175173794  1.1288867729  1.4080080337  2.4242858622  2.1958657367  1.2410969536  1.1448216128  1.0388427768  0.9041589140  0.7514353162  0.8219693004  1.0099069490  1.3685787689  1.9817463526  1.7493189641  1.4429956752  0.8388643844  0.5985000148  0.5930717057  0.4752108997  0.6943755018  0.9021552446  1.1576045211  1.4690961231  1.0484114982  1.2262768802  2.3211393975  2.9897902530  3.8049974851  2.2389468461  1.2400035499  0.7629715063  0.4734614606  0.5553062656  0.7006076202  0.6942589607  0.7921186487  0.6950936450  0.6987470610  0.9138359963  1.2919679473  1.3078653273  1.8833857668  1.4845533211  1.3453966666  3.1601491681  2.2937522368  2.2868916007  2.5728536179  2.2879663888  1.5547058627  1.2727534256  1.1574666447  1.1066323287  1.1818191666  1.0418273281  0.8764584789  0.9234869625  1.3648782974  1.0157734920  0.8066629143  0.7383627572  0.6601580103  0.5008903379  0.7538531062  0.7122061269  0.8723143557  1.3945282435  2.8111230641  3.6637255950  3.2969082917  2.2670471709  1.4353208854  1.2331614138  1.0724384615  1.0912620863  1.4906940625
  1.1402525806  0.7354142062  0.3521295768  0.4556554832  0.9949666397  0.9597534996  1.3080989809  1.1768179756  1.3361374559  1.4391380943  0.7240675852  0.3958146307  0.5128574849  0.8122081734  0.9323594601  1.0095197376  0.7398651405  0.5518469042  0.8152190631  1.3051990105  0.7045890175  0.4348847343  0.6272066177  1.0780159820  1.4925440571  1.6609176022  2.6030633918  1.8507802698  1.0019100135  1.0057610314  0.7602159005  0.7841263477  0.7247194683  0.6016355807  1.1511672405  1.5358938069  1.5110360064  1.5928137474  1.6571105258  0.9834914275  0.9139666692  0.8716566659  0.5348025127  0.7024425499  1.1083071815  1.4663299372  1.4266323861  0.7711161358  0.8680838174  1.6306676458  2.2014083901  2.1788884309  1.8700340799  0.7454310439  0.5653641946  0.7243017633  0.7829567056  0.7357395424  0.8380927135  0.7569873098  0.6549212755  0.7561553780  0.7398663583  0.8072232964  0.9747088725  1.3077990012  1.7209045978  1.5566126310  2.3172974492  1.7023470919  2.2345946980  3.2075682960  1.6409951817  1.3226271223  0.8955089460  0.8885005986  1.3797654671  0.9841168678  0.7034296756  0.7403286173  1.1510354684  1.1955950668  0.9835234122  0.9543410206  0.9256610362  0.5490707937  0.5012849205  0.7718289769  0.8072899686  1.4219191773  3.1018894204  3.7872331135  4.5456503969  3.1346917601  2.2776619846  1.0863635036  1.1143643724  1.0916449510  1.0252204710  1.1146804727  0.7783770045
  0.6512953714  0.3687934726  0.4641532602  0.8707674968  1.0960311395  1.2759765202  1.4961281426  1.4168402801  1.4000522156  0.9852814785  0.5111661723  0.6990525496  0.9774354075  1.3475608230  1.0668616565  1.2263578989  0.8424640932  0.6664907495  0.7003115391  0.5263889463  0.5392008045  0.6272061246  0.9807234033  1.8378675752  1.6072813340  1.5791022650  1.1683153575  1.1040785816  0.9438223113  0.5885424875  0.5860389533  1.0120325120  0.8491090437  1.2837924364  1.3660738386  1.6292740201  2.0409860247  1.2463939541  0.8643494994  0.8077133289  0.6543369165  0.5815910611  0.7960161532  0.9243411339  1.3937360706  1.0970718909  0.6968224143  0.7265157955  0.7824885657  1.0766649312  1.4113344624  1.1122888375  0.5664974769  0.4147664706  0.6435203428  0.8562228072  0.8334485092  0.6615655797  0.4684928197  0.5876894304  1.2579327162  0.9443364749  0.7054821327  0.7734247017  0.9393560475  1.3186824888  1.4023366408  1.8090009487  1.4627156693  1.5326219360  2.3495327493  0.9444115460  0.5339100688  0.7756286637  1.1109336932  1.5798979604  1.2777608272  0.7679454199  0.8405155669  0.9681346978  0.9115955097  0.7197324367  0.9552987339  0.9243028024  0.6262248765  0.5958549148  0.9376897754  1.0799075106  1.6174482661  3.8551375623  3.0002381042  6.1068029902  5.0805115157  2.2149128593  0.9715893551  1.1675993645  1.0225810228  0.9439804762  0.9532874740  0.5647627218  0.6496318520
  0.7627588166  0.8602907174  1.6642852155  1.8200554078  1.0450377505  1.1628379192  1.0839039809  1.1433013035  0.8351663974  0.7168342029  0.6982321269  0.7848087788  1.6733807048  1.6526762363  0.6345972310  0.7087722928  0.5802278896  0.7326963546  1.0220867817  0.8339114675  0.5808880021  0.9887839152  1.5001150126  1.3173411362  1.0314981605  1.2371554753  1.0514479593  0.7222076167  0.5126550461  0.6256169132  0.9805203972  0.7679480125  1.0076161913  1.2203097056  1.6233996184  1.6015939636  1.2060480694  1.2019222200  0.8848376628  0.5982514884  0.6062100075  0.6377789956  0.6864857368  0.8376287750  0.9574799363  0.8119129725  0.6610089768  0.6215539284  0.6269732080  0.6897449933  0.5491719431  0.5278596378  0.4406623179  0.9672104273  0.7956666452  0.5865144998  0.7532790309  0.4480065607  0.5031168683  0.6388351735  0.7228121495  0.7132313501  0.8527516856  1.2293655630  0.9585128240  0.9360657238  0.9424240875  1.0163898300  1.1588857709  1.0660074008  0.6537743186  0.5212441737  0.7069299982  0.8033989837  0.6843407524  0.8838451376  0.9442856638  1.1466819166  1.0953644282  0.7178508790  0.6782601727  0.6997890484  0.8005966965  0.8237012719  0.6609125571  0.6675847738  0.8172508401  1.2112032410  2.9742794829  3.6220816404  4.6300758730  3.9464030244  1.5865883368  1.0874384711  1.0139087535  1.0407888552  1.0437633588  0.9818083840  0.7104489917  0.9882756593  1.1173481993
  1.1745452972  1.9887650076  2.5234262769  2.2288296203  1.2382824833  1.0471011833  1.3438183551  1.0298478953  0.9599355754  0.8263127835  0.7631633484  0.8762303382  0.8831446632  0.6004382461  0.6136043673  0.4804246831  0.5795335035  1.0409354307  0.8430339627  0.7249562523  0.5897754092  0.7236267641  0.6192478606  0.6159970752  0.9938149120  0.7286626523  0.5794120944  0.3588321085  0.4579065493  0.7962339983  1.0065295457  1.2331316130  1.1464664734  1.5426267411  1.4077196628  1.2245147199  1.1849777034  1.1324330032  0.6145521677  0.4856767241  0.4725648437  0.6259552025  0.7430716390  0.8974807640  0.9497553852  0.5470494927  0.3403469859  0.3359517166  0.5402265194  0.4734594456  0.4618272223  0.4228941268  0.5803158391  0.4127757699  0.5071458207  0.6390584678  0.4045229452  0.4442344404  0.5031279892  0.4962596317  0.5133154914  0.6376351873  1.0916649884  0.9749816113  0.8603305863  0.7553737925  0.7228015823  0.9722767781  0.9199375748  0.4941455780  0.6562671145  0.8783986517  0.6666043689  0.5647823285  0.6136343208  0.7332652088  0.9383712537  0.6143798462  0.5160079145  0.4551340909  0.4395275317  0.7084259306  0.5458561495  0.5417309366  0.6065110459  0.7800977154  0.9501879850  1.5199061337  2.7340230020  3.4263583373  2.1407207431  1.5322753126  0.9201781613  0.7308103147  1.0905160103  0.8692061040  0.6920494498  0.7960387058  1.2558295655  1.1377417173  1.1362148136
  1.4780187323  1.6971495682  2.3431556982  1.4148633938  1.0834138535  1.3625117031  0.9851851943  1.0183162379  1.0118909627  0.5968714329  0.4389253035  0.4856553482  0.5367426289  0.6447115250  0.7440730864  0.7436389513  0.8877776878  0.8395888457  0.8062762457  0.4899206365  0.4465293013  0.5846514857  0.4663472204  0.5982727309  0.5169597686  0.4116365892  0.2652661826  0.4766708687  0.8651097432  1.1411896263  1.1945605078  0.9906020560  1.2086977731  0.9481814794  1.1841926485  0.9669801027  1.0075528155  0.7968090789  0.5827608278  0.4168503216  0.3712200184  0.4091447820  0.4571765139  0.5357611633  0.6405060375  0.3491671039  0.3272209959  0.2976544486  0.4605958059  0.6819315262  0.5172232431  0.2886369700  0.2580433440  0.2841092709  0.4242153202  0.4446384038  0.2598012406  0.3315180573  0.3644253908  0.5359273543  0.9010424466  1.5108509242  1.0141816631  0.7299074716  0.8599286996  0.8140429704  0.8812564599  0.9543934847  0.9149902163  1.2527425752  1.3800130443  0.8931976342  0.7161261570  0.5471634220  0.7600233870  0.6623386061  0.4528966438  0.4783266635  0.3428555038  0.3952964633  0.5675174367  0.5700112858  0.4548063709  0.4681391817  0.7784839194  0.7607042028  0.9875424329  1.6645215738  1.9201131345  1.6046120419  1.0990932201  0.7801541538  1.0120023566  0.9908334862  0.8681076292  0.7995948578  1.2303188132  1.2093377270  1.2302124277  1.1279735026  0.9348318100
  1.1825776289  1.8615873840  1.6303267657  1.7231060823  1.1734240656  0.7981421754  0.8014071598  0.6152386742  0.6729841080  0.4974141856  0.2703452715  0.5253815515  0.7465773896  1.3469045909  1.2102880270  0.9058470801  0.8616129424  0.9922370605  0.6055842349  0.5557946558  0.4667877007  0.5353038544  0.5366662567  0.5241495278  0.4182065004  0.3846207771  0.6880472807  0.8956393218  1.1715288713  1.2331587302  1.1035583834  1.2505859899  0.9349086296  0.7595723041  0.9812215105  1.0247066333  1.0604399426  0.6861538386  0.5306451195  0.5502245696  0.3818634977  0.4309154296  0.4558193676  0.4616958464  0.3889243500  0.3577761676  0.2924905573  0.4376273760  0.6280864849  0.4539419864  0.3228774648  0.2695727940  0.2936674692  0.3676036458  0.4743698947  0.4156858752  0.3363979038  0.4079561097  0.6974988722  0.8131379513  1.0717962659  0.7043668376  0.5420791542  0.9348337588  1.0978104253  0.9606825239  0.6733815861  0.8936740337  1.5213294957  1.3680122034  0.9094590847  0.9618566673  0.8767105753  0.6243301837  0.4763534864  0.4985127246  0.5217657757  0.4721572666  0.5091919526  0.8565857328  0.5034411577  0.4093765624  0.4107480299  0.5571312472  0.5712149028  0.7862081227  1.0135434662  1.4088850950  0.9750641583  0.9389729385  1.0772812682  0.9628644585  0.5631879224  0.7641007629  0.7682311747  0.9431999691  0.8018288947  0.8039925154  1.5392091407  0.9505360478  0.9327182594
  1.5522184196  1.8427652750  1.4853919225  1.2507405534  0.8716377603  1.0221166164  1.1777660160  0.9586737964  0.4719325749  0.2858088553  0.6115938516  1.0934636450  1.5467602454  1.1462721457  1.0974480911  1.2424635556  0.9604752230  0.9939165734  0.5988777380  0.6008449836  0.4861463002  0.6768888658  0.5894984498  0.5444779752  0.4430819527  0.7497136014  1.6053444327  1.2576591284  1.1286966540  1.1104038116  1.2335394442  1.3053056125  1.2028484692  1.4918645846  1.5716114393  1.1856810367  0.9090404416  0.6773078429  0.4828612002  0.5014067104  0.5135426441  0.3964320349  0.2976532389  0.3851402697  0.3864153176  0.3529094994  0.5049184074  0.3993464762  0.3988378736  0.3092442614  0.2669249055  0.2869659096  0.3957876271  0.4712747723  0.5282342893  0.5815887795  0.5843659334  0.5596233087  0.5687652529  0.8466415837  0.9524755642  0.6371861511  0.7497565075  0.8808008612  0.6428690974  0.6137336662  0.7344719938  0.8661224255  0.7130766863  0.9764670297  1.0437506867  0.9087858930  0.6814527706  0.4860138810  0.4845326139  0.6339355809  0.5157988057  0.8748813887  1.0723397217  0.7058963168  0.3938538322  0.4956206685  0.5260196956  0.5771708497  0.6939659141  0.9617718761  1.0397094885  1.2353904487  1.1114792059  1.1825451049  0.8413522733  0.5064402293  0.6946507107  0.6776113396  0.8892346018  0.9768799411  0.8753257763  1.3998847971  1.3394835280  0.9947144717  1.3137202650
  1.3925629053  1.4400579443  1.6533684656  1.1491686996  1.3795355081  1.8855271784  1.2970244822  0.6375691740  0.5123693528  0.7577884734  0.8689091121  1.2226411566  0.9156472018  1.1062943715  1.5201168644  1.1726883779  1.6132893925  1.0377330911  0.6026087919  0.6232411554  0.7358213514  0.8152597402  0.5206488822  0.4611346613  0.9522001789  2.3073838778  1.8286843516  1.0969381924  1.4579434075  1.6073410147  1.5923876592  1.6838386998  1.6447488846  1.2367816879  0.9060159044  0.8315543053  0.7620441626  0.4274270402  0.4430556453  0.4653200604  0.4389125394  0.2691183168  0.2668608516  0.3821753663  0.4624035073  0.4327624969  0.3102959486  0.2942034900  0.2289715413  0.2541501457  0.3725977674  0.3863275233  0.4567936699  0.8930655207  1.1110280027  0.7648052930  1.0730029739  1.1065771265  1.1253354345  0.8917525696  0.7835053354  0.7931925927  0.8419409213  0.6933541742  0.6810987720  0.5911517618  0.4978189526  0.6375877018  0.8275894205  1.0508704483  1.1010325388  1.0494995060  0.6748703737  0.6426817610  0.5450031222  0.4712229069  0.6856658056  0.8104755120  0.5858416128  0.3296831302  0.4377459778  0.5279791069  0.8850252496  0.6068076275  0.7448737807  1.0998781449  1.6081384207  1.4781005813  1.2537742545  0.8723599449  0.6711123979  0.9524031218  0.8628860613  1.1340896603  2.0332615005  2.1005390954  2.7074069078  1.7277720790  1.2593867330  1.4418607551  1.2352821989
  1.7793325932  2.6936590395  1.6755313543  1.4207226502  1.3234272051  1.0230300985  0.7280309032  0.9153527822  0.6536164138  0.7915080032  0.9534935252  0.9537733727  0.9292417683  0.8815048793  1.2626902689  1.2874030031  1.0746703483  0.6464732471  0.6163694801  0.7512848125  0.9409471818  0.9823950839  0.6875418662  0.7411986906  1.1890938415  0.9707469670  1.0468514297  1.6207888048  2.4638879566  2.0102198328  1.0204536565  0.9631487857  0.7505926078  0.6470008812  0.6373427126  0.5768808179  0.5983640254  0.3696177735  0.2579320239  0.3206475716  0.2522247309  0.2213910807  0.4463255213  0.6922195072  0.5370021534  0.4590780055  0.3657178952  0.2364740744  0.2779667945  0.2781019726  0.3356653439  0.4736916044  0.6959493002  0.8944815635  1.1415331764  1.4801085302  1.2910350436  0.8701127233  0.7538518930  0.6577453439  0.4597394835  0.4639383462  0.6784826608  0.7736460570  0.6583288727  0.4890924598  0.6633556501  0.9451193133  1.3306877514  1.1164605964  1.2628579748  0.7991511627  0.4496936945  0.4808739371  0.5423580333  0.7475893022  1.0049856208  0.7160643063  0.5529879352  0.6760688864  0.7344766703  0.5939722776  0.6980415227  1.1694858251  1.2175308351  1.8445349242  1.5918082148  1.5313602473  1.1978941585  1.1508708077  1.6983984641  1.9440669731  1.6837951003  2.7093745368  4.1878494987  4.5496328596  2.4516429402  1.8630143876  1.5721549801  1.5335665874  2.2796573273
  2.3634082051  2.4546065971  1.6731087206  1.2059130450  0.9688099832  0.7164657988  0.8863466846  0.5024756494  0.8197321854  0.9915808233  0.7731165818  0.9343766821  0.6884125121  0.9394629606  1.0643513705  0.8673540354  0.5167951770  0.5634528866  0.9391442109  1.3182797768  1.0291398859  0.7723029170  0.8856904177  1.0040320801  1.0553973619  1.0503908652  1.6842732617  1.6051673882  1.0950713462  0.7352290698  0.6255905302  0.4357445962  0.4239854988  0.4090488670  0.3574637016  0.4422744230  0.3824756843  0.2160475760  0.1949751966  0.2491415866  0.3438143830  0.4989288301  0.8846514499  0.6907324112  0.5730532643  0.3953618636  0.2969192498  0.2209484884  0.2389641612  0.3395809664  0.5519745587  0.7418139807  1.0213134882  1.0133215858  1.5214245972  1.2415723198  1.1046511160  0.7744140984  0.8460256584  0.4176607668  0.3643006426  0.5844531176  0.7038557983  0.6969594790  0.6227818663  0.7209373207  1.1133203257  1.2025960107  0.9311903659  0.7315350648  0.7287716711  0.7753463437  0.5883991491  0.6027855277  0.8885621346  1.2298256551  1.4077177967  1.3357484363  1.0148413139  1.0906519179  0.7682172889  0.6505124336  1.0306431614  1.0123907503  1.1492760450  2.5160304058  1.9760455483  1.6371454270  1.6498203405  2.4361333194  2.2846706371  2.9594715319  2.6305013658  3.4767613849  3.9644728844  4.0347983886  2.9584761756  1.8890168046  2.3010279308  2.3251377214  3.0912813699
  2.7671590337  1.5800127138  1.9714723771  1.4478458616  1.2033406701  1.0920620536  0.8436932472  0.9538603016  1.0480791578  0.8185472074  1.0405406402  1.0314824671  0.7507949808  0.7890561210  1.0139153196  0.6001839877  0.8723530110  1.2783884074  1.1911805770  0.8822284065  0.7878901518  1.2178908661  1.4351673112  1.5722854958  1.5745092975  1.7145957659  1.0661909322  0.8778628097  0.8939852256  0.5022198106  0.2435021082  0.2349892255  0.2290947870  0.2522834739  0.2943110397  0.2287077285  0.1567341318  0.1788304194  0.2172964954  0.3678776162  0.6520387643  0.7261577380  0.7935968404  0.7437753647  0.6915199713  0.5178809488  0.2853524881  0.3040887645  0.4267457325  0.5922629911  1.3725304173  1.8012633959  2.0177357547  2.2205069792  1.1037905666  0.9418302384  0.7601442008  0.7179999625  0.4427615478  0.2897665021  0.4026477199  0.4548281558  0.5133338479  0.7751823732  1.0534605556  1.1714073095  1.0713518825  0.9756892511  0.5482949969  0.6043903533  0.8481267351  0.6637786717  0.7359796100  0.8367463841  0.8858483649  1.3500549051  1.5993246745  1.5868145561  1.4146400160  1.1194315796  0.8695963028  1.0830995284  1.1514137547  1.2943728062  3.0060058425  2.9022124516  2.8191424528  2.0342922226  3.4892439406  3.4117898143  2.9992387739  3.1783224821  3.0706623963  3.3259716756  4.0436548564  3.0191852747  3.4591284339  2.6749889025  2.0704927639  2.4193922609  2.2963193322
  2.4331598636  2.8575248473  2.2787993347  1.9876269718  1.6443940061  0.9237850143  0.6981754109  0.5441892323  0.6953776567  1.1549676473  1.2868945803  1.1037164184  1.4155742120  1.4116942613  0.8097106713  0.8837419166  1.0369679259  1.1070282174  0.9087518127  0.9779049156  1.0257652339  1.4447698116  1.4878732267  1.8746067925  1.4207494520  1.7739068110  1.0173390726  0.6491744811  0.3762721555  0.2334638885  0.2241208298  0.1744301077  0.2272956868  0.1977029584  0.1765434231  0.1243973679  0.2484491357  0.2489633576  0.3162345348  0.5219484868  0.6913383182  1.0553742046  1.2418726136  1.3780635126  0.9598883810  0.6866749144  0.6625473895  0.5830096970  0.5796708819  1.0012198469  1.6902482193  2.5204759276  1.7328219668  1.2448324119  0.9773152176  0.5167364944  0.5701392351  0.4321773271  0.5028265145  0.4958718540  0.4044275671  0.4252798881  0.6001321587  0.8891719540  0.8671326253  1.1675114194  0.8108678028  0.5302234809  0.5075358530  0.4138626065  0.4213382949  0.5115280357  0.5216222243  0.5021887501  0.9058453183  1.3388932100  2.2626900080  1.3695743731  1.0683083130  1.3250457593  1.0873495223  1.5871391790  2.0172610958  2.4496092523  2.2303774522  2.2684126905  2.6569509751  3.7920572130  3.6577038486  3.8741630922  2.6438494358  2.5159328067  3.6653403882  6.0710813996  4.5572931695  4.5529837311  3.4569308777  2.4607518326  3.1005417861  2.3005762303  3.2282148596
  7.6082157072  4.4241797002  2.6865756289  1.6723797509  1.4159837807  0.6603980156  0.4325762822  0.4549744707  0.6399337699  0.8039361806  0.8792179572  1.2729426596  1.1855482901  0.9352650844  0.8477918534  0.9659444561  1.1297310122  0.7432137051  0.9099361560  1.0995325483  1.2229272080  1.5233373225  1.4469207021  1.2932475959  1.3747109263  1.0112870779  0.5760615353  0.2130284524  0.2076319968  0.2446229978  0.1828147988  0.1896284513  0.1800649100  0.1679472131  0.1085468937  0.1129913759  0.1581087828  0.2112231008  0.4874552616  0.7750325744  1.1975951854  1.2354112413  1.3505916929  1.0769726876  0.8546523162  1.0061281622  0.8597003516  0.7572818777  0.7869921969  1.1699311449  1.7952448978  1.1802577702  1.4156293850  0.9833396017  0.4904029636  0.5437541771  0.5432967409  0.5618897443  0.6869925940  0.6689599489  0.5885632320  0.5754196230  0.6604461832  0.6881095755  0.7861318525  0.6371628484  0.5155009176  0.4755765065  0.3103910632  0.4363858606  0.4350570267  0.3941276749  0.4098246473  0.4209970560  0.7834869501  1.3014553471  1.1458855201  0.8288243689  1.4909341180  1.1907201097  1.8100446166  3.4514871476  2.9147220756  2.1417845938  1.4777955200  1.9183210682  3.3838564387  2.7066121003  2.1325008870  2.5427305116  2.8791072607  4.7900669065  6.9439022318  5.2591909594  4.0253746228  3.8186546127  3.8514493510  3.1399870050  2.8439693242  4.5686385030  7.0683876753
  5.5486611232  3.6841603928  2.5720477001  2.4660146353  1.1119799415  0.5457958074  0.4895182945  0.6383591373  1.0523165766  1.0612126873  1.2597114083  1.2085789287  0.7957964078  0.9620737113  0.8383101337  0.6559918588  0.7202635941  1.0254761746  1.7235259607  1.4694722730  1.5684790877  1.7027437074  1.0111552307  0.8164207804  0.5109155628  0.4460742190  0.2687726895  0.2096058206  0.3060759325  0.3039359873  0.2337994970  0.2719850951  0.1971119727  0.1007782522  0.1199108271  0.1595266756  0.2817280256  0.4183263319  0.6563367568  1.4027140303  1.2165891617  1.3024604375  1.1176706217  0.9889357271  1.0667163721  0.7178420016  0.6251125272  0.6727641377  0.8454293782  1.0868714563  0.9254320206  0.6391265015  0.6832940432  0.7158104254  0.7278285935  0.7954286730  0.5218098004  0.4935027903  0.7751507788  0.5654660286  0.4708054621  0.4206081486  0.5008459517  0.5647476719  0.4853816709  0.4251395969  0.3107553843  0.2392299404  0.3983318860  0.4985660883  0.3138357111  0.4214863421  0.5857685399  0.6459439531  0.7691676449  0.8603211016  0.9217135178  1.2135957934  1.1526146106  1.6989378736  2.7602427736  2.2039189132  1.7903692120  1.8108246164  2.3282107573  2.1796760561  2.2290122666  2.3929186065  3.4835249856  4.9312484505  5.7095562952  5.1395425733  4.8174743585  4.9891566260  5.3197400195  3.6562977528  3.7291633648  4.2897746126  5.4954581389  6.9912255727  6.5869119072
  4.4052145815  3.0322487249  1.6570077672  0.8508381317  0.4847324053  0.4533488003  0.6801134974  0.9613292311  1.1740887300  2.0011562010  2.2462674202  1.6240489369  1.3806333473  1.4121908096  0.8337899157  0.7919590351  1.4315556807  1.4524095830  0.9827157619  0.9270267425  1.1857875642  0.7356369424  0.4412356302  0.2779658548  0.2550517187  0.2232860913  0.2839995178  0.3322274514  0.3406868087  0.2440878540  0.2858679671  0.2490933466  0.1663516009  0.1374025886  0.1676446871  0.4288414597  0.4969397026  0.5504464795  1.5038812823  1.3110868361  0.9023260339  0.8443508473  0.9864381901  0.9013031975  0.7481326805  0.4797829766  0.4566823822  0.5684698053  0.5807104071  0.3173397917  0.2963710050  0.4147841526  0.6089953513  0.7646221537  0.8465095477  0.5275146359  0.3098924201  0.3573661170  0.4190912001  0.5435061995  0.4921624469  0.5732209734  0.6337058800  0.4339438248  0.4876745796  0.2405384365  0.2670952000  0.3086445754  0.3548355255  0.3597226778  0.4058321266  0.7914641605  1.0344323550  0.8500685644  0.9605007104  1.2706789505  1.7456123397  1.4223044839  2.4247501470  3.2775061069  2.0806597017  1.9264739648  2.4884959081  2.4279088036  2.1304657076  2.1736657250  3.1236641797  4.5782327239  8.1284848487  5.4684597959  4.5057215650  5.6850241572  6.4311070481  3.5761901720  2.3158333800  3.2963192429  5.6391733380  4.4126170790  6.0050544620  9.2922511641  6.8475959234
  3.1809130139  1.3784730418  0.5195997773  0.4611636291  0.4064578217  0.5713799995  0.7273254547  1.5094058599  3.0957172035  2.7535540113  2.0604775915  1.2704733386  1.1454022579  1.1000708359  0.7974677862  1.1247693479  0.8527448664  0.6425254111  0.7739413709  0.8677653436  0.4382727544  0.6496750615  0.3184720147  0.2561124617  0.3685852473  0.4742101483  0.4099541997  0.4684504342  0.3287683347  0.3045722932  0.3822313701  0.3496958759  0.2937274717  0.2674871833  0.4657252946  0.8670967916  0.8815651307  1.3845663415  1.5021730534  1.0093732764  0.6834190203  0.5693063228  0.6602093393  0.7167063622  0.5494126390  0.4888289202  0.3901688341  0.4297505808  0.2933008208  0.1993878782  0.2712610229  0.4236285722  0.4406011844  0.6769178897  0.4728439296  0.3782088294  0.3360767351  0.4459555449  0.6617492590  0.5968642235  0.5669280473  0.5825956135  0.3477102633  0.3528384859  0.3660251286  0.3360451393  0.2536008564  0.3113467658  0.5091366109  0.4706823301  0.9143886844  0.8473171292  0.8838181860  1.2246785739  1.8536808769  2.6575498234  2.2008585348  3.3000078751  3.6068157112  1.9411684147  2.5243436211  3.0371398274  3.1931974882  3.3526198679  3.6776968243  3.3130944617  4.2136377777  8.0888224062  7.3419825884  4.9809281740  6.0519953649  4.8487888451  4.3057217120  4.5283023233  4.3519387010  4.8510390677  6.1465221977  6.9951902184  10.4524972628  7.8006985281  3.7059910804
