  1.1106768029  1.0363592829  1.0225248372  1.0166210940  1.0082115089  0.9796898663  1.0088528853  0.9957388941  1.0684071580  1.0188294079  1.0055478866  0.9846609316  1.0235024990  1.0874172846  1.1001199396  0.9994147861  0.9761982276  0.9976480771  1.0068446475  1.0507126423  1.0192027670  1.0065270830  1.0113712379  1.0266788780  0.9949963170  0.9706197076  0.9891047800  1.0396291666  1.0008692163  0.9730374789  1.0042229706  1.0398759134  0.9861739822  1.0000171548  0.9759806293  0.9749386932  1.0060639787  1.0118299648  0.9608941334  0.9823475042  0.9534918262  0.9183402130  0.9024028349  0.9376381254  0.8924765682  0.8870301962  0.8686197199  0.8753920225  0.8073246037  0.8084416642  0.8109824885  0.8358143325  0.8532989939  0.8590071952  0.7924319379  0.8591314575  0.8916047657  0.9245440076  0.9246476937  0.9535251007  0.9539755154  0.9230784012  1.0109726884  0.9827789774  0.9737090623  0.9561272463  0.9611688202  1.0252406281  1.0739633017  1.0866546833  1.1215943496  1.0606094283  1.0811240772  1.1194803495  1.0858849229  1.1326994284  1.1788945945  1.2155312732  1.1926061154  1.2143179316  1.2081281500  1.2267240911  1.2815520012  1.3483434553  1.2746953802  1.2339551443  1.2569940834  1.2787535671  1.2104074239  1.1518928091  1.1618217009  1.2081161068  1.2420248817  1.2555190955  1.3184838302  1.2980904494  1.2843671086  1.3112042172  1.2382210854  1.1670832820  1.1446537332
  1.1051938745  1.0327326301  1.0162821756  0.9963820427  0.9870735133  0.9836527985  0.9719242886  1.0007621719  0.9791927066  0.9766524013  0.9824930966  1.0665726740  1.0693067162  1.0983903180  1.0571399101  1.0656999209  1.0824910435  1.0484450737  1.0357113408  1.0026003200  1.0397066845  1.0668438982  1.0674666982  1.0404328925  1.0040079176  0.9773743747  0.9999417063  1.0049506345  1.0049806156  1.0011922996  1.0387366107  1.0080691913  1.0120512560  0.9778729451  1.0002655487  1.0141516397  1.0011070972  0.9612452952  0.9821590775  0.9539401969  0.9211715562  0.9351656763  0.9001106617  0.8861432016  0.8888991280  0.8746233196  0.9140570319  0.8590625415  0.7983842110  0.7919090491  0.8295610923  0.8503564188  0.8691816074  0.8635598455  0.8396924274  0.8524398153  0.8722994687  0.9069894257  0.9500746597  0.9454654805  0.9593602876  1.0145446416  0.9995135169  0.9685631584  0.9758548184  0.9729184128  1.0615591300  1.1180382707  1.1177721002  1.1328821953  1.1215865387  1.0857385306  1.0488867132  1.0337028887  1.0885624201  1.1709405493  1.2300025964  1.2172123219  1.2333737365  1.2375276328  1.2406999748  1.2531784958  1.2810535520  1.2581498648  1.1725389980  1.1807337255  1.1943649786  1.2104312285  1.1307251108  1.1136452379  1.1392368841  1.2549658661  1.3137829449  1.3319710781  1.2903801021  1.2806585695  1.2658072993  1.2329643032  1.1690574846  1.1389373641  1.1262005133
  1.0457069591  1.0204323900  1.0133494308  0.9690711407  0.9855631026  0.9270125976  0.9420097546  0.9514381908  0.9261393183  0.9916456739  1.0423368604  1.0549717969  1.0065390728  1.0200406823  1.0830830081  1.0956352699  1.1060511104  1.0577710656  1.0363564858  1.0146709918  1.0619174369  1.0743292631  1.0611153345  1.0073247769  0.9932115699  0.9844275090  0.9751295242  1.0145181539  0.9845049495  0.9807571449  0.9980344897  1.0489716491  1.0246118678  1.0323919357  1.0249073064  0.9894010817  1.0452954390  1.0110256289  0.9903098715  1.0032932761  0.9517108583  0.8946578863  0.8774641067  0.8752355230  0.8723080275  0.8924310011  0.8400329812  0.7572927096  0.7749193290  0.8014296710  0.8540326552  0.9107901123  0.9307320204  0.8717666886  0.8659101169  0.9099684231  0.9290309497  0.9632509245  0.9812895362  0.9973828666  1.0352326912  1.0298365140  0.9852420805  0.9949424619  0.9868804000  1.0900375881  1.1152140069  1.1104411895  1.1272118734  1.1299817389  1.1230665910  1.0963470062  1.0607717428  1.1112340778  1.1676768888  1.2350449013  1.2427701204  1.2089985410  1.2693429342  1.2361438865  1.2589361756  1.2904904846  1.2379510387  1.1310994084  1.1134375411  1.1412866263  1.1317230781  1.1494445419  1.1117910891  1.1533479109  1.1930141865  1.3160761536  1.3174265995  1.2270126727  1.2064560557  1.2067264034  1.1692280395  1.1595168973  1.1712088052  1.1042315102  1.0459033571
  0.9606457038  0.9333409072  0.9121382269  0.9579490548  0.9432618868  0.9157286952  0.9189632270  0.9408757672  0.9918899759  0.9652250281  0.9938386034  0.9754103185  0.9849980444  1.0111357899  1.0624806258  1.0831873338  1.0803027550  1.0287680182  1.0077311050  1.0117441232  1.0123598704  1.0148228002  1.0395061391  1.0027047663  0.9798187845  0.9938500904  1.0182137958  0.9956610721  0.9696422159  1.0220382538  1.0683949942  1.0509309887  1.0757534647  1.0956954878  1.0547831604  1.0805921577  1.0496993334  1.0344572312  1.0093466887  0.9453634773  0.9005583438  0.8697166771  0.8566414428  0.8927663954  0.8526139966  0.8360292392  0.8125865995  0.8230153069  0.8511973663  0.8950552792  0.9176003880  0.8976883012  0.8949895397  0.8997141779  0.8971091172  0.9305581797  0.9821857102  1.0238179597  1.0066615135  1.0130702518  1.0026947810  0.9424499495  0.9715748686  1.0271183239  1.0871217198  1.0936675142  1.1280258462  1.1244549930  1.1460716615  1.1371834656  1.0936658157  1.0691701894  1.0982635657  1.1735186218  1.1565391415  1.1955596987  1.1689780652  1.1941701762  1.2112549795  1.2608677594  1.2660392142  1.2059040059  1.2026820663  1.2003589125  1.1662896507  1.1058884221  1.1370631921  1.1167148923  1.1651760302  1.2152780192  1.2244628410  1.2278930952  1.1675527534  1.1752610873  1.1771417467  1.1550451813  1.1836333974  1.0973644143  1.0553400892  1.0300052001  0.9574955325
  0.9728601033  0.9311805086  0.9100927701  0.9307186367  0.8930547833  0.9196870257  0.9901675150  0.9980877836  0.9305491901  0.9344541288  0.9438529671  0.9856864994  1.0109783427  1.0344967084  1.0131506441  1.0413393875  1.0337975628  0.9692659704  0.9459692282  0.9935656060  0.9828151961  0.9881377870  0.9998025181  1.0030745005  1.0075713832  1.0609073672  1.0233964344  0.9735916399  1.0329920749  1.0991994595  1.0934751370  1.0707140254  1.1015894300  1.0685026082  1.0769525135  1.0655915265  1.0287704271  0.9958541188  0.9520346853  0.9013106097  0.9284580144  0.9064301664  0.9502993731  0.9104864428  0.8829454284  0.8699390766  0.8624385710  0.8983396910  0.9389171931  0.9127364968  0.9206162667  0.9332491734  0.9273998324  0.8958216382  0.9817093048  1.0025241857  1.0253595272  1.0273728176  0.9889319071  0.9292220942  0.9079387796  0.9241026359  0.9566666678  1.0123788926  1.0940776996  1.1679746280  1.1868210520  1.1504295868  1.1192543046  1.1179004439  1.1279786708  1.1246850487  1.1497185862  1.1823707124  1.1848655486  1.1605599891  1.1775720592  1.1555248450  1.2032204839  1.2204763712  1.1990861562  1.2089398000  1.1993213399  1.1787761579  1.1526548890  1.1593098012  1.1471636327  1.1575232081  1.2104926379  1.2147565370  1.2473331597  1.1851442961  1.1891327494  1.2271362277  1.1417944826  1.0846389095  1.0965249325  1.0518554457  1.0433890069  0.9718593929  1.0098074156
  0.9713222342  0.9392597865  0.9253341309  0.9258568595  0.9224748960  0.9378892717  0.9202576527  0.9418740030  0.9222465681  0.9185452094  0.9848211511  0.9655563197  0.9553824539  0.9898651475  1.0238108910  1.0705919085  1.0171442083  1.0073294679  1.0092241718  0.9998804616  0.9912152485  1.0267772545  1.0841047867  1.0812348725  1.1148802036  1.0062045045  0.9912545910  1.0220196559  1.0581787085  1.0468459433  1.0871864882  1.0777860483  1.0700930008  1.0413431746  1.0842620480  1.0447557145  1.0064770352  0.9938522612  0.9454697031  0.9802895535  0.9473142265  0.9035279791  0.8962450125  0.8764209241  0.9178114332  0.9200087955  0.9743280228  0.9778197494  0.9681048240  0.9668813350  0.9705192913  0.9568884710  1.0193187370  1.0795179835  1.0804674292  1.0038531730  1.0294472112  0.9798057750  0.9143026588  0.9313421317  0.9451511136  0.9509809396  0.9500960576  1.0192849963  1.1327374205  1.1775754365  1.1186281763  1.0977492831  1.1229691457  1.1125175847  1.1158650680  1.1516423536  1.1567149826  1.1716926127  1.1574270430  1.2074755877  1.1645980313  1.2182423556  1.2692599573  1.2559878327  1.2154853330  1.2270894423  1.2501889252  1.1750697061  1.1088887408  1.1302670648  1.1339097086  1.1818927368  1.1273999285  1.1089355019  1.1437114588  1.1434399862  1.1378656212  1.1396291143  1.1075532850  1.1348714953  1.1042407925  1.0444277053  1.0744209990  1.0541460534  1.0176559747
  0.9624946413  0.9538641837  0.9376384836  0.9186741826  0.9182435663  0.9736311537  0.9667338523  0.9273596186  0.9478920006  0.9465717740  0.9572418897  0.9700685236  0.9889824217  1.0200158348  1.0554158388  1.0146233256  0.9908480203  1.0083366097  1.0074698091  1.0273135333  1.0550297423  1.0749330488  1.0899540898  1.0819061887  1.0223267813  0.9843991846  1.0273344461  1.0588098816  1.0737089885  1.0736727551  1.0530379303  1.0383118433  1.0272258906  1.0602988593  1.0294357174  0.9856727116  0.9885679585  0.9355377151  0.9447539135  0.9499252325  0.9051526176  0.9046901461  0.9651138187  0.9582343939  0.9625261984  0.9784339490  1.0012183041  1.0161110252  1.0228154293  1.0294579864  1.0403531699  1.0772693437  1.1154617664  1.0967792536  1.0631129261  1.0581547311  1.0391847167  0.9537345424  0.9503990654  0.9255689881  0.8768269358  0.9439985125  1.0240094283  1.0364109977  1.0678025628  1.0927254176  1.0894042718  1.1380486330  1.0861434487  1.1293601299  1.1558128292  1.1416984439  1.1123124856  1.1272422327  1.1657025039  1.1478534655  1.2354210648  1.3293355170  1.3041267792  1.2608645749  1.2310300182  1.1736774608  1.1053795923  1.0693019234  1.0355766794  1.0612892321  1.0584014023  0.9972762006  1.0498157917  1.0823163173  1.0945923407  1.1009180452  1.1441322058  1.0775040127  1.0826166845  1.0403101756  1.0013911786  1.0663050645  1.0333005366  1.0542448077  1.0512683709
  1.0073381135  0.9690162365  0.9305462328  0.9339435195  0.9523924769  0.9214140688  0.8923189693  0.8946640741  0.9130084309  0.9274559308  0.9664461788  0.9963630122  1.0107850514  0.9848167411  0.9731152739  0.9516556374  1.0350630674  1.0253243322  1.0075255469  1.0523492711  1.0764866767  1.0261182841  1.0312076944  1.0762679909  1.0315430565  1.0158730739  1.0375567234  1.0630809091  1.0659436593  1.0627476945  1.0532229994  1.0506357992  1.0502863843  1.0082401509  0.9839646872  0.9602190817  0.9639589440  0.9109370022  0.9460429019  0.9606494430  0.9765358810  0.9929569109  0.9695084603  0.9921639901  0.9742952207  1.0095629638  0.9997047587  1.0409847066  1.0554502169  1.0610731843  1.0863189254  1.0889578121  1.1122751641  1.0951818226  1.1257114069  1.0653551599  1.0019743538  0.9484063079  0.9477660386  0.9307055197  1.0011011262  1.0125002071  1.0326693085  1.0373828470  1.0847128847  1.0939488491  1.1212950555  1.0964918532  1.1148799447  1.1398459878  1.1359445356  1.1123077178  1.1395875539  1.1568584370  1.1327898134  1.1985206836  1.2165698564  1.2093634653  1.1590139765  1.2017348892  1.1817139635  1.0748869147  1.0469861461  0.9943977274  0.9427377104  0.9625709375  0.9789386186  0.9694817722  0.9890634695  1.0141681735  1.0615281734  1.0973542247  1.0691644831  1.0130730026  1.0348539654  1.0256799356  0.9581834715  1.0289279117  1.0658556292  1.0218949799  1.0042557302
  0.9799602898  0.9538982705  0.8986277222  0.8796664790  0.9099339041  0.8835089694  0.8876706642  0.8890373694  0.9044848216  0.9492678485  0.9413288072  0.9576826360  0.9539573532  0.9530321147  0.9587974309  0.9769426379  1.0145851006  1.0039892326  1.0253532732  1.0155712755  0.9828074828  1.0162796928  1.0524055407  1.0345753513  1.0251637363  1.0487820776  1.0383337635  1.0733575654  1.0723367244  1.0120555882  1.0591975426  1.0343314961  0.9777188555  0.9493867294  0.9759410207  1.0234062866  0.9842973998  0.9616791651  0.9758491626  1.0163048537  1.0077757279  1.0170004236  1.0071172574  1.0369413598  1.0198036832  0.9854430571  1.0388192052  1.0774067961  1.0653128481  1.0883860471  1.1121860899  1.1266588020  1.1328017119  1.0963082528  1.0419404191  1.0442996717  0.9875332503  0.9397123100  0.9700458522  0.9790094658  0.9980109844  1.0119879957  1.0413248057  1.0430983352  1.0739259691  1.0843770427  1.0847538568  1.0763075379  1.1366057934  1.1718200496  1.1424937393  1.1754044069  1.1414872873  1.1274644292  1.1585634511  1.1378750046  1.1708491754  1.1133242150  1.1134015576  1.1101315973  1.0563100185  1.0300459027  1.0017952689  0.9633349844  1.0178656225  1.0278608033  0.9786731523  0.9495627427  0.9527465261  1.0066053292  1.0343602333  1.0356567185  0.9830197231  0.9484184980  0.9379472667  0.9864130593  1.0778873400  1.0838139543  1.0128850373  0.9803918546  0.9765581508
  0.9265746196  0.9580509544  0.9248291500  0.8745227350  0.8456894096  0.8466534227  0.8556930063  0.8918772129  0.9319008316  0.9220285339  0.9239229947  0.9212282960  0.9015449634  0.8965020774  0.9616846793  1.0211729154  0.9911270057  1.0168695567  0.9901028137  0.9862262636  0.9908018746  1.0358295083  1.0827347335  1.0634926172  1.0501359844  1.0746594972  1.0904554987  1.1195631269  1.0187217057  1.0110910672  1.0313670809  0.9609805347  0.9728952284  1.0402871105  1.0627495799  1.0686985983  1.0097952770  1.0143910937  1.0421502022  1.0012672210  1.0484138366  1.0213609419  1.0162442745  1.0393292765  1.0150158789  1.0384432880  1.0663315893  1.0991503980  1.1598879956  1.1555310093  1.1696535388  1.1604485551  1.1504060503  1.0773885593  1.0286846808  0.9911367046  1.0038149504  0.9659202457  0.9707443186  1.0271473210  1.0095903844  1.0477902111  1.0602608820  1.0631573442  1.0777299542  1.1146274977  1.1292758988  1.1754967036  1.1818615000  1.1672759627  1.1585141448  1.0679051562  1.1133290911  1.1118371596  1.0595165783  1.0829880659  1.0662652714  1.0633204045  1.0699495939  1.0413504232  1.0174505171  0.9953132857  1.0160806011  1.0102707593  1.0091505669  0.9916648965  0.9389531780  0.9121665866  0.9720543638  0.9881653136  0.9998786120  0.9578323731  0.9432841310  0.9623953579  0.9558593169  0.9961632810  1.0453362236  1.0168904544  1.0593304914  1.0351127465  0.9622197559
  1.0067514399  0.9674035126  0.9061288101  0.8684302128  0.8372732401  0.9072600464  0.9374521584  0.9420298785  0.9502366042  0.9448502175  0.9323171767  0.8849346157  0.8956523148  0.9678493750  0.9791220948  1.0096242607  0.9733387075  0.9885021638  1.0125878560  0.9765102416  0.9983312074  1.0306854445  1.0297800541  1.0078680042  1.0098645613  1.0336540713  1.0477056479  1.0283843847  0.9970279799  1.0491099107  0.9989557147  1.0308786471  1.0376629514  1.0284979636  1.0925184872  1.0550510456  1.0336285265  1.0680908325  1.0442563611  1.0213262576  1.0072353807  1.0413628063  1.0518910016  1.0308210635  1.0467925588  1.0774601145  1.1235464151  1.1736821224  1.1551011686  1.1731758688  1.1576093636  1.1678262908  1.1062700980  1.0338267386  1.0383689653  1.0562745405  1.0260178703  0.9867104949  1.0476701127  1.0678149261  1.0832504986  1.0733385514  1.0664969949  1.0414255121  1.0728398592  1.1748674331  1.2279118374  1.1834518936  1.1659760556  1.1802466951  1.0768264225  1.0360222551  1.0641116925  1.0100390083  1.0117331806  1.0067599601  0.9969933717  1.0200960155  1.0157212968  1.0429561922  1.0239461109  0.9857699023  0.9684638104  0.9733567394  0.9820941524  0.9323380307  0.8660822086  0.9534272219  0.9988310082  0.9778003864  0.9439361192  0.8962366388  0.9124778437  0.8893257490  0.9684751449  1.0317813875  1.0115472606  1.0471320105  1.0315920160  0.9569098244  1.0076274086
  1.0023145892  0.9635084309  0.9089524463  0.8911078747  0.9107547388  0.9457177076  0.9724367634  0.9312943124  0.9383540723  0.9392292808  0.9092262268  0.9399199902  0.9379349564  0.9698184506  1.0329923181  1.0189031356  0.9858405016  0.9500201430  0.9607129712  0.9469692165  0.9539338568  0.9854618026  0.9578635983  0.9652433217  1.0055166889  0.9924507255  1.0094840540  1.0259632160  1.0182056196  1.0446584718  1.0120414434  1.0031216890  1.0406065404  1.0860069023  1.0588184802  1.0325082859  1.0543573559  1.0318966041  1.0514377102  1.0200146880  1.0612999808  1.0590576486  1.0723143683  1.0380654861  1.0514839131  1.0627751580  1.0766648485  1.1402913826  1.1786474824  1.1635968216  1.1252516769  1.0838698770  1.0435726493  1.0872257549  1.0875249071  1.0502453915  1.0548972727  1.0733953758  1.0908214910  1.0688525876  0.9992564631  1.0196127049  1.0204954128  1.0997005545  1.1426855116  1.1167788853  1.0847905849  1.1289325969  1.1355203987  1.0798500310  0.9972357649  1.0157968030  1.0184236967  0.9872913051  1.0191952092  0.9926689326  0.9718081765  0.9620825306  0.9738811483  0.9839028244  0.9691110321  0.9681487981  0.9687903619  0.9608596386  0.9202982838  0.8860446665  0.9451637233  0.9842039009  0.9947847238  0.8970893270  0.8903354324  0.9052139387  0.8891491177  0.9507534751  0.9936608757  1.0074579864  0.9746573513  0.9490666389  0.9062539060  0.9336942403  0.9478678920
  0.9800504231  0.9754633934  0.9100204476  0.8750115837  0.8960010599  0.9527778615  0.9596561304  0.9942273247  0.9629192400  0.9465948813  0.9824457506  1.0171248875  1.0107101503  0.9984780942  0.9914186765  0.9580758064  0.8860782256  0.8646845791  0.8920916641  0.9174181498  0.9215093531  0.9142694142  0.9373249242  0.9606197508  1.0266877086  1.0068547798  0.9853989600  1.0103597402  1.0468606895  1.0215328808  1.0634265500  1.0463506047  1.0807846029  1.0723610751  1.0536064154  1.0210523128  1.0005778944  1.0504107237  1.0948774880  1.0753033546  1.0496738641  1.0319346545  1.0459470546  1.0802967382  1.0667149846  1.0816959600  1.1073705005  1.1535540289  1.0949791166  1.0947439722  1.0396709507  1.0461307424  1.1050129054  1.1029765553  1.0527997181  1.0796466237  1.0499896020  1.0337486278  1.0714146670  1.0361365346  1.0630174270  1.1096389825  1.1360830552  1.1269234279  1.0609532953  1.0455770427  1.1006457001  1.1253838630  1.0304884357  0.9614168540  0.9903529420  1.0023783433  0.9565737457  0.9969926753  1.0125511303  1.0019179157  0.9591202165  0.9391560093  0.9304951987  0.9607728688  0.9808643795  1.0028630446  0.9828963462  0.9425637908  0.9368663960  0.9606053339  0.9735881769  0.9711944748  0.9220029092  0.9284793763  0.9247309276  0.9079734415  0.9370574478  0.9326999287  1.0177762546  0.9887366094  0.9308889770  0.9120276172  0.8861543191  0.9258208961  0.9708895358
  1.0163170462  0.9309431848  0.9133339050  0.9172658107  0.9157387918  0.9274614374  0.9242639501  0.9071722634  0.9405496416  0.9519252343  1.0019622381  1.0292701942  1.0175386174  0.9663406440  0.9047224151  0.8492906158  0.8614008382  0.9007524031  0.8788056911  0.8919638529  0.8695529966  0.8527949515  0.8987309283  0.9845118941  1.0470706434  0.9891003746  0.9853104413  1.0095649716  1.0312639034  1.0510781243  1.0357213243  1.0387959013  1.0378427144  1.0308323365  0.9916691422  1.0478170628  1.0865033350  1.1145830701  1.0626667612  1.0998254938  1.0664479856  1.0722187939  1.1195185153  1.1639583706  1.1762457394  1.1372278026  1.0790657612  1.0132752153  1.0516371688  1.0425250010  1.0727394598  1.0792907463  1.0669196082  1.0672517326  1.0403807009  0.9966808867  0.9956169634  1.0313375123  1.0495057140  1.0998577204  1.1209112480  1.0979632266  1.1128900180  1.0302299715  1.0070856615  1.0398558770  1.0387410380  0.9829012729  0.9658208855  0.9886316578  0.9793595935  0.9760577811  0.9901633360  0.9712973093  0.9680022882  0.9607031709  0.9576542284  0.9628163958  0.9920481102  1.0197124723  1.0111473864  0.9938697576  0.9901557361  1.0104845064  1.0296350577  0.9996737193  0.9745717503  0.9112252738  0.9078826018  0.8725802182  0.9151901523  0.9270626926  0.9393217024  0.9851193257  0.9821197781  0.9448069698  0.9645010988  0.9150045679  0.9499620030  0.9923617760  1.0479275023
  0.9697671206  0.9813266449  0.9501576482  0.9093826566  0.9040906325  0.8833877237  0.8947452286  0.9070924771  0.9264500044  0.9447669667  0.9867538220  0.9746344961  0.9360562816  0.9261653782  0.9313095760  0.9164765762  0.9124945858  0.9306331815  0.9055156635  0.8488131632  0.8483483659  0.9084868155  0.9456822003  0.9329296819  0.9315361454  0.9265913206  0.9926905359  0.9941404023  1.0235160637  1.0116237454  1.0050355787  1.0124396199  0.9942257886  0.9932995720  1.0411704665  1.0749095899  1.1188141213  1.0562323617  1.1166342471  1.1148448140  1.1127263332  1.1415142458  1.1702521994  1.1364097643  1.1117619840  1.0309640340  1.0070652038  1.0506605679  1.0502481363  1.0970291607  1.1052485852  1.0824511681  1.0426850746  1.0200197781  0.9782319648  0.9429614009  0.9605654522  1.0153757516  1.0672873913  1.0890974036  1.0842529708  1.0655006520  1.0448221825  1.0266800967  1.0078535611  0.9879051071  0.9676678294  0.9387802919  0.9468035031  1.0026824688  0.9860855364  1.0023074608  0.9728635728  0.9678848018  0.9742784005  1.0089775770  1.0118654010  1.0217457981  1.0784249041  1.0454598783  1.0270755727  1.0424732907  1.0781721326  1.0170851269  1.0012849683  0.9633042828  0.8861574679  0.8738090481  0.8426567374  0.8459168071  0.8764048670  0.9318658737  0.9765646195  0.9852213678  0.9957594373  0.9970828957  0.9977496562  0.9799481756  1.0272302769  1.0145507020  1.0080324859
  1.0129901836  0.9754507655  0.9137006702  0.9376641983  0.9195191183  0.8981405769  0.9163914218  0.9319642576  0.9304648113  0.9296139884  0.9749460985  0.9578563345  0.9881329951  0.9967439127  0.9709672828  0.9440229569  0.9155555805  0.8866824156  0.8532644523  0.8379772409  0.8977541418  0.9477452736  0.9709409502  0.9594952037  0.9411218609  0.9955393685  1.0329597451  1.0522541424  1.0801285240  1.0708062488  1.0391153617  0.9848172099  0.9732856051  0.9988145369  1.0853666361  1.1384627363  1.0660059473  1.0938405874  1.1436453109  1.1421260954  1.1618832905  1.1335734497  1.1596701829  1.1574262050  1.0505642762  1.0485179816  1.0242665149  1.0258583970  1.0761908189  1.0996246356  1.0937304788  1.0182187953  0.9910586460  0.9534297262  0.9596902507  0.9518804748  0.9717876292  0.9874111201  1.0446221765  1.0795851704  1.0548872453  1.0158891071  0.9977115651  1.0080879277  0.9630466975  0.9616722346  0.9493626051  0.9396699908  1.0017879519  1.0027995540  0.9883987569  0.9902578978  0.9876375496  1.0197541324  1.0261712967  1.0764401063  1.0476208906  1.1003096943  1.0918145824  1.0695451566  1.0806136084  1.0540511602  1.0555714140  1.0163875246  0.9486933886  0.8609422763  0.8301829715  0.8753437090  0.8534383754  0.8403446405  0.9147720286  0.9298190700  0.9535832024  0.9366601105  0.9740197442  0.9806174218  0.9941357146  1.0507310647  1.0052939604  1.0210599952  1.0215832805
  1.0069528115  0.9789821109  0.9481704054  0.9388743596  0.9180125337  0.9258757385  0.9463338441  0.9746812493  0.9445920612  0.9617200872  1.0212025395  1.0177830129  1.0189732665  0.9990705146  0.9551431773  0.9378713511  0.9329659671  0.8849939492  0.8558561192  0.9284748040  0.9538726423  1.0082030943  0.9931287911  0.9636953432  0.9481321110  1.0352010290  1.0422785919  1.0500871180  1.0645499460  1.0317532607  1.0337564698  1.0102228894  1.0364432470  1.0766866896  1.0507257174  1.0562822814  1.0905645520  1.1206412252  1.1597180570  1.1439118156  1.1474616562  1.1368198743  1.1257641419  1.0497123432  0.9885473513  0.9749868381  0.9659567147  0.9825816571  1.0944114462  1.1160413961  1.0663576066  1.0674854751  0.9838908648  0.9479088483  0.9220743750  0.9118671773  0.9389490686  0.9658148149  1.0154482709  1.0362982722  1.0355341806  1.0056781659  0.9927072147  0.9901190268  1.0208622861  1.0548535544  1.0682267305  1.0458763351  1.0138327455  1.0129981804  1.0292250031  1.0232131328  1.0437075093  1.0450150975  1.0952380871  1.1230650198  1.0787709809  1.0672687217  1.0793796832  1.0923326713  1.0879120484  1.0029467801  0.9838139489  0.9385246313  0.8485792672  0.8443545397  0.8260349391  0.8091880051  0.8552456738  0.8828763671  0.8850068464  0.9205047849  0.9283511667  0.9593522369  0.9641293971  1.0268542828  1.0457130558  1.0124259213  0.9714509532  0.9774312202  1.0180545714
  1.0353964494  0.9805926965  0.9559522593  0.9354307909  0.9414310591  0.9417992485  1.0065326576  0.9831034978  1.0089764274  1.0678170274  1.0606260976  1.0435810962  1.0425013225  1.0107538813  0.9861351810  0.9809054556  0.9728929321  0.9400950559  0.9669968185  0.9941150400  1.0369283548  1.0166347508  0.9873146795  1.0466757312  1.0657773279  1.0539430468  1.0047774831  1.0411471016  1.0417731436  1.0283143166  0.9977538844  1.0015838513  1.0197697140  1.0275923799  1.0456021873  1.0880958965  1.1049490275  1.1241322483  1.0739831004  1.1237029316  1.0903184006  1.0603709843  1.0117517844  0.9863431824  0.9824295769  0.9521504287  0.9805875417  1.0427338673  1.0527070798  1.0466225045  1.0626857257  1.0046806881  0.9680175686  0.9332663580  0.8905851183  0.9264548925  1.0056460153  0.9910073432  0.9821098242  0.9957340004  1.0016192870  1.0239622168  1.0404369427  1.0442431468  1.0810740667  1.1079408839  1.0910314265  1.0209346074  0.9999669493  1.0410757772  1.0107558267  1.0674685805  1.0662427856  1.1073499767  1.0763899478  1.0703703071  1.0418770165  1.0842203414  1.0985824237  1.0760442704  0.9894306570  0.9476908546  0.9027244572  0.8519574879  0.8718260630  0.8352715510  0.8013858583  0.8546657920  0.8884515546  0.8760799034  0.8518840636  0.9108926732  0.9513157545  0.9828416744  1.0497006683  1.0324970336  0.9719947069  0.9442938693  0.9796097460  1.0045357727  1.0348959640
  1.0304164362  0.9649089457  0.9604486153  0.9359100668  0.9958402390  1.0136630168  1.0092779824  0.9962709008  1.0241244907  1.0624503851  1.0877464508  1.0936127355  1.0617051155  1.0505030614  1.0451958637  1.0092128678  1.0012798773  0.9822506045  0.9604658986  1.0163288954  1.0134768557  0.9985108138  1.0906428417  1.1101686168  1.0299564559  0.9865648910  1.0281272703  1.0301196705  1.0332130674  1.0589830484  1.0421921176  1.0403156184  1.0428773811  1.0831307832  1.0715967771  1.0876744108  1.0320195454  0.9967000892  1.0179069559  1.0468304927  1.0262809267  0.9545366584  0.9520252023  0.9575146751  0.9696963248  0.9671353862  0.9999122732  1.0214370307  1.0597884674  1.0176783938  1.0241178244  1.0452071292  1.0100715023  0.9623090185  0.9433383319  0.9816881892  0.9971379399  1.0062552699  1.0282833468  1.0098036734  0.9906293208  1.0399745354  1.0645636212  1.0774737307  1.0843242624  1.0569940515  1.0098659352  1.0422809100  1.1366353058  1.0416354559  1.0940830544  1.1156358944  1.1105023482  1.0608476454  1.0352925082  1.0635937898  1.1161732533  1.0871183372  1.0885200550  1.0142892305  0.9081363114  0.8593269093  0.8717393250  0.8995308876  0.8686802761  0.8339011959  0.8139335093  0.8535161528  0.8661580588  0.8057143256  0.9089037822  0.9594269479  0.9805049383  1.0010569460  1.0137152863  0.9653630626  0.9394896206  0.9213520726  0.9513967841  0.9735462240  0.9868343849
  0.9842395121  0.9499641966  0.9335212941  0.9795957729  1.0015079439  0.9901199225  1.0053287562  1.0324474768  1.0135574120  1.0644946769  1.1160358264  1.1120368776  1.1167431166  1.1270906962  1.0493652835  0.9990325316  1.0079689839  0.9687806133  1.0039569277  1.0252146204  1.0484548297  1.0966514482  1.0467464830  0.9953707636  0.9817531201  0.9972914750  0.9909610945  1.0435629097  1.0440543060  1.0476556764  1.0754863762  1.1286722454  1.1089891473  1.0152376266  1.0251514192  1.0209910931  0.9993248349  0.9722082892  1.0312446816  1.0190109719  0.9218696210  0.9128732726  0.9232525954  0.9867568315  0.9649475116  0.9710169910  1.0554929602  1.1034529055  1.0158833419  0.9927631945  1.0346940775  0.9736930123  0.9711604588  0.9631457667  1.0016639202  0.9933665108  1.0027674669  0.9975345788  0.9930537061  0.9688161785  1.0072874487  1.0631042946  1.1040816898  1.0568849823  1.0285619648  0.9863313928  1.0633993562  1.1330374356  1.0984942096  1.1058602598  1.1365108051  1.1320107562  1.0769644898  1.0591454228  1.1286133529  1.0980564058  1.0701214285  1.0406849994  0.9832456871  0.9258807601  0.9072929475  0.9089321902  0.8869075371  0.8647856457  0.8697594469  0.8260171865  0.8034788285  0.8422716050  0.8360790649  0.9143981694  1.0183779584  0.9869245471  0.9784452965  1.0284044674  1.0191117713  0.9628729828  0.9312306887  0.9156186851  0.9515793890  0.9967809708  0.9910604646
  0.9750825727  0.9576348503  0.9715629638  0.9699870455  0.9758830797  1.0183581876  1.0571625033  1.0021761370  1.0396461312  1.1381270736  1.1389099935  1.1276325062  1.0892687285  1.0589832757  0.9972522612  0.9926638924  0.9553756281  0.9658578519  1.0453847901  1.0903259755  1.1186439853  1.0552164618  0.9573084402  0.9419680664  0.9934673077  1.0413144714  1.0487802077  1.0439946726  1.0005821983  1.0689055883  1.1617528883  1.1295047068  1.0717499398  1.0437717136  1.0248407708  1.0129761349  0.9975802863  1.0247508059  1.0395988110  0.9698895200  0.9348265236  0.9019371132  0.9176106385  0.9687159229  0.9898462458  1.0391654659  1.0714704449  1.0038004873  0.9862986383  0.9777844198  0.9629500361  0.9423163393  0.9459057779  0.9889373191  0.9577882213  0.9668576400  0.9772482219  1.0050624382  0.9769821906  1.0280559577  1.0708586285  1.0818002789  1.0736264381  1.0494713871  1.0690748564  1.1676157439  1.1797710151  1.1643402659  1.1061903291  1.1493698191  1.1632465000  1.0832487940  1.1280872229  1.1294237227  1.0811580737  1.0635364741  1.0218198047  0.9617770004  0.9407473645  0.9062100668  0.8915759027  0.8705302468  0.8419533350  0.8390992214  0.8102437593  0.8388640795  0.8529886258  0.8904465502  0.9227334667  0.9679442367  0.9810782900  1.0017952401  1.0376740433  0.9835450798  0.9298472677  0.9293985063  0.9423090415  0.9322484698  0.9610820002  0.9604557370  1.0143270554
  0.9929585380  0.9591857510  0.9439521914  0.9541682110  0.9779735234  1.0216384204  1.0292026473  1.0704303401  1.1339679077  1.1141752576  1.0827488911  1.0336397019  0.9986879123  0.9953388440  0.9891940758  0.9317524542  1.0057219738  1.0579033158  1.0856303885  1.1065913859  1.0455243461  0.9776980875  0.9553911808  1.0078182862  1.0036823180  1.0476971963  1.0508794172  1.0559379206  1.1206866176  1.1746953378  1.1210222988  1.1197523501  1.0690552804  1.0850453314  1.0422794316  1.0203697650  1.0450382274  1.0509145699  1.0437639616  0.9991341628  0.9393194480  0.9539334088  0.9846685988  0.9999755578  1.0224709760  1.0094640603  0.9591915541  0.8997421939  0.9169382047  0.9261734889  0.9316168745  0.9375919113  0.9718918677  0.9717846898  0.9772054530  0.9874357400  1.0192014801  1.0173647952  1.0086252666  1.0243617853  1.0799428816  1.1325052330  1.1067928123  1.1354118761  1.2156209646  1.2322737523  1.1927327115  1.1158175105  1.1185157581  1.1212670086  1.1027994461  1.1435810459  1.1082737073  1.0569060388  1.0328006363  1.0100532771  0.9828398825  0.9548619127  0.9130116282  0.8539162891  0.8559035561  0.8597627161  0.8176835412  0.8549529627  0.8822539609  0.8761326638  0.9129977921  0.8769624276  0.9406743838  0.9459284161  1.0043519014  1.0223734976  0.9608026858  0.9186836205  0.9186236100  0.9633565078  0.9850357068  0.9498671862  0.9591478625  0.9908459986  0.9678065044
  0.9450597862  0.9294704644  0.9672393321  0.9598485800  0.9919983790  1.0324800427  1.1065781024  1.0692768378  1.0380678973  1.0559284625  1.0366345757  0.9997476571  0.9680077664  1.0087521806  0.9911403373  1.0137575260  1.0969912428  1.0587784088  1.0353827305  1.0012294774  1.0100003425  0.9617480927  0.9429092976  0.9577606255  1.0305644865  1.0443468722  1.0814405530  1.0949164054  1.1398610205  1.1663575406  1.1656825326  1.1505520653  1.1008524585  1.1106836104  1.0627288864  1.0660359976  1.0271577414  0.9978873910  0.9821950844  0.9816584109  0.9796032785  1.0334083713  1.0474051658  1.0561440148  1.0392694416  0.9622002342  0.9029343452  0.9257414538  0.9209556043  0.9159689548  0.9794096702  0.9971828313  1.0166231590  0.9989415534  0.9839757267  0.9837851257  1.0249951424  0.9969794620  1.0500773038  1.1052633065  1.0928115503  1.1355344737  1.1700058824  1.2338710286  1.2227712868  1.1852186278  1.1928852936  1.1622728551  1.1924577531  1.1128702080  1.0935506299  1.0916073023  1.0565767227  1.0324929515  1.0118763403  0.9973863972  0.9187532284  0.8677799644  0.8854536059  0.8822230257  0.8511123007  0.8450545416  0.8716649851  0.8808015309  0.8700376725  0.8745620444  0.9083048219  0.9607027604  0.9375012671  0.9587630188  0.9175143660  0.9207143719  0.9312399567  0.9081162914  0.9133418587  0.9363606432  0.9702250418  0.9460297540  0.9445145308  0.9734474491  0.9735515224
  0.9454428835  0.9542677736  0.9628226345  1.0032802375  1.0242542518  1.0941302665  1.0777635845  1.0162884678  1.0044246568  1.0182410746  0.9810822549  0.9945804536  0.9851499648  0.9897183277  1.0130279771  1.0328805391  1.0352531313  0.9864404645  1.0099744007  0.9979877870  0.9190795036  0.9542516028  0.9925309394  1.0144558470  1.0649505855  1.0658453539  1.0630420969  1.1793881977  1.2133619182  1.1972985672  1.1914874288  1.1465055201  1.0636675214  1.0055002733  0.9729467646  0.9368561460  0.9378416205  0.9547939042  0.9274496862  0.9971968117  1.0524215881  1.0817191148  1.0765611157  1.0295976270  0.9847900541  0.9270840858  0.9334235303  0.9362015924  0.9739543232  0.9737061241  1.0030644290  1.0331199811  1.0274803308  0.9716149078  0.9493677912  0.9864216554  1.0231364684  1.0547696451  1.0757378184  1.0954318609  1.0953778127  1.1501622778  1.1730792769  1.1871783743  1.1524307382  1.1830594666  1.1957160890  1.2006161911  1.1112264178  1.1005921215  1.1085322133  1.1073223715  1.0985428015  1.0472356188  1.0146627522  0.9671884424  0.9078544921  0.9263632129  0.8747432090  0.8566737501  0.9045884245  0.8765453943  0.8622335799  0.8725483680  0.8685531782  0.9037090684  0.9287797447  0.9247467077  0.9099536528  0.8898566455  0.9085395272  0.9277633251  0.9157327861  0.9197801118  0.9442025381  0.9625517879  0.9494289795  0.9238932480  0.9727947798  1.0101513197  0.9595950600
  0.9784509863  0.9879797938  1.0029054214  1.0431900357  1.0438121910  1.0479944905  1.0121553943  0.9690515001  0.9654609361  1.0024023563  1.0134160805  1.0033568230  0.9887021986  0.9911680153  0.9689380151  1.0041848819  1.0109816511  1.0712889284  1.0778036717  1.0070375292  0.9917969841  1.0000574846  1.0256763647  1.0807946321  1.1062613167  1.1259848578  1.1704245986  1.2384628475  1.2206497754  1.1323821501  1.0603477949  1.0555683915  0.9516006739  0.9296185137  0.9117104993  0.9047784185  0.9262206161  0.8898250691  0.9247081113  0.9647031913  0.9570303554  0.9576377996  0.9689089667  0.9549115029  0.9429838034  0.9405920354  0.9750596067  1.0126923204  1.0157850990  1.0391519226  1.0081536113  0.9935115918  0.9803920937  0.9659122797  0.9745838335  0.9911271504  1.0219244316  1.0331410988  1.0543684655  1.0579507140  1.1362198730  1.1785199752  1.1611151307  1.1497676580  1.1224188996  1.1746244016  1.1583902385  1.1076832381  1.0818860040  1.1500728007  1.1796813502  1.1261799825  1.0767191671  1.0118408656  0.9686341732  0.9297280543  0.9990311727  0.9128625934  0.8590099235  0.8566622220  0.8554318526  0.8236234642  0.8521533322  0.9017550870  0.9155736231  0.9126768959  0.9028471068  0.8810549571  0.8723715485  0.8301977803  0.8600777246  0.8791682522  0.8916506644  0.9554243918  0.9402369290  0.9291936228  0.9476622754  0.9614413396  0.9783951611  0.9437566167  0.9412922892
  0.9730073691  1.0001758246  0.9924863580  0.9876434830  0.9541085029  0.9883832474  0.9526786664  0.9414926628  1.0051906861  0.9966008082  1.0091960664  1.0110198592  0.9769665292  0.9469155584  0.9629812772  1.0087741371  1.0808975351  1.0334776533  1.0140820033  1.0075347709  1.0092448063  1.0304765707  1.0929454710  1.0945581910  1.1118310520  1.1334554404  1.2090211298  1.1560741171  1.1060542753  1.0487957063  1.0217557553  0.9469005239  0.9322789703  0.9033685840  0.8896117651  0.8650857434  0.8555942180  0.9027877124  0.9374079335  0.9767505296  0.9357112197  0.9306592733  0.9094884796  0.9425511277  0.9447925415  0.9621789404  1.0234665323  1.0275528974  1.0397313170  0.9930495882  0.9625838636  0.9631682541  0.9846851789  1.0275240516  0.9939651549  1.0132935293  1.0122880763  1.0606503663  1.0997109035  1.1060091873  1.1352197735  1.0866741100  1.1260170546  1.1576729501  1.1687689124  1.1876347611  1.1108303427  1.0970132716  1.1989818156  1.2757455075  1.2288702469  1.1352764367  1.0155548056  0.9921251769  0.9784731067  1.0398862444  0.9531565087  0.8722784422  0.8699447895  0.8495683362  0.8516754353  0.8943629585  0.9195404974  0.9099758405  0.9136113965  0.8697170267  0.8583382160  0.8373406134  0.8193025023  0.8356646260  0.8666090241  0.8935560214  0.9927087047  0.9665761939  0.9330397985  0.9645552400  0.9721763413  0.9453645437  0.8950152517  0.9065295834  0.9170406021
  0.9213503510  0.9534007637  0.9669678985  0.9351525142  0.9292497027  0.9560911570  1.0259630599  1.0212745075  0.9734263435  0.9927754065  0.9706968871  0.9570593623  0.9682332712  0.9467378175  0.9664735469  1.0221758177  1.0469067411  1.0093725559  0.9882560173  1.0524845245  1.0453287808  1.0471569481  1.0527518256  1.0518826533  1.1168614656  1.1472721286  1.1196273253  1.1327003445  1.0672307472  1.0405710151  0.9492810791  0.9172133685  0.9391345559  0.9114136055  0.8950944886  0.8756288645  0.9208326450  0.9783712603  1.0133390082  0.9781947971  0.9450607772  0.9521355108  0.9458650174  0.9313263720  0.9457513035  1.0139054773  1.0040949129  1.0297949224  0.9895872533  0.9200143534  0.9276623598  0.9872891190  1.0238361327  1.0023325002  1.0391742761  1.0546710399  1.0725400395  1.0917995327  1.1038885640  1.1142063815  1.0991100888  1.1391315622  1.1813318873  1.1711461071  1.1836651886  1.1271182285  1.0949498749  1.1290060279  1.1905071709  1.1641011257  1.1534489846  1.0776856346  1.0541436582  1.0473211426  1.0776195468  0.9669700317  0.9095448447  0.9331712422  0.8538717288  0.8761434040  0.8766402272  0.8867001719  0.9080430165  0.8922276434  0.8695531208  0.8626358657  0.8268823823  0.7998173793  0.8209739179  0.8378645492  0.9139530267  0.9728440683  0.9618735437  0.9367345348  0.9506729201  0.9474871000  0.9352951359  0.8984254927  0.9100970955  0.9050735251  0.8985432724
  0.9267093794  0.9503640509  0.9414276024  0.9794810154  1.0226156827  1.0287295840  1.0514416882  1.0056544368  0.9777678032  0.9129310000  0.9250963720  0.9575236734  0.9597895858  0.9527162394  1.0554197391  1.0078625657  1.0115785008  1.0236971171  1.0578841758  1.0335695542  1.0500614707  1.0783664295  1.1077293508  1.1267609488  1.1134334858  1.1169120701  1.1285434080  1.0820832356  1.0581022891  1.0333320523  1.0169838909  0.9747910487  0.9451405742  0.9152797354  0.9200214667  0.9457198838  0.9914331625  1.0303677953  0.9434506993  0.8970648495  0.9257333609  0.9121446895  0.9496569655  0.9950343722  1.0620709739  1.0782989266  1.0289773228  0.9687407973  0.9737754988  0.9606663635  0.9819230886  1.0372231634  1.0325070176  1.0328703325  1.0406224645  1.0815210162  1.0812981044  1.0565422213  1.0972900288  1.1615587295  1.1742793378  1.1332727472  1.1826901540  1.2253622636  1.1669701717  1.0782212598  1.0870989868  1.1465111293  1.1389051775  1.1008053947  1.0833228476  1.0350215637  1.0541426498  1.0539667583  0.9744130092  0.9256290727  0.9149053353  0.8483170926  0.8708138920  0.8509484931  0.8411680290  0.8860081324  0.8518607575  0.8867319632  0.9057613095  0.8472141632  0.8192329803  0.8570479539  0.8460726423  0.8956139269  0.9492127039  0.9657707307  0.9663971787  0.9691193877  0.9480683965  0.9220981759  0.8955806877  0.8842570013  0.8923126857  0.9205590487  0.9330207421
  0.9094162243  0.9325464209  0.9687394628  1.0778323480  1.0769754791  1.0761640092  1.0535933676  1.0369038165  0.9466931615  0.9404578706  0.9447860921  1.0015468707  1.0368415769  1.0740869835  1.0825931017  1.0766396548  1.0901454934  1.1076579555  1.0726539446  1.0746141144  1.1468855010  1.1484123451  1.1822705986  1.1761141546  1.1629255405  1.0820779684  1.0459185033  1.0283248601  1.0823429524  1.0584445601  1.0100749517  0.9922478112  0.9933788833  0.9840181402  0.9988956717  1.0488897982  1.0715458017  1.0091519238  0.9369176367  0.9140664767  0.9158665538  1.0002395714  0.9947566648  1.0245446655  1.0399618658  1.0350676217  0.9819604524  0.9722265321  0.9559944661  1.0132841694  1.0288636431  1.0480012375  1.0315785351  1.0121075591  1.0852594362  1.0922541817  1.0615535950  1.0901891761  1.1593926382  1.1662865075  1.1246455770  1.1641405407  1.2083602268  1.1658867517  1.1697302846  1.1910372809  1.1763698678  1.1869142506  1.1755357656  1.0795955001  1.0237347101  1.0556987728  1.0655959350  0.9972466003  0.9238506689  0.9274933599  0.9116218448  0.9093671352  0.8322595309  0.8744498883  0.8881005568  0.8473025685  0.8214335366  0.8202827144  0.8368586033  0.8309710605  0.8511042527  0.8422356742  0.8584704414  0.9099823540  0.9156527877  0.8993782069  0.9223960747  0.9077795983  0.8667053380  0.8492880731  0.8540939644  0.8436844738  0.8969762342  0.9123727462  0.9172501569
  0.9139968499  0.9852465735  1.0337130587  1.0565153187  1.0761442206  1.0862864394  1.0292353527  0.9812353696  0.9506494321  0.9751740842  1.0512176241  1.0466759411  1.1171951778  1.0855058829  1.1193344114  1.0909582412  1.0889326287  1.0791015525  1.0522537929  1.1024274095  1.1208917019  1.1667269448  1.1687124877  1.1239987046  1.1155860559  1.0332905031  1.0630409414  1.1017820463  1.0709731303  1.0559523483  1.0452423640  1.0634585432  1.0372991664  1.0353563179  1.0481803087  1.0648131057  1.0491121990  1.0013372132  0.9893788425  0.9917799660  0.9738463867  0.9768246881  1.0088657488  1.0588299149  1.0064072896  0.9891266060  0.9861939868  0.9893761525  1.0238545768  1.0871464983  1.0638880377  1.0298536165  1.0458724094  1.1212130782  1.1464662207  1.0983025886  1.1384429084  1.1247419543  1.1638352197  1.1284446659  1.1533719852  1.1591390019  1.2198446727  1.2519805450  1.2451189445  1.2562942505  1.2150809771  1.1598631910  1.1155669719  1.0896681173  1.0736127717  1.0786827340  1.0428323330  0.9815490450  0.9662646202  0.9649887319  0.9781537392  0.8924111766  0.8853674043  0.9061622223  0.8531118210  0.8082062155  0.7960812008  0.8322789154  0.8230761028  0.8312307120  0.7889196362  0.8579462201  0.8697829068  0.8651745242  0.8633579320  0.8967304623  0.8898615350  0.8402351857  0.8169880847  0.8343205883  0.8635473070  0.8730038263  0.8792598786  0.9443703145  0.9672085536
  0.9603618965  0.9589594447  1.0259150913  1.0908470460  1.0941929193  1.0682506945  1.0491629130  1.0291169467  1.0641643601  1.1062060363  1.1034306364  1.1430118463  1.0822065791  1.0526440503  1.0861220861  1.0651735784  1.0171392715  1.0303111380  1.0457382549  1.0607319894  1.1136228164  1.1318127841  1.1099900847  1.1092141451  1.0631645564  1.0679619671  1.1145898145  1.1297928910  1.1096615478  1.1056240701  1.0264883536  1.0126752792  1.0210772598  1.0135749486  1.0682378598  1.0290267220  1.0600313868  1.0178254116  1.0169071649  0.9547084150  1.0014915487  1.0263286146  0.9990307387  0.9924139844  1.0535648788  1.0056814612  1.0017270887  1.0629523893  1.1114875723  1.0632206019  1.0375122933  1.0836816137  1.1334279046  1.1465375981  1.0973282547  1.1640646937  1.1770876973  1.1533775943  1.1601415527  1.1374768690  1.1786853168  1.2405852008  1.2777690154  1.2521170393  1.2209727725  1.1768739200  1.0982884964  1.0851694437  1.0940495538  1.1240396567  1.1357177201  1.1337595883  1.0363069650  0.9813886561  1.0090260665  0.9910222686  0.9236213647  0.9187271229  0.9686693295  0.9145584783  0.8362374828  0.8079741788  0.8373381306  0.8398560227  0.8573486314  0.8466510415  0.8455609140  0.8026077807  0.8475364618  0.8892280732  0.8852742272  0.8863601824  0.8761234381  0.8571945259  0.8755471747  0.8746355548  0.8719488950  0.8855750460  0.9850886823  0.9842040413  0.9969473416
  1.0037414600  1.0501057756  1.0912045625  1.1054545915  1.0932148696  1.1143204618  1.1039891175  1.1906383943  1.1289673199  1.1373439887  1.1394035923  1.1160073983  1.1203061253  1.0953557012  1.0320666364  0.9988660936  1.0024039147  1.0384493056  1.1083743247  1.1202128531  1.1524934843  1.1208618233  1.1018225914  1.1424733297  1.1429199547  1.0859629231  1.1149159319  1.1016147278  1.1050084733  1.0705369757  1.0453546886  1.0512321615  1.0366377304  1.0881258923  1.0534302810  1.0455083155  1.0517787322  1.0011828723  1.0207255160  1.0428210369  1.0299068330  1.0270003772  0.9977569386  1.0122607636  1.0358767433  1.0201281952  1.0780535121  1.0848112982  1.0885544008  1.0383936249  1.0571085851  1.0340862212  1.0959642879  1.1064388026  1.1432654325  1.1597879980  1.1738830772  1.2026147170  1.1731712514  1.1813948961  1.1946966337  1.2077424447  1.2109934985  1.2104381392  1.2310186856  1.1248662337  1.1078451536  1.0871197791  1.1281910506  1.1678866506  1.1163707418  1.0660713464  1.0384157499  1.0477075049  0.9798534809  0.9460756448  0.9453039857  1.0043911596  0.9636240410  0.8626104077  0.8406761862  0.8429580718  0.8235415436  0.8776452450  0.8698080920  0.8035215424  0.7864108504  0.8277950131  0.8535849040  0.8658397241  0.9039524236  0.8794248044  0.8891058833  0.8956595210  0.9277437252  0.9332272994  0.9518907166  0.9694405046  0.9710803862  0.9776493232  1.0233799491
  1.1161244564  1.1174231533  1.0976205982  1.0836500338  1.1963842649  1.1906788100  1.1809576161  1.1606701506  1.1164250016  1.1078991608  1.1088256219  1.1276632026  1.0836601777  1.0433487306  0.9895214019  1.0123835557  1.0591687628  1.1172084042  1.1588746708  1.1492790453  1.1020261937  1.0778439616  1.1261945758  1.0956807921  1.0576589352  1.1000078742  1.1349925548  1.0910749165  1.0988964306  1.0784408501  1.0337573053  1.0547656076  1.0383052071  1.0070993056  1.0083725426  1.0381021699  1.0212122678  0.9838478489  0.9987787939  1.0111582213  1.0790272085  1.0317470403  0.9756065965  0.9799814026  0.9683250476  1.0376576661  1.0689699670  1.0402297652  1.0211885045  1.0477977737  1.0599626946  1.0813644602  1.1035023743  1.0791255248  1.1112995219  1.1464565404  1.1373161208  1.1407509116  1.1729502003  1.1805480123  1.1799209182  1.1795683472  1.1386156598  1.1857592887  1.1462856634  1.1106327910  1.1163204088  1.1572021033  1.1408025255  1.0948333129  1.0996725897  1.0953481867  1.0797873254  1.0691558958  1.0593828769  1.0395284847  0.9922588821  0.9688181159  0.9283301845  0.8803898320  0.8410460044  0.8354929063  0.8795337414  0.8650682325  0.8065114177  0.7754866464  0.8087844646  0.8459692356  0.8721064263  0.8954181631  0.9000997897  0.9132889378  0.9155365381  0.9207922398  0.9666324630  0.9933502585  0.9929151231  0.9768151994  1.0017201544  1.0473422887  1.0848940316
  1.1160771903  1.1844536963  1.1577806171  1.1889021528  1.1709241152  1.1958536663  1.2187659195  1.1790846931  1.1465237098  1.1235087499  1.1082967008  1.1307872713  1.0950308792  1.0156901366  1.0223478782  1.0579770878  1.1376734072  1.1544120556  1.0756294371  1.0392298218  1.0315246297  1.0223912085  0.9851687601  0.9926049147  1.1010872693  1.1569759800  1.0953416556  1.0600720560  1.0780962721  1.0278566261  1.0410853960  1.0149814198  0.9624611028  0.9394997337  0.9487956776  0.9724911880  0.9926692472  1.0155831958  1.0179661755  1.0657440165  1.0575685479  0.9773344898  0.9271041000  0.9260665307  0.9611578768  1.0077212033  1.0147567481  1.0058374703  1.0135989313  1.0120729809  1.0323591297  1.0468404420  1.0254383320  1.0015205796  1.0583454597  1.0998312477  1.1316087147  1.1756360239  1.1874619460  1.2252033589  1.2096490384  1.1579862596  1.1455326890  1.1168156334  1.1156619579  1.0844733228  1.1516775855  1.1626897077  1.1207339584  1.1263629885  1.0851360797  1.0871384633  1.0793054803  1.0441099603  1.0341581336  1.0199796098  1.0388092058  0.9782063661  0.9188623915  0.8791873022  0.8670810468  0.8735467455  0.8343482609  0.8223251692  0.8141775906  0.8159164105  0.8699823839  0.8697066977  0.8987918162  0.9034443289  0.8798691886  0.9016598414  0.9248297150  0.9516827019  0.9985445719  1.0275044154  0.9962293012  1.0311020092  1.0757024473  1.0871744704  1.1196192590
  1.1609224611  1.1804625576  1.2044678281  1.2002386210  1.2332049745  1.2148896222  1.2184070829  1.1202345324  1.1302173320  1.1557849243  1.1241511662  1.1093032940  1.0610809721  1.0108459739  1.0246060433  1.0954861665  1.0931866292  1.0237388368  1.0416108821  0.9985665711  1.0077052094  0.9883563472  0.9859766444  1.0446311417  1.0651445967  1.0720334257  1.0578591314  1.0272801420  1.0175105217  1.0463623572  0.9948646640  0.9302154567  0.9469736224  0.9737068802  0.9858561263  1.0107051805  0.9828094058  1.0033148327  1.0673770567  1.0382842106  1.0054638524  0.9271616226  0.9493316920  1.0073125376  1.0085593387  0.9785373155  0.9808773280  0.9630159628  0.9803832594  1.0159759610  1.0359009810  0.9721331792  1.0355417951  1.0735362334  1.0609079864  1.1439228054  1.1860109015  1.2040279709  1.1802842104  1.1866884075  1.1648479406  1.1155460762  1.0796466909  1.0476386442  1.1041414829  1.1682414783  1.0949487683  1.0877697815  1.1128840281  1.1509746100  1.1521820494  1.1076827552  1.1220444426  1.0868783439  1.0772036992  1.0692039641  1.0509983533  1.0050561458  0.9505681085  0.9214039236  0.8909597768  0.8421008317  0.8438362005  0.8760600847  0.8744981969  0.8787355542  0.8506088502  0.8552635306  0.8233254339  0.8243619490  0.8913228150  0.8845003829  0.9468084402  1.0034072167  1.0157169235  1.0088464678  1.0334178875  1.0488121794  1.1024193818  1.1797862617  1.1626225785
  1.1697492216  1.2565362867  1.3117416461  1.2659609028  1.2167092892  1.1624045892  1.1043380814  1.1513510120  1.0960935549  1.0539485794  1.1175754607  1.0798715465  1.0439728638  1.0532671601  1.0880421299  1.0401675573  1.0303860565  1.0138709196  0.9903445986  1.0135268073  1.0155453220  0.9722573164  1.0281776209  1.0437543038  1.0423414999  1.0318403083  1.0308527514  1.0492882886  1.0244063688  0.9998977364  0.9685120397  0.9846168052  0.9989468125  1.0456187315  1.0607744648  1.0382728307  1.0511782582  1.0251261979  0.9769649282  0.9671119079  0.9346626029  1.0164301485  1.0416012267  1.0172319646  0.9952729914  0.9618006088  0.9377886974  0.9808978257  1.0208873836  1.0260058138  1.0066142049  1.0332051691  1.1167612817  1.1298977550  1.1761143735  1.1498744324  1.1252314752  1.1505744541  1.1413431211  1.1216589594  1.1101275117  1.0808191141  1.0561315934  1.1259994137  1.1602118114  1.1156099440  1.0823549070  1.1740470868  1.2502708274  1.2277903830  1.2033808432  1.1233612080  1.0266134305  0.9670218644  1.0251515120  1.0793346555  1.0222097713  0.9642418009  0.9151580834  0.9191207639  0.8471417374  0.8455291610  0.8844745335  0.8654704480  0.8404685443  0.8132672854  0.8544353649  0.8577873918  0.8519132285  0.8711914044  0.8720323517  0.9158703882  0.9688689993  0.9807570980  1.0175714911  1.0340139059  1.0710961440  1.0819879892  1.1226135888  1.1188662480  1.1148030644
  1.2136963686  1.3055326883  1.3247725100  1.2250946868  1.1967923426  1.1601877357  1.1200757741  1.0588717596  1.0331613669  1.0741154312  1.1006545849  1.0673742125  1.0525403896  1.0548834136  1.0720840225  1.0379089424  1.0042952737  1.0213223648  1.0168302281  1.0451198051  0.9815981381  1.0111973727  1.0419637667  1.0593448353  1.0703241868  1.0570007422  1.0258270235  1.0268472883  1.0212088583  1.0073696032  1.0521026263  1.0755719077  1.1193643856  1.0584255567  1.0492361025  1.1187936066  1.0763322883  1.0331633970  0.9781977655  0.9560660092  1.0071330304  1.0153550866  1.0255765287  0.9856513322  0.9271229430  0.9418551281  0.9884658303  1.0004014858  1.0320948671  1.0393378981  1.0293203608  1.0597318237  1.1042316696  1.1454233575  1.1027147500  1.0608470382  1.0785987446  1.0957425303  1.0669762315  1.0349607431  1.0279354919  1.0346720108  1.0694833862  1.0816370485  1.0929346762  1.1155134830  1.1448645353  1.2333457382  1.2248307334  1.1283103136  1.0501089761  1.0040122546  0.9255000451  0.9574819855  0.9733463282  0.9380700546  0.9447667975  0.9324247867  0.9022960267  0.9018854720  0.9158686968  0.9021680145  0.8711778697  0.8588202231  0.8793830586  0.8947393854  0.8652813890  0.8894384890  0.8675868955  0.8545200659  0.9159171084  0.9199432999  0.9509199545  1.0370607701  1.0783952827  1.0905937669  1.0391274085  1.0503721586  1.0489379866  1.0585861536  1.0939778384
  1.2021675841  1.1828330550  1.1591623758  1.1566805663  1.1716640807  1.1403468503  1.0697558376  1.0576787812  1.0560204837  1.0379181547  1.0420592023  1.0384488098  1.0236110346  1.0507058006  1.0360946834  1.0478001821  1.0417959613  1.0236197949  1.0140341358  1.0188708729  1.0406912650  1.0777499500  1.0958771698  1.0922812730  1.0182180817  1.0055918536  1.0096391161  1.0600220524  1.0797092868  1.1116142131  1.1357171945  1.1147432598  1.0565460608  1.0256774767  1.0771717938  1.0650886068  1.0489780597  1.0345262145  1.0099268757  0.9705912153  0.9647365853  0.9649749268  0.9678281565  0.9317148221  0.9675120873  1.0167036923  0.9979195942  1.0318398651  1.0296581436  1.0240481630  1.0113058252  1.0198863704  1.0795297155  1.0556349233  1.0989803920  1.0918657714  1.0714594503  1.0459220078  0.9745348752  1.0173769453  1.0387247027  1.0609396178  1.0873330539  1.1131444138  1.1386814448  1.1242529278  1.2416085785  1.2411417872  1.1644525501  1.0703851324  0.9910172166  0.9189337944  0.9307104790  0.9129614501  0.8991387637  0.8685292823  0.8798750246  0.8889231137  0.8914655091  0.9296357315  0.9375269164  0.9092200393  0.9042839616  0.8955120656  0.8916042616  0.8957106639  0.9193290595  0.8923283365  0.8962750361  0.8984549662  0.9317660011  0.9647430827  1.0352119389  1.0684556326  1.0830512580  1.0056987883  0.9769241984  1.0367288615  1.0742593343  1.0726734660  1.1298393171
  1.1426989398  1.1783535775  1.1338844467  1.1287272673  1.1448745551  1.0556686357  1.0124831730  1.0454708718  1.0008122272  0.9969765515  1.0216363565  1.0006333912  1.0002017450  1.0707302947  1.0812162324  1.0015282397  0.9902836606  1.0161751036  1.0457509756  1.0854153229  1.0807467422  1.0444242943  1.0456244098  0.9830317567  1.0174180814  1.0188124146  1.0798663209  1.1488887971  1.1264427348  1.1199513027  1.1197950235  1.0827743374  1.0511270581  1.0365856744  1.0345013442  1.0333404516  1.0037765076  1.0148932468  0.9871497381  0.9370400965  0.9734310955  0.9638774244  0.9686286827  0.9570466093  0.9901926341  0.9967944446  1.0073608706  0.9705741547  0.9961071294  0.9844653651  0.9639502295  0.9981008592  1.0605023590  1.1195667407  1.0983639489  1.0537241505  1.0648220913  1.0181742389  1.0030745404  1.0431668763  1.0821920948  1.0570451694  1.0293509401  1.1006418673  1.1582365313  1.1921968947  1.2291881463  1.1653469608  1.0548917696  1.0099252098  0.9329037810  0.8605141622  0.8966637042  0.8783267979  0.8491104751  0.8631141091  0.8997514854  0.9014986133  0.8858578014  0.9247575405  0.9382209873  0.9512957811  0.8904237044  0.8684621807  0.8896088578  0.9018989903  0.9074336455  0.9295943726  0.9483157102  0.9497744074  0.9929686568  1.0530502211  1.0771363368  1.0380980263  0.9738792982  0.9734056583  1.0137166880  1.0699099304  1.0618944749  1.0972169297  1.1075696626
  1.1563836177  1.1046283852  1.1013821418  1.1053433731  1.0447649109  0.9956456992  0.9906587668  1.0031211573  0.9641737289  0.9703114714  1.0014182790  1.0305124160  1.0564680937  1.0375684999  1.0054474506  0.9798426355  1.0716274870  1.1062315801  1.1180302268  1.0839893219  1.0004968206  0.9809013144  0.9790016069  1.0218943273  1.0906184412  1.0947190558  1.1713242007  1.1640595891  1.1706078426  1.1463936003  1.1384769896  1.0838318404  1.0767901803  1.0287189572  1.0043697030  1.0138901916  1.0092870105  0.9773150566  0.9464009581  0.9498841754  0.9387443453  0.9596792710  0.9756378897  0.9856509983  1.0193909234  0.9805379618  0.9694482223  0.9882858041  0.9472702224  0.9845283626  0.9758828645  1.0345388563  1.0138735835  1.0106515098  1.0479617641  1.0513779568  1.0548356641  1.0566654443  1.0416615872  1.0304338373  0.9783789061  1.0194567469  1.0980964461  1.0969192269  1.0867969179  1.1364624977  1.1123571167  0.9807675402  0.9212772180  0.8901916621  0.8367439512  0.8491843282  0.8282369028  0.8440104922  0.8528576491  0.8638928556  0.8989458077  0.8967189056  0.9342396549  0.9607826737  0.9980440509  0.9465713038  0.9108279462  0.8999393552  0.8975351585  0.9255567764  0.9791039247  0.9980425779  1.0124728306  1.0331525696  1.0715915314  1.0754852030  1.0614547147  0.9683788304  0.9721531344  0.9935263302  1.0275242038  1.0628936294  1.0656202300  1.0813158420  1.1265395986
  1.0973045061  1.0667725963  1.0135387325  0.9847829083  0.9592435912  0.9271486419  0.9671991824  0.9890968724  0.9699706539  0.9916762166  1.0307818716  1.0380144240  1.0132996519  1.0553953840  1.0051787918  1.0392067879  1.0802891103  1.0869792251  1.0665839841  1.0400437636  0.9756543250  0.9741826958  1.0196743289  1.0156654010  1.0374483502  1.0821442978  1.1381608818  1.1671649645  1.1361652746  1.1294854585  1.0927296450  1.0611912933  0.9992263598  0.9735028157  0.9459781924  0.9322544780  0.9364677008  0.8877278203  0.9159406958  0.9147418429  0.9414568792  0.9698477065  0.9132536718  0.9755929536  0.9437700394  0.9747489052  1.0104686513  1.0233463247  0.9708509954  0.9750172502  1.0071594919  1.0112889112  1.0087791627  1.0178874204  1.0410754570  1.0406370329  1.0160805917  1.0961077156  1.0726663297  1.0016569058  1.0023921085  1.0638395494  1.0856862685  1.0596234755  1.0415972635  1.0384163242  0.9345490501  0.9117744336  0.8576362048  0.8422159223  0.8183281218  0.8157822594  0.8499374859  0.8490327133  0.8740728768  0.9188387891  0.9008639765  0.8998547403  0.9695385247  1.0331677809  0.9799406747  0.9730754823  0.9846678417  0.9336692371  0.9542369573  1.0474848419  1.0570420419  1.0508732611  1.0790657826  1.1009266287  1.0852966977  1.0457288841  0.9980648900  1.0068037811  1.0073272637  1.0705673934  1.0764758305  1.0526514582  1.0721171621  1.1068846867  1.1128935791
  1.0912421364  1.0099464182  0.9815786663  0.9718388086  0.9765514247  0.9217180049  0.9756266446  0.9865557924  1.0063572581  1.0058009496  1.0132950063  1.0222797804  1.0935524113  1.0398829884  1.0411538505  1.0047584469  1.0184983197  1.0075083960  0.9835051061  0.9494024961  0.9562630572  0.9633533666  0.9739122368  0.9938603013  1.0153920495  1.0822147572  1.1365014107  1.1422057216  1.1045031302  1.0148986768  0.9749087912  0.9695224775  0.9326269206  0.8995054744  0.9359215829  0.9267716004  0.9375817302  0.9315155362  0.9433987987  0.9299037815  0.9697921308  0.9371017341  0.9501180852  0.9942043503  0.9965943245  0.9877497349  0.9685931529  0.9632887581  0.9426000378  0.9502990371  0.9921209385  0.9754500385  0.9897632400  1.0304757471  1.0054573631  1.0094387151  1.0327381356  1.0516254215  1.0463539608  0.9877363144  1.0180621507  1.0177305681  1.0213329311  1.0025770739  0.9830254795  0.9514771495  0.9439357313  0.8914230959  0.8571721268  0.8123825927  0.8049010864  0.8142007137  0.8805014933  0.9094790574  0.9423294652  0.9288785811  0.9193995965  0.9709667985  0.9857149842  0.9962270331  0.9691518247  1.0206532730  0.9680699472  1.0280358881  1.0983645466  1.0933370464  1.1086662346  1.0696747767  1.0422205397  1.0735859994  1.0181478999  1.0632014017  1.0678565351  1.0292600830  1.0588942363  1.0891157266  1.0595389730  1.0233274431  1.0315604492  1.0706123949  1.0802812734
  0.9801535345  0.9693680938  1.0009725391  0.9418234839  0.9109545372  1.0052667115  1.0423220762  1.0138855241  1.0380709641  1.0753739338  1.1182980281  1.0893342574  1.0104866479  1.0005280231  0.9806470554  0.9470085344  0.9196602030  0.8925327418  0.9454744079  0.9338735166  0.9595939062  0.9371911362  0.9679392895  1.0100220251  1.0739005932  1.0903855355  1.0914631071  1.0062885125  0.9670178482  0.9312777018  0.9261451537  0.9101543918  0.8867289509  0.9237837179  0.9513399213  0.9464949802  0.8993673292  0.9035827207  0.9315728570  0.9440899319  0.9669828466  0.9473549038  0.9439122379  0.9845347412  0.9424384982  0.9217210179  0.9056303716  0.9269613260  0.9473291875  0.9414615651  0.9352773214  0.9394834475  0.9612983362  0.9772153813  0.9899314333  0.9793003419  0.9728466542  0.9904568055  0.9869110026  1.0163312680  1.0367315229  1.0354851506  1.0014906934  0.9712268051  0.9357629883  0.9298421198  0.9217390340  0.8649046196  0.8357651527  0.8570292078  0.8619934605  0.8756462847  0.8730609134  0.9136565727  0.9361802630  0.9215087980  0.9056236268  0.9393587851  0.9604938862  0.9341156368  0.9559202677  0.9781657400  1.0356456049  1.0900712886  1.0746888612  1.1079263096  1.0722470235  1.0345023121  1.0482807312  1.0245148621  1.0649441758  1.0669420685  1.0525695500  1.0498289181  1.0450995225  1.0706030610  1.0127521847  0.9530801614  1.0202876164  1.0107371138  0.9483030776
  0.9101959654  0.9291409620  0.9058895465  0.9094618712  0.9962149789  1.0490964266  1.0156727032  1.0763889362  1.1546567133  1.1555077952  1.0654499584  1.0132988263  0.9573939353  0.9298839128  0.9163731192  0.8789546721  0.8617690400  0.8919717676  0.9260818111  0.9348709719  0.9367878006  0.9582635951  1.0046359681  1.0142694308  1.0619332208  1.0413576816  0.9799485090  0.9585340410  0.9720947090  0.9577012399  0.9004374981  0.9302693890  0.9383153965  0.9128852586  0.9046121081  0.8937296532  0.8582508719  0.9211062848  0.9849055626  0.9729668855  0.9527121972  0.9218331539  0.9529424369  0.9093845630  0.9210954517  0.9273403791  0.9500659845  0.9332134358  0.9294374701  0.9303714303  0.9186077322  0.9349959201  0.9347369791  0.9541525676  0.9411993235  0.9314003667  0.9685813342  0.9992119246  1.0417787018  1.0653346876  1.0310502593  0.9849043664  0.9129007250  0.8694275424  0.8739455800  0.9217662459  0.8977745982  0.8277015117  0.8131113715  0.8378364997  0.8454697251  0.8772349823  0.9085081709  0.8951929805  0.8891527251  0.8607559976  0.8984099452  0.9238094641  0.9220054478  0.9676705371  1.0204888671  1.0393607909  1.0420242349  1.0739410057  1.1151924040  1.0483908028  1.0071770967  1.0265931328  1.0419198731  1.1276039342  1.1486113019  1.0992367146  1.0352114095  0.9806215114  1.0355115637  1.0300547945  0.9963109305  0.9878350470  0.9916854265  0.9912991916  0.9594403943
  0.8873746293  0.9240784712  0.9327156970  0.9396523156  1.0209755666  1.0445503530  1.0289109909  1.0828873468  1.1002250209  1.0881501440  1.0095128200  0.9444641124  0.9240104280  0.9377661775  0.9305424548  0.9098450265  0.8903908238  0.8939408761  0.8987885211  0.9242539663  0.9338523492  0.9733510107  0.9749908437  0.9803341208  1.0029164335  1.0053398268  0.9510142164  0.9901194279  0.9657847986  0.9607668789  0.9389008048  0.9393169565  0.9164347699  0.8784466406  0.8287650206  0.7999527824  0.8202835839  0.9035298640  0.9223816813  0.9475347528  0.9685556867  0.9421636535  0.8961579626  0.9670537088  0.9523865307  0.8979534826  0.9084288595  0.9024590672  0.8647342284  0.8602879557  0.8968879019  0.8960179434  0.9337390357  0.9363342987  0.9701111310  1.0187164716  1.0008728737  0.9880511933  1.0337425446  0.9737609109  0.9545617428  0.9010934787  0.8596038111  0.8528338718  0.8841190496  0.8356482715  0.7937644452  0.7708698704  0.8204077525  0.8821161937  0.9254270890  0.8786524389  0.9048445521  0.8837067662  0.8954172880  0.9483595256  0.9527913864  0.9508057165  0.9899561547  1.0599076069  1.0912907393  1.0455204875  1.0394722100  1.0764252881  1.0719715298  1.0260563090  1.0740675266  1.1233614366  1.1454816884  1.1276242795  1.1138173142  1.0323601160  1.0074406093  1.0020947514  1.0232731386  1.0286671578  0.9994530788  0.9658821758  0.9395455308  0.9241930148  0.9018755368
  0.9704736701  0.9581768505  0.9449750162  0.9575354094  1.0041735922  1.0008297231  1.0019255354  1.0356256623  1.0472301480  1.0075181836  0.9552077064  1.0040417347  0.9769825702  0.9673503659  0.9713050003  0.9147491948  0.9195000650  0.9017979302  0.8871701259  0.8539896485  0.9273079595  0.9447656112  0.9496775256  0.9269290977  0.9924622900  0.9749977725  0.9461541092  0.9444064797  0.9523717579  0.9451497321  0.9565905798  0.9133682679  0.8673474256  0.8517251737  0.7900590673  0.7857256055  0.8234258056  0.8957695598  0.9545035613  0.9225817520  0.8966093872  0.8901139578  0.9388815854  0.9054446939  0.8732684277  0.8952548433  0.9122630688  0.8965800545  0.8619099662  0.8590199062  0.8709249895  0.8921650132  0.9576169571  1.0070943243  1.0303443077  0.9421433973  0.9695224057  1.0135711551  0.9322923951  0.9374697357  0.9068091884  0.8795383894  0.8855919277  0.8658515754  0.8290279018  0.8144976703  0.7878238669  0.8290431209  0.8545920990  0.9105050888  0.8980751895  0.9312404090  0.9045893845  0.8641943925  0.9943921143  1.0223890106  0.9883123975  1.0244622375  1.0665368970  1.1095184815  1.1021354231  1.0559910892  1.0609782616  1.0688380059  1.0475606982  1.0369179520  1.0960932799  1.1051331201  1.1247122553  1.0770755472  1.0645850290  1.0020059768  0.9467415842  0.9970571907  0.9655208220  0.9415620611  0.9377171547  0.9106946497  0.9207211600  0.8973053130  0.9407393241
  0.9329496443  0.9735762350  0.9581401588  0.9676526076  0.9803325710  0.9675858167  0.9583273128  1.0016080236  0.9732618431  0.9522505199  0.9642323263  0.9432578219  0.9767313675  0.9662202664  0.8958557307  0.9238210373  0.9237495254  0.8980819282  0.8970130681  0.9408214021  0.9637889957  0.9662308190  0.9624008805  1.0061939993  0.9945475237  0.8998560684  0.9135154647  0.9460731053  0.9556519843  0.9796376877  0.9430107638  0.8745247701  0.8644113885  0.8443142969  0.8448063749  0.8591014670  0.9209415123  0.9732332048  0.9413054423  0.9084703230  0.9166927238  0.9316720118  0.9178961311  0.8778783844  0.8405733147  0.8244601853  0.8445271980  0.8627557697  0.8771815866  0.8998555781  0.8886430682  0.9446395772  0.9708130016  0.9666284231  0.9026906527  0.9473633015  0.9288288311  0.8927193774  0.8880798895  0.9201021080  0.8930530248  0.8664497685  0.8355618177  0.8379438004  0.8518503729  0.8312282977  0.8357088504  0.8525220424  0.8756800192  0.8969473627  0.9327155948  0.9088030295  0.8891027338  0.9468519369  0.9751632156  0.9779488738  1.0387837119  1.0741682876  1.1254171935  1.0794771173  1.0831870610  1.0228730802  1.0525226711  1.0206161602  1.0138416658  1.0571942300  1.0547298105  1.0759491556  1.0204835928  1.0114106434  0.9925672880  0.9554510407  0.9826028105  0.9560331051  0.9601428688  0.9503554222  0.9040013309  0.9092482474  0.9232194891  0.8988684370  0.8815891782
  0.9506004400  0.9309562264  0.9632025020  0.9514745344  0.9567374874  0.9429510034  0.9329119927  0.9704076270  0.9520588964  0.9206899895  0.9427625083  0.9279096384  0.9298668052  0.9253814007  0.9595627198  0.9666829679  0.9531709581  0.9555404205  0.9801011706  0.9626064702  0.9438321618  0.9781069156  0.9783135635  1.0271906506  0.9373966457  0.9090643016  0.9803537498  0.9879804144  0.9533307442  0.9166325264  0.8601177660  0.8553085639  0.8603897455  0.8703364065  0.9063204688  0.9353948428  0.9928903442  0.9533410224  0.8847389712  0.9283496808  0.9150536845  0.9224886236  0.8654694563  0.8255810585  0.7993157898  0.8149781632  0.8756369525  0.9001646649  0.9103766383  0.9255881783  0.9380080191  0.9242344617  0.9321319904  0.8797324673  0.8553146915  0.8823425560  0.8712142590  0.8609141889  0.8888959235  0.9320077212  0.9044237458  0.8740540141  0.8894132479  0.8785101074  0.8743329230  0.8543751782  0.8471702613  0.8736010915  0.8976526093  0.9458547134  0.9181319131  0.8898547771  0.9088134509  0.9238961892  0.9710085629  0.9683830626  1.0025432969  1.0911889012  1.0776570273  1.1344332444  1.0590084329  1.0578477063  0.9975756125  1.0609575135  1.0628478721  1.0411580489  1.0643397517  1.0516562191  1.0075859031  1.0327786704  1.0130267437  0.9853201392  0.9673995167  0.9783937898  0.8849090474  0.8550122980  0.8803800918  0.8524402057  0.8307986782  0.8671774781  0.9269412980
  0.9478613986  0.9512841602  0.9098373638  0.9163151769  0.9174623256  0.9339807696  0.9682546088  0.9333499361  0.9845006175  0.9600144174  0.9175688762  0.9143454923  0.9186355383  0.9531668583  0.9545082837  1.0109157516  0.9990750197  1.0205691856  0.9831637510  0.9619715569  0.9530947267  0.9530404893  0.9886891041  0.9582715065  0.9573568767  0.9315385224  0.9242336677  0.9071095896  0.8826103424  0.8790521343  0.9054523879  0.8914185911  0.9116248604  0.9542556394  1.0309351640  1.0303318997  0.9863470721  0.9410527849  0.9262243455  0.8958443180  0.8758556038  0.8399533515  0.8299008891  0.8239981311  0.8450542291  0.8862952159  0.9013307243  0.9260208464  0.9213444113  0.9268645123  0.9079740588  0.8684818743  0.8947794195  0.8861461625  0.8624862594  0.8447946930  0.8582202028  0.8831672836  0.8893629102  0.9131861935  0.9171208299  0.9139639713  0.8900362257  0.8731547917  0.8531708095  0.8886453129  0.9152609923  0.9510239198  0.9368274150  0.9003759669  0.8926606853  0.9022908411  0.9275123317  0.9703183989  1.0049930228  1.0408776792  1.0607211533  1.0453715575  1.0489784805  1.0587568321  1.0036203331  0.9621180395  0.9864017352  1.0123579128  1.0435568242  1.0387446080  1.0020821265  1.0117376463  1.0556849084  1.0344273920  0.9759737582  0.9569191291  0.9644033645  0.9239959484  0.8798452162  0.8849941248  0.8741579241  0.8532308879  0.8926119487  0.9152492044  0.9733839571
  0.9843146969  0.9475595014  0.9256638586  0.8995658360  0.9266862353  0.9670346145  1.0090317942  1.0080704178  0.9687041667  0.9649856903  0.9373258052  0.9534320983  0.9852106276  1.0078754162  1.0398733510  1.0371997956  1.0294954815  1.0285409956  0.9674754178  0.9420386525  0.9620225490  0.9565362949  0.9565117600  0.9241709267  0.9209380442  0.9319048044  0.9026322100  0.8889471260  0.8779079660  0.8849565631  0.9257327780  0.9680177267  1.0266304583  1.0493400035  1.0562293972  1.0362733879  0.9794686281  0.9461049268  0.9159178284  0.8627699629  0.8333396237  0.8363532714  0.8358024545  0.8482382622  0.8961455419  0.9261329498  0.9245386781  0.8888034866  0.8866405681  0.8608612190  0.8786757788  0.8838913440  0.8410800079  0.8195169345  0.8262124188  0.8474379541  0.8573442069  0.8462357105  0.8550249701  0.8822801670  0.9071410666  0.9188725459  0.9230550988  0.9098729906  0.9489568488  0.9307733773  0.9049445399  0.8823804461  0.9311426327  0.9432993504  0.9452981210  0.9313691785  0.9534461465  0.9844876842  1.0144870616  1.0482540384  1.0083821270  0.9910323474  0.9634337027  0.9668332076  0.9627941584  0.9434972288  0.9671523130  1.0307985143  1.0400238164  1.0174035396  1.0363749907  1.0628542118  1.0476712376  1.0168566596  0.9511804011  0.9640824031  0.9300402600  0.8940704353  0.9095863482  0.8868540234  0.8546720849  0.8591784649  0.9067287420  0.9669110490  0.9967463257
  0.9601848314  0.9710999710  0.9463963969  0.9337153182  0.9672472127  1.0071612500  1.0106204139  0.9777605971  0.9725062459  0.9929799445  0.9715107915  1.0200650397  1.0174546849  1.0248221570  1.0316845033  1.0784680221  1.0195105203  0.9729762041  0.9718886731  0.9370819304  0.9357826235  0.9230556044  0.9126174868  0.8812676296  0.9265810583  0.9208369233  0.9041373240  0.9400491157  0.9284097303  0.9114973524  0.8987848935  0.9840604727  1.0549212122  1.0620133744  1.0555211380  1.0300748050  0.9553493925  0.9052239337  0.8730903549  0.8188050827  0.7855272956  0.7848882343  0.8024171455  0.8240910904  0.9081830654  0.9330040202  0.8920874760  0.8875218546  0.8896244805  0.8947099570  0.8766876211  0.8386834223  0.8093888934  0.8639016689  0.8851392964  0.8619268632  0.8733290916  0.8831559340  0.8852795666  0.8928852132  0.9141140266  0.9098594918  0.9546115953  0.9302731072  0.9276560592  0.9195653264  0.9307031545  0.9237903743  0.9114984767  0.9476786984  0.9611758737  0.9392630833  0.9565612222  0.9833912861  0.9967468183  0.9556137651  0.9464981447  0.9334590421  0.9658518552  0.9433955925  0.9721716861  1.0085358994  1.0364589198  1.0345983798  1.0478804186  1.0871877817  1.0454081162  0.9785882940  0.9352059504  0.9359188885  0.9647536363  0.9177524862  0.9185180381  0.8909370487  0.8803474300  0.8520948542  0.8717185437  0.9316304492  0.9456272715  0.9635496112  0.9470398043
  0.9600468719  0.9715812582  0.9511190852  0.9671499754  0.9907411272  1.0072707857  1.0380427183  1.0597831810  1.0533384764  1.0119122632  1.0287703023  1.0391103238  1.0674426751  1.0487269844  1.0756831179  1.0060456284  1.0062652229  1.0594080205  1.0309209051  0.9623572103  0.9457564316  0.9475756295  0.9413635743  0.9481926113  0.9535015126  0.9605592476  0.9597668236  0.9779848473  0.9382568984  0.9649990875  0.9988073740  1.0347664346  1.0618788092  1.0843178185  1.0726969552  0.9465490353  0.8841895552  0.8732265891  0.8511363017  0.8095093755  0.7997746157  0.7779009998  0.8199430569  0.8866791558  0.9234863892  0.9441018539  0.9507581685  0.9273757529  0.8826612546  0.8851167359  0.8339306288  0.8347917586  0.8740948301  0.9276979404  0.8722605229  0.8548475308  0.9209208518  0.9469508272  0.9334765511  0.8985501405  0.9034892099  0.9574545164  0.9363403739  0.9391674025  0.9238220124  0.9495346073  0.9115414018  0.9058446175  0.9626966418  0.9384857463  0.9404056024  0.9331162079  0.9367775510  0.9472797841  0.9246788767  0.9200243886  0.9575450088  1.0204668541  1.0232077053  1.0235182440  1.0853764372  1.0765268862  1.0445001224  1.0328090207  1.0895856593  1.0468530134  0.9672996771  0.9188560508  0.9702535618  0.9521126006  0.9368901360  0.9407475016  0.9397782889  0.8731970383  0.8704557940  0.9011002078  0.9151707925  0.9448400073  0.9579874783  0.9771655995  0.9801388726
  0.9952106693  0.9181760072  0.9367397089  0.9668309296  1.0335169373  1.0628355219  1.0900139752  1.0808479240  1.0803575200  1.0996988138  1.0709325919  1.0667582387  1.0487826440  0.9992266969  0.9993903582  1.0213405293  1.0274784160  1.0575737977  0.9951239650  0.9495774388  0.9263070099  0.9299833460  0.9423483192  0.9699626901  1.0289241796  1.0570428629  1.0626488823  1.0222484320  1.0196928317  0.9636561721  1.0471776251  1.0650057117  1.0309445604  1.0330305581  0.9427557747  0.8988270495  0.8816795474  0.8730234066  0.8521056442  0.8059894971  0.8096445277  0.8285164380  0.8438106517  0.9206443405  0.9536681839  0.9438730145  0.9168646415  0.9214340959  0.8626597510  0.8665224004  0.8573306091  0.8644293051  0.9065230471  0.8801445496  0.8712394333  0.9229559345  0.9500519705  0.9664475948  0.9424651978  0.9525796187  0.9434649276  0.9558260943  0.9307424887  0.8926800372  0.9346038163  0.9338473595  0.9225858130  0.9360853233  0.9305945885  0.9162825797  0.9443654995  0.9185431121  0.9319593306  0.9530885453  0.9727553013  0.9639891713  1.0236865647  1.0619033037  1.0375996405  1.0998128272  1.0699920322  1.0267558081  1.0348402258  1.0794334237  1.0703857564  1.0175576897  0.9891298333  0.9649727826  0.9439345138  0.9572967321  0.9221229275  0.9201569133  0.8815276215  0.8786863323  0.8805637540  0.9378425230  0.9645374610  0.9391866643  0.9272529552  0.9859237436  0.9736298649
  0.9476839714  0.9159516055  0.9188566166  0.9903029915  1.0340894602  1.0852269184  1.0834184042  1.0671796355  1.0731791508  1.0288413567  1.0065521372  1.0555767375  1.0395962740  1.0219242279  1.0113416396  1.0498099026  1.0417459373  1.0425108790  0.9464990595  0.9058395586  0.9061234336  0.9598479812  0.9831719386  1.0193236906  1.0785050940  1.0283097076  1.0180281662  0.9877933397  0.9628874510  1.0162218844  1.0308129899  1.0293831988  1.0094214744  0.9342841770  0.9042976999  0.8574598827  0.8528955977  0.8353478870  0.7982740704  0.8448123124  0.8711029129  0.8657713406  0.8895516416  0.8967652768  0.9288002483  0.8906112701  0.8775353113  0.8595956053  0.8464557234  0.8276473284  0.8510224963  0.8982311824  0.9266765493  0.9140346088  0.9362239094  0.9684547873  0.9870378837  0.9846652810  0.9436416287  0.9081779713  0.9522445084  0.9127615150  0.8419010877  0.8953344963  0.9540834742  0.9358775617  0.9049086611  0.8849340255  0.8957503589  0.9389921319  0.9611597077  0.9678057177  0.9790213499  0.9533381404  0.9536110333  1.0256647929  1.0320847344  1.0551696436  1.0695105654  1.0319539461  1.0439685980  1.0340780084  1.0422677464  1.0652142109  1.0036059407  0.9969731747  0.9836732028  0.9603446394  0.9434453969  0.9170085329  0.9070622356  0.8489313315  0.8421292341  0.9144567956  0.9521768639  0.9885146621  0.9433662284  0.8981678279  0.9211765055  0.9210762918  0.9426670581
  0.9175152956  0.9047061622  0.9101394668  0.9399739994  0.9746973212  1.0474421769  1.0794812198  1.0810326284  1.0533816588  1.0468001672  1.0968863335  1.0587670247  1.0562776712  0.9982169557  1.0165346431  0.9871781123  1.0368991267  0.9757276722  0.9414529277  0.9462771235  0.9486556927  0.9770333086  0.9940576056  1.0721540455  1.0654060396  1.0011281335  0.9666571965  0.9511318411  0.9584684377  0.9250462844  0.9722556620  0.9551532016  0.9428397638  0.8886625721  0.8829559317  0.8584352100  0.8672814515  0.8528394749  0.8624218112  0.8875058301  0.8608231553  0.8493919793  0.8499089331  0.8500149838  0.8464729038  0.8418872058  0.8079850801  0.7926687484  0.8201420614  0.8313811010  0.8749420799  0.9318820376  0.9069363894  0.8964292594  0.9059062261  0.9452720894  0.9635587463  0.9147289349  0.8805712423  0.8821879084  0.8608240012  0.8203888737  0.8137544418  0.9074063242  0.9013364490  0.8725477788  0.9036121948  0.9005081570  0.9162847517  0.9352631944  0.9642152601  0.9893596573  1.0032100640  0.9754889454  1.0255288680  0.9784650749  1.0157302383  1.0917753324  1.1060915457  1.0747363383  1.0644907059  1.0472221306  1.0451253505  1.0174329102  1.0247812997  1.0164893130  1.0249943233  0.9854374115  0.9234824976  0.9295158926  0.8522701193  0.8463080647  0.9232102222  0.9739312331  0.9788409835  0.9369191010  0.9337179714  0.9106027264  0.9240750258  0.9359648554  0.9406990202
  0.9297131671  0.9028617839  0.8880074629  0.9852158627  1.0407416785  1.0453944542  1.0411791460  1.0344029689  1.0355076040  1.0694188187  1.0583975639  1.0252599388  0.9853471999  0.9849528274  0.9644220464  0.9740176544  0.9539011520  0.9319010496  0.9741257942  0.9419051321  0.9501569324  0.9818686482  1.0367725630  1.0220720788  0.9724054373  0.9184955972  0.9680585888  0.9603890728  0.8963203720  0.9227171858  0.9250431360  0.9278531040  0.9189509581  0.9265805422  0.9101003272  0.9081336855  0.8714744332  0.8768207854  0.8690131244  0.8507398107  0.8281181476  0.8038430804  0.7620954709  0.7813159569  0.8113078378  0.7302491100  0.7373312794  0.7640686876  0.8101155968  0.8584184719  0.9165358274  0.8764363343  0.8887390675  0.8831893213  0.8870471210  0.9288692927  0.9272035710  0.9345245346  0.9085189829  0.8741105763  0.8264994948  0.8564614905  0.8874347035  0.9178380077  0.9112731104  0.9164530824  0.8998280325  0.8937164824  0.8978202431  0.9393326720  0.9659114764  0.9730047493  0.9533746003  1.0398132021  0.9963196968  1.0449650427  1.1729637814  1.2346342942  1.1589271005  1.0622513240  1.0048646500  0.9955903453  0.9831940813  0.9608407297  0.9550949803  0.9730288048  0.9808777172  0.9352323007  0.9299230951  0.9134499868  0.9055114868  0.9359899198  0.9772519443  0.9674373382  0.9451518653  0.9522002712  0.9639746980  0.9676298590  0.9391837976  0.9719942230  0.9864403775
  0.9733161644  0.9239895202  1.0096681742  1.0519576850  1.0544450220  1.0089307305  1.0288245144  1.0462135318  1.0868023275  1.0501754621  1.0070583957  1.0109603955  1.0307051473  1.0119310515  0.9771167521  0.9076156560  0.9043492893  0.8908313983  0.9516471678  0.9654813027  0.9884051152  1.0003049771  0.9737105939  0.9802543533  0.9157813069  0.9490541230  0.9534350993  0.9222104772  0.8764343706  0.8896471457  0.8619379525  0.9367282229  0.9694605164  0.9567288539  0.9277161880  0.8946522757  0.8911145956  0.8311745035  0.8231524986  0.7940379594  0.7715240320  0.7357052396  0.6791118349  0.7102806150  0.7408233526  0.7300258531  0.7173482699  0.7917850859  0.8436692600  0.8682095168  0.8876931165  0.8817568668  0.8629557903  0.8731090571  0.8955227847  0.9508440480  0.9755662120  0.9327996884  0.9325782522  0.8730312706  0.8438341860  0.8751264324  0.8996756318  0.9129559070  0.8910051962  0.8859998107  0.8667431459  0.8406878956  0.8586560105  0.9474293726  0.9507756863  1.0056556770  1.0536473885  1.0488545109  1.1574929771  1.1751581387  1.2407929863  1.2066178150  1.0867435988  1.0154646169  1.0258607535  0.9848550155  0.9283773055  0.8887966111  0.8875876881  0.8934948874  0.9069013317  0.9142215127  0.9056336543  0.9158618563  0.9391599161  0.9982974705  0.9723245802  0.9589714371  0.9632008881  0.9889874890  1.0187086731  0.9372113374  1.0099761378  1.0087961316  0.9886809375
  0.9744480915  1.0454177979  1.0812289223  1.0467134995  0.9908964227  1.0200779817  1.0609796201  1.0946476643  1.0454994851  0.9750741726  1.0002979876  1.0509351749  1.0529436644  1.0199687842  0.9527763878  0.9005525357  0.9303315900  0.9731495398  1.0125174851  0.9809229608  0.9555859679  0.9403701154  0.9016984422  0.8933044632  0.9265066822  0.9355392174  0.9190644358  0.8500574445  0.8424778485  0.8621441393  0.9292581390  0.9359874009  0.9321564542  0.8871000180  0.8636234940  0.8497413782  0.7933355212  0.7536132313  0.7580741982  0.7714755711  0.7430760500  0.7084066847  0.6817553644  0.6965003099  0.6941644769  0.7107344083  0.7959797895  0.8223255781  0.8504482524  0.8753213335  0.8869296160  0.8503464800  0.8686275503  0.8986133944  0.9455069253  0.9898796297  0.9727071505  0.9540574944  0.8883236901  0.8362115297  0.8544821021  0.8894701351  0.9404617920  0.9137838267  0.8556118132  0.8607110821  0.8221916314  0.8342103414  0.9466699597  0.9712154548  1.0011522951  1.0433133328  1.1009654156  1.1477877547  1.1492878394  1.1546164130  1.1422959037  1.1105402331  1.0533383197  1.0612339107  1.0238947218  0.9656962630  0.9275406268  0.9086932105  0.9112651002  0.9133505569  0.9080767756  0.9148296760  0.9165772037  0.9586496960  0.9972490487  0.9961801718  0.9805097112  1.0292306891  1.0173608832  1.0370142408  0.9867668175  1.0619227137  1.0755782098  1.0383715293  1.0523805044
  1.0964302877  1.0736427825  1.0584911893  1.0278494389  1.0838863278  1.0446226775  1.0462309313  1.0530232024  0.9737235251  0.9720451357  1.0131347238  1.0773305892  1.0793116624  1.0286506904  0.9636500230  0.9554906375  0.9636623146  0.9787582712  0.9845442318  0.9960728348  0.9439220174  0.8795186295  0.9513857243  0.9423995878  0.9390782945  0.9764850171  0.9013941696  0.8713585849  0.8928844688  0.9330060224  0.9189439321  0.8764747622  0.8684793377  0.8866824427  0.8512173064  0.8311200989  0.8053465784  0.7673652668  0.7443237546  0.7423285879  0.6936015492  0.6785784780  0.6893275651  0.6817666657  0.6852026804  0.7577907914  0.7686556722  0.8161697786  0.8163086711  0.8380622595  0.8737379295  0.8850149446  0.9411498613  0.9596459396  1.0104852782  0.9986722946  0.9601085614  0.9022478270  0.8515563334  0.8704084805  0.8539631205  0.8899319226  0.9143300525  0.8890104261  0.8579644383  0.8726662443  0.8800873805  0.9097186035  0.9806675345  1.0278152176  1.0251356397  1.0327795668  1.0610800311  1.0604257817  1.1547167134  1.1731046256  1.1298018745  1.0964352483  1.0303078073  1.0191258631  0.9897624134  0.9508081096  0.8938451225  0.9257132315  0.9143470283  0.8805078496  0.9206667433  0.9066633535  0.8999676065  0.9825985371  0.9760627907  1.0132211052  1.0412591172  1.0451381270  1.0356745996  1.0270665011  1.0481700034  1.0631759549  1.0843267340  1.0897662701  1.1272193903
  1.0702254384  1.0444524881  1.0219205779  1.0401083611  0.9935292784  0.9804327843  0.9968491375  0.9921509358  0.9552031439  1.0013922613  1.0003553423  0.9947885808  0.9941560723  0.9915843425  0.9966670537  0.9584911488  0.9856923896  0.9854442603  0.9822890734  0.9458800542  0.9218383577  0.9536025596  0.9537880274  0.9744230845  0.9425564840  0.9434619034  0.9092124210  0.8877638977  0.9022317797  0.9134829786  0.8940647900  0.8786786673  0.8752202554  0.8505378201  0.8318765454  0.8043341488  0.7755511994  0.7271929880  0.7231846653  0.6850766931  0.6832452116  0.6731226742  0.6921391866  0.6893246589  0.6921601067  0.7031083817  0.7569402540  0.7873495201  0.8004551047  0.8528407747  0.8774614709  0.9307970589  0.9945026635  0.9730311939  0.9497051022  0.9305322034  0.9010458634  0.8799002500  0.8898900525  0.8773442911  0.9093272186  0.9397066685  0.9373578925  0.9498505224  0.9164573907  0.9289347625  0.9408078440  0.9972205226  1.0236794849  1.0334090711  1.0486083282  1.0539961848  1.0874867948  1.1135830582  1.1279172631  1.1230554561  1.0584993122  1.0159416234  1.0064022695  0.9842449685  0.9394895051  0.9305558157  0.9465316938  0.8981507406  0.8973328975  0.9235128709  0.9006692160  0.9275918647  0.9485958888  0.9979429217  1.0053253318  1.0393457715  1.0536169704  1.0527201975  1.0351609325  1.0368020897  1.0404066093  1.1037921641  1.1166195825  1.1279695057  1.0694033796
  1.0187596077  0.9723740728  0.9966916930  0.9595041195  0.9430126978  0.9809951442  0.9633780536  0.9489601228  0.9785699492  0.9518467982  0.9718313474  0.9880077383  0.9710911034  0.9808506258  0.9997474258  1.0018980226  0.9789355502  0.9769176802  0.9393358555  0.9676321028  0.9692389768  0.9765710083  0.9770530517  0.9609215683  0.9283346058  0.9169336005  0.9278186015  0.9234539918  0.9134672912  0.8627259546  0.8414950773  0.8380862810  0.8325171846  0.8314046939  0.7716375791  0.7688992847  0.7485001113  0.7275005999  0.6993791330  0.6902669423  0.6964188125  0.6851438553  0.6658666780  0.6735521370  0.7246841723  0.7062537936  0.7240512633  0.7847721027  0.8387494980  0.8981467494  0.9347655436  0.9612445134  0.9412980781  0.9406618694  0.8756904172  0.8403756769  0.8758342899  0.9040267002  0.9096016897  0.9119730440  0.9445096968  0.9438801945  0.9921721851  0.9402748411  0.9410100023  0.9591420385  1.0038641377  1.0197420450  1.0592443304  1.0713880908  1.0277962014  1.0450552556  1.0823649366  1.0648102067  1.0775954977  1.0058474137  0.9938853230  0.9501076730  0.9543357000  0.9194902759  0.9537416074  0.9542882582  0.9489091601  0.9154262383  0.9193972086  0.9393696894  0.9181553289  0.9286337289  0.9733344400  1.0265873017  1.0376212114  1.0474890422  1.0636410912  1.0551709807  1.0379476469  1.0670526007  1.1445169215  1.1586300366  1.1226481815  1.0924328780  1.0233536646
  0.9649303281  0.9488521237  0.9534318563  0.9972289100  0.9735645524  0.9754919996  0.9879167536  0.9504237342  0.9758978269  0.9918807130  0.9392306734  0.9025284378  0.9301646964  0.9451169818  0.9403406815  0.9317736483  0.9140639219  0.9261736818  0.9187679650  0.9694653644  0.9836381518  0.9989838731  0.9976146294  1.0099742018  0.9791292249  0.9401350277  0.9335286965  0.9252864867  0.9352968929  0.8611474421  0.8301179807  0.8146113435  0.8341845815  0.8025503260  0.7929756369  0.7518004613  0.7400276947  0.7170713176  0.7161128418  0.6978718639  0.6906684398  0.6758288793  0.7289674999  0.7259213499  0.6781626683  0.7307968157  0.7748672052  0.8364694664  0.8887807291  0.9170703545  0.8994947699  0.9169810030  0.9201640218  0.8568084651  0.8428108573  0.8724140328  0.8665776044  0.8263100228  0.8979824418  0.9305114983  0.9322801281  0.9491049084  0.9220442594  0.9062980700  0.9553122756  1.0167189064  1.0272748958  1.0397534366  0.9854940955  0.9952364935  1.0596998730  1.0786015157  1.0679257631  1.0873818143  1.0209386069  0.9910309177  0.9346137553  0.9686098051  0.9339437730  0.9069425108  0.9054873465  0.8869683371  0.8651153952  0.8747299449  0.8999938954  0.9048843575  0.9054961540  0.9321665146  0.9821265835  1.0344222960  1.0690380758  1.0437236984  1.0590058791  1.0781765278  1.1216984338  1.1459593167  1.1316646045  1.1132228972  1.0954205354  1.0565435714  0.9978383573
  0.9615728260  0.9736713443  1.0274657136  0.9884951025  1.0183844744  1.0189044808  0.9665250808  0.9728019299  0.9238744868  0.9211494257  0.9415619701  0.8907362294  0.8936394861  0.9414758330  0.9422929539  0.9337705962  0.9389924012  0.9319818186  0.9568529470  0.9569697356  1.0346319239  1.0136999604  1.0552884042  0.9823807622  0.9356322337  0.8930029077  0.9429649590  0.9437007427  0.8380477085  0.8249500062  0.8303675805  0.8280174962  0.8327659148  0.7753179098  0.7632135794  0.7687876225  0.7331074454  0.7197023734  0.7163491228  0.7198314362  0.7526910125  0.7446686593  0.7165034247  0.7237226928  0.7330288696  0.7856691263  0.8598737953  0.8681844045  0.8976185260  0.9034714950  0.8471446943  0.8687950927  0.8602589839  0.8718558635  0.9212990145  0.8456434433  0.8560530406  0.8855828978  0.9033609495  0.9026663876  0.9691808191  0.9666097107  0.9294505864  0.9700834644  0.9975983010  0.9859036016  0.9716631527  0.9352609769  0.9739219881  1.0514837355  1.0884276437  1.1012009744  1.0566167926  0.9976998560  0.9483619332  0.9538957603  0.9389915019  0.8992293113  0.8959320299  0.8631942370  0.8774251249  0.8819388043  0.8977835193  0.8814040387  0.8821663240  0.8829141317  0.9488520140  0.9926892584  1.0292321807  1.0440412175  1.0118600020  1.0363037865  1.0689171705  1.1440011152  1.1109628693  1.0975113410  1.0979617441  1.1057091540  1.0990618492  1.0276879266  1.0184014260
  0.9810950221  1.0424064986  1.0330966181  1.0195981496  1.0647344829  0.9959380282  0.9378982654  0.9425780971  0.9206915840  0.9796412944  0.9186881140  0.8407332080  0.8929923187  0.9532737657  0.9670408996  0.9453226319  0.9218236508  0.9678119195  0.9850974748  1.0321586449  1.0334035096  1.0324933248  1.0285037328  0.9475690514  0.8932594224  0.9443685803  0.9401440298  0.8507075425  0.8395010112  0.8578918097  0.8480273771  0.8148070035  0.7953393798  0.7674118157  0.7662891564  0.7539617220  0.7467218232  0.7272549461  0.7292766460  0.7910485609  0.7531656077  0.7454426655  0.7493263354  0.7714121438  0.8586908968  0.9228721367  0.8898059151  0.8957482597  0.9016177965  0.8756437114  0.9012622681  0.8978347607  0.8643868171  0.8841107837  0.8753912004  0.8813483739  0.8623386186  0.8721155927  0.9125478758  0.9532052992  0.9643721072  0.9464139221  0.9427796070  0.9827146539  0.9055544133  0.9258485400  0.9336228227  0.9895811126  1.1020427135  1.1380249359  1.0650613456  1.0050768774  0.9494896100  0.9334329468  0.9822133873  0.9576275353  0.9012096515  0.8812985464  0.8635433598  0.8783605074  0.9070510906  0.9131533371  0.8995756595  0.9113826415  0.9283156024  0.9868132739  1.0120455123  1.0567322048  1.0804116561  1.0835207154  1.0940108185  1.0556536439  1.0850471613  1.0873870416  1.0873018994  1.0694510483  1.0840296064  1.0557807140  1.0439694921  1.0307691816  0.9853729025
  1.0541405500  1.0793218846  1.0807429763  1.0759070244  1.0100119954  0.9631158967  0.9478204807  0.9377562215  0.9385471503  0.9199570316  0.8778062878  0.9201718143  0.9483943344  0.9238521179  0.9394478752  0.9211878895  0.9598476164  0.9778123501  0.9770277319  1.0563361838  1.0348540628  1.0160875162  0.9516191601  0.9211305750  0.9174380047  0.9244310949  0.8689038157  0.8471395345  0.8460474281  0.8060261539  0.8032826585  0.7957897962  0.7867302408  0.7788211000  0.7478366521  0.7606995026  0.7717223252  0.7502902548  0.7623261413  0.7464616419  0.7804070477  0.7811087967  0.8032320819  0.8853239004  0.9090118204  0.9018286000  0.9092564638  0.9247926818  0.9300687712  0.9128770205  0.8856097864  0.8750567765  0.8733605220  0.8519473023  0.8499551067  0.8736488163  0.9422210129  0.9300948510  0.9375030928  0.9820340813  0.9407794083  0.9302907789  0.9295937515  0.8735454973  0.8880972515  0.9575168699  1.0291667555  1.1129862456  1.1093427137  1.0758072653  1.0046789081  0.9560512292  0.9800819341  0.9599530711  0.9395610277  0.9064144809  0.8986627692  0.8687097235  0.8935003964  0.9267120443  0.9113306585  0.9071674694  0.8987004845  0.9504286969  1.0043450419  1.0607444912  1.0782895042  1.0945769025  1.0463481224  1.0841538513  1.0832527891  1.0654916757  1.0810535361  1.0559710086  1.0643107838  1.0561762701  1.0023345273  1.0519020735  1.0507417274  1.0155741769  1.0334768510
  1.0207758865  1.0369945092  1.0274955650  1.0336440298  0.9827851044  1.0056101497  0.9590361669  0.9068479720  0.8968906800  0.9167540951  0.9559039911  0.9134862371  0.9041402779  0.9063140420  0.9285178295  0.9855972329  1.0137380927  1.0283391637  1.0690433464  1.0821952881  1.0218268028  0.9656352235  0.9829831257  0.9385477576  0.8738630359  0.8445614171  0.8347631913  0.8535032313  0.8224594644  0.8385913834  0.8028448462  0.7757322477  0.7799594655  0.7765499563  0.7964354909  0.8046034325  0.7889346357  0.7938729489  0.8196084181  0.8131903893  0.8014298806  0.8692014834  0.8962069624  0.9292852880  0.9183466314  0.9325162296  0.9387379667  0.9234202745  0.9569968523  0.9083270034  0.8890074923  0.8562234257  0.8268779587  0.8491534887  0.9045212030  0.9383758590  0.9434941052  0.9374067088  0.9555442079  0.9193113517  0.9091448871  0.8723730629  0.9135385806  0.9155445388  0.9497214181  1.0131844029  1.0654777491  1.1049226110  1.0628294353  0.9996007814  0.9607051254  0.9705319583  0.9388705317  0.9483178386  0.9279336470  0.9043541524  0.8931886826  0.8800928595  0.9251807033  0.9224484986  0.9180091868  0.9025595575  0.8849639909  0.9422385375  0.9914197247  1.0856034679  1.0625232279  1.0554693250  1.0675162312  1.0679468242  1.0522987946  1.0502402939  1.0448648651  1.0066534425  1.0220234415  1.0633142864  1.0375326143  1.0316445025  1.0449255535  0.9885808540  1.0180456229
  1.0643614768  1.0625344451  1.0390524148  1.0336443307  1.0127155094  0.9871788050  0.9241066702  0.9510828336  0.9434000323  0.9332368500  0.9618231133  0.9324573652  0.9368184737  0.9449816096  0.9383653798  0.9802914693  1.0220425737  1.0662388358  1.0945183413  1.0624691990  1.0301144114  1.0348292513  0.9847928733  0.8923585703  0.8505964243  0.8299453346  0.8431947962  0.8255150856  0.8359318559  0.8009710769  0.7535748299  0.7966575906  0.7912963193  0.8185762932  0.8259742038  0.8148672822  0.8349715678  0.8578774135  0.8638396969  0.8439022021  0.8960659863  0.8965028906  0.9259399895  0.9258821001  0.9458735998  0.9116574080  0.8768710592  0.9323524005  0.9102836159  0.8804106937  0.8677146162  0.8806571891  0.8973023106  0.8819807690  0.9114160033  0.9691365625  0.9448534139  0.9216807601  0.9016468349  0.9111693572  0.8954940119  0.9319078139  0.9455098366  0.9628356804  1.0381383893  1.0575198227  1.0519123166  1.0076597079  0.9795724096  0.9420759805  0.9395189708  0.9662726288  0.9839213347  0.9360679769  0.8837483146  0.8671400781  0.9320983866  0.9246512940  0.9572388577  0.9553858694  0.9402189462  0.9122282105  0.9396689653  1.0214952041  1.0583739971  1.0763970232  1.0518244783  1.0850002731  1.0725026008  1.0873663818  1.0752118082  1.0894297394  1.0710828005  1.0419402840  1.1186012961  1.0709199492  1.0336011455  1.0467500387  1.0303387295  1.0835434830  1.0997004164
  1.0895666694  1.0536421215  1.0617966645  1.0408113256  1.0135559480  0.9762154411  0.9507729814  0.9136883558  0.9678090693  1.0037050985  0.9921798213  1.0136663473  0.9798926835  0.9503768088  1.0049123230  0.9872164629  1.0464528380  1.1404322911  1.0701936363  1.0501921476  1.0694456285  1.0253683237  0.9616514162  0.9425322261  0.9209369891  0.8746819878  0.8164038737  0.8040797531  0.7627163811  0.7532291733  0.8006114581  0.8302147139  0.8201432669  0.8200382786  0.7988659603  0.8285100692  0.8622044065  0.8451745900  0.8691242816  0.8729029460  0.8907057175  0.9269378840  0.9295958037  0.9041531495  0.9289181913  0.8584502054  0.8524091923  0.8589791458  0.8447984127  0.9061030106  0.8862894676  0.8935756230  0.9025997670  0.9344458527  0.9446781418  0.9494685150  0.9502073751  0.9236009556  0.9164844788  0.9296756810  0.9299089588  0.9453420595  0.9866641657  1.0405885825  1.0506700109  1.0307049484  1.0008353376  0.9822150480  0.9638308329  0.9646770895  0.9850546674  0.9787027745  0.9102269201  0.8694491833  0.8569477529  0.9143869895  0.9641098996  0.9760252397  0.9921990914  0.9933703186  0.9873726522  0.9424497379  0.9796671545  1.0109382702  1.0389354334  1.0432612499  1.0692551642  1.0519436226  1.0913555872  1.0665095550  1.0964288775  1.1220462169  1.1105011960  1.1085575050  1.1058219328  1.1035831069  1.0917799459  1.0662422855  1.0853897633  1.0810168586  1.0965098661
  1.0946572358  1.0596978474  1.0364848927  1.0052105058  0.9657189917  0.9884814157  0.9801272038  0.9713242457  0.9906610162  0.9643629921  1.0561059895  1.0605769021  0.9890738497  1.0303042749  1.0460355065  1.0869947470  1.1165780274  1.0996567723  1.0689344412  1.0682242164  1.0457262807  1.0296145160  0.9986819977  0.9494354220  0.8729321100  0.8471346513  0.8333639517  0.7960322276  0.8077811644  0.8204593724  0.8180920775  0.8155494103  0.8039601902  0.8021662518  0.7755722907  0.8190403771  0.8212862029  0.8572779141  0.8612496663  0.8809009785  0.8914263213  0.9060761751  0.9053817378  0.9537345647  0.9278348522  0.9253614226  0.8526981880  0.8184571564  0.8446010921  0.8786104359  0.8875423469  0.9175527154  0.9225219909  0.9122785117  0.9158633481  0.8720687951  0.8831026442  0.9315550583  0.9437007278  0.9309168098  0.9521516633  0.9510841898  1.0240689601  1.0228927973  0.9714986135  0.9829029795  0.9902594699  0.9669465994  0.9530935698  0.9725770892  0.9279454911  0.9036261794  0.8787730035  0.8839184198  0.9022571745  0.9252479750  0.9834434276  1.0099358801  0.9770395435  0.9799550075  1.0227759855  1.0111364336  1.0207969278  1.0752163134  1.0291679059  1.0067718954  1.0017333576  1.0784116842  1.0623553162  1.0850263928  1.1592827674  1.1442826602  1.1176888585  1.1361792246  1.1377168351  1.1284109901  1.1492340497  1.0445705891  1.0797943255  1.1224740419  1.0890962870
  1.0291127135  0.9979643646  1.0097011494  0.9879824824  1.0207721312  0.9827606247  0.9960380034  0.9948174530  1.0254861076  1.1375103293  1.1652662706  1.1010162165  1.0249057785  1.0811349166  1.1310967252  1.1478841309  1.1100065154  1.0931495943  1.0680020521  1.0862760764  1.0173306245  0.9650733987  0.9133254143  0.8427507215  0.7951279319  0.7968266194  0.8319800551  0.8661051916  0.8062095263  0.7966583950  0.8177645730  0.7874887391  0.7693149614  0.7924669974  0.7767174329  0.7831249553  0.8572372540  0.9005652752  0.8716431885  0.8984901964  0.8962873321  0.8880261055  0.9114627447  0.9330368140  0.9052599536  0.8533338439  0.8492838950  0.8553464868  0.8678788331  0.8863452589  0.8901869326  0.9241210180  0.9139116213  0.8809618119  0.8604536469  0.8709662874  0.8528022593  0.8971866467  0.9124432350  0.9518877925  0.9894477922  0.9880788726  0.9686647819  0.9393049138  1.0021556919  1.0329917243  0.9982777358  0.9831234600  0.9559382501  0.9191455368  0.9195675247  0.9214916609  0.9053232628  0.9335984109  0.9347108326  0.9833137055  1.0336520028  1.0471814044  1.0050400981  1.0377768979  1.0420202833  1.0826733739  1.1116919069  1.0320075067  1.0211876195  1.0848314335  1.0878336245  1.0657462677  1.0916671677  1.1564856067  1.1475436388  1.0953183036  1.1062613717  1.1259360274  1.1168394182  1.1450174554  1.0661479975  1.0795225138  1.1030092733  1.0778424829  1.0644209262
  1.0527324068  1.0448168004  1.0274649436  1.0355305401  1.0659743264  1.0556424284  1.0303263263  1.0884239183  1.1257897140  1.1422753385  1.1081321059  1.0978800270  1.0814053594  1.1124297017  1.1310339848  1.0849548212  1.0841003909  1.0929458827  1.0621090120  1.0088055247  1.0009129331  0.9608683850  0.8959207451  0.8291881645  0.8175988828  0.8594735161  0.8554798393  0.8333961793  0.8539030813  0.8252074147  0.7908515169  0.8215197656  0.7923334378  0.7917755444  0.8271780557  0.8795227637  0.8942114755  0.8936201835  0.8885288746  0.8923941480  0.8632907039  0.8724268740  0.8927123620  0.8887668431  0.8866741079  0.8819530358  0.9339948157  0.8743524755  0.8688403166  0.8875691629  0.9203710282  0.9281785976  0.9218658843  0.9149401821  0.8743936715  0.8537415650  0.8789551395  0.9542112584  0.9971162227  0.9787917202  0.9222388117  0.9173024101  0.9617401101  1.0211598312  1.0519919224  0.9938320300  0.9631838852  0.9436709071  0.9289713860  0.9385177078  0.9600717811  0.9545713685  0.9359506174  0.9558027107  1.0388506712  1.0473547728  1.0561204540  1.0692112361  1.1053539470  1.1103713341  1.0921242365  1.0778083578  0.9984122220  1.0425200106  1.1014302142  1.0815469922  1.0601506165  1.1024507363  1.1273713734  1.1049605360  1.0753072450  1.0605609121  1.1299974988  1.0788804378  1.0844318114  1.1052576003  1.0804904744  1.1171093941  1.1135719539  1.0625684214  1.0654340757
  1.0679267617  1.0415291529  1.0826117754  1.1137683363  1.0916461721  1.0907080330  1.0873787986  1.0764564613  1.0900648333  1.1053399873  1.1368566267  1.1199302002  1.0842341901  1.1287439742  1.1290306521  1.1007472669  1.0775420681  1.0577390789  1.0300454539  1.0173816169  1.0053380638  0.9650577723  0.8490370597  0.8272518719  0.8473249687  0.8480346618  0.8501500887  0.8365516505  0.7897920038  0.8319187219  0.8576098977  0.8253684488  0.7857919041  0.8662231321  0.8694681522  0.8748549331  0.9094701861  0.9035023253  0.8863823045  0.8816280213  0.8774145370  0.9391125487  0.9778760344  0.9611372762  0.9497031324  0.9561401242  0.9781907968  0.9375809798  0.9536409748  1.0020512257  1.0074589790  0.9742605389  0.9379619904  0.9379640783  0.8954909173  0.9212978887  0.9841442920  0.9853658671  0.9881139739  0.9504043816  0.9708827022  1.0330658581  1.0598018523  1.0408041767  0.9692967133  0.9190364317  0.8972992323  0.9593673362  0.9780403284  0.9662265534  0.9923940187  1.0023406683  0.9913706611  1.0278609432  1.0314710220  1.0048403478  1.0694784835  1.1137465951  1.0996046542  1.0592456505  1.0544240956  1.0224983009  1.0124017843  1.0558117288  1.1187707182  1.0968086372  1.0930230170  1.0927041858  1.0614278383  1.0660227729  1.0329296597  1.0739567415  1.0485047032  1.0516784357  1.0886808274  1.0667660999  1.0722730124  1.1078070648  1.0814677512  1.0820639902  1.1405993711
  1.1291041234  1.0895064204  1.1198413138  1.0980229292  1.0704982629  1.1337939337  1.0802072641  1.0511500016  1.1150404581  1.1681079070  1.1879215606  1.1521426714  1.0921507442  1.1033946653  1.1463735199  1.0851931303  1.0781389353  1.0401896427  1.0422472879  0.9941491098  0.9881206582  0.9351992194  0.8494271544  0.8659645636  0.8480625469  0.8307281062  0.8362191877  0.8309452193  0.8767783179  0.8828326692  0.8302664292  0.8089904356  0.8503606216  0.8655597941  0.8619730088  0.9179138384  0.9025480320  0.9053646248  0.9039880851  0.9004301841  0.9334516758  1.0025690376  1.0010021479  0.9526104487  0.9707583956  1.0294761709  1.0033423210  0.9779297103  1.0113616579  1.0219392355  0.9970241551  0.9783177119  0.9706131494  0.9617943345  0.9835040576  0.9903590402  0.9419701504  0.9773543537  1.0025733656  1.0080473197  1.0282333894  1.0427355725  1.0389828719  0.9778208147  0.9098696933  0.9367195777  0.9666772642  0.9542156457  0.9635455440  0.9751240702  0.9901161923  1.0441394894  1.0552763927  1.0463004289  1.0564354909  1.1204185671  1.1075995727  1.1252333078  1.1402487185  1.0974670404  1.0856504691  1.1107070664  1.1122168477  1.1263873528  1.0452333112  1.0241722598  1.0756919145  1.0878379844  1.0923585712  1.1161832945  1.0894323252  1.0229795977  0.9855834701  1.0321588395  1.0493064264  1.0571874657  1.1399146718  1.1083994590  1.0877477399  1.1495298269  1.1377029955
  1.1120360586  1.0913706201  1.0637849160  1.0484260443  1.1232954340  1.0746010598  1.0706956475  1.1059833639  1.2612255231  1.2223985843  1.1999929711  1.1152429574  1.1226548641  1.1281380800  1.0856251099  1.1014571647  1.0579176096  1.0478170722  1.0028318606  0.9760820963  0.9233800550  0.8482238347  0.8349507375  0.8481379994  0.8593077246  0.8644558412  0.8726103802  0.9225500194  0.8617458884  0.8390091077  0.8145980970  0.8378551862  0.8574624153  0.8860332769  0.9061999496  0.9163055208  0.9187699730  0.9218507893  0.9581506060  0.9238037368  0.9476269959  0.9837332439  0.9791337884  1.0171142902  1.0078189351  1.0131855146  1.0110917244  0.9973378303  0.9671195888  0.9810630755  0.9993493656  1.0139948807  0.9913444799  0.9588551847  0.9535325627  0.9344598346  1.0008317998  0.9747947121  0.9744425440  0.9913843905  1.0026172856  1.0202327138  0.9976998587  1.0003116598  0.9728207819  0.9928084708  0.9701811595  0.9592956073  0.9654329084  0.9910028206  1.0248752065  1.0570852781  1.0701600227  1.1174627982  1.1249612384  1.1663528800  1.1794280402  1.1632341418  1.1721042598  1.1029066699  1.1259937494  1.1264396063  1.0522779891  1.0266117820  0.9984245387  1.0418339578  1.0751942798  1.0641870823  1.0516464067  1.0333192336  1.0012281417  0.9906806014  1.0496319494  1.0752840578  1.0545506689  1.0698869019  1.0516278725  1.0640207721  1.1458572387  1.1347211731  1.1171758347
  1.0882137753  1.0885149441  1.0802445997  1.0898628685  1.0936444039  1.0575379942  1.1188760341  1.1974721866  1.1931422304  1.1445147242  1.1243476107  1.1181672235  1.1085166316  1.0703007472  1.0693720984  1.0497090170  1.0286647712  0.9999074683  0.9476986306  0.9132963610  0.8929099591  0.8704166244  0.8563177352  0.8699926995  0.8666177236  0.9120182732  0.9090178150  0.8940759942  0.8565371053  0.8630583560  0.8511000794  0.8501503861  0.8887286926  0.9328358728  0.9318176583  0.9284622124  0.9391287507  0.9672435284  0.9739043879  0.9847648387  0.9786901953  1.0438136659  1.0740494964  1.0683727911  1.0407290813  1.0149436194  1.0313472464  0.9868359709  0.9640012347  1.0110551956  1.0342405441  1.0304769581  1.0530162855  0.9979155831  0.9879243956  1.0204144382  0.9879466198  0.9879972300  0.9772559835  0.9596148135  0.9742430108  0.9859474806  1.0116241457  1.0133400193  1.0151208662  0.9794248860  0.9647026282  0.9393054459  0.9369939193  0.9724700886  0.9767088733  1.0229275295  1.1032338702  1.1307957520  1.1714499629  1.1942424418  1.1541833194  1.1379489959  1.0985928066  1.0525834552  1.0583000739  1.0589999866  0.9962874577  1.0206541350  1.0600717989  1.0187920788  1.0644854639  1.0565566843  1.0219140000  0.9849704644  1.0259804966  1.0845614782  1.0482179020  1.0079912822  1.0234004391  1.0273036148  1.0214145637  1.1080778582  1.1661759861  1.1750672617  1.0966495885
  1.1102594530  1.0609826686  1.0144436937  1.0220220361  1.0344850599  1.1135670546  1.1603390796  1.1573781463  1.1020543060  1.0352843990  1.0498388561  1.0940502269  1.0714524321  1.0634078005  1.0379750320  1.0581541193  1.0225062232  0.9855717949  0.9023664112  0.9050769169  0.9166604174  0.8968075265  0.8837198087  0.9273200286  0.9156766762  0.8905051906  0.9248896055  0.9148094815  0.9203415262  0.8889263239  0.8669502927  0.9104082170  0.9701045982  0.9818432460  0.9178906807  0.9463604295  1.0198570042  1.0005491289  0.9965856636  0.9961408354  1.0345547435  1.1115959183  1.1205610698  1.0260844958  1.0106466921  1.0039013345  1.0184683720  1.0037309060  0.9869729758  1.0528395933  1.0896357184  1.0764263939  1.0279026751  1.0010614502  0.9938339415  1.0197064213  1.0211854156  1.0017057978  1.0013159003  1.0110122730  0.9935096023  0.9861081066  1.0489850065  1.0780935857  1.0349891620  0.9940374897  1.0117924564  0.9492553408  0.9737430113  0.9952761582  1.0198111897  1.0698934184  1.1105545284  1.1091525967  1.1542745974  1.1586126739  1.1703872596  1.1046736412  1.0331158935  1.0564221729  1.0639522034  1.0106034616  1.0076382860  0.9800856384  0.9885542229  1.0484867791  1.0700813265  1.0157377893  0.9893990017  1.0057396958  1.0060623926  0.9992747234  1.0128554369  1.0090792693  1.0325352286  1.0509657712  1.1003536653  1.1821022649  1.1759844723  1.1336861305  1.0579047014
  1.0437103301  1.0110126232  0.9968574055  1.0430044910  1.1049189764  1.1340875419  1.1137952403  1.1021013038  1.0713300820  1.0849950353  1.1192624326  1.0341192474  1.0830893375  1.0794927785  1.0635026262  1.0550220969  0.9939727178  0.9256360758  0.9184966947  0.9323773159  0.9675060123  0.9528088814  0.9430780068  0.9069510861  0.9505584792  0.9935102954  0.9954566159  1.0212823293  0.9996254004  0.9655417367  0.9659862630  0.9664105070  0.9776446321  0.9196369762  0.9859411811  1.0091864545  0.9994630237  0.9875531050  1.0032117428  1.0236209779  1.0548053311  1.0370391261  1.0123742921  1.0430840794  1.0300728108  1.0446782547  1.0187211288  1.0018657069  1.0465548672  1.0912867094  1.0481006267  0.9957571070  1.0032602265  0.9819469280  1.0060002025  1.0780290617  1.0581883670  1.0608190399  1.0623155846  0.9813670852  0.9879219710  1.0562693828  1.0893695296  1.0525992073  1.0487636123  1.0602437471  0.9685054078  0.9609433959  0.9687122051  1.0154245796  1.0574886031  1.0779416212  1.0759621344  1.0913986397  1.1432839420  1.1443991028  1.1084964491  1.0643140864  1.0739366984  1.0508249337  1.0436413005  1.0614930379  1.0076852278  0.9881999998  1.0713833152  1.0397919368  1.0339821227  1.0411553295  0.9953305223  0.9618047841  0.9568799738  0.9927572024  0.9968439011  0.9692598485  0.9986915810  1.0867642627  1.1232925805  1.1586506766  1.1521144480  1.0734535601  1.0512934987
  1.0130546722  1.0147315221  1.0199984316  1.0364243388  1.0281073135  1.0377224981  1.0863633667  1.1012058063  1.1143707201  1.0933128351  1.0584999510  1.0409648764  1.0156682742  1.0335547060  0.9967848769  0.9584147188  0.9796686988  0.9667906405  0.9545374915  0.9755656850  0.9707937075  0.9467136054  0.9314946219  0.9632099697  0.9947848001  1.0068650711  1.0230212547  1.0293175141  0.9899445407  0.9791398071  0.9622630486  0.9641630209  0.9640951430  0.9775274444  0.9468091515  0.9464037580  0.9779292878  0.9968346004  1.0277802762  1.0634340454  1.0165277681  1.0633939036  1.1207746848  1.1378493045  1.0646338878  1.0727661640  1.0960664358  1.0764900778  1.0328116263  0.9994339549  1.0151200155  1.0049686614  0.9691896598  1.0356889165  1.0684263317  1.0836608568  1.0871898029  1.0697847629  1.0029240954  1.0300077551  1.0691470148  1.0832476828  1.0673981765  1.0088958971  1.0249297016  1.0221890141  0.9516740583  0.9860350565  1.0068234153  1.0523522018  1.0918815988  1.1015733518  1.0908269643  1.1212401240  1.0883263391  1.0828476597  1.0890677322  1.0764675451  1.0904649245  1.1144859060  1.1078398687  1.0613999636  0.9970365081  1.0451255647  1.0397951559  1.0024401852  0.9802480313  1.0007919960  0.9623677134  0.9717510969  1.0026989667  0.9854031791  0.9403615073  0.9604086938  1.0474040326  1.1178416803  1.1175326412  1.1028986887  1.1066500546  1.0950549526  1.0285505328
  0.9943155534  0.9850259882  1.0113220838  0.9724464684  1.0214390812  1.0334499912  1.0862849276  1.1155896762  1.1158963624  1.0571964487  1.0115561397  1.0477024637  0.9724647365  0.9477130032  0.9571625368  0.9520518582  0.9729038781  0.9570970445  0.9744647035  0.9698237626  0.9836723621  1.0033651173  0.9682718895  0.9873935706  1.0169948744  1.0379952394  1.0336973907  0.9671176022  0.9757699043  0.9480908292  0.9282374755  0.9387957534  0.9916957159  0.9527706712  0.9615934929  0.9586038927  0.9985310484  1.0582613709  1.0580014273  1.0296258075  1.1001052974  1.1478725683  1.1764713503  1.1175672477  1.1306986326  1.1237323953  1.0531777523  1.0368492404  0.9961831648  0.9692178606  0.9851240262  0.9814926395  1.0069767683  1.0564818479  1.0709728517  1.0850256237  1.0993660518  1.0680118820  1.0708691541  1.0971962269  1.0953408251  1.0434907841  0.9936019212  0.9988400120  0.9473058582  0.9581735706  0.9397900573  0.9826007316  1.0022710852  1.0341750714  1.0998391834  1.0882517732  1.0912136523  1.0720753223  1.0712351332  1.1159517021  1.1188565190  1.1479133241  1.1391969139  1.1481817303  1.0865273380  1.0574005533  1.0381898431  1.0523057185  1.0409245453  1.0011541489  1.0141606752  0.9933232085  1.0250128844  1.0236931416  0.9484877517  0.9090102081  0.9424608997  1.0173181056  1.0698056342  1.1193822715  1.1060682318  1.1564879382  1.1248590725  1.0568407921  1.0468886508
  1.0097689166  0.9926470289  0.9841793908  1.0059883959  1.0601419297  1.0698569664  1.0875510660  1.1519565168  1.1067632118  1.0660374522  0.9917664639  0.9389260323  0.9207967010  0.9257944895  0.8903023502  0.8839318169  0.9308798987  0.9535241416  0.9787448060  0.9979096677  0.9834683156  0.9879536068  1.0068405471  1.0341725547  1.0302780709  1.0462272190  1.0002077560  0.9766561019  0.9382399077  0.9212212304  0.9383399590  0.9671798626  0.9547963435  0.9529820244  0.9956478306  1.0736333516  1.1160950515  1.0961731104  1.0780264062  1.1002327960  1.1480498939  1.1624327308  1.1525792091  1.1427872879  1.1163737679  1.1214760042  1.0968432936  1.0362699172  0.9703083717  0.9184685652  0.9422132847  0.9602270050  1.0228285931  1.0118994768  1.0454253459  1.0733669604  1.0888798036  1.0653166855  1.0574816048  1.0356196722  0.9949909790  0.9947204454  0.9635286305  0.9632255858  0.9456174307  0.9196396825  0.9723426339  1.0325685572  1.0413199040  1.0276281629  1.1155121660  1.1127964775  1.1124551798  1.1306793635  1.1062992570  1.1385310103  1.1730216650  1.1592057275  1.1498796963  1.1178517504  1.0472651530  1.0378076719  1.0399711392  1.0565561188  1.0719627449  1.0792541890  1.0196595129  1.0594944123  1.0300235639  0.9836368820  0.9569478801  0.9943590911  1.0052259355  1.0126617177  1.0592539331  1.0457756815  1.1046560515  1.1198459761  1.0902490759  1.0837379981  1.0573003933
  1.0383345959  1.0127663835  1.0163184685  1.0370278544  1.1085288973  1.0668776296  1.0450922144  1.1112190733  1.1367996882  1.0336860394  0.9717815312  0.9459910051  0.9666198400  0.8891893899  0.8506746919  0.8822556025  0.9343830945  0.9623583667  0.9676346616  0.9339507344  0.9869329560  1.0426033143  1.0574428235  1.0683655260  1.0454876848  1.0501599607  0.9846343230  0.9402553929  0.9493914686  0.9800755025  0.9967070085  0.9737599907  0.9733251275  1.0097650100  1.0888014908  1.1165778243  1.1586044778  1.1714900322  1.1718254120  1.1764806279  1.1626953278  1.1536213248  1.1049661757  1.1092291704  1.0596736191  1.0667355880  1.0228713331  0.9883513157  0.9447480262  0.9117950295  0.9713168317  0.9893420647  0.9927108542  1.0039124643  1.0560880339  1.1207359442  1.0559428225  1.0488102929  0.9980717792  0.9755713192  0.9837957290  0.9770725817  0.9493178095  0.8931987212  0.9061654319  0.9894375220  1.0065157959  1.0576265015  1.0598332964  1.1286972650  1.1557961557  1.1178313597  1.1428814410  1.1358285858  1.1290955465  1.1458779694  1.1628591854  1.1541949363  1.1576933757  1.1058879610  1.0693423702  1.0688860611  1.0541398802  1.0840696163  1.1169698146  1.0533843342  0.9942577910  1.0239870218  0.9752730563  0.9846424154  1.0025480468  1.0038208381  0.9286246713  0.9296541707  0.9978773145  1.0795781519  1.1359235351  1.0855529250  1.0777782604  1.0785391367  1.0783036726
  1.0929249094  1.0760896370  1.0448163117  1.0434698964  1.0047016299  0.9837149541  1.0163405482  1.0808990984  0.9905040093  0.9788553734  1.0001413995  0.9645174795  0.8990632866  0.8667825777  0.9450083522  0.9588303912  0.9612274455  0.9472481110  0.9551699237  1.0392501357  1.0661311064  1.0469939613  1.0968140361  1.0945766652  1.0766249323  0.9892350894  0.9491689775  0.9678003957  0.9824705214  0.9882808352  1.0175623264  1.0382872336  1.0189168969  1.0802791140  1.0985490626  1.1114804559  1.1321605395  1.1561771247  1.1564595816  1.1889157277  1.1185644624  1.0867616660  1.0388457319  1.0331522508  0.9950333419  0.9927167263  0.9700941818  0.9635243287  0.9414299568  0.9944479125  0.9970785016  0.9868673527  1.0472853090  1.0869100853  1.1250468468  1.0921962260  1.0210027208  1.0031005400  0.9680583106  0.9523337555  0.9382747952  0.9146783407  0.8868919493  0.9107431327  0.9961189703  0.9973815236  1.0642906767  1.0934612956  1.1445692845  1.1393242880  1.1438147846  1.1031770447  1.1278461341  1.1287969831  1.1319575983  1.1748577605  1.1091741865  1.1044227949  1.0870433377  1.0695309339  1.0607781978  1.0406599546  1.0720507279  1.0305237198  1.0326538471  0.9895000344  1.0285193741  1.0154518592  1.0000118667  0.9653496063  0.9718523746  0.9636018477  0.9626135026  1.0184930612  1.1114399900  1.1716912808  1.1601355598  1.0820806760  1.0877854103  1.0717242933  1.1204456612
  1.1262414753  1.0485652836  0.9955827767  0.9745975649  0.9403163181  0.9878975954  1.0275789379  1.0134236044  1.0160363190  1.0002842211  0.9732125760  0.9789542382  0.9620735382  0.9708019387  0.9750942777  0.9476172955  0.9976612843  1.0066504848  1.0537959456  1.0251763669  1.0492915183  1.0316266622  1.0526390714  1.0274677295  0.9551666763  0.9184568466  0.9596974988  1.0222841345  1.0780989165  1.0689139686  1.0735981800  1.0372149026  1.0145029507  1.0697071407  1.0615078522  1.0743457857  1.0959277783  1.1303330594  1.1686909040  1.1220670833  1.0594248124  1.0097225012  0.9710097449  0.9735212147  0.9714636442  0.9909461562  1.0182500571  1.0136323160  1.0332650146  1.0113469550  1.0276418994  1.1151828376  1.1477250537  1.1647067820  1.1459001311  1.0513971102  0.9829233456  0.9489245397  0.9100863468  0.9591511549  0.9512345220  0.9727859725  0.9571181153  0.9902077856  1.0208186436  1.0589476913  1.0697405998  1.0959009372  1.1417997574  1.1654037095  1.1606512477  1.1407763989  1.1589307245  1.1501601226  1.1151620428  1.0556061725  1.0468831696  1.0499637736  1.0572345296  1.0155515899  1.0481903895  1.0357180658  1.0191369888  1.0137380227  1.0095991839  1.0139184473  1.0281024790  1.0100842249  0.9631078845  0.9818555322  0.9974056466  1.0122529746  1.0169674950  1.1048301890  1.2188013183  1.2520970931  1.1346438495  1.0867265840  1.0520826635  1.0868582362  1.0942488916
  1.0826101440  1.0646910087  0.9873156521  0.9268025903  0.9357768775  1.0057068554  1.0262972809  1.0115811414  1.0410741600  1.0332939320  1.0210230232  1.0132382669  0.9463524421  0.9346566505  0.9616832612  1.0056284712  1.0318261072  0.9993836248  1.0167805369  1.0754276469  1.0897010575  1.0136661940  0.9707923121  0.9702069838  0.9915777541  1.0469073248  1.0749912268  1.1473036397  1.1337805905  1.0588616154  1.0486669859  1.0365324462  1.0194302977  0.9970803022  1.0078561546  1.0330300921  1.0713391593  1.1199287631  1.1033137014  1.0781572814  1.0103160306  0.9702625481  0.9692039389  0.9438144255  0.9876904737  1.0191593604  1.0500630681  1.0804754186  1.0376717488  1.0573386735  1.1413424724  1.1764899545  1.2109726661  1.1364229743  1.0587498034  0.9989020609  0.9433974507  0.9615935502  0.9887484087  0.9876706107  1.0033990928  0.9878128074  0.9884334392  1.0207314450  1.0639702294  1.0655303896  1.1131186681  1.0818312293  1.0691484937  1.1843273536  1.1397205359  1.1393115629  1.1555089287  1.1393757040  1.0878325963  1.0620618126  1.0500480825  1.0444128503  1.0526708717  1.0368887904  1.0156368397  1.0220170577  1.0709916730  1.0337472458  1.0055888595  0.9949859294  0.9817284509  0.9497845513  0.9974641411  0.9906954538  1.0150602708  1.0737529267  1.1678361338  1.2054956050  1.1903542969  1.1381224968  1.0774686158  1.0580481459  1.0404926846  1.0426641098  1.0823664110
  1.0481646502  0.9945090305  0.9105185827  0.9390744791  1.0311870217  1.0267447667  1.0655531955  1.0521361457  1.0682642199  1.0778115413  0.9926579858  0.9233663975  0.9524751964  1.0064146046  1.0231885788  1.0329826287  0.9952282807  0.9608738450  1.0068608800  1.0652698879  0.9894199440  0.9338396782  0.9757241425  1.0411395619  1.0825272625  1.0964799632  1.1571261825  1.1107920160  1.0320465803  1.0325210611  0.9984691196  1.0021806708  0.9927650204  0.9708701902  1.0493617276  1.0862470451  1.0841255108  1.0909933881  1.0961785316  1.0297547994  1.0207489317  1.0149685452  0.9572687719  0.9890583193  1.0446021119  1.0802314622  1.0766850666  1.0001736900  1.0144691867  1.0940678901  1.1341230940  1.1327267365  1.1121702426  0.9961223648  0.9636638678  0.9926964460  1.0020014435  0.9945617329  1.0102046321  0.9979601055  0.9807921161  0.9978286349  0.9952284769  1.0056725326  1.0286486770  1.0655239151  1.1011509865  1.0879923620  1.1411159616  1.0997214809  1.1361580769  1.1864426594  1.0948957830  1.0669642292  1.0182568359  1.0172987385  1.0723846207  1.0298332387  0.9892247453  0.9953029573  1.0493473351  1.0541335545  1.0297588118  1.0260492855  1.0223050349  0.9602934095  0.9498741653  1.0002844232  1.0056824843  1.0762582595  1.1816898738  1.2102938848  1.2370548024  1.1831801800  1.1387596644  1.0421022198  1.0452844911  1.0427079326  1.0348944629  1.0453200120  1.0012974082
  0.9801399312  0.9155767520  0.9411557904  1.0148444393  1.0432090135  1.0623836979  1.0828383894  1.0757969412  1.0742616465  1.0299791809  0.9520983034  0.9884852052  1.0289930073  1.0693544026  1.0398429228  1.0573470431  1.0108344965  0.9828520588  0.9886983352  0.9554517803  0.9582086334  0.9757240506  1.0294071210  1.1098606120  1.0921759655  1.0898638558  1.0512224400  1.0441237862  1.0246876865  0.9683141204  0.9678196817  1.0332903535  1.0117864675  1.0631612988  1.0711040288  1.0939558188  1.1238880400  1.0594020650  1.0139453232  1.0057456596  0.9806872237  0.9669366356  1.0039893450  1.0221302721  1.0736798276  1.0433276505  0.9881068427  0.9930595268  1.0019296431  1.0409831387  1.0752951984  1.0450510380  0.9638951055  0.9285551330  0.9787306069  1.0127983614  1.0095322809  0.9819790112  0.9422057476  0.9681458531  1.0605723939  1.0247545523  0.9895701254  1.0005319782  1.0241055057  1.0665824645  1.0744715101  1.1077574262  1.0799121003  1.0859695361  1.1430063102  1.0247643125  0.9570772376  1.0008731546  1.0448984064  1.0899296395  1.0625615861  0.9996800547  1.0105540930  1.0278149342  1.0204312795  0.9919440196  1.0261726001  1.0221251935  0.9755410296  0.9697477707  1.0238876817  1.0413582713  1.0930014155  1.2128735946  1.1769817829  1.2815961146  1.2536528786  1.1349544242  1.0282536761  1.0511452312  1.0345748748  1.0247082589  1.0259135056  0.9635409761  0.9798396469
  0.9988686937  1.0133736785  1.0967460931  1.1085663066  1.0372711011  1.0506307205  1.0418192597  1.0485000339  1.0097813666  0.9914645882  0.9883461368  1.0022851328  1.0974625139  1.0958266700  0.9770945871  0.9901219410  0.9666648132  0.9940679519  1.0345149507  1.0095994521  0.9667965127  1.0304171727  1.0831837114  1.0664524182  1.0356516744  1.0584581499  1.0380313731  0.9923521252  0.9524301425  0.9754275065  1.0293815884  0.9996804591  1.0327490634  1.0567208958  1.0934824872  1.0917122031  1.0552335566  1.0548003868  1.0167953360  0.9702142663  0.9717516887  0.9776802614  0.9863390909  1.0101376144  1.0264530448  1.0063707714  0.9818799869  0.9746663354  0.9756806301  0.9868989950  0.9603146033  0.9557712254  0.9353175094  1.0276973181  1.0039365182  0.9679137432  0.9973731013  0.9371716478  0.9502894090  0.9778741059  0.9924516129  0.9908662129  1.0123055416  1.0576574043  1.0265856506  1.0236750489  1.0245056882  1.0338223781  1.0502022503  1.0397431283  0.9805861594  0.9543280820  0.9898132355  1.0051004884  0.9859693284  1.0166586160  1.0247479459  1.0488710090  1.0431329619  0.9916329627  0.9849155570  0.9886099255  1.0046797962  1.0081103615  0.9818628256  0.9830452171  1.0071612118  1.0557729648  1.1757569940  1.2038456075  1.2397853463  1.2162785103  1.0904816128  1.0422257142  1.0335196876  1.0367649027  1.0371194650  1.0295435031  0.9904022850  1.0303536984  1.0456194378
  1.0518924903  1.1204032523  1.1528264743  1.1358064802  1.0585736303  1.0375162780  1.0689981412  1.0354530141  1.0267681026  1.0084927732  0.9989321505  1.0156051611  1.0165620446  0.9706384881  0.9731642879  0.9450491542  0.9665261334  1.0367823955  1.0109163959  0.9928038777  0.9685569379  0.9925855580  0.9742323597  0.9736181766  1.0310439328  0.9934106627  0.9665018711  0.9125778895  0.9396291244  1.0040222611  1.0326155577  1.0580450824  1.0488473959  1.0868164766  1.0749648455  1.0571565140  1.0530075563  1.0473008125  0.9733442685  0.9462810756  0.9431832183  0.9754906862  0.9957440795  1.0185252095  1.0254573282  0.9598691639  0.9068133344  0.9054021985  0.9584268456  0.9433969697  0.9405894432  0.9307166546  0.9666823677  0.9280200327  0.9511979815  0.9779150518  0.9257771601  0.9362227025  0.9502919257  0.9487281975  0.9525770706  0.9776538458  1.0427102257  1.0286831590  1.0133793053  0.9977050046  0.9924498745  1.0283408151  1.0215456219  0.9482430537  0.9810333813  1.0159059503  0.9828721321  0.9635449839  0.9731699796  0.9941603900  1.0239768093  0.9733115640  0.9531743323  0.9389456681  0.9350285972  0.9900639565  0.9596180481  0.9587462388  0.9718094937  1.0015623588  1.0255132797  1.0848860495  1.1639513727  1.1958597137  1.1303308614  1.0859401061  1.0215776275  0.9937610205  1.0425786750  1.0146262375  0.9872934714  1.0039927530  1.0603597862  1.0478878421  1.0477192468
  1.0812595785  1.0993186513  1.1426341651  1.0756169862  1.0417628046  1.0707690071  1.0299671209  1.0340569510  1.0332730366  0.9699458384  0.9348750054  0.9462760855  0.9576841866  0.9789474929  0.9959047713  0.9958351335  1.0171995327  1.0104205319  1.0055310945  0.9472679936  0.9368008572  0.9675448608  0.9416876943  0.9702183938  0.9533848265  0.9277127983  0.8801349633  0.9441613727  1.0140521342  1.0482678166  1.0540242248  1.0306439994  1.0555110596  1.0252535736  1.0529239471  1.0276679933  1.0327412805  1.0041091170  0.9671694455  0.9291128559  0.9162964525  0.9270381462  0.9394495128  0.9574742022  0.9781801908  0.9095973693  0.9025502530  0.8923672137  0.9402885990  0.9855527964  0.9534430313  0.8890841045  0.8772286387  0.8874014617  0.9310645606  0.9363246652  0.8779425119  0.9039621766  0.9142706319  0.9575097825  1.0190086584  1.0841095997  1.0335530143  0.9936138462  1.0133225762  1.0066867320  1.0163013897  1.0260560436  1.0208858269  1.0600471537  1.0724076737  1.0179415926  0.9913472026  0.9598931129  0.9984388216  0.9821164174  0.9383914236  0.9445537259  0.9076115399  0.9232214841  0.9641028727  0.9646094923  0.9388646377  0.9421205059  1.0013138857  0.9985459388  1.0302620775  1.0967647538  1.1156973636  1.0919584850  1.0435577824  1.0015710403  1.0332866645  1.0306728457  1.0144725207  1.0045290810  1.0577556308  1.0555780016  1.0577446718  1.0468058127  1.0235132786
  1.0527517922  1.1115671561  1.0940404853  1.1013196680  1.0517721294  1.0043102460  1.0048015997  0.9734744787  0.9839944495  0.9489923830  0.8821372572  0.9552325131  0.9963057790  1.0692919961  1.0556773497  1.0196581626  1.0135601628  1.0308476657  0.9716314479  0.9616948396  0.9417942188  0.9573762453  0.9576678589  0.9549638500  0.9294745074  0.9201980241  0.9866076381  1.0182745967  1.0515684555  1.0580478701  1.0440648317  1.0598283446  1.0235233554  0.9983678033  1.0294697496  1.0348323035  1.0390910058  0.9862819433  0.9563741117  0.9605349566  0.9194051403  0.9328143342  0.9391149402  0.9405573808  0.9214256183  0.9122557177  0.8904980221  0.9345433514  0.9758880397  0.9386506677  0.9011063765  0.8818348751  0.8909265738  0.9152223316  0.9436141428  0.9288015062  0.9055461891  0.9267150404  0.9882217223  1.0065525719  1.0404180131  0.9893825574  0.9588200554  1.0235135343  1.0434117772  1.0268637952  0.9840640631  1.0180066282  1.0850077269  1.0712860106  1.0201444502  1.0270140840  1.0156718362  0.9751869189  0.9440860296  0.9492432504  0.9544424516  0.9430857159  0.9516569764  1.0128497870  0.9503627763  0.9271010526  0.9274726359  0.9619716411  0.9648533066  1.0024990853  1.0334750676  1.0750714347  1.0286935936  1.0240554537  1.0410545189  1.0271429513  0.9632186696  0.9990790842  0.9997246161  1.0246067093  1.0048649388  1.0051894263  1.0865277103  1.0255582810  1.0232357478
  1.0876239172  1.1102145634  1.0819044303  1.0598440378  1.0149659077  1.0345185687  1.0522376634  1.0266063055  0.9430319324  0.8880358320  0.9727816938  1.0429159160  1.0871649809  1.0488260937  1.0433705098  1.0590012430  1.0268372442  1.0310565689  0.9703358954  0.9707172435  0.9463906478  0.9846767593  0.9685024311  0.9593274362  0.9359313588  0.9968063063  1.0920181882  1.0605447546  1.0468861986  1.0448386806  1.0580870021  1.0652803120  1.0548977468  1.0824682048  1.0892431209  1.0530824207  1.0200881750  0.9847497646  0.9456221312  0.9499018125  0.9526275664  0.9235388462  0.8923667792  0.9203468491  0.9207113790  0.9107599736  0.9506964642  0.9243497080  0.9242085795  0.8964606386  0.8807925532  0.8884658059  0.9233588497  0.9428743475  0.9558524773  0.9669361811  0.9674882292  0.9624861776  0.9643566080  1.0114337413  1.0258087775  0.9775713305  0.9968131411  1.0162384235  0.9786118811  0.9731888553  0.9943562821  1.0141942835  0.9908404663  1.0288708092  1.0371179564  1.0200539468  0.9854698699  0.9463597581  0.9460137150  0.9769724712  0.9531280440  1.0154177036  1.0404812061  0.9896397156  0.9228171476  0.9485817571  0.9553714530  0.9660531764  0.9876206517  1.0270032363  1.0366360211  1.0582771078  1.0449598679  1.0527483232  1.0106745696  0.9510393230  0.9877373679  0.9848026230  1.0173993939  1.0289229269  1.0154794863  1.0742462544  1.0685843974  1.0311557052  1.0661007863
  1.0735715047  1.0778940579  1.0958816532  1.0491432847  1.0723632049  1.1132702304  1.0644682989  0.9776417184  0.9523665332  0.9980865935  1.0145846943  1.0569625852  1.0209736251  1.0443746299  1.0849040703  1.0516931005  1.0926643114  1.0363997241  0.9710582222  0.9749829555  0.9945749822  1.0068668993  0.9541974316  0.9404203324  1.0257732377  1.1405299540  1.1091947068  1.0433124155  1.0794893507  1.0921808244  1.0909584167  1.0982820309  1.0951955575  1.0584198288  1.0196809296  1.0092571059  0.9987565171  0.9319063327  0.9359247007  0.9414389443  0.9348717480  0.8816566159  0.8807672263  0.9194950735  0.9407299915  0.9332924951  0.8968253700  0.8911212555  0.8647551172  0.8756322664  0.9167032446  0.9206863131  0.9393552202  1.0179235518  1.0449090339  0.9991894104  1.0405582909  1.0444066081  1.0465121784  1.0177441332  1.0020855408  1.0035619895  1.0107592653  0.9875163015  0.9854085199  0.9688274761  0.9490848741  0.9776451223  1.0086793281  1.0379630459  1.0437782274  1.0378007127  0.9843244857  0.9785777090  0.9594382488  0.9428619143  0.9861978676  1.0061571282  0.9677806287  0.9033612407  0.9345736931  0.9557971406  1.0168211609  0.9718664182  0.9960331135  1.0436470471  1.0922457293  1.0812667524  1.0601517116  1.0150666267  0.9836661542  1.0257994293  1.0137394834  1.0474842627  1.1233775523  1.1277675901  1.1625878853  1.1016765584  1.0607191978  1.0780556474  1.0582659970
  1.1055648176  1.1618789833  1.0976314122  1.0761497093  1.0670415396  1.0346293007  0.9933074297  1.0209342863  0.9805577799  1.0033063830  1.0259400717  1.0259761441  1.0227780426  1.0163357105  1.0610521835  1.0635191058  1.0407518920  0.9792676151  0.9736886809  0.9970563729  1.0243131900  1.0296171960  0.9865207780  0.9954430347  1.0534451331  1.0281468195  1.0374866249  1.0932716361  1.1495331889  1.1218446007  1.0343167615  1.0271792870  0.9969462616  0.9793633419  0.9776001062  0.9659950003  0.9702361313  0.9158217015  0.8771832882  0.9003584616  0.8748347967  0.8612739264  0.9367496240  0.9873225359  0.9577396553  0.9399168134  0.9146585387  0.8681020334  0.8850805783  0.8851321379  0.9053096935  0.9434523824  0.9879584206  1.0181167982  1.0483056219  1.0814426371  1.0638781508  1.0147529778  0.9974639487  0.9812978784  0.9400789754  0.9411035677  0.9849542607  1.0005662829  0.9814021442  0.9470759944  0.9822969831  1.0248562973  1.0677412372  1.0455198831  1.0610690673  1.0044622790  0.9375938025  0.9451549938  0.9588791432  0.9964674783  1.0324256521  0.9913369437  0.9611116694  0.9845337656  0.9943570407  0.9693801537  0.9883138073  1.0513485671  1.0564322932  1.1103422504  1.0909108452  1.0858623846  1.0543762192  1.0493293483  1.0994155449  1.1173559128  1.0982786236  1.1626890858  1.2249630291  1.2371846049  1.1488471989  1.1116692118  1.0892882495  1.0860497117  1.1388791454
  1.1438129774  1.1490135050  1.0974411404  1.0552194011  1.0279008038  0.9914035239  1.0170029448  0.9501442169  1.0075271075  1.0307659562  1.0004842126  1.0234535624  0.9866703715  1.0241194703  1.0395494695  1.0143669664  0.9533484529  0.9632729540  1.0240778321  1.0665434331  1.0353676975  1.0003579956  1.0169126949  1.0323082366  1.0384977568  1.0379062797  1.0983159873  1.0920037580  1.0430995172  0.9944790304  0.9754225779  0.9340607103  0.9310041110  0.9270121051  0.9121602227  0.9357268213  0.9195816149  0.8587564091  0.8482617742  0.8735465878  0.9079152959  0.9493381471  1.0167696955  0.9870681628  0.9652248285  0.9232397835  0.8921028422  0.8610674486  0.8691922272  0.9065685564  0.9609004735  0.9955420059  1.0344211418  1.0334479579  1.0850158531  1.0589101996  1.0441886437  1.0006852439  1.0113455530  0.9293291012  0.9142331284  0.9675055224  0.9892965246  0.9881301277  0.9748968415  0.9921428339  1.0451671062  1.0548712169  1.0230347748  0.9938790477  0.9934284693  1.0008294988  0.9682858616  0.9710923403  1.0173071799  1.0577048223  1.0749646748  1.0682269498  1.0336335360  1.0425942419  0.9997224511  0.9799986861  1.0355487839  1.0333341700  1.0491550262  1.1524211250  1.1195422760  1.0945877102  1.0955996140  1.1479739772  1.1391789365  1.1750540993  1.1585807973  1.1979539002  1.2169444254  1.2195109057  1.1750067414  1.1135168907  1.1401530765  1.1415778525  1.1812049502
  1.1656326295  1.0899391243  1.1192315270  1.0785908322  1.0549494562  1.0427556588  1.0110110849  1.0259873474  1.0376323323  1.0073524941  1.0367352750  1.0356497865  0.9969784630  1.0029334964  1.0335204895  0.9705892330  1.0150656600  1.0626241013  1.0536664599  1.0164356223  1.0027558158  1.0564697173  1.0774548024  1.0892990838  1.0894835631  1.1006665389  1.0397645744  1.0158316790  1.0180490940  0.9500862414  0.8711535391  0.8674471277  0.8648108725  0.8748592060  0.8911602798  0.8646356816  0.8263607447  0.8395224956  0.8593496878  0.9153040301  0.9802739040  0.9930008748  1.0036232558  0.9958570189  0.9872029378  0.9535882129  0.8878658196  0.8946567308  0.9317282325  0.9690454970  1.0717093199  1.1071886591  1.1223463236  1.1352974899  1.0440911482  1.0244283185  0.9984578362  0.9916576351  0.9358502434  0.8895002534  0.9252619191  0.9388700257  0.9525811519  1.0008041372  1.0382692323  1.0515553815  1.0403663193  1.0287725852  0.9601307424  0.9714017424  1.0116461536  0.9823720146  0.9946006092  1.0100100594  1.0169344212  1.0695913417  1.0915267550  1.0905002406  1.0755966383  1.0458528393  1.0146807994  1.0417265874  1.0493886488  1.0642073219  1.1772526513  1.1723067020  1.1682347957  1.1234457679  1.1984684051  1.1952493578  1.1769348050  1.1851413224  1.1802581941  1.1916066959  1.2198313196  1.1778698800  1.1972243291  1.1609111506  1.1258225153  1.1470259145  1.1398732876
  1.1478060071  1.1701291591  1.1388277801  1.1203264167  1.0951672423  1.0220565728  0.9883365177  0.9592664677  0.9878611572  1.0497761973  1.0634687746  1.0440827445  1.0756817171  1.0753280393  1.0060433174  1.0166443896  1.0363081350  1.0444576092  1.0200493635  1.0290522155  1.0349603333  1.0783160173  1.0821208092  1.1124957304  1.0761521416  1.1051603544  1.0339380134  0.9797569675  0.9177817001  0.8667705607  0.8625394349  0.8370202432  0.8639943407  0.8496749758  0.8382288375  0.8037964791  0.8732553372  0.8734716914  0.8988647168  0.9544824901  0.9871718635  1.0384950266  1.0589408823  1.0722260455  1.0267620543  0.9863716534  0.9821535046  0.9672189230  0.9665535816  1.0319613758  1.0987820867  1.1526648985  1.1020618570  1.0592429524  1.0289778465  0.9533354820  0.9646354322  0.9331412035  0.9502236840  0.9486393447  0.9257510046  0.9313441970  0.9705791904  1.0173908057  1.0143359386  1.0511357448  1.0062154657  0.9562830320  0.9512856004  0.9283124552  0.9303057332  0.9521790335  0.9544109857  0.9500792011  1.0196579250  1.0685279625  1.1378601922  1.0714325085  1.0400117615  1.0671978115  1.0422154997  1.0905269673  1.1223146866  1.1487329758  1.1359009568  1.1382046109  1.1599704270  1.2104784916  1.2052580384  1.2135892058  1.1592836178  1.1524157688  1.2055592526  1.2806955917  1.2374340006  1.2372937443  1.1971331750  1.1493577834  1.1816283507  1.1401262579  1.1873550852
  1.3157993069  1.2330467415  1.1615124868  1.0973838403  1.0757190016  0.9817712073  0.9332443701  0.9389062076  0.9780754365  1.0051809873  1.0160194345  1.0620807309  1.0530682938  1.0235701037  1.0115982861  1.0275360590  1.0470010997  0.9957668869  1.0202085516  1.0436077514  1.0569922107  1.0851791975  1.0785082324  1.0640964369  1.0719131722  1.0331991347  0.9658305252  0.8573096583  0.8546781357  0.8716330326  0.8417419046  0.8454404904  0.8402147554  0.8332305604  0.7907767276  0.7945879568  0.8272257807  0.8564358960  0.9466955933  1.0007809634  1.0543446864  1.0582792419  1.0696422864  1.0410187856  1.0125756059  1.0325662114  1.0132903329  0.9980066257  1.0026188198  1.0513965247  1.1067447663  1.0525041418  1.0756867403  1.0297357516  0.9473796817  0.9591745514  0.9590778367  0.9629523808  0.9864263168  0.9832876200  0.9683182096  0.9657015142  0.9817797866  0.9866183402  1.0024874327  0.9775670470  0.9530620749  0.9439013963  0.8968583026  0.9342253010  0.9338839977  0.9228939996  0.9272225764  0.9302154277  1.0020827234  1.0649033367  1.0487837024  1.0088595502  1.0823872930  1.0536176504  1.1078339795  1.1969071505  1.1729109844  1.1303981494  1.0812400124  1.1155725511  1.1940726307  1.1625469878  1.1298099656  1.1538795858  1.1711845435  1.2448418063  1.3014741427  1.2588555059  1.2191692874  1.2114926146  1.2127345096  1.1834194705  1.1694626984  1.2378026921  1.3042478129
  1.2669627815  1.2062992337  1.1554655562  1.1496520236  1.0450162611  0.9596053374  0.9471747529  0.9777867720  1.0381340800  1.0391816981  1.0607519581  1.0554986246  1.0039561337  1.0270418477  1.0102360281  0.9809840723  0.9920317003  1.0349253853  1.1013518182  1.0805085609  1.0889827830  1.0997521757  1.0331829945  1.0070385941  0.9520423641  0.9366864145  0.8815208734  0.8556475575  0.8953552060  0.8946028646  0.8669197539  0.8827766445  0.8493702602  0.7837721412  0.8002666863  0.8281111200  0.8865070193  0.9295064131  0.9810458540  1.0745061509  1.0563343631  1.0650018386  1.0456555839  1.0304361264  1.0398259556  0.9916314934  0.9753332504  0.9839559087  1.0112601237  1.0421605878  1.0222747277  0.9779275248  0.9857885213  0.9912948251  0.9932743539  1.0039005379  0.9544521001  0.9480951813  1.0007992499  0.9636846629  0.9427618000  0.9301124286  0.9497744668  0.9635378996  0.9462121794  0.9313073811  0.8969843636  0.8693079976  0.9240680194  0.9492554244  0.8980450380  0.9303448924  0.9677661649  0.9791715179  0.9998705498  1.0133779667  1.0217817054  1.0560226218  1.0495197186  1.0994573747  1.1652831810  1.1342779799  1.1063842000  1.1078911673  1.1417585192  1.1327757874  1.1358176315  1.1455148339  1.1982328831  1.2491818048  1.2713093521  1.2553892640  1.2456930545  1.2509303661  1.2605832529  1.2052025163  1.2080552986  1.2284974052  1.2655010840  1.3025336755  1.2932700144
  1.2324122451  1.1784793410  1.0961703871  1.0120331053  0.9460604431  0.9385036226  0.9852376183  1.0269465929  1.0518434914  1.1212373601  1.1368675270  1.0935348803  1.0724654169  1.0753733500  1.0095818192  1.0033748659  1.0771295748  1.0789976106  1.0296574587  1.0224856317  1.0530937563  0.9945451146  0.9354632236  0.8850802198  0.8760038540  0.8621538978  0.8873603816  0.9041937177  0.9069217680  0.8714043508  0.8880578357  0.8735263207  0.8322780961  0.8134298320  0.8330505881  0.9322752788  0.9488838770  0.9605813631  1.0835091849  1.0658445112  1.0191824753  1.0111054672  1.0301239830  1.0190439856  0.9965542283  0.9448978235  0.9393277975  0.9642965750  0.9667610936  0.8992405432  0.8919053226  0.9285598758  0.9722855649  0.9991607403  1.0114148412  0.9556963589  0.8966855527  0.9121303840  0.9297098739  0.9591221309  0.9477862911  0.9652586692  0.9769300508  0.9335973713  0.9467466167  0.8698763184  0.8808598616  0.8962521749  0.9113540852  0.9128489576  0.9261356290  1.0032997242  1.0360042052  1.0119233884  1.0268405089  1.0618542584  1.1030333389  1.0762931979  1.1473299635  1.1895127980  1.1264834458  1.1161395518  1.1509027482  1.1475089338  1.1296807225  1.1324010871  1.1826807028  1.2381138489  1.3262686742  1.2647545620  1.2357478178  1.2706536404  1.2895661130  1.2020078648  1.1410295571  1.1903288133  1.2694214024  1.2326601884  1.2790187388  1.3477025166  1.2992981441
  1.1852570166  1.0722642181  0.9539668611  0.9404274103  0.9263065921  0.9648867146  0.9931920603  1.0839853122  1.1814079024  1.1649444932  1.1251686519  1.0618336704  1.0487306977  1.0436689521  1.0042085355  1.0464490904  1.0123045717  0.9785491824  1.0006120360  1.0144245875  0.9347083703  0.9798474552  0.8996243462  0.8764395669  0.9155147995  0.9435760644  0.9272576901  0.9421955339  0.9030605460  0.8948270567  0.9195112164  0.9097622999  0.8909483822  0.8810146484  0.9415371386  1.0143309163  1.0163440334  1.0728310036  1.0833616522  1.0329646717  0.9858101225  0.9644664788  0.9817375962  0.9914434013  0.9603650225  0.9470148370  0.9217783786  0.9325118546  0.8907932277  0.8505393497  0.8824947394  0.9309101719  0.9353019618  0.9846818179  0.9432499398  0.9183464006  0.9054425606  0.9366565538  0.9820116731  0.9699444347  0.9639828534  0.9671365891  0.9091418228  0.9107380139  0.9147505681  0.9054323611  0.8754053050  0.8971887145  0.9516445833  0.9427322547  1.0208053908  1.0115304012  1.0166549016  1.0571734618  1.1110004523  1.1600017485  1.1340891501  1.1904883260  1.2032365634  1.1171561781  1.1528766788  1.1787069356  1.1858045194  1.1927465829  1.2060454695  1.1910529845  1.2258643642  1.3254916369  1.3101957947  1.2506829969  1.2802125293  1.2466604495  1.2290436887  1.2364881969  1.2306168975  1.2467297534  1.2825919877  1.3026221540  1.3668359972  1.3197440470  1.2071534348
