  0.0989246594  0.1058259034  0.0765765212  0.0675342185  0.0637683636  0.0803883923  0.0987657130  0.1192176693  0.1972133239  0.0914135671  0.0771169606  0.0515862795  0.0449363575  0.0514406252  0.0467686801  0.0388841979  0.0666917281  0.0798117456  0.0928619481  0.1332871402  0.0862404230  0.0793461090  0.1762269080  0.2177685679  0.3385013357  0.1762122437  0.1693781160  0.2003202491  0.1599045469  0.1543051571  0.1612476915  0.1589496471  0.1018653723  0.0892967485  0.0780905560  0.0460323649  0.0363950135  0.0509670973  0.0733381789  0.1097878190  0.1191900776  0.0784404038  0.1245201693  0.0915584128  0.1416759642  0.1659299722  0.1846676097  0.1891670588  0.1946495081  0.1037257718  0.0745318068  0.0930903063  0.1811544349  0.1264031342  0.1042046576  0.2143881267  0.3774538943  0.6490908672  0.9689079296  1.7882153909  1.2842520857  2.0559863322  3.4150543161  2.4625930475  2.4964989607  1.3521394251  1.2611664425  1.4995901392  1.3910243695  1.2346180676  1.2042785637  1.6347955336  1.6678079336  2.6266049021  1.4253272126  0.8474641003  1.3174633094  2.1710401347  2.2373219458  2.0121709652  1.8943737396  2.0355870510  1.9080736954  1.3426623037  2.5114558719  2.8147454310  2.5568949748  2.5939606190  3.6672573916  4.8851540537  2.3645425229  2.1999318620  2.7792830155  2.6940086240  1.8706458295  1.9438220727  1.8502269612  1.3029983835  1.2118003106  0.7848485200  1.5335646907  2.3005732629  2.1271886022  0.8598827406  1.0240012210  1.0558964564  1.1134037208  0.9227218001  0.7383207268  1.2225823182  1.4555825238  1.8452624211  2.8536072387  2.6681933307  1.9799271724  3.6923864278  4.2840465330  5.3283132656  4.6127526891  4.1189675409  5.7749093278  5.0492034910  3.6348772806  4.2025869314  2.4106190522  2.6674930927  3.1625135170  3.2469700108  2.7988791753  2.4808390497  2.0214434922  2.8323358001  3.1965327121  2.3958728175  1.8396215985  1.1993625068  1.3119095542  1.4526606043  0.9525902868  1.0538982150  2.2948001607  3.0237144906  2.8673837246  2.8953125042  3.0321901835  2.5179263377  2.3240468346  2.8464444195  3.1426206494  2.8986085767  3.1415998486  3.2310539424  1.9522896091  0.7424347847  0.4382278597  0.3416285782  0.3566406267  0.4384687076  0.4094346018  0.6038775449  0.4793879207  0.4095120784  0.4175249986  0.4649738204  0.5185715703  0.8437312607  0.7448401433  0.5749198343  1.0099271471  0.8753527670  0.8646077476  1.3757597919  1.9337158393  1.5092386099  1.6798289003  1.8321368814  2.2408908509  1.8823148712  2.3391039871  3.0657593917  2.3069869330  2.0102594185  1.4076964379  1.4018781074  1.0346195289  0.9652906025  1.0954733775  1.0142464368  1.1626390713  1.8509856338  1.5661949043  1.7288633016  1.7114668610  1.0043515675  0.6577356387  0.5620397772  0.3528526155  0.1594628253  0.1154127197  0.0771639277  0.1042502645
  0.0960257225  0.0748400361  0.0507551221  0.0422170605  0.0476430113  0.1138743654  0.1912797723  0.1198458858  0.0813867581  0.0727527311  0.0564408153  0.0310361591  0.0362546896  0.0316737590  0.0362358446  0.0427182619  0.0727642211  0.1043925700  0.0919779284  0.0714088130  0.0962686615  0.1674766409  0.2618955065  0.1695204034  0.1303206397  0.1669591973  0.2016184474  0.1457686283  0.1135632169  0.1217054203  0.0966592766  0.0798045088  0.1010294250  0.1062855270  0.0890619239  0.0681570629  0.0885426866  0.0612292529  0.0929148870  0.1145908612  0.0817090866  0.1076659158  0.0894520391  0.1479194946  0.1428686595  0.1513341759  0.1920905221  0.1658999378  0.1206268894  0.0957749126  0.1213717449  0.1409905459  0.1089094371  0.1209951128  0.2152730738  0.3779111460  0.6345427238  0.9843978005  1.4662977031  1.1951535965  2.0881209718  2.0345895080  1.6395566065  1.7530447036  1.6815112124  1.8441161934  1.5163317959  0.9930531781  1.1916618343  1.2130735406  2.1045038134  1.7224234636  2.4330857570  2.8842020913  1.8233905353  1.1377465719  1.2687807820  2.1502443343  1.9328463401  2.1224074592  2.5347027126  2.8486868005  2.1569989000  2.2877342347  2.2722140243  3.3381249658  1.8185957553  3.1505222926  3.8668962511  3.7414545058  4.7643124839  4.0422937635  3.8340116173  4.2331016587  3.0356060701  2.0312635995  1.8098843589  1.3469937391  1.0075475431  1.9818084984  1.9588502560  0.8977014904  0.5161578805  0.7345979277  0.7769798672  0.8156561753  0.7269373680  0.5954553584  1.2139296324  1.4176908202  1.6243163815  2.5172632092  3.6158564894  3.0851695993  3.6712849375  4.2565530264  4.2068852852  4.6937226653  3.0656648080  3.8107053791  5.9482741504  6.6814722016  5.2139303195  2.7970846774  2.3367244743  2.6463516454  2.3356820520  2.7856513222  3.5153224989  2.1506121456  1.8658262249  2.4089241896  2.5367149057  1.8876789304  0.7784349817  1.0544004421  1.0530259023  1.8078687642  1.4102548970  2.4267251610  3.4712137124  3.2428810133  2.9389728920  3.5512037987  2.8416873930  2.3474356691  1.7842951474  2.3340346060  3.2876151697  3.7973692409  4.2564634575  2.1978158590  1.2714814746  0.4231870900  0.2094039822  0.2102097268  0.3692942847  0.4824823738  0.7344105468  0.6347787595  0.6433344042  0.5453535326  0.4855249904  1.0557151157  1.0918045418  0.7577813729  0.7253013172  0.9342702954  0.8666778256  0.8374663274  0.9154377437  1.1755220660  0.9709840953  1.4722618782  2.0149427270  2.5086974415  1.4176324698  1.3230711972  1.4183292155  0.7598664253  0.6904658411  0.7119200095  0.8710401074  0.7456533024  0.5941302014  0.6527022608  0.5962323267  0.8246358401  1.5603095015  1.6529911539  1.6773780338  1.9584011505  0.8425209347  0.6145518168  0.5014774536  0.2493235983  0.1918750601  0.1000505462  0.1020535318  0.0821263095  0.0547868415
  0.0561278092  0.0412123652  0.0514128246  0.0572753551  0.0645490020  0.1122210759  0.0648988497  0.0533068852  0.0522309948  0.0442203138  0.0280563102  0.0294697373  0.0455018419  0.0483524645  0.0503551843  0.0536412977  0.0869846981  0.0877764655  0.0727748863  0.1060773933  0.1617200481  0.1951781149  0.1202439523  0.0919871869  0.1222786474  0.1777346370  0.1331327824  0.1275821868  0.0895351387  0.0576787784  0.0615235674  0.0913180340  0.1363203652  0.1340219592  0.1184909739  0.0789886556  0.0666126312  0.1062796482  0.1278282341  0.1196409097  0.1206629156  0.1080402048  0.1164081913  0.1255134453  0.1069592768  0.1345820321  0.1349811393  0.0939341388  0.0871873435  0.1055611073  0.0779619882  0.0622869993  0.0755288462  0.1562519061  0.1847981380  0.4666833152  0.7252440067  0.9069623481  1.0472093083  1.2710107807  1.8395158362  1.4246855754  1.4275463624  1.9296768158  1.6334556939  1.4297362138  0.9850896589  1.0768407688  1.2399096458  1.7262024794  1.9801377273  2.0593070638  2.2677124256  1.7775645913  1.4056408361  1.9890719022  3.6603851742  4.1732182871  4.1617587199  3.1895351880  3.3266761610  3.3295537324  2.5129682160  2.3875477891  3.8441757649  1.2357481064  1.8458667254  2.4486615052  2.9346547481  5.1317162167  5.8372567693  5.3410641754  5.5030444154  5.0373855895  2.9550874246  2.0560085708  1.6171417474  1.6017508614  2.4878310963  2.3016229347  1.0280258583  0.5966736063  0.5040274448  0.7755073594  0.8637643936  0.9347617119  0.9753321282  1.1326929314  1.5841091643  2.2020813053  2.4193478667  4.1242107443  3.8357566020  3.3285961652  3.4182397703  4.2810010374  2.9950184935  2.6652684487  3.8782901191  5.7898507400  4.9001723781  2.9678300961  2.1321979546  2.3710992680  2.0176650374  1.9286992311  1.7836546799  3.7964042873  2.1894629966  1.3993421175  1.7591562233  1.4718463064  1.7803551379  1.5889201576  1.2734530016  1.1317067008  2.3484713166  2.7337905799  2.4090423741  1.8309985483  3.1380449414  3.3044804442  2.9799179968  3.0616771171  2.3382247477  1.6891427657  2.1689873524  2.4979093859  2.9207084550  3.4538809813  2.3134863484  1.1427681235  0.4731309868  0.1897946766  0.1765740079  0.2769043521  0.3090461317  0.5529373845  0.8992372809  0.6070623425  0.7201638961  0.9212251816  1.2943688599  1.5650190762  1.1204861755  0.6866370709  0.7173190733  1.1611489834  1.2244742863  0.7935792189  1.0321613115  1.2135071983  1.8271135819  1.5905845844  2.1651511688  1.7716772320  0.7662636804  0.5088228946  0.5368448290  0.5275790728  0.4763429186  0.4167658289  0.4703345304  0.4221075572  0.4733399822  0.5461173367  0.7212025387  1.0922249305  1.0203076445  1.4032672968  1.2220765553  0.8834824823  0.4491461173  0.3397040009  0.3122896533  0.2066523668  0.1377858846  0.1334586487  0.0548178169  0.0442246316  0.0550168395
  0.0516565394  0.0578114804  0.0705200597  0.0431708372  0.0471152141  0.0637658980  0.0620579499  0.0613037635  0.0370059115  0.0414758592  0.0375552930  0.0411902400  0.0539030712  0.0774907009  0.0690749385  0.0631651161  0.0739133021  0.1013911997  0.1446331582  0.2101909605  0.2182256960  0.1118938303  0.1260833491  0.1365674188  0.1535283325  0.2087789789  0.1100294463  0.0586715585  0.0486317912  0.0565559679  0.0837924446  0.1698311761  0.1677794601  0.1625644893  0.1103073866  0.0998454396  0.1444519707  0.1087545209  0.1003269506  0.1318693226  0.1482854233  0.1642991861  0.1270486685  0.1138517964  0.1326718977  0.1142697889  0.0949247352  0.0730394915  0.0734630021  0.0659083183  0.0650507003  0.0711959439  0.1565422700  0.1703350455  0.2890243940  0.4585745123  0.5302914832  0.8534984554  0.9709198054  2.2407946312  3.3859789266  2.1411693040  1.4436574352  0.9406637163  1.2488768708  0.8857078526  1.0587154075  1.0917268326  1.1086914591  1.6752114578  1.3477101250  1.2715784548  1.6409521473  2.7946730388  3.4233123586  5.1248617259  8.5618102134  5.2987832176  3.5109284822  3.8544272549  2.5639076403  3.2362053589  3.6904306843  2.5231958440  1.5964118913  2.2045111487  2.6232531671  3.9599514085  5.1492131821  6.7148916438  6.5116235955  6.6270855179  5.8139771464  2.8701250120  2.4280765894  3.0392468246  3.3990298687  2.5673180836  2.7697174984  1.6143272120  1.1246219748  0.7861106390  0.8145808064  1.0851538562  0.8353953463  0.9916686440  1.3820796161  2.1525516448  3.0389174463  3.0667984871  4.3710771938  3.6476874992  3.6139885594  4.1943594142  3.7354266822  3.8397183326  3.6576175192  5.3255921656  3.4063111379  2.0147898459  2.3936273808  1.8217143158  1.2966704628  1.1022470653  0.9324393782  0.8337642723  1.9926886371  1.3386754578  1.3734611115  1.5644222146  1.6706479405  1.5901763550  1.7598614487  1.6424191443  1.7879117589  2.1276073725  2.2146943377  2.2767678356  2.0096559622  3.0524308157  2.6475890055  2.8995845975  2.4591456765  1.7341550907  1.6172187852  2.5525409035  2.1631516174  2.2311037491  3.3660264888  1.9964136946  0.7139750196  0.4627203940  0.3589123953  0.2878266371  0.3261431491  0.3635834990  0.4915600683  0.6933182084  0.8780161621  1.1384680892  1.0415093988  1.1129527896  1.2453014058  1.2204884491  0.8643090255  0.7448428359  1.0538427789  1.2095368614  0.6975944793  0.8441455906  1.3942222643  1.5136477185  1.8089555433  1.9402781193  1.5597662532  1.1077038397  0.3797835856  0.3102885797  0.3638959280  0.2382028506  0.2601531946  0.4475285536  0.4915312621  0.5233757023  0.4465213060  0.5053403910  0.5928334161  0.7528519947  0.7775279001  0.5617914141  0.4868616909  0.3548314797  0.2079011391  0.1850040116  0.1354173068  0.0932431994  0.1179553750  0.0671751707  0.0415435639  0.0586088539  0.0778466216
  0.0646015509  0.0528435358  0.0419485537  0.0458808704  0.0388108531  0.0662984389  0.0616124748  0.0540254690  0.0455328489  0.0422637826  0.0449920462  0.0609500872  0.0696887349  0.0870670108  0.0775975355  0.0698380258  0.1234696594  0.1442102729  0.2659141632  0.3225298244  0.1757163373  0.2157050993  0.1897916060  0.2351831894  0.1822723246  0.1260155499  0.0826825892  0.0753139354  0.0731518017  0.0765361224  0.1244236875  0.1580411473  0.1806890409  0.1223703754  0.1184212275  0.1376726804  0.1208088952  0.1159154795  0.1044929903  0.1834496423  0.1489301490  0.1430071593  0.1245391889  0.0934157035  0.1081095155  0.1307501604  0.0801985205  0.0754466476  0.0508076492  0.0605335956  0.0642259837  0.1012981432  0.2282384789  0.2390943800  0.4410023554  0.6189284816  1.0047735800  1.5490464431  2.2107155562  3.3112819164  2.5681231005  1.6078205003  1.1145706042  1.2813172700  1.1910130609  1.0970807524  0.8234657400  1.0526270952  1.9514703452  1.6470679275  1.2509020229  0.9649284358  1.1790469602  2.6636492167  4.0186879463  4.7270255788  3.3322844999  2.9524699656  2.3846188666  2.3166061553  2.6126717987  3.8015455595  2.7771662919  3.2302063764  2.9545831127  2.3700493613  4.7383914124  5.8468435345  8.1922612769  8.2661085241  5.7699435201  4.1975004292  4.1413112634  3.7950727625  4.3641374158  3.8649899384  3.3136989463  3.0205960279  2.0074684509  1.9402946328  1.6325175116  1.3356157545  1.2503221474  1.0134181488  1.1622763646  2.0634117971  3.2717827735  3.5652559487  2.9155277714  4.0864543651  4.6978380045  6.4280720611  4.1794112121  3.6521438012  4.2034301841  4.0915696867  4.0808999070  2.8398033198  2.3416042484  2.1963924318  2.1432064180  1.4211069322  0.8777833375  0.7681897878  0.7283232805  0.8255471406  0.5632043112  0.6255950654  1.1550274608  1.6763293688  1.9005281011  2.4338183791  3.9813531817  3.3015826219  2.7576140745  2.2382325891  2.1149519805  3.1204175018  2.8836446567  2.9021149944  2.4067352115  2.2286538411  2.3406389385  2.1255252106  1.5791163413  1.9078317553  2.0464912868  2.2006682689  1.3030307146  0.7048986895  0.5947725628  0.4167722883  0.3340451486  0.3016601105  0.6137955880  0.7712886041  0.7600359668  0.8764898845  0.8267049336  0.9913418337  0.9718776857  0.6918808381  0.9196512293  0.7834952335  0.9694118777  1.0497918080  0.5988428089  0.5454035635  0.9552368822  1.1965251268  1.5240886216  2.2043050768  2.1079632160  1.5594048735  0.8459418042  0.3968182653  0.4260227481  0.2646541353  0.2301271715  0.2177622071  0.3015550277  0.5908942372  0.4987455821  0.6200615690  0.7127344420  0.7417751547  0.6885302953  0.3580921575  0.3376804575  0.4247236050  0.3891182040  0.2658146562  0.1213322770  0.0972905560  0.0767200739  0.0734908175  0.0686603926  0.0627058775  0.0736085491  0.0737734830  0.0625605315
  0.0727552704  0.0728013732  0.0467155214  0.0377918663  0.0588495063  0.0674324556  0.0711290417  0.0629611093  0.0456340261  0.0360492863  0.0421370802  0.0545549954  0.0620512755  0.0892458476  0.1088666845  0.1535150677  0.1701821283  0.1838427644  0.2472142465  0.2426256022  0.2116846930  0.1508908280  0.1643187197  0.1547229369  0.1250018495  0.0821844872  0.1050472404  0.1283391571  0.0911249877  0.1427836520  0.2370038981  0.1927022483  0.1622692645  0.1363822825  0.1308768248  0.1682552510  0.1128630792  0.1049944011  0.1554543471  0.1082736304  0.0852951482  0.0990158033  0.1389554146  0.1112977602  0.1230743426  0.0950209762  0.0464990216  0.0519772239  0.0626005169  0.0785751208  0.1148841647  0.2210610590  0.2667721305  0.5322548896  0.8273967068  1.4069419789  1.9247393583  2.8792460627  2.7239048413  3.7765531289  2.9533646093  2.2442103755  2.3429825110  1.9904859442  1.7737736806  1.1388384041  1.6078462718  1.7282976427  1.7894286217  1.4653005796  1.2676360193  1.3493048398  2.9564132552  3.5854984648  3.4160105582  2.7803087334  2.5899902360  2.1882900734  3.6556713885  3.7321984673  2.8231829827  4.0777043411  4.8205139186  4.3138281693  3.1293154769  4.0533705696  4.1906601936  8.4531125798  8.1400622580  8.0114519198  4.6054051659  4.1009113852  3.8296636445  3.8084714288  6.6002424651  5.7906579484  4.8597168758  3.7285176273  2.9393579994  1.9909809867  1.6635745882  1.5838668352  1.2987110456  1.2978873543  1.7547189490  2.6289674245  3.6761560686  4.0273518309  5.5851219259  7.5257572073  9.5172937038  9.0830256051  5.4937152851  3.7748612279  3.5967291532  3.0456012639  2.2665143589  2.0952170977  2.8329745514  2.3512047152  1.1329421400  0.8380047437  0.8654929933  0.8385046816  0.6474774472  0.4274921392  0.6009060530  0.7153266935  0.7357533332  1.6366211499  3.6885016505  5.0363327046  5.0134766145  2.9881916499  1.7805915296  2.4385846501  2.7036401203  2.6606505646  3.6536796863  2.8176578853  4.0513513512  2.9663050177  1.7344461402  1.6133440083  1.3052122698  1.1381308545  1.0720118299  0.8573192864  0.9300348061  0.8864502654  0.6607870188  0.4207657944  0.4992754181  0.5862461110  0.6260953253  0.7637360461  0.6919521992  1.0443405356  1.0458592865  0.9878073256  0.8111497500  0.6656856545  1.1437354524  1.0142226409  0.7224587464  0.4981601881  0.5856426910  0.9833101626  1.0729054412  2.1484550737  2.4034874427  2.1372151351  1.5954533640  0.7069722924  0.4348930080  0.5446721279  0.4185448547  0.2265023785  0.3049138493  0.3414780087  0.4771519316  0.5274970761  0.5081283106  0.4220156035  0.5084371363  0.3807075631  0.2398405062  0.3672622217  0.3948505855  0.5884568367  0.4250392136  0.1675356151  0.1119738995  0.0605980992  0.0504780777  0.1093816126  0.0902153220  0.0735960543  0.0644526742  0.0503638733  0.0388904769
  0.0506616768  0.0552734786  0.0708055181  0.0947483899  0.0808262164  0.0880677403  0.0882623150  0.0449014883  0.0329181728  0.0333237397  0.0535455060  0.0607643856  0.0789806569  0.0690474348  0.0803162818  0.1226480605  0.1239662428  0.1577248641  0.1575632188  0.1748249322  0.0766949260  0.0750977216  0.0911937546  0.1199874871  0.0974870643  0.1037516388  0.1380737431  0.1705248204  0.2638862672  0.2295436134  0.1166976797  0.1306065309  0.1755253255  0.2205185658  0.2601695094  0.0809057703  0.0950046772  0.1259311572  0.1006822502  0.0932106841  0.0793541528  0.0982378946  0.0799890131  0.0962429693  0.0954042764  0.0476661839  0.0593236717  0.0765291004  0.0905750107  0.1401979553  0.1748854452  0.2675813248  0.7846113436  2.0261584795  2.0562293073  2.5900804051  3.5263751477  2.7825076730  3.1148222811  3.3829589434  2.2188757493  2.8537867549  2.2094219372  1.5683541060  1.4287807031  1.2875015408  1.2303600850  1.8874944224  1.5887738898  1.7573423525  2.0588233282  3.0819435436  3.9693321968  3.8377565477  3.8093012250  3.0677488911  2.0990262988  2.6285559504  3.5340026499  2.8495128457  3.7640962498  4.2020007955  4.6825843594  4.5907139904  3.3330829567  4.8725560311  9.5817130897  9.9905166208  7.3836973171  5.3433126576  5.2228702483  5.2294962432  4.9097527831  7.9485691126  10.5260726424  4.8869125487  4.2149477420  4.6422324220  2.5162044550  1.7430369123  1.6626604309  1.8121973857  1.3131188379  2.3662951913  3.9214977899  4.2857454638  5.4018769646  7.1652963566  10.4437106449  10.0582134261  8.3715234937  5.7593223278  4.6764710122  3.1137336151  2.6418105698  2.8320761352  3.1630623982  2.2939875357  1.5180387531  0.9898475322  0.8870096499  0.7261167326  0.5455976775  0.4275064430  0.4684600465  0.6835285526  0.8892819073  1.1610725054  1.4502238388  2.7146936422  3.1021121366  3.7320518032  1.6775714047  1.3135955676  1.7482767519  2.3325109094  2.0578054051  2.1793948672  4.5284834450  3.7063791587  2.7940302038  2.5863075761  2.4300980757  1.6916106968  0.8827665428  0.9197544337  1.0334451803  0.8936464910  0.9993275202  1.2133039826  0.8810154688  0.5407070166  0.2657980373  0.2784900455  0.6207240402  0.8580813386  1.0760198629  1.1209643335  1.4148410148  1.0214726361  0.7031127949  0.9879175998  0.7976607734  0.6716764926  0.6862655517  0.7612854126  1.0678592189  1.2329753818  1.6299559386  1.5330396348  1.5935791499  1.1261778898  0.7492476884  0.5970448497  0.7395943921  0.5667137296  0.3500056800  0.3123162106  0.3393755588  0.5087052168  0.5071445542  0.2913610315  0.2761710235  0.3550334225  0.3169470573  0.2811533545  0.6072031490  0.8295374949  0.9275031298  0.5782315104  0.2872634941  0.1835663301  0.1277564799  0.0717564256  0.0934064122  0.0979887270  0.0773349122  0.0883238321  0.0477772982  0.0332817803  0.0383580311
  0.0476324333  0.0779897182  0.0813780426  0.0650438532  0.0569838278  0.0655885055  0.0553068814  0.0452160470  0.0611506906  0.0773963294  0.0688304532  0.0731451783  0.0722623738  0.0734739818  0.0739371978  0.0981136601  0.1284185735  0.1965624638  0.1532959456  0.0973848653  0.0713972596  0.0653357947  0.0673654800  0.0844542311  0.0943450015  0.0885087164  0.1437565269  0.1504852794  0.1088111662  0.0921647273  0.1168964258  0.2239637143  0.1760995086  0.1491960803  0.0707095720  0.0820376104  0.1080499115  0.0869775411  0.0753075580  0.0759729759  0.0806318455  0.0898976066  0.0981184131  0.0745323723  0.0732335510  0.0784617132  0.0937937235  0.1958873117  0.2417885838  0.1827096210  0.2886717702  0.7355597214  1.8223713051  1.8339022785  2.1452462715  2.1613575852  2.7052284125  2.0153261554  1.7400440742  2.1677093314  3.0696916250  1.8534609036  2.1700060273  2.5650082900  1.5544323273  0.9954297274  1.2383376291  1.8469596380  2.9768265967  3.4626180783  2.8280323322  3.6106987818  2.9632864052  2.1691837876  2.9403920290  3.2031035646  2.1537672795  3.0368038325  3.5989180082  3.2284994871  3.2705435663  3.4644612488  2.8485021995  3.7511192206  4.5646643472  8.9990882170  9.6443844472  5.1162449389  4.5120009073  4.1795893060  4.2638232318  3.8308464599  6.9070352839  11.2726054293  6.4302599686  3.6019674211  3.2602386082  2.4668588433  2.4204969252  2.2589586143  2.3344701007  2.1426712715  1.9377394690  2.4286682321  4.5239226353  5.5483578827  5.6600308987  5.7057421719  4.5536073686  4.9589431713  4.8640011466  5.4469183578  4.8050051651  2.5660671020  3.1265057419  3.4950534891  2.3493166109  1.1911025131  0.9477577126  0.7862622630  0.6447178582  0.5194555875  0.5470597624  0.3570062579  0.3758609106  0.8470830015  1.1522169039  1.5581635204  2.6085893021  2.2166228168  2.2773799561  1.7552598625  1.2010802368  1.4017277089  1.5378399931  2.1890247577  2.3673267677  4.3230335983  5.3642347751  5.2804509376  3.9490991868  2.2858402763  1.8456151734  1.4193605335  1.3362652940  1.1550460428  0.9042230970  1.4663141315  1.3230254159  0.5845421272  0.3886311991  0.3166123766  0.3389604568  0.4642323015  0.5917266109  0.8165956923  1.1684517232  1.4962606033  1.5196353948  1.0575807522  0.9713844882  0.9731991113  0.6996013493  0.6754483844  0.7931497891  1.0031874277  1.4074772530  1.6979458541  1.4391001203  1.4061918406  1.4000931761  0.9474439879  0.6304393132  0.9449850670  0.6679183037  0.2852694223  0.3039960560  0.3006644052  0.5937202338  0.6519678989  0.2967329442  0.2117352302  0.2293479244  0.1689020607  0.1936983486  0.4113021382  0.8302766758  0.8745716702  0.8365875729  0.3486123301  0.2165300413  0.1934669394  0.1141120646  0.0965230319  0.0872775502  0.0796658242  0.0508440135  0.0436395343  0.0323939044  0.0250694089  0.0424073095
  0.0898934136  0.1106023582  0.0680141754  0.0653528454  0.0698472779  0.0586516066  0.0847169371  0.1116300415  0.1057080384  0.0874385307  0.0852573864  0.1052539562  0.1019765943  0.0996628033  0.0820835652  0.0949685155  0.1345495054  0.1184716187  0.0775415336  0.0579183444  0.0407267200  0.0278629005  0.0323549137  0.0437490375  0.0768786323  0.0932504250  0.0998129344  0.0918003930  0.0626851044  0.0859562592  0.1368529212  0.1161727232  0.1196267258  0.1081337170  0.0989464358  0.0826902813  0.0925216443  0.0821672991  0.1083044073  0.1376868009  0.0822137106  0.0830807221  0.0534171242  0.0526229016  0.0663768076  0.0949455943  0.1760031371  0.1980624896  0.1883305148  0.2360966606  0.5698492148  0.8572530800  1.1961047371  1.5788363923  1.9119315064  2.3447593799  2.3008575537  1.9467055175  2.5282514660  3.4781759554  3.3519249645  3.2474036700  2.1990050631  1.6160824545  1.0643089080  1.3553282316  2.0466266075  3.0700771603  4.1605347066  3.6334346328  3.3217254627  3.3378366632  2.2472450127  2.4273734819  2.6823094007  2.7187748285  2.7882695174  3.0802087256  2.9397924161  2.5550002871  2.3199886423  3.0493317689  4.1744038506  5.0916838298  6.6417662679  5.4653447543  4.8601873441  3.8516813417  2.6783237607  3.5303546505  5.0005746292  7.2977783939  13.4693899394  9.9202717341  6.3074850858  4.5955999624  3.9446169478  2.5088920633  2.2882386449  1.4475783775  1.3767594539  1.1859738786  1.6832124659  2.5351554577  2.8509371547  2.8452320427  2.6955760746  2.3940840778  3.4720278552  2.5903073776  3.3787886970  4.3666046639  3.6899159058  2.9056973818  2.8112361675  2.2369385087  1.0745426957  1.0841649200  0.9554186907  0.5769457032  0.5386763997  0.5281485701  0.3991717218  0.5448020321  0.8848255098  0.8716151193  1.1182900940  1.9902999262  2.0729031458  1.3049530821  1.0781164426  1.1479435825  1.6795713980  1.6564333615  1.9461173063  2.8105572658  4.0801279699  4.7290741744  3.9598068005  2.9249651658  1.9702034728  1.5666626515  1.4154727065  1.4214255818  1.6256699650  1.4662683046  1.6719269530  1.1012786748  0.5121579173  0.4723866548  0.2953443611  0.3543680381  0.4956877466  0.8216527154  1.0875743911  0.9145671252  1.3116098635  2.0533561124  2.1779884211  2.2562272967  1.3726269573  0.5778608534  0.4813564605  0.5357732295  0.5400905968  1.0249554427  1.1714891968  1.4019271054  1.5060641393  1.7282500118  2.0332666242  1.2479913040  1.4689425977  0.9439442239  0.4199673946  0.2517399646  0.3987967674  0.5742970111  0.5642467637  0.4774329137  0.3527197158  0.2128483492  0.1619100433  0.2436346002  0.3398653854  0.6022202781  0.9890744789  0.8359217354  0.4233839697  0.2973203054  0.2198267153  0.1015972110  0.1607067350  0.1388931099  0.0878761284  0.0491939720  0.0367826234  0.0374463081  0.0334934776  0.0417464188  0.0592444328
  0.0844751793  0.0829722854  0.0667830129  0.0723269989  0.0733408634  0.0693455849  0.0745686529  0.0573669991  0.0692003454  0.0813062025  0.1197969705  0.1223783874  0.1367409701  0.1018333584  0.0993212567  0.1150749897  0.0844288705  0.0409339326  0.0432479046  0.0308478719  0.0191747328  0.0170591322  0.0481004007  0.0688166168  0.0759295166  0.0640976718  0.0474629722  0.0520062207  0.0840690240  0.1062468830  0.1158109594  0.0839962125  0.0837204517  0.0987922084  0.1134650024  0.1142530981  0.0958099231  0.1201092658  0.0848455425  0.0568562408  0.0586144842  0.0765847930  0.0601614665  0.0829529727  0.1174770711  0.1852763179  0.1278635533  0.2033988136  0.2583099277  0.3283121556  0.6958379657  0.8815560423  1.0376787728  1.5503727030  2.6235063287  2.6816052613  1.9057303385  2.4275473901  3.4075331659  3.8145920887  2.7493897849  2.1718182794  1.3805279778  1.1016233777  1.4422344167  1.4867870269  2.4185294581  2.8889377733  3.1806672863  3.7273393526  3.6656525783  1.6849941614  2.4100521356  2.3864464413  2.4821875001  2.5441481691  2.2695430048  2.7914187110  2.4477279147  2.3390960518  2.2022916848  2.8737279809  3.2111421725  4.6427476936  5.2820713654  5.5725466201  3.6210413556  3.6751531992  3.4820597761  5.7406067771  5.7294660024  6.7008558826  6.4574940814  5.7451991994  4.4618718085  2.1288960571  1.9681086716  2.0004276153  1.0315397830  1.2173252742  0.9956119972  1.7554749703  2.5320458582  2.3147915870  1.9093741096  1.5011257308  2.6419714012  3.5324309434  2.7150860903  3.3783750023  3.3916426485  3.1089836201  2.7458556547  1.2902806269  0.8287396995  1.0215576789  0.9096135321  1.2781258185  1.4499541863  1.2291593687  1.0209647155  0.7347751699  0.9906778464  1.2502123917  0.9742114010  1.3384604576  1.9335078759  1.9095288980  1.6499322272  1.0744789280  1.7474957619  2.1581049568  1.6682360197  2.1356870395  1.9855245592  2.2587149557  2.3452341316  2.3366456293  2.1230937819  1.6888042592  1.6085418603  1.2067718552  1.5294579881  1.8076985546  1.6965491557  1.4152061204  0.7857708942  0.3384657385  0.4029553373  0.3328149405  0.3699202011  0.5983286335  0.9101033519  1.0143133904  0.9689349188  1.7871303973  1.8032721423  1.7000841742  1.9678073073  1.2144133774  0.4501010018  0.3170746695  0.4386438656  0.5039353947  1.0067126435  1.0924461319  1.3386967523  1.2108169578  2.1828123404  2.4901839482  1.3929662313  1.7084384210  1.0740308409  0.7513446660  0.3892085979  0.3894278741  0.4424564947  0.3661954533  0.4063758571  0.3395200951  0.3711304816  0.3828786330  0.3944438134  0.4161625335  0.6276460741  0.9031931134  0.5601088777  0.3917295611  0.2913891185  0.1641043737  0.1080348896  0.1647619543  0.1253554060  0.0927049320  0.0396629807  0.0199770171  0.0272424264  0.0275376599  0.0337756682  0.0598598916  0.0846782296
  0.0782142349  0.0699005108  0.0903165430  0.0828152638  0.0492684227  0.0456523129  0.0729023766  0.0682570654  0.0769043953  0.1218357305  0.1373815275  0.1511920454  0.1295136949  0.1039982025  0.0841791632  0.0679239938  0.0353152415  0.0357928461  0.0341381160  0.0243017188  0.0248697285  0.0471403925  0.0344633906  0.0329298615  0.0413922167  0.0374291299  0.0423354466  0.0590697105  0.0999108025  0.0804173071  0.0750736879  0.0728983193  0.0921193553  0.1090236983  0.0842926586  0.0702103439  0.0761405888  0.0587858840  0.0603937791  0.0599546575  0.0590216510  0.0736797561  0.1207975958  0.1272121782  0.1561772392  0.1358680519  0.2564596250  0.2853038918  0.3107418521  0.4488895943  0.8129414536  1.1431089082  1.2664245955  1.7516122067  2.6885493970  2.1595945857  3.1507769859  2.6741641325  2.0824712451  1.5940207484  1.3599773498  0.9595933119  0.8087265659  0.7362674941  1.0116925362  1.6826317241  2.0895259844  2.8864918256  3.0100359797  2.1452509050  1.7395097133  2.1170063095  2.8538681296  2.0058933596  2.6087933298  1.8768201399  2.2780889898  1.6878201020  2.1312148912  1.9386723456  1.7556208873  2.4107715469  3.9369654240  5.4101440002  4.7230589140  4.5604354576  4.0289935609  4.5780535495  3.9308279096  4.6630074929  4.4038360172  4.3887632412  5.7730633179  3.4300880095  2.5652103939  1.9030132184  1.2875399579  1.2827008031  1.1702080601  2.2946994968  2.7158863436  3.7350326992  2.9324971596  4.1002016066  1.4569185769  1.7423686466  2.8315670945  3.4163006392  2.3506529175  1.9127052132  2.0450682152  2.1358436586  1.4112595359  1.0131273981  1.5827253236  1.1472719743  1.3236062651  1.3203055451  1.6671805847  1.3034091862  0.9933703708  0.7609446258  1.0133811056  1.2443344508  1.3463006974  1.0596218896  1.6989218042  2.2580571325  2.4105077170  2.0009672458  1.6259695685  1.4322705603  2.0237716778  2.2093089073  1.1299783986  1.2266831257  1.6823227058  1.8502962595  1.6907805698  1.8638323372  1.4881784637  1.5330490731  2.1093342890  1.9177392164  1.6957577942  0.8728521803  0.5932548432  0.5949745672  0.4530008314  0.4373878027  0.8870883902  0.8856086654  1.0602864152  0.8741057759  1.2374133704  1.5487611920  1.4606929922  1.5729374362  0.9477242232  0.3877955289  0.2260773939  0.3079062780  0.6565363235  1.0693951960  1.0343349447  1.9005368923  1.2018547048  1.0808819434  1.1359271433  1.4341985409  1.4504407137  0.9898476639  1.0067859432  0.4923066615  0.4802481568  0.4188341370  0.2898804491  0.3233049357  0.5546214461  0.7013239998  0.7392962402  0.5547375302  0.4486075293  0.3806921169  0.6235972140  0.7051335389  0.4690533776  0.2797308103  0.2003560621  0.1497482294  0.0967793966  0.0745197813  0.0557060601  0.0373594809  0.0164519048  0.0164488979  0.0209427616  0.0231786997  0.0399397451  0.0759678877  0.0783857547
  0.0535859187  0.0507182951  0.0686784294  0.0688658716  0.0568100378  0.0701839271  0.0801676847  0.0934149454  0.1091746564  0.1408877135  0.1331551461  0.1927537106  0.1460490355  0.0783697187  0.0714857819  0.0643006066  0.0546211713  0.0388480754  0.0388100170  0.0449535574  0.0587996210  0.0310987684  0.0403787393  0.0438047664  0.0470495628  0.0537462394  0.0697911122  0.0694522655  0.0394741701  0.0513231327  0.0637462454  0.0980994430  0.1215553561  0.0995093611  0.0738297152  0.0537469231  0.0605314066  0.0463139223  0.1052963041  0.1142850771  0.0722072707  0.1095270933  0.1035731790  0.1283020228  0.1839369137  0.2005410785  0.3279413381  0.2529235480  0.3380535928  0.7446716370  1.0158034510  0.8267792975  1.3715226707  1.8115185141  2.1039698380  1.8934608223  1.3399083524  1.0668455574  1.4539155580  1.1586833868  0.7582184391  0.4792305524  0.4378643647  0.9880198697  1.2624524046  1.5656562413  1.9878231129  1.8107241311  1.7456290412  1.5741228375  1.6953833712  1.9136371463  2.6025423743  2.2298254609  1.1701729537  1.1201555759  1.2754951778  1.5348109887  1.6555271666  1.5658773525  1.5682831132  2.5808253830  3.6499014410  4.1619025086  3.7385738774  5.4277116476  4.5977467944  3.6612786058  3.5863518542  4.7103977116  3.7517101621  4.5916400515  3.6817299045  2.3905912949  1.7481472769  1.1284460423  1.1525565195  1.6484789110  2.5020107174  3.5088567529  5.0959406543  2.8848036581  2.6129386042  1.6551683395  2.2003260636  2.2296903949  2.9244779609  2.2655661114  1.4935370171  2.0996199569  2.2353116889  1.2555044925  0.9630724788  0.8848736027  1.0193273861  0.8946626552  0.6972656285  1.1482221771  1.3078837864  1.0761038954  0.8203727752  1.2516767205  0.8583473260  0.7386231930  1.0734344433  1.2799288082  1.5552789498  1.2217216813  1.0208394157  1.7710959619  1.6839749361  1.7678961744  2.0235664843  1.1610146310  1.1903792480  2.0284072657  1.4495268123  1.0917225578  0.8404083508  1.4601238951  1.5585888828  2.1041029013  2.4731955331  2.0287014703  1.2007881648  1.1006356298  1.0287879001  0.8929565650  0.8067677279  0.9495800026  0.8855785593  0.9433463329  0.8590256603  1.3576204096  1.4326862598  1.1821261731  0.8922149835  0.5518814384  0.3551339209  0.2748096427  0.2691469375  0.6626879455  1.0052694398  0.8330000166  0.9403079658  0.8617079479  1.0059362612  0.8901163154  1.3770587761  1.2357926202  0.8703318556  0.6786230020  0.4821685856  0.4820083695  0.4822529194  0.4588361204  0.3572928133  0.5733290218  0.7801273708  0.7894276825  0.5898012519  0.4187422270  0.4526110792  0.3631437674  0.5726069211  0.4892973439  0.3267797252  0.2666398126  0.1393551891  0.0927657972  0.0780423855  0.0429230786  0.0322581188  0.0272006554  0.0207791296  0.0158058737  0.0191458442  0.0399493258  0.1053684143  0.0964258497  0.0621196938
  0.0543712603  0.0867978653  0.1316301082  0.0751617304  0.0603165673  0.0842042460  0.0999830078  0.0789854663  0.0836796841  0.1145160618  0.1975822717  0.1715287522  0.0871493148  0.0749146463  0.1383201904  0.0598900175  0.0419341702  0.0531574542  0.0536128616  0.0618494409  0.0585629088  0.0462399473  0.0340290276  0.0411480085  0.0528293854  0.0655089830  0.0572961714  0.0422570560  0.0421526310  0.0830846501  0.1020695434  0.1275827380  0.0815654962  0.0772888995  0.0507061033  0.0619958929  0.0619708059  0.0701677483  0.1124763405  0.0970141123  0.1055904734  0.1426058404  0.0986955860  0.1270793547  0.1268676910  0.1377078706  0.1975880929  0.2472502697  0.4350908197  0.6717937276  0.4923816679  0.9510338765  1.0637336492  0.9380231749  1.2747368321  1.1424851176  1.1358143247  1.3245194387  0.8803487727  0.4680034179  0.4261397454  0.4015441657  0.8953551623  1.1740354082  1.0231320466  1.4715337224  1.7980647797  1.3294418003  1.3586872344  1.1762728851  1.6493728754  1.9363003704  1.1617774563  0.9395962703  1.2247739443  0.8806504813  0.8224845086  0.6191170752  1.2708306280  1.7022169352  2.0661692140  2.6754722711  3.2743321763  2.8588013936  2.9595270528  2.7598175205  2.3535114731  3.4157722064  4.2557857402  4.5294093927  2.8699024817  3.4673647320  3.1465858072  1.7771237531  1.3565594724  1.3152236121  1.5884916638  2.2072732840  3.5685360549  3.1169725519  2.3572090965  1.6926883769  1.7629231657  2.2146161154  2.9590291721  2.2538194955  1.7208577837  1.6978338425  1.6152908154  1.6064282897  0.9911926477  0.6451548527  0.6382532783  0.5391306936  0.5464693512  0.6285260696  1.5762433975  1.8507501150  0.9678121185  1.0439465225  1.3186040240  0.6651888193  0.6792009034  0.8559414185  0.7953607895  1.0128652066  0.7366013373  1.2143013885  1.2771762326  1.0653879081  1.1563339285  1.9597174080  1.2995506733  1.3221789392  1.5405663344  0.8768545503  0.7962991247  0.7925412519  1.5297203110  2.4079122517  2.7124657310  3.0035717714  3.0683735759  1.4982369594  0.9698557885  1.1128716593  0.8889360281  1.1074715120  1.6752349855  1.2551633945  0.6037427749  0.6697208396  0.9040422739  1.1271850286  0.7733820984  0.7649496602  0.6906327885  0.6380331965  0.4172372838  0.4414096361  0.9478647373  1.4098856866  1.1550515886  0.9372537283  0.8257757878  0.8077020118  1.2854644959  1.4026548151  1.2243549432  0.8842113337  0.7466645085  0.6433555728  0.5645421640  0.4138314561  0.4383401128  0.8274425658  0.8016543110  0.8631102005  0.7509121938  0.6492914195  0.5179921361  0.4514004631  0.3288867399  0.4311421746  0.3298998816  0.2269363617  0.1811725646  0.1646133555  0.1338876452  0.0966866272  0.0416675972  0.0426600671  0.0365954620  0.0155713275  0.0149029134  0.0207601176  0.0520910331  0.0839090237  0.0618254372  0.0641546971  0.0617633752
  0.0747652149  0.0831521297  0.0684668401  0.0588612679  0.0570256906  0.0852456054  0.0824080901  0.0835518077  0.1551164088  0.2859612748  0.1613561867  0.1136132354  0.1280862367  0.0936474247  0.0646958749  0.0511807912  0.0666574633  0.0416690036  0.0470651583  0.0508388726  0.0447469530  0.0331491668  0.0393426520  0.0522277819  0.0475524125  0.0488066980  0.0554500039  0.0502112741  0.0806586506  0.1027734530  0.0934762344  0.0709439832  0.0757505295  0.0580085201  0.0334971616  0.0471594346  0.0579275413  0.0845235199  0.0960200187  0.1410583799  0.1194831778  0.0934891278  0.0717906924  0.0688363896  0.1315393324  0.1799693092  0.3653395656  0.3364358266  0.4280790529  0.4835303015  0.6595878824  0.7630925263  0.7913895570  1.1033792749  1.4776845348  1.2480914762  1.2613642985  0.9448861862  0.8558140944  0.9463193900  0.5498024085  0.9783950617  1.4137437363  0.8843660155  0.8487971078  1.3031519332  1.1218733547  1.2523622916  1.2095603333  1.2002759599  1.3691391513  0.8450967158  0.8949590709  1.0332582115  0.7231823802  0.7566190747  0.8169991260  1.1898095216  1.1647990123  1.2116321408  2.7357310995  2.0827605048  2.0762185312  2.7325620274  1.8283238455  2.9548377423  3.3081153320  3.5669202922  3.6716652555  2.4766802826  2.1350986682  2.8764551121  1.6507299452  1.2249686384  1.0362891589  1.1140269862  1.4596554508  2.7831686537  2.6188420702  1.5699339930  1.4629899825  1.6214266262  1.5022625610  2.0395081950  1.7539843080  1.5662537145  2.2619702195  1.4453090825  0.9864702375  0.8315828060  0.9338297336  0.6667903678  0.4756106506  0.5188355124  0.6433056336  1.0566081099  1.0071210731  0.6738578847  0.8796536348  0.9602234604  0.7113025524  0.4444170352  0.3484116430  0.4773338433  0.9969107742  0.9879060239  0.8013459273  0.6960988904  1.1229255352  1.4957437455  0.9367751830  0.7736092399  0.8682181966  1.0880028964  0.7463038444  0.5930326144  0.7991355967  1.0675023867  1.7117539061  3.3181482227  3.2990158613  2.0719102759  1.7001774691  1.3937038566  1.2989279362  0.9839302996  0.9956798022  1.1382634630  1.0580331106  0.7365603507  0.8678787420  0.7983232527  0.8515564538  0.7493570477  0.9535549819  1.0026694163  0.6409344818  0.3787691095  0.3216692506  0.8146062716  1.3680450467  0.8356329674  0.8228188517  0.9599818928  0.7838306433  1.0192871510  1.1060361172  1.0552387603  1.3552789863  1.4140680997  0.9006417816  0.8620391704  0.5837963629  0.6223369572  1.3109241909  1.1157742552  0.8166875213  0.6614827888  0.7500394012  0.7257275392  0.6327200889  0.4233870596  0.3878311329  0.2297989431  0.1897274385  0.1429753102  0.1281798113  0.1125804029  0.1165625445  0.0791525524  0.0800493141  0.0512076817  0.0189255983  0.0138726206  0.0265896176  0.0448051448  0.0425610427  0.0426162023  0.0436363371  0.0622095450  0.0521678527
  0.0308024128  0.0454344594  0.0646983530  0.0814913028  0.0791688096  0.0874720268  0.0997773886  0.2072365567  0.3963540228  0.3299314228  0.2290118717  0.1705432169  0.0992233122  0.0831209934  0.0689538144  0.0557572093  0.0372520806  0.0488771470  0.0478427640  0.0499048721  0.0352144556  0.0345813218  0.0501587641  0.0393121251  0.0367136464  0.0450582422  0.0676074524  0.0656859588  0.0898726020  0.0803748570  0.1122428197  0.0823305220  0.0529481322  0.0301988655  0.0323355566  0.0483814937  0.0657882948  0.0822833365  0.1228027700  0.1281816404  0.1307443888  0.0729921673  0.0983355632  0.1166837229  0.1908032632  0.3139470167  0.3328044743  0.3573989012  0.5350720326  0.7906859258  0.9680011413  1.1327407270  1.0615605377  1.5919097781  1.5617914776  1.1380621216  1.0057763729  1.1084496904  1.3855663945  1.5900833328  2.1815761966  2.2256387909  1.2627729508  0.8667561275  1.3781725833  0.7785719873  0.6522785419  0.7052751989  0.8300785144  1.1703074799  1.2160198791  1.2790068756  1.0073917017  0.8737942586  0.9072863229  1.2080195524  0.8958215155  0.8720574608  1.0346563535  1.2624692510  1.2039270096  1.5925863707  1.5650465555  2.1176624384  2.7870372967  2.9278216483  2.6690856216  2.6815182206  2.1251811037  1.5790677250  1.6661673275  1.3756377222  1.1229692175  1.2609094055  0.8068218250  0.7617166070  1.4851137793  1.3645645842  1.2410790584  1.0942803746  2.1033671500  2.4670183234  1.7712962097  2.2950785932  1.7927163346  1.5338849447  1.6152177116  1.6217298366  1.1188678627  0.9896867487  0.7252470533  0.8000506077  0.8607320223  0.6267828616  0.6225480438  0.7373349454  0.5711174869  0.6148900018  0.4308985804  0.4636843043  0.4648400204  0.4930573373  0.5526496310  1.3900214997  1.5307641654  0.7105955050  0.7053733102  0.7216923196  0.9405374254  0.6244855649  0.4535774726  0.5619415764  0.7414669863  0.6032461407  0.4666329395  0.4640831179  0.8840386062  1.3289970731  2.1284240927  1.8698547836  1.4207708576  2.4304799420  1.4305455795  1.2198907252  0.6789766267  0.4657478638  0.5101135103  0.7317683223  0.7260265671  0.5682437891  0.6785542875  0.7110360518  0.8685230271  0.9297139126  0.6930360403  0.5575150450  0.4297228071  0.4324758065  0.5981379706  1.2938915525  1.2644838677  1.0759423547  1.3815124861  1.1755483178  1.3360583040  1.4981445504  1.0461051688  1.5007087788  1.8949563440  1.6186569326  1.4281305467  0.8217054309  1.1681113246  1.3726640609  1.5750717888  0.9925491220  0.7824554484  1.1353864469  1.1604089381  0.9710343049  0.6648623080  0.4641040537  0.2396254111  0.2611613224  0.1706909739  0.1405943451  0.1188737757  0.0891674001  0.0699610095  0.0836477424  0.0487957601  0.0317803142  0.0228278830  0.0195790108  0.0251199725  0.0348701660  0.0368037244  0.0445510251  0.0529951398  0.0295764712  0.0272938269
  0.0346289858  0.0381423702  0.0466248851  0.0932701786  0.0853384035  0.1078714453  0.3184479597  0.3383072391  0.2811892840  0.2656977867  0.1835394363  0.1577020214  0.1087738863  0.1037317802  0.0639894887  0.0422243035  0.0659416880  0.0567900437  0.0652840200  0.0480805849  0.0424585953  0.0696079367  0.0480805351  0.0415653310  0.0383164834  0.0717305890  0.0903657057  0.0790945300  0.1280334896  0.1994519836  0.1236460306  0.0722040746  0.0644836871  0.0429008690  0.0500787759  0.0850290836  0.0811172458  0.1031411518  0.0842238428  0.0966246872  0.0980020118  0.1088267150  0.0939167914  0.1675486858  0.2875946972  0.3801567030  0.4196096011  0.3479314367  0.5553274738  1.0108627704  1.3085930395  1.7900060830  1.7052045531  1.8971766813  1.6859356895  1.8894689247  2.4922761254  1.8126864579  2.1374740900  2.7244739710  2.1191572360  1.3515702428  0.9689555293  0.9074865446  0.6829507920  0.5488790135  0.7133774198  0.8190277535  0.6995563531  0.7978710422  1.1615533370  1.3188875336  0.7089439522  0.6617039719  1.1379237718  1.2293536117  1.1631896946  0.7520731699  0.8215554923  1.1613594848  1.7483948746  1.3278963145  1.1877307024  1.3421649605  1.4979045094  1.6646289750  2.6367648710  2.7414856740  2.2660910790  2.5752241230  2.5903448786  1.1827087694  1.4307073826  1.4781504770  1.2713689943  1.0869259282  1.0206103738  1.0218464628  0.9218909218  1.6464965558  2.9090662019  2.8821032734  1.9900814581  1.3868934800  1.1522247484  1.3872070567  1.2651075211  0.7087516164  1.1247345001  0.6813450622  0.8739947438  0.6872307289  0.3656972465  0.2768616622  0.3823175758  0.4108381438  0.3568930700  0.5748478990  0.4805765676  0.5538703971  0.7370029107  0.7797598040  1.1134380603  1.0458388410  0.7977118878  0.6737665124  0.5986752003  0.4720799679  0.2941577821  0.2272981363  0.3096410190  0.6399187427  0.4833875491  0.4174018655  0.5609480390  0.8978613716  1.2281127634  1.8015793796  1.8157557342  1.8891911659  2.5332711638  1.2833113886  0.6899359418  0.4039931314  0.2658205361  0.3402700987  0.4373414538  0.6559328734  0.7575159503  0.9322448203  0.9830798098  0.9531094749  0.6904410050  0.6668634931  0.6121382865  0.5105649893  0.5793747058  1.3650354169  1.9401856330  2.0102126796  1.8109529701  1.4674428481  1.3740555630  1.2916761335  1.1698790572  1.2601917705  1.3420912290  1.3390242240  1.0528131671  1.1198187520  1.3135843181  1.7727350513  1.8346826957  1.5574608037  2.1675052913  1.8384764440  1.0068299181  0.7569834945  0.6461985360  0.7598344781  0.3482103978  0.2729220140  0.2936512162  0.1470244312  0.1352383370  0.0673984966  0.0482043762  0.0414215180  0.0505148134  0.0541048517  0.0450614025  0.0326877326  0.0327266469  0.0262409239  0.0277337553  0.0319023933  0.0456874408  0.0497990281  0.0446241594  0.0231691897  0.0357407635
  0.0369405958  0.0382956770  0.1016947838  0.1007122141  0.1144330839  0.1884400715  0.2951953470  0.4431161980  0.2953111097  0.2884369336  0.2790111838  0.2007454113  0.1319368355  0.0436223528  0.0536610911  0.0754400340  0.0658227404  0.0367154267  0.0432307117  0.0738252759  0.0876202210  0.0797539324  0.0576392543  0.0547879904  0.0550189526  0.0671436505  0.0753889086  0.1235297032  0.1594194213  0.2062022043  0.1192348150  0.0835319139  0.0428655365  0.0398091289  0.0756496668  0.1021830997  0.1262082477  0.1074869687  0.0665722675  0.0650127729  0.0749080432  0.1067611419  0.1624733493  0.2722066137  0.3414865469  0.3042346351  0.2550455414  0.6295710041  0.7391292959  1.6774292426  2.8290287322  2.0646809853  2.1067271478  1.7179458715  1.4529134822  1.7941966962  1.5301881318  1.1947416959  1.5673747568  1.5473508506  1.2167596408  0.9254747488  0.8247085129  0.8606786791  0.6561170687  0.7329857892  0.9511354827  0.6146944347  0.4355301754  0.6078706123  0.8506384808  0.7752790806  0.8032930797  0.6513783145  0.8007110400  0.5784847381  0.5598620302  0.7069855999  1.0317866467  1.4247340186  1.1755541169  0.7055512063  1.0225149455  1.2475174299  1.2025832074  2.4777798374  3.9493057810  3.6485425673  3.6585543251  3.7608063510  2.9066604900  1.7891907576  1.8413524813  1.0613857692  0.9927668165  0.9031122459  0.8090440798  0.8308312397  1.3836557915  1.6841729349  2.2860320193  1.7977198879  1.3206289526  1.3658309041  1.5014830684  1.7639398071  1.3005055116  0.9954536419  0.7741330999  0.5213073422  0.4572717776  0.2206280055  0.2216349503  0.2893285206  0.4353604182  0.5381173154  0.5220185798  0.3626730392  0.4143838972  0.6216664617  0.7090222070  0.7275515826  0.6480839878  0.7789849356  0.4708800505  0.3722715735  0.3234572884  0.1688832949  0.2967404396  0.4512424054  0.5480155670  0.4942954920  0.6192403584  0.7600323578  0.8683048419  0.9389905086  1.4041708461  1.6518498978  2.2795686853  2.1143090319  1.1387971041  0.4789112168  0.3092468585  0.3052078231  0.2661952966  0.3003274599  0.4617689073  0.6575039498  1.1529378979  1.1812504760  0.9552475473  0.8260311039  0.8357708616  0.7907874726  1.0708905988  1.1749569937  2.1710807880  2.6905665952  2.4887631946  2.7364489164  2.0504355507  1.4145164880  1.5806190128  0.9008984054  1.0181750195  0.9767062109  0.9339396601  1.0816435541  0.9195310765  1.2312988514  2.3005836121  1.8443321996  1.7696423493  2.4860100028  2.5334611557  1.8611770824  0.8166298420  0.5262939320  0.5545434869  0.2767602447  0.3689533685  0.3033755581  0.1736370105  0.1436227154  0.0514111848  0.0331080290  0.0438201545  0.0539360229  0.0596907830  0.0445974058  0.0430324655  0.0397119900  0.0309626374  0.0342304131  0.0440632971  0.0509165538  0.0398077250  0.0475609968  0.0544832851  0.0501397523  0.0547128393
  0.0370423851  0.0544858917  0.0728289228  0.1683355373  0.2273162143  0.2932453983  0.2761638406  0.3011987894  0.3416823084  0.2596834863  0.1352462169  0.1107592555  0.0480295337  0.0524968179  0.0844367392  0.1055072472  0.0558663747  0.0657227333  0.1015746378  0.0970691820  0.0768290070  0.0936895400  0.1043253198  0.0808917043  0.0705751123  0.0826864054  0.0964040365  0.1426734678  0.1845827138  0.0948446583  0.0872039779  0.0512700052  0.0350812843  0.0588335855  0.0955280458  0.1234597012  0.1462929637  0.0798969213  0.0513999777  0.0616449597  0.0898263933  0.1074853109  0.1574183662  0.3279401942  0.2783456267  0.2904393042  0.5289925709  0.6498672314  0.9887055531  0.8611355652  0.8440081704  0.8946668363  1.3325615490  1.0961988440  0.9516233695  1.4012815614  1.5393906039  1.7663386280  2.1470631735  1.8971697649  1.8436898152  1.1317873086  1.0421813146  0.9497209784  0.9493465744  1.2882167901  0.7133534611  0.6548536938  0.5364572835  0.6364938798  0.6028025192  0.7882546905  0.6605560554  0.6750485575  0.6866484624  0.6622076165  0.6932642712  1.2044897130  1.1963856346  1.2753424030  0.7652908235  1.6980827717  2.6618503767  2.2133143495  2.4071698936  2.9326392915  2.7284185275  3.7696916703  3.1565971040  2.3563631247  1.9084456544  1.9799766515  1.8724929553  1.8716948884  0.8288834008  0.8201443592  0.7043503968  1.2807493404  1.3918732154  1.3268537992  1.0468684398  1.1634816414  1.9575991246  1.7505250938  2.3020224542  1.3774509036  0.8755178461  0.7573805653  0.5514205423  0.4380903962  0.2091656382  0.2293596305  0.3592873006  0.8815056398  0.5784649339  0.4495024741  0.3956389489  0.4142905145  0.5375773058  0.6028752389  0.6479022060  0.6260290478  0.3800256736  0.2983043178  0.2585286332  0.3336178773  0.2171621088  0.2164462842  0.3113160015  0.3551000292  0.5211885415  0.7521010085  1.0442391239  1.0912539071  1.3833802459  1.1553037102  0.9731779875  1.2672840067  1.2571002633  0.7829312517  0.3915970898  0.2729482040  0.2456581283  0.3452048480  0.4146372588  0.4176084499  0.7585126950  1.3380928302  1.0101885504  0.8349138875  0.8220771732  1.2564166934  1.9420045924  1.7926832386  1.7719647157  1.5419399143  2.3032626624  2.0715961814  2.3533696299  1.9557653898  1.5084427730  1.1758528386  1.0815163593  0.8308725237  0.7720983644  1.3479545585  1.3235450362  1.3418126274  1.5997380100  1.8491496296  2.2045775052  2.7372522464  3.0658640442  2.3887167774  1.5344197801  0.6462622053  0.6411159098  0.6399097500  0.4742158296  0.3284176501  0.2067447001  0.2034277736  0.0994697013  0.0609281515  0.0318404298  0.0267306145  0.0331827429  0.0346261553  0.0398962667  0.0463492658  0.0293512717  0.0158774500  0.0282174554  0.0616062868  0.0522310917  0.0563183923  0.0439734807  0.0477556501  0.0441897596  0.0693422934  0.0517094398
  0.0615433854  0.1890759055  0.2130856637  0.2690627462  0.3542776188  0.2226501832  0.2339994627  0.2801305041  0.2108915404  0.1491093064  0.1112755908  0.0663896491  0.0664839427  0.0897434741  0.1283709959  0.1018583689  0.1029279375  0.1354400750  0.0926261115  0.0564301401  0.0693360720  0.0886069710  0.0840137969  0.0892038492  0.0658564414  0.0630907524  0.0879626443  0.0961027134  0.0837271170  0.0702515562  0.0733997974  0.0607632843  0.0577859608  0.1184325748  0.1266267955  0.1216496123  0.0697354771  0.0507596203  0.0514813345  0.0842911004  0.1025434924  0.1571810809  0.2429256035  0.2556904285  0.3964395821  0.4537351873  0.3463961286  0.6447810390  0.5252605903  0.5007121916  0.6177428720  0.8510280190  0.7151359000  0.7650386232  1.1183933344  1.2468055256  1.6738329363  1.7193114646  1.3095520137  1.1099303731  1.2874739837  0.8893709426  1.0159190227  1.4214859947  1.5971546888  1.2528111638  0.9335785444  0.6716470330  0.5056289993  0.6318301521  1.1604883794  1.1382219432  0.9752908871  0.9739945604  0.7226971493  0.7572083170  1.3322811585  1.2269052719  1.3833033171  1.6368871400  2.6725208124  3.4580237802  3.2168572935  2.4118249316  2.5443344931  3.0483788620  4.2892371450  3.8569192304  2.7649683891  2.8265285602  2.3466973461  1.7319240603  1.6007394487  1.2989628005  1.0709682904  1.1791240083  0.8299664374  1.0363054008  0.7422862579  0.6112742096  1.2496534271  2.2765133047  1.7497866508  1.5264203881  1.2847797175  1.1214323396  0.6971476139  0.6359608199  0.4878061237  0.2800872392  0.2837470831  0.2713667221  0.6192117166  0.9482198363  0.5147004197  0.4227412541  0.5506390632  0.6247185643  0.4855528251  0.4291532881  0.5217999280  0.1911227141  0.1634540976  0.1651289165  0.2975564242  0.2978323051  0.3060354878  0.3465053532  0.3518979544  0.4235300089  0.9723222766  1.0812855566  0.7109058549  0.9564125438  0.9334943687  1.1694610531  1.0469736792  0.6387275569  0.6583493199  0.4750465737  0.2622097638  0.2398382550  0.3266917546  0.3369911925  0.4203678024  0.7197412608  1.0018411562  0.7756965951  0.6968649993  0.8149553386  1.1082533632  2.1224186274  2.2027315693  1.4557473812  1.0869583088  1.3693060893  1.3301729976  1.0183927596  1.5194944042  1.5672596975  1.0811739351  1.1633961054  0.9570665599  0.9217216974  1.0685055947  1.2997007532  1.3313043090  1.7629020488  1.9095670694  3.3200106348  4.5571550667  2.9114912920  1.8808491674  0.9634221130  0.4180558845  0.4770225837  0.3059344712  0.2396914183  0.2139814474  0.2070891876  0.1114161612  0.0657980372  0.0372182032  0.0330225801  0.0300649052  0.0272359721  0.0337608090  0.0329953940  0.0391092494  0.0351057539  0.0194256863  0.0237475765  0.0401881278  0.0526738868  0.0504189621  0.0401966086  0.0492127994  0.0435430755  0.0656623701  0.0702031849  0.0986241116
  0.1763945785  0.2355271841  0.2845526223  0.2436802634  0.1734490056  0.1811364963  0.1659714523  0.0983596204  0.1212052735  0.1732406227  0.1273102419  0.1483515493  0.1297398313  0.1643903162  0.1131273582  0.0977140611  0.0884801307  0.0755451584  0.0594547429  0.1152513060  0.1115440467  0.0819619747  0.0954351466  0.0896794252  0.0926029641  0.0906976361  0.0903794361  0.0776852165  0.0780027620  0.0798854296  0.0543106277  0.0524996571  0.0781001005  0.0738507065  0.0764592667  0.0590822907  0.0643866566  0.0511914108  0.0875269977  0.1245095593  0.1518323098  0.2282111111  0.1954872322  0.3530591652  0.5123357483  0.4704521667  0.6472466942  0.5815677195  0.5313833870  0.6659334539  0.6024016164  0.6207689829  0.9056784679  1.1286624370  0.9485921814  1.2414939380  1.0309465913  0.8255746118  0.9763078749  1.0390016097  1.1687222604  1.4985910427  3.0334043523  2.6817307025  1.3931266009  0.8515919947  0.7131178078  0.8522958666  0.6871832927  1.3730296433  1.6000333363  1.6160532409  1.8054021269  1.4416699633  1.6420406173  3.1253008328  2.5932709959  1.2990632542  2.2681158667  2.7819078404  6.8311437994  9.2529397390  6.8718687621  4.8936365481  5.8521187289  6.6803955816  6.3872721399  5.3629294003  4.3200544104  3.6562538207  1.6099581428  0.8810757291  1.1616643439  1.4870457172  1.2764240953  0.5794429578  0.6359882971  0.5536762185  0.7925315094  1.6640600329  1.7880829249  1.4744848291  1.6614534256  2.0439795925  1.7635550256  0.8256674785  0.8461640615  0.8547330125  0.3907364051  0.2898139859  0.2576755342  0.3492248559  0.5425130596  0.6875408972  0.9345401139  0.7837405587  0.7029028864  0.4084918908  0.3111099306  0.3593689224  0.3254960793  0.1660922486  0.1454421587  0.2078217319  0.2799361251  0.2782151108  0.5090184521  0.4232959401  0.4237453062  0.9158995750  0.9493749481  0.6013153052  0.7190865152  0.7132627373  0.7469406291  0.9630614563  0.8730715107  0.7991534074  0.3456089611  0.1543978010  0.2388296593  0.3034549468  0.2771304119  0.3929047677  0.6412515149  0.7589395509  0.7873144032  1.0392853093  0.8779378778  0.7440930222  0.9727608795  1.4656731170  1.9742473548  1.7136152438  1.5311557081  1.2444301134  1.3242259196  0.9123147257  1.0739879601  0.7240584578  0.6970068563  0.8959479564  1.0212818363  0.9290290765  0.9975634388  0.6560257098  1.5860710843  1.8455905481  2.3656568149  2.8681742490  1.4323577852  0.6838275708  0.4004075133  0.3615178449  0.3748005585  0.2608531866  0.3075286047  0.3357313339  0.1976456785  0.1097361618  0.0612966161  0.0330036871  0.0238311107  0.0350878912  0.0231938143  0.0224780374  0.0271873534  0.0500125522  0.0405712791  0.0221712116  0.0233309189  0.0309695756  0.0387690831  0.0526429464  0.0443898049  0.0345735140  0.0451420264  0.0529968743  0.0733081033  0.0984559975  0.1357608540
  0.1871395650  0.2421814182  0.2851104832  0.1688437716  0.2274725525  0.1607235096  0.1203235409  0.1233943601  0.1307916156  0.1682808883  0.1368489984  0.1785226417  0.1947738765  0.0942503124  0.0524045240  0.0336206122  0.0472940112  0.0540675930  0.1249896708  0.0965130910  0.1026525010  0.1203964336  0.1296134092  0.1127249419  0.0679489947  0.1017774711  0.1206832866  0.0913471993  0.0719565904  0.0740723303  0.0659383794  0.0521172475  0.0586043391  0.0796765439  0.0913654770  0.0551198668  0.0637918738  0.1315653990  0.1446677907  0.1298573719  0.1813036632  0.1630420115  0.1789751052  0.3232618425  0.4253098875  0.6244603582  0.5355517817  0.4703502176  0.8166190787  0.7889371550  0.7229240724  0.6767430172  1.2625395104  0.9591930586  0.7398902947  0.9556329545  0.9840780498  1.2273884504  1.7047593290  2.0205548558  1.9849927107  2.5038839927  2.5482775552  1.8230275321  1.0968345108  0.6033618415  0.5625990898  0.4092963042  0.6621881624  1.2745507483  1.4791878280  1.6670534869  1.5800451106  1.6780943508  2.2673843987  4.5506901302  2.4592789688  3.0619310162  3.1817865559  6.8092650124  8.3743164070  5.3500621216  6.2420414361  6.9672314531  6.7328881208  9.9044938753  10.0099534721  5.6672853175  3.4043052926  1.4650899612  1.6305731592  1.4082365710  2.1136471300  1.1421291413  0.4416259078  0.5842764261  0.4829542035  0.9429758289  1.0882423684  1.3054552060  2.1369962035  1.8091397187  2.4847801109  1.6228480042  1.3310323655  1.0561877311  1.0374009739  0.6706622599  0.3290746918  0.3361996829  0.4977262314  0.5198707025  0.8844690204  0.7833894307  0.5762417416  0.3558740868  0.2445384217  0.2486112888  0.3136021881  0.3311531808  0.1950733521  0.1817542143  0.2010630598  0.2035025986  0.2899175178  0.3987317425  0.2874549148  0.4161873604  0.6725895851  0.8253867426  1.0200654550  0.6725005351  0.7733071706  0.9228449137  0.8843923424  0.6974078318  0.8806473377  0.4357912329  0.2010334629  0.2056241321  0.2499258765  0.2781070510  0.3859571260  0.6474495303  0.7859020109  1.1007171313  1.4089005977  0.9665230804  0.8826507092  0.8687845272  1.0131525916  1.2859443498  1.4595976896  1.3768563722  1.5005351930  1.1765187021  1.0411034982  0.6881065146  0.6167669716  0.5389184491  0.5089101033  0.7295732317  0.9213471464  0.5775605121  0.7529380660  1.1435537083  1.0263687367  1.1764763716  1.3537955684  1.1419101535  0.8878886955  0.4708935466  0.2958831105  0.2499999097  0.2644021412  0.4046170534  0.2726487952  0.1577863870  0.1001781277  0.0608192772  0.0332179958  0.0375302516  0.0259205081  0.0225802547  0.0186509686  0.0280158775  0.0442314115  0.0452505913  0.0263015390  0.0383901526  0.0397037865  0.0324534797  0.0501624995  0.0367348367  0.0332424940  0.0547459888  0.0579764408  0.0474146718  0.0654424546  0.0945596381  0.1238134579
  0.1550616645  0.2425019521  0.1902788053  0.2604032174  0.2416206459  0.1892516588  0.2819332651  0.2774585311  0.2259202810  0.1672454182  0.1629841195  0.1199637516  0.0858097600  0.0442035998  0.0177043257  0.0240855948  0.0406578101  0.0841613750  0.0970528064  0.1092004638  0.1078842904  0.1662000742  0.1368827095  0.1127457203  0.1204374410  0.1345737042  0.0833239631  0.0580688858  0.0826004062  0.0848697120  0.0587052985  0.0844656425  0.1282519167  0.1436928353  0.1104195384  0.1108709686  0.1520478897  0.1451060556  0.1337258544  0.1316580954  0.1590273717  0.1910705245  0.1924190253  0.3407054791  0.4217564861  0.2967768321  0.3992688672  0.4426958804  0.5330849807  0.9315063296  0.8256380164  0.8603442680  0.9565181840  0.9402849425  0.7976856076  0.9195714694  1.8215552677  2.9766993407  3.3182385089  2.6282268002  2.2340902560  1.5886821625  1.2029128835  1.0993106294  0.8363126078  0.5604540894  0.5637287508  0.8339771681  0.9194837346  1.3390150926  2.4630637484  1.4393088607  1.4997690859  2.5106650900  3.1655162586  3.3489378928  3.7168669303  2.7157498819  3.6772359966  5.6490597089  7.0083036529  10.1721635123  7.4128949977  6.0410027198  7.6669208738  11.3116467049  11.4232094447  3.5129641046  2.1210557234  2.1704724684  1.6047652453  1.4631776002  0.8692631868  0.5323916872  0.6115614791  0.6041333097  0.8065301436  1.0011929194  1.4228534639  1.8317371819  1.4965097840  2.7129749636  1.8522368284  1.4811202504  1.7475991401  1.0301462825  0.5104675431  0.3728328282  0.4177750137  0.4905277644  0.5945412311  1.0558988206  0.8085410762  0.5306041117  0.4016511966  0.2600989025  0.2133235821  0.3823054429  0.3949973530  0.1715195638  0.1370230478  0.1766068824  0.1879334517  0.2839194296  0.3223029652  0.3062576601  0.3129984216  0.4021970727  0.8439869553  0.6976798388  0.5878063702  0.4466234567  0.6375521600  0.8791746678  0.6527622286  0.8017247616  0.6347036989  0.2975277517  0.2052680163  0.2313455400  0.2371161871  0.3443980131  0.4174941085  0.5071514438  0.9351480653  1.5929491458  1.0925928700  1.2837907832  1.0013940816  0.9813239629  0.8886754855  1.0553728007  1.2980376251  1.0055636655  0.8090970859  0.9468566990  0.7923820739  0.6013955658  0.4922526095  0.4741774403  0.5449788230  0.5983741044  0.4192595323  0.6282478278  0.8940370589  1.0896954233  0.8120599463  0.8567403866  0.7466758859  0.7565564365  0.6777873333  0.5651867102  0.2774986749  0.2084430165  0.2344711890  0.1681715568  0.1202592552  0.0712524215  0.0378970431  0.0418416121  0.0519339537  0.0258810647  0.0223997459  0.0227275536  0.0411470657  0.0737268152  0.0543250713  0.0341422174  0.0391994754  0.0350767014  0.0374585371  0.0380185413  0.0319123159  0.0321591295  0.0453051083  0.0794395368  0.0682146628  0.0837918479  0.1244053708  0.1397940600  0.1393015048
  0.1747715638  0.2250615061  0.1797237727  0.2468637333  0.2463622824  0.3085636190  0.3083746377  0.2392951313  0.1525126248  0.1646157740  0.1400993319  0.0684175425  0.0285521620  0.0203990023  0.0300493100  0.0532784652  0.0870121859  0.1089636705  0.0937818934  0.1050335287  0.1283623055  0.1647835479  0.1430049808  0.1967187475  0.1374489862  0.0749193716  0.0800198325  0.0760845392  0.0807533772  0.0710871955  0.0960499533  0.1130948746  0.1426018315  0.1882867859  0.1502104507  0.2245845726  0.2015054823  0.1346152868  0.1271133792  0.1631771149  0.2231791740  0.2396092473  0.3054005396  0.2709467880  0.2427606708  0.2751584502  0.3659055823  0.3303687390  0.4568746474  0.6718262943  0.5616381544  0.4330429527  0.6844186321  0.7745012545  0.6448774965  1.7137579218  1.9686980797  2.0377142931  2.1953199420  1.6931185859  1.7538540104  2.2303233706  1.9232801608  1.0312799464  0.7242004515  0.8507656738  1.0949246653  0.7225163138  1.7102921235  2.6120372849  1.8042394475  1.5211079666  1.7301163197  3.2022755449  3.3880124296  2.9929782569  4.2234828823  3.9474371413  6.6797243767  7.0481648003  11.6673732199  9.1789371076  5.8693980568  7.6874390209  6.7044379082  5.5076892870  3.9439311237  4.2356342244  2.1570052084  1.2723713358  1.9707397559  1.2893963849  1.0806706454  0.9153963014  0.8811886029  1.1738822575  1.0736625771  1.4484054822  1.4853842155  1.1851555538  1.7025185936  1.2664949560  1.0873880682  1.6117824509  0.9332631508  0.4314446564  0.6645301618  0.4523619324  0.4028284017  0.4722993752  0.3598033830  0.6325602426  0.6396240323  0.5008214636  0.5582406187  0.4963581792  0.3220948760  0.3218989460  0.1804855531  0.1580776631  0.1696150707  0.1539816853  0.2737602833  0.2549307145  0.2852392894  0.3554651757  0.4985834163  0.7563591795  0.9952333413  0.7419362709  0.5481941236  0.7366572207  0.7470961894  0.8867150899  1.0432176395  0.8075523973  0.2619353494  0.1861779389  0.1606701412  0.2612338871  0.2899915632  0.2671103978  0.4276538341  0.5978344424  1.1588972569  0.9620971986  1.3038989572  1.5603260743  0.9211394568  0.9866902861  1.4974484245  1.4064327176  0.8115195372  0.7374736452  0.7054359859  0.6530800889  0.5428291978  0.3844612385  0.2943342617  0.2784949963  0.3281324412  0.3698382782  0.3708117309  0.7148275830  1.1381685112  1.0974242539  0.4850676788  0.5525466839  0.5603487559  0.5730212902  0.6854140340  0.4681594775  0.1883599104  0.1508062462  0.0976831703  0.0775797034  0.0607356143  0.0367499207  0.0648376394  0.0559210471  0.0334233445  0.0288797123  0.0261451360  0.0468449251  0.0866495854  0.0674136364  0.0343518230  0.0434773522  0.0439886773  0.0385683017  0.0341917528  0.0238842600  0.0282808231  0.0311271426  0.0508781612  0.0630994251  0.1076891956  0.1098839745  0.1289540140  0.1549996036  0.1650611440
  0.1762844791  0.2121457755  0.2403984052  0.2860412671  0.3042121275  0.2380272096  0.1404627573  0.1180767000  0.1424421281  0.1577171521  0.0861942180  0.0552507263  0.0566389408  0.0749626431  0.0564971397  0.0657574224  0.0604627466  0.0736363097  0.0941539919  0.1209713625  0.1078442689  0.1146194961  0.1789564145  0.1238155224  0.0606713412  0.0524900776  0.0578621652  0.0529784161  0.0666736834  0.1448703102  0.1009948884  0.0790138910  0.1168434100  0.1564608263  0.1459255883  0.1960152364  0.2264849505  0.1412575275  0.1466314107  0.3127390451  0.2603590890  0.3252131578  0.4197249065  0.2995055116  0.2360098210  0.3067233048  0.3338753244  0.2788150335  0.4223304590  0.6258751977  0.6040841348  0.7728976778  0.8658519676  1.0672710384  1.2838149239  1.2522418019  1.1222559212  1.8938956764  2.0957194270  1.6557908660  1.9373214228  1.0184417839  0.7490253093  0.8330107061  1.2472930587  1.3522818631  1.1645119662  1.6152056729  2.2597634389  2.0666260225  1.1537090481  1.1474647287  2.1075960365  2.1174450756  3.1639863136  6.1625141611  6.9917033260  10.4658063341  10.8337232749  9.8016003434  7.9731192588  6.8395428596  5.8594274442  4.3193962724  2.9868968953  2.3581493566  3.7777978491  2.5946068475  2.0613139449  1.8630935538  1.3848880863  0.8567754802  1.0662522509  1.0982728681  1.4573312823  1.4081573306  1.8049560458  1.3027490457  1.1026070349  1.2227605987  0.7609578303  0.6780403994  0.8550293613  0.8676596323  0.5243267176  0.6142217287  0.4788643165  0.3324094271  0.3011081933  0.1860199202  0.3630819199  0.8877601701  0.8927687412  0.6850242218  0.5818604551  0.3963837096  0.2557817463  0.1816728149  0.2070986205  0.1511826692  0.1852474433  0.2538480654  0.3387277097  0.2848843881  0.4066452279  0.7044545736  0.6482472980  0.6678792332  0.6602129391  0.6902541282  0.9801135440  0.9924071798  1.0792585515  0.7454767632  0.6228609849  0.3056829611  0.2721971107  0.2165712799  0.3427600222  0.3420813434  0.3986830847  0.6076805368  0.6627658047  0.8000393755  1.0502169589  1.0805530254  1.0480305573  1.0381879424  1.0007596800  1.3389747621  1.0771094087  0.9216596968  0.8183408198  0.6057561861  0.5067311717  0.5171255370  0.5199667416  0.3445657821  0.2737906724  0.3078941058  0.2638873263  0.3998808497  0.4889610135  0.7325892311  0.9204324236  0.5267103092  0.4084310804  0.4873423501  0.5856434325  0.7388421817  0.4150924717  0.2412851256  0.1225169318  0.0714171701  0.0829464166  0.0805548187  0.0606967448  0.1263748579  0.0550378535  0.0497416942  0.0311033084  0.0439246558  0.0530877370  0.0725069830  0.0620655083  0.0497904711  0.0608351600  0.0350524304  0.0421236560  0.0319438420  0.0270788603  0.0358442462  0.0404103517  0.0365706790  0.0774221369  0.1275498457  0.0794967062  0.1282245871  0.1121956652  0.1449633311  0.1427078433
  0.1804154733  0.4191365476  0.4751208620  0.4299700655  0.1971006759  0.2054590438  0.1716805390  0.2320153377  0.2281615737  0.1208618553  0.1210489939  0.0970796100  0.1108056443  0.0632771590  0.0403321112  0.0578292481  0.0877991808  0.1387576771  0.0873694897  0.0924290796  0.1187838647  0.1511774619  0.1291885435  0.1222391509  0.0680217185  0.0615698796  0.0648619256  0.0604159288  0.1239279544  0.1256099415  0.1212376811  0.1089498564  0.1557066492  0.1834352571  0.2235050342  0.2688082433  0.2123424843  0.2019917483  0.2736933432  0.2746843265  0.3263668661  0.5540379921  0.3678151353  0.2511377266  0.3427341521  0.2497410593  0.2716545668  0.3617424309  0.8898986169  0.8826260876  0.8248879769  0.7402919934  0.6985893729  0.7590371016  1.0166398723  0.8509844090  0.7826525736  1.3461463603  1.3015255001  1.2653965357  1.1239240701  0.7187632266  1.1040990794  1.1774334885  0.9785302692  1.2118537535  1.8647525951  2.4229921449  1.8337679333  1.7037313760  1.7541454811  1.4914446580  2.6394266320  5.4896439169  7.9338976625  8.6899632275  16.7333342795  15.1370012414  8.6539608011  8.6464117453  6.1815917331  5.5665434491  3.8278279723  2.9540673519  2.3960866675  2.8861979318  3.0265508755  1.8483646424  1.6960227288  1.1780108546  1.0332509890  1.1909433646  1.3441047514  1.9015636747  2.3792270578  1.7869684176  1.2558873777  1.3622197027  1.5017748379  1.2740332360  1.0517699550  0.8321591330  0.8186031532  0.7120262704  0.4400199265  0.4426305294  0.4165574266  0.3175516493  0.1915268836  0.3850735833  0.9928463543  0.8029463407  0.8332452834  0.7272346729  0.4524385369  0.1834448130  0.2171366704  0.2279192101  0.1760540250  0.1617024301  0.2293954711  0.3907696007  0.2967107942  0.4685451543  0.5433813502  0.5139771672  0.7857120648  1.1314236579  0.6257988084  0.8546656608  1.4082385486  1.3575735685  0.9396368468  0.5035631970  0.2665075669  0.2834868185  0.2760349004  0.4603430991  0.5733193049  0.6584487053  0.9910971516  1.0047871897  0.9303597916  1.0777451900  1.0736783711  0.9700167666  1.4594988753  1.4351700826  0.9614181897  0.8094593124  0.8751383642  0.6544404169  0.5129057501  0.3611048713  0.2866682940  0.3051340061  0.2207952906  0.3061296458  0.3252829645  0.4093375707  0.5738100378  0.4663224595  0.5195112319  0.5598865662  0.5241368977  0.5532541737  0.8963253546  0.7661167733  0.5402950064  0.4418681876  0.2440911479  0.1136158083  0.0758209899  0.0869402268  0.0876633229  0.1083721495  0.1090543145  0.0722566033  0.0543473083  0.0361294214  0.0648849375  0.0482009346  0.0634862919  0.0669766208  0.0698753926  0.0611827818  0.0483933177  0.0364864204  0.0201980843  0.0298031673  0.0358201947  0.0442237170  0.0499920932  0.0488677510  0.0726079077  0.0720544355  0.0847241462  0.0782007527  0.1357507454  0.1309703291  0.1488241754
  0.3878888069  0.4967973202  0.6330189204  0.4311447587  0.2763077118  0.3055357779  0.3551902914  0.2294152936  0.1292023844  0.1101999618  0.1191784207  0.1034540390  0.0725430970  0.0571895208  0.0517820749  0.0490030596  0.0652190735  0.0676697823  0.0715969014  0.1019631727  0.1269409403  0.0967447583  0.1345898585  0.0946270057  0.0784066250  0.0745586249  0.0676189265  0.0750465971  0.1133020041  0.1554749099  0.1107653715  0.1565984060  0.2768673940  0.2674357957  0.2976680961  0.2081048150  0.2648947261  0.2921871338  0.3223455451  0.2788217212  0.3894556680  0.3545027053  0.3190248135  0.3041281886  0.3678278422  0.3207430437  0.3681942451  0.7055481625  0.8751643262  0.5497437146  0.5383298642  0.4312202093  0.4012292767  0.5608731063  0.6987775975  0.6468282288  0.7882470716  0.9356245172  1.0890158162  1.0772317861  1.2457617403  1.4117704279  1.3908537280  1.2289413844  1.2707528059  1.9412232955  2.2978932778  1.8749423715  2.2567570774  2.1587837010  2.7182395696  3.0160284698  8.5872365247  7.1508252233  8.3506317515  18.2842954126  22.2353339368  13.2461089497  9.5262549874  6.6613043838  5.3428485905  4.1742724921  3.2002242099  3.3858776982  2.9037437859  3.6209256797  2.7811421476  1.9637709254  1.8634096987  1.4480387701  1.2239154937  1.6206340613  1.9384236691  1.8322372007  2.4973517805  2.5093712869  1.7690993453  1.2267176676  1.5349335120  2.0140515428  1.6463283908  1.1809691389  0.8383320658  0.3372929261  0.3930672229  0.3568589239  0.3569656687  0.3091075070  0.5011306485  0.7573144356  0.7904663601  0.8549011524  0.5164400813  0.2314615517  0.1487044227  0.2214252047  0.1927369677  0.2175392903  0.2566929644  0.3330101786  0.3339395482  0.3223462054  0.7305590821  0.9998576635  0.9136666432  1.0281407348  1.0849789272  0.7806695207  1.2255966008  1.5844750818  1.6480256544  1.3384155716  0.9011740666  0.4576208631  0.3297615974  0.4102431021  0.8054692764  0.6976162553  1.0006046950  1.2352717654  1.5326812004  1.3179403909  1.4160566337  1.8135066880  1.9455207555  1.7904503883  1.7276005370  1.1282636238  0.9462807732  0.6611824054  0.6045539762  0.4374747262  0.2410659090  0.2342772659  0.3038303410  0.1684775463  0.1538191586  0.2388292400  0.3216706229  0.3894677986  0.5798281889  0.7475198032  0.6668887751  0.6815997047  0.6191057526  0.6046737621  0.5946396506  0.4652621507  0.5339534108  0.2223700381  0.1013641903  0.0979754069  0.0806087133  0.1105060740  0.0924042589  0.0969542325  0.0691130077  0.0464641142  0.0404155458  0.0548247138  0.0500722982  0.0424402489  0.0544285957  0.0539797958  0.0527490814  0.0679162486  0.0329531204  0.0234905509  0.0234528611  0.0244043589  0.0396308544  0.0492431474  0.0367122831  0.0497411009  0.0726733455  0.0579502729  0.0582440994  0.0991853402  0.1060006492  0.1649349710  0.2860894769
  0.4511467075  0.4236316341  0.3710618293  0.2778303063  0.3138350492  0.2485347644  0.1718531444  0.1315657961  0.0981502233  0.1120732666  0.1209532509  0.1059419933  0.0655308184  0.0500291973  0.0401854773  0.0547693305  0.0536597698  0.0492412285  0.0890928763  0.1087723465  0.0659403275  0.1017204945  0.0747282489  0.0508420012  0.0602067369  0.0836622553  0.0902143223  0.1513526130  0.2507728510  0.1221258538  0.1142652133  0.1920568814  0.3581965234  0.4646099392  0.2290215811  0.2316987745  0.3155516326  0.3035642152  0.1843049268  0.2830479016  0.3652131220  0.2617226615  0.3376182419  0.3476530750  0.5547628438  0.5004580340  0.6954732970  0.7041597142  0.7406954512  0.4792307580  0.3926678652  0.3052670516  0.5163736195  0.5068630035  0.4684681667  0.6313473544  1.0500014439  0.7569347215  0.8748397853  1.1893917249  1.4297403033  1.2704269149  1.3008753961  1.0001126740  1.3334007277  1.3254490870  1.8843961348  2.0971091837  4.0221029828  4.7046477196  4.0480304983  7.5723101269  10.3750726601  11.8347409286  15.9760397548  16.0030569926  11.9630454435  8.4696425061  6.3702434604  6.8884882815  5.7554663689  3.2631996797  3.0163970806  4.5554243231  3.4197296505  3.1179668937  2.2268020452  1.5172168795  1.7595257259  2.4593580793  2.8051234064  1.7165321641  1.4854506900  2.4852728391  3.3215811890  2.1090640229  1.6972633805  2.5006337591  2.4614666596  1.3720622452  1.2033611251  0.7349817785  0.4710078398  0.3455331315  0.3217024791  0.2926261932  0.2936879952  0.5348932013  0.7226295750  0.6959143227  0.3977347601  0.3691884463  0.2382365434  0.1630373199  0.2412743468  0.2411089215  0.1919567663  0.2672640198  0.3924211443  0.3353983065  0.5523161763  0.7327134735  0.9769312220  1.1065335239  0.7405982208  0.6100374396  0.6423905891  1.2758209055  1.9131333774  1.6787221594  1.1679886812  1.1550020042  0.9359434165  0.5496956205  0.6162485443  0.8495403611  0.6842243553  0.9793962320  1.3943248963  1.3565987071  2.3880524533  1.9019343492  1.8482998801  1.9722287783  2.4141574696  2.1348494083  1.4497181213  1.2036941148  0.5897781253  0.6713475210  0.6369351122  0.4485910111  0.3714490535  0.2742876103  0.2170474035  0.1204997784  0.2041845671  0.4052348755  0.4305062937  0.6244271596  0.8246388446  0.7057568205  0.7493773599  0.5637356895  0.3683922900  0.3099365131  0.3580323308  0.3196917428  0.1329082311  0.0896549252  0.1075685652  0.0769938834  0.0902199141  0.1175471995  0.1126304476  0.0686329404  0.0369578778  0.0480443696  0.0564114060  0.0498747652  0.0484438033  0.0371028857  0.0389276277  0.0393291235  0.0455430747  0.0271917682  0.0231573393  0.0232960261  0.0314338496  0.0414204910  0.0370934749  0.0298758014  0.0533510214  0.0709079771  0.0508906371  0.0589773535  0.0592064086  0.0582898112  0.0837256164  0.2109102324  0.3581495684
  0.2266022588  0.2336236617  0.3451399182  0.2621089797  0.2331135759  0.1760571378  0.1355111121  0.1170134898  0.1331284570  0.1304475708  0.1430247027  0.0826777147  0.0547949586  0.0601399634  0.0721465300  0.0601910383  0.0647270827  0.0725588665  0.0703137527  0.0736915782  0.0824752870  0.0669598497  0.0623586731  0.0761699120  0.1433959719  0.1357423079  0.2458853974  0.4121925865  0.1975073405  0.2059804084  0.2127997538  0.2740807200  0.3305920434  0.3550902514  0.3866482449  0.2486166244  0.2711046844  0.2529940910  0.4121086056  0.5182962859  0.4615591767  0.5056931421  0.4276444674  0.5296474804  0.4913153134  0.6857164932  0.8401249525  1.0269763328  0.6054833345  0.4197545697  0.2277843653  0.2578482067  0.3172006565  0.6534017851  0.9486037348  0.8214677233  0.8199056835  1.0260842287  1.2841601814  1.4947819191  1.1330681964  1.3368172502  0.7441224144  1.1735939630  1.9293263667  1.7305819323  2.9153529621  4.8352481555  4.6164055926  5.4393107556  7.1011759158  11.8322942823  13.9474088677  15.3646420561  11.7661138540  6.7415950710  6.8039837633  7.1373261402  7.3635983863  3.3369690613  4.3154903875  4.9899461689  4.3355675305  3.4054696921  2.4619616295  1.7114807833  1.5333341227  2.3199463984  2.7787815291  1.7400914970  1.6647661333  1.7477806174  3.0798699124  3.4011174257  2.0615381717  1.9943541807  3.1056522506  3.9292847184  1.7004522417  0.9166777617  1.0924413842  0.5867509814  0.7283051625  0.6331583297  0.2885149764  0.3953108395  0.4797186645  0.4461419421  0.4716353681  0.4696803265  0.3549550901  0.3517885466  0.2487484577  0.4022184246  0.4414796384  0.2958268221  0.3827298876  0.3890583392  0.3568241550  0.5374785432  0.5759633374  0.6533165259  1.3566919480  0.7089702906  0.7036709120  0.6226793987  0.6322972775  1.1937666663  1.1935579479  1.2610794374  1.1770263371  0.9903355936  0.7643020087  0.8677613258  1.2956376114  1.3782479368  1.9261813503  1.1357150360  2.3688335664  4.6831032514  2.8281881074  2.9616215586  2.1311270496  2.3741410431  1.7172229625  0.9587773995  0.7381188952  0.6699453377  0.8479489977  0.7667858927  0.5069310234  0.4779630706  0.3760680379  0.2735305210  0.1862427194  0.2762099492  0.6211668774  0.5493410596  0.6020152376  0.5973500866  0.4018479464  0.5536003867  0.3125053332  0.3644685430  0.2685609235  0.2124667199  0.1725854202  0.1193190906  0.0932481036  0.1348198218  0.1047808769  0.0864016147  0.1155075323  0.0957487029  0.0833644978  0.0475086594  0.0818957377  0.0552447435  0.0531501220  0.0522589301  0.0417642544  0.0337983012  0.0266348848  0.0222701760  0.0134572950  0.0121444201  0.0227163462  0.0321524269  0.0374569290  0.0313779912  0.0267286631  0.0312360557  0.0413244889  0.0525907891  0.0397034264  0.0556720469  0.0469567208  0.0699639863  0.1109714218  0.2380236579  0.2310406517
  0.2443208668  0.2936347767  0.2910598793  0.2860393063  0.2290334930  0.1615968474  0.1296071537  0.1016212285  0.1267509967  0.1281168295  0.1075386144  0.1163418482  0.0989049658  0.0932287441  0.0864232923  0.1190073371  0.1155053552  0.0686012151  0.0625074779  0.0596678500  0.0916257385  0.0800332285  0.0800426659  0.0891161132  0.1216090662  0.2143924480  0.5791035154  0.3946267131  0.3089535315  0.2024729486  0.1868307297  0.3186511552  0.5256321297  0.3861050208  0.3646224617  0.4491016360  0.3410116679  0.3880640988  0.4254911167  0.5261840833  0.4625072798  0.4899343886  0.4782501356  0.3701840114  0.5144615817  0.5924352795  0.7843778060  0.4912158229  0.4597877019  0.2824873167  0.2329909172  0.2756104589  0.5330013309  0.9664394390  0.9879761742  0.9516266920  1.5129098113  1.1646567961  1.2093986124  0.9689471428  1.2688005308  1.2021389839  1.3551991171  2.1086437323  1.5087755183  1.8992152356  4.5395604122  5.9000181591  6.3270357238  6.8575190222  9.0315842070  13.2307885724  10.4681171073  8.7234319218  6.5575835613  4.4354106616  6.5024219860  5.3496089278  4.4596484625  5.6892058507  5.2163724965  5.0120628368  3.8369934988  2.2162886468  1.7712065455  1.8065522804  2.1620261635  2.2804075635  2.0474468061  3.8501017044  4.4397336822  4.1665264550  2.5883052015  1.9791520632  1.4877627458  1.3738119137  2.3492837736  2.5157723061  1.2555724593  1.2772546550  0.6647629400  0.7492144762  0.7119610059  0.3718261451  0.3615387821  0.4404869241  0.4739155732  0.5372059877  0.3626625492  0.4095919051  0.4215964251  0.3100688949  0.5456934801  0.5075465801  0.3113474246  0.3157327872  0.2661985034  0.4438896862  0.4293706378  0.5134701759  0.4847995610  0.8736086688  0.9608534221  0.8616022077  0.5999283028  0.7660987513  0.7673622327  0.7601858942  0.9726970563  0.8330354593  0.5711660929  0.6419553788  0.9174774848  1.1637083225  1.9420673344  2.2384535679  1.6070989783  2.7155546088  4.9198347621  3.0599631494  2.4115880594  2.4015145148  1.9241455530  1.8153286058  1.3224406978  0.9951021875  0.7417784623  0.7103384271  0.7913125630  0.6183784831  0.4580371189  0.3327784081  0.3557253361  0.3105477428  0.3756978088  0.7750377430  0.8810808440  0.8630561190  0.6010148235  0.5393564479  0.4147494347  0.3548899321  0.2330951780  0.1885348068  0.1448403127  0.1278239256  0.1496459651  0.1772804276  0.1385120784  0.0663305357  0.0656567169  0.0673113204  0.0816577268  0.0600412956  0.0325763990  0.0485444927  0.0636208759  0.0366295491  0.0347170495  0.0259166356  0.0188853246  0.0149240788  0.0075027233  0.0064859152  0.0096436150  0.0167447549  0.0164582092  0.0231959710  0.0183636584  0.0183053843  0.0286205668  0.0322752601  0.0532827772  0.0329778330  0.0323972584  0.0405647245  0.0455413617  0.0783933704  0.1505936243  0.1480848539  0.1736829757
  0.2672978364  0.2663739652  0.1714582173  0.1986327318  0.1651384723  0.1525723238  0.1147222436  0.1146311883  0.1030929445  0.1603011596  0.1786447117  0.1967518166  0.1820954256  0.1627313229  0.1805838840  0.1360508768  0.1010274967  0.0861881159  0.0731331040  0.1072028239  0.1122294747  0.1055858751  0.1150320293  0.1336760743  0.2030553152  0.5151413518  0.5557645843  0.3656973325  0.2311202375  0.2447773822  0.3602456905  0.3845138812  0.2697570428  0.4677710825  0.5965524316  0.4698517809  0.4992539566  0.4541266837  0.4552433520  0.4023700977  0.5337046155  0.4719402361  0.5103259920  0.4882424023  0.4105525897  0.6990274559  0.5863399845  0.3503455607  0.3536597572  0.3451289701  0.3806579902  0.6667384401  1.3603417420  1.3594435159  1.1026619074  1.5580246402  0.9689946046  1.1910450722  0.7016443395  0.8075203973  1.1903571259  1.8241249929  1.4846989526  0.9853801290  1.5750717224  1.9944153395  3.3242771085  5.2720441830  4.7696617776  6.8716296933  10.7741012084  8.0575659567  6.1450667491  6.9807016756  4.7386593101  5.4476388229  4.4598399920  4.2583354136  5.7865416353  5.5450705006  5.0093933918  3.4948963294  2.8938456285  1.7087440922  1.1041413558  1.2435394266  1.6747272113  3.0020709178  4.0370001055  3.0381525530  2.8551312662  2.3859481600  1.8101917442  1.1898686556  1.2460168581  1.3391955160  1.6307735446  2.5920123227  1.7152131536  0.9504387518  1.0497082796  0.7645052796  0.6328887322  0.5407208874  0.5304091434  0.5017707130  0.4832271590  0.4079798866  0.4662943874  0.7040225508  0.5519454373  0.7760009561  0.6149597695  0.4627739317  0.2873470323  0.2106540565  0.2669263314  0.2645354080  0.3209776880  0.4183818214  0.7284987871  0.8666145823  1.1938668442  0.6948334764  0.8707473032  0.7573064784  0.6434518428  0.8188955960  0.9692004265  0.5254038287  0.6496138611  0.8263990338  1.0198629412  1.5046331809  2.7069953211  2.4739181678  1.9346818805  2.2400745914  2.5568712305  1.8094962794  1.7713719603  1.4934222207  1.2471692908  1.4738181456  1.0112834756  0.5946941636  0.6014434192  0.5978187513  0.3893555459  0.4945405264  0.2958661047  0.2468599839  0.3123376768  0.3680833557  0.6243992962  1.0981919146  0.7795950427  0.5573915342  0.4349295243  0.3036367230  0.2379152556  0.1395352316  0.1084811738  0.0692071071  0.0748580578  0.1110259006  0.1510334487  0.1536509262  0.1186299382  0.0957986291  0.1095331554  0.0718233497  0.0428717670  0.0419846306  0.0379173213  0.0316393622  0.0155714903  0.0160665838  0.0150067438  0.0157503332  0.0099673578  0.0063413764  0.0043639868  0.0080098578  0.0109644436  0.0094009537  0.0098252843  0.0130077833  0.0106833358  0.0201686711  0.0257521388  0.0341948185  0.0412530330  0.0493472890  0.0482367603  0.0457941427  0.0808619991  0.1840948809  0.1923574571  0.1742372846  0.2108033658
  0.2468318517  0.2463436926  0.2479629373  0.1922182789  0.1960394414  0.1987951375  0.2256373641  0.1482818166  0.2458410932  0.2854992766  0.1750811230  0.1959796688  0.2607547976  0.1664079969  0.2002527577  0.1382177357  0.1573072216  0.1383363620  0.1229516186  0.1284139930  0.1463530049  0.2185224390  0.2433553184  0.3795329276  0.6879811119  0.6044132638  0.3966396638  0.1927437387  0.1615556755  0.3037026675  0.5120236169  0.4918072487  0.5429661967  0.7779301864  0.6216673927  0.4503792219  0.4129625466  0.4930142493  0.4553741200  0.5883829177  0.6630266690  0.3882703612  0.3473809387  0.5540307437  0.4737707073  0.3586127521  0.4096453395  0.5590470343  0.5716027280  0.4811725838  0.6811213861  1.1738074850  1.1894334991  1.0584129323  0.9643168671  0.7999227993  0.8615232521  0.4838613416  0.4554884027  0.8819893445  1.0910772913  1.0645693383  1.0504063457  1.3080534528  1.6428265681  3.0561542017  4.6451260312  3.6469792486  4.0003074079  7.5724399941  7.0674815591  5.0810201194  4.3468877954  3.7527473890  3.9794392264  4.5076531407  4.2627298313  3.2714840699  3.4189532184  3.3082156904  3.0940490652  2.2838575812  1.6736613744  0.7708817092  1.0526996375  2.2833956632  3.2015318285  2.2221390921  2.0674037320  1.8929628036  1.8586286692  1.3450206371  1.4092692471  1.2259562103  1.4680697683  1.4172538405  2.0289164113  1.0173344787  0.7361536791  1.6508298259  1.4245958028  1.1466698101  0.9279665882  0.8722046656  0.6723765200  0.5998260811  0.7759698554  0.8164616847  0.5595948200  0.5127677936  0.7106976521  0.9246817932  0.6074913641  0.3544621059  0.1592485639  0.1180509616  0.1548860813  0.1738421024  0.2834112306  0.3502073797  0.5960928985  1.2834873068  0.8346374877  0.9229177011  0.8552736855  1.0969581954  1.0201210670  0.6741585542  0.6197696064  0.6779436368  0.7429091078  0.9657055201  1.5461581181  2.8208056005  3.0766657399  3.3504960303  1.6132106096  1.9354185988  2.4379319879  1.9745345765  2.6405311196  1.1996951135  0.8899639236  0.8924631981  0.6036777380  0.4444890575  0.3752962874  0.3777920879  0.3577724987  0.3702081860  0.3222949957  0.3283017830  0.2848575772  0.5061307495  0.7529716991  0.5642666351  0.4918837024  0.4460274973  0.2518990259  0.1253567840  0.0735002298  0.0642044349  0.0787089549  0.0403409570  0.0949204114  0.1360481772  0.1854714256  0.1418486262  0.1370715725  0.1147432525  0.0683449684  0.0398254425  0.0284633019  0.0187708192  0.0136712282  0.0146346680  0.0129531900  0.0151412889  0.0168853776  0.0127652279  0.0098159651  0.0067470972  0.0127096755  0.0156272956  0.0159850594  0.0139840527  0.0115650260  0.0106508677  0.0239447410  0.0282568393  0.0353027466  0.0528109728  0.0486725001  0.0620421073  0.0920650522  0.0941225904  0.1481599078  0.2191808621  0.1863037435  0.2349249936  0.2448404593
  0.2399258546  0.2527009553  0.2839246265  0.3546689661  0.2716062636  0.2777193038  0.2093686017  0.2903004769  0.4977501522  0.3547079049  0.2843690819  0.2885204314  0.2752725784  0.3868633239  0.2537084487  0.3259001381  0.3054094827  0.1835305646  0.1658855366  0.2236947724  0.2512161264  0.2960377919  0.3961031459  0.5963799169  0.4577091616  0.3587635336  0.1658412586  0.2544377678  0.4056854021  0.4936896526  0.4287186956  0.5646637259  0.6496958363  0.3745871530  0.4636450097  0.7343600931  0.5967755341  0.5692398439  0.4571436537  0.2780171300  0.2948260711  0.3433473935  0.4545389436  0.5321258568  0.4215472691  0.4327084805  0.5515609736  0.4186532005  0.3821642144  0.4615244922  0.5276056819  0.6435142016  0.6764915981  0.6216784841  0.5062958516  0.4160624271  0.4942857581  0.5780374252  0.9090438998  0.9696544198  0.8856874285  1.2908683379  1.7696094393  2.4523449050  3.5602711858  3.3892881272  4.8205629491  7.1863887484  7.4200735368  6.0337187010  4.0931244757  4.1354356205  3.2703172406  3.9974808415  4.0908800853  2.7225129874  2.0762059865  2.2752633873  2.3101856378  1.6691812503  1.2107927040  1.2882405636  0.6607907983  0.9019879725  2.1599664485  2.9345039087  2.8373442101  1.8737971661  2.1240064966  1.0417001142  1.5158195280  1.2656770444  1.1516324093  1.6943437715  1.3832017456  1.0490244813  0.6663752845  0.8158147412  1.2040605783  1.2686907814  1.2570546456  0.9317663065  0.7669836283  1.0937659624  0.8690457018  0.5312242498  0.4248809360  0.3991845937  0.6001032618  0.6583870358  0.5725715412  0.5522562890  0.3489716645  0.1338397313  0.0995545758  0.0750357195  0.1059446658  0.1630204542  0.2749057321  0.4700196666  0.6324808421  0.6907894369  0.9250890330  0.8619344341  0.7496910483  0.6294305301  0.7283668075  0.6701694421  0.8201047293  0.8313205737  1.0602507171  2.0092605807  1.7937647071  4.2685594159  3.8406171644  3.3075658884  2.4189499891  2.6911580097  1.7750903147  2.7990311028  1.4847955655  0.9025137094  0.8739334882  0.7747769000  0.4994879483  0.6907454689  0.5873871827  0.6703518171  0.4662229030  0.3206094750  0.2482324594  0.2447732153  0.3491334192  0.5608153526  0.5649458766  0.5539887736  0.3073523983  0.1814285220  0.1262206147  0.0673521168  0.0769086987  0.0819814250  0.0580111628  0.0616584404  0.1145416747  0.1325626034  0.1114672528  0.1137579567  0.0918094534  0.0761196454  0.0426851934  0.0185497257  0.0116487654  0.0094667517  0.0134224043  0.0134478423  0.0191410925  0.0175462499  0.0147536020  0.0145318728  0.0146905031  0.0166342417  0.0150538451  0.0147022571  0.0157778854  0.0173992662  0.0140611316  0.0246109742  0.0309299582  0.0295334405  0.0295225553  0.0514365818  0.0579571268  0.0714906677  0.0857431795  0.1124650069  0.1794905906  0.2204039211  0.2920752575  0.2820395599  0.2762807505
  0.2783758328  0.3762893429  0.3695470770  0.3086674798  0.3030144427  0.2833161170  0.3365209160  0.5850326725  0.5371431512  0.4653597381  0.5674978810  0.4085878169  0.4615318561  0.3940231649  0.3462598228  0.3288730790  0.2381269602  0.3096438646  0.2396208642  0.2844475226  0.3129371546  0.5786506524  0.8601795178  0.7473850671  0.5961141881  0.3701978217  0.3334855046  0.3686675187  0.2998721675  0.2793044529  0.2364448022  0.2895178581  0.2737959775  0.4269968470  0.6491260555  0.9156218626  0.6153918887  0.3059903554  0.3149861502  0.5349591658  0.5381854713  0.4475536695  0.6718598652  0.5588367561  0.5994482714  0.5668951817  0.3474951312  0.3355801260  0.3921263984  0.2759358622  0.3943353739  0.5358000238  0.4367727760  0.4626556777  0.2671603365  0.4866571025  0.7675155811  1.1603157729  0.9667985972  1.3381605956  1.6432066701  2.0305195794  2.2956829873  4.0632122168  4.2131383943  4.4164393882  9.4739440207  6.7513938847  4.2393142809  3.6651768143  3.7647551794  3.4617783575  5.8938333364  2.9987506186  2.5126598756  2.5156888710  1.7912313697  1.5403316180  1.0140782465  0.6535845457  0.8256406754  1.2968967727  1.3191550069  2.3003171665  3.2886900452  3.2833891270  2.9677393819  2.0175907755  1.0504243764  1.1513790989  1.1277048713  1.3626153482  1.3349763494  1.0561516288  0.7839154395  1.0844740341  1.1998285926  1.1842019453  0.5759371592  0.6827682880  0.5952252598  0.5853213161  0.9294471153  0.9230559495  0.5430792821  0.3257473663  0.4022440421  0.2816915558  0.5239108974  0.3949567816  0.3640148995  0.2906247967  0.1891221088  0.1088400133  0.0628609184  0.0981951299  0.2012664530  0.3366184543  0.5294317863  0.5542475212  0.4701236519  0.7981313553  0.6008718573  0.5768801997  0.4326320975  0.5505382195  0.8736725636  0.9258180157  1.5460909075  1.3810875140  2.5414413200  2.6387717646  3.5790782854  4.5597799641  5.0079824749  4.2427653437  3.5276468598  2.7705928945  2.3239206544  1.5275006638  1.1751778225  0.7491615767  0.7312088377  0.5596219040  0.3994778564  0.4536958820  0.3538719012  0.4522448953  0.2450243128  0.1799547004  0.1630541145  0.2426392752  0.3586491106  0.4215120662  0.4350122010  0.2801449216  0.1976733838  0.1608905248  0.0851499002  0.0731780755  0.0681489418  0.0376359783  0.0414297771  0.0476391792  0.0490597775  0.0818567580  0.0752411441  0.1049729901  0.0622927792  0.0456417333  0.0194116714  0.0159593714  0.0120156049  0.0165549246  0.0197255646  0.0414326920  0.0204468967  0.0216444941  0.0142947165  0.0136638291  0.0137247882  0.0142569769  0.0113792474  0.0174994043  0.0209414114  0.0182694972  0.0173611167  0.0215822619  0.0218659085  0.0402474082  0.0764997244  0.0819860203  0.0686989864  0.0998247588  0.1133122075  0.1661181700  0.1696577221  0.2737659828  0.2016130098  0.2401373180  0.2708214416
  0.3767730489  0.5457089999  0.5382874115  0.6123739248  0.4876203672  0.4058460128  0.5646683872  0.5909254646  0.3884726332  0.3932827906  0.5560892635  0.4892466093  0.4845786081  0.5190860496  0.3337862783  0.2114254722  0.3417931391  0.3285169222  0.3547446401  0.3307928537  0.5339345257  0.8950507517  1.2512679961  1.0881266522  0.6321765539  0.4090160195  0.3583280798  0.2549774320  0.3043671876  0.2383432959  0.2078441046  0.2552695559  0.5428587923  0.6543773004  1.0311768951  0.7869576994  0.5700292202  0.4612859092  0.4503008288  0.4078955962  0.5469486523  0.6712292759  0.5535729422  0.4046408442  0.3841108605  0.2396795088  0.2795434694  0.2630321680  0.2684080209  0.3106533061  0.3755698080  0.3937386856  0.4357181971  0.3786459921  0.5151515689  1.0960227657  1.8256073258  1.5077393250  1.8184740664  2.1271804208  3.1496666438  3.1604951599  5.2703984648  6.6843302121  7.5320414669  8.5500386808  11.4450907699  5.2003112148  5.0715641584  5.5974561407  5.5744232357  4.5415184083  2.5487369977  1.8014506444  2.5332925734  2.1042884968  1.4379087638  0.9300574803  0.9241826702  1.0600218095  1.9349661709  2.2777435080  3.0862401399  3.9558035620  3.3705121883  1.9036189563  1.5726855222  1.6511806854  1.3726259063  1.2179918171  1.3685902525  1.5445919773  1.6826692954  1.8162620401  1.5373235236  0.8713052658  0.7824205292  0.4705847641  0.4600527127  0.5375774017  0.6428021868  0.6839982542  0.5194440007  0.2832059811  0.2553315452  0.2823707303  0.2683417594  0.3833966450  0.6834313295  0.4736074936  0.2592254588  0.2548858936  0.1361288115  0.1299250941  0.1826612768  0.2745390954  0.3080519555  0.3226412732  0.4287212964  0.3947866085  0.3721850001  0.3177039387  0.5694088682  0.6817576923  0.8235730644  0.7775024468  1.5486722674  1.6647878601  2.1881201331  1.4980580119  2.0318909689  3.4777355462  3.7114639418  5.6506490916  3.7580789722  4.4022103832  3.6855801244  2.0791920851  1.4669225271  0.9270077963  0.8403239866  0.9391976067  0.5100929479  0.2969887895  0.3208220910  0.3842352626  0.4230774983  0.3329771070  0.2714595931  0.2485140090  0.2330413485  0.3946651350  0.5123341383  0.4853225958  0.3320659047  0.2101028555  0.1444772678  0.0967553300  0.0699007563  0.0573812470  0.0398666666  0.0291391483  0.0265815589  0.0463199834  0.0475389132  0.0611234466  0.0751617372  0.0413059667  0.0277976107  0.0231271624  0.0141130683  0.0178367838  0.0328273389  0.0333908209  0.0440459140  0.0310613903  0.0327748347  0.0194379073  0.0125621058  0.0131551878  0.0171244095  0.0157852188  0.0244609877  0.0203045507  0.0158035117  0.0165000236  0.0158172994  0.0225157815  0.0436824072  0.1187955453  0.1449454795  0.1567450144  0.1292382451  0.1294415712  0.1487043257  0.1495126242  0.1930540420  0.1359651074  0.1733717026  0.2324939868  0.4469243684
  0.4918923412  0.4973408490  0.8478516464  0.7949054940  0.4083778092  0.5302721262  0.5271163741  0.3262538914  0.4448039606  0.5828162457  0.7149047405  0.5110340954  0.4708323036  0.4193289359  0.3219757807  0.3415353712  0.2876916129  0.3813572233  0.3822141168  0.6099212933  0.9168702554  1.0949625845  1.0903802269  0.5744615405  0.4011728744  0.2733092794  0.2719947841  0.2809178632  0.2746609990  0.1385686938  0.1325997068  0.4601667367  0.6020598629  0.6681619979  0.8218039504  0.8032530501  0.4563865459  0.3185134879  0.3777947336  0.5877597532  0.9372721261  0.7077191679  0.3528093567  0.2483435146  0.1655865269  0.1827633444  0.2137308933  0.2426590793  0.2871136257  0.3838641487  0.4483379838  0.4206539164  0.4675086524  0.7548664114  0.8078332808  1.5801748769  1.9532976708  2.4784787618  2.5263083415  3.0183316653  3.1708454198  4.0444615911  6.8766577570  9.1273710933  7.7075151425  9.5371228751  7.5895615512  5.3602047127  6.4755986337  5.3062008412  3.0781099766  2.1599072570  1.4598961574  2.2092150369  1.6918206559  1.7244535670  1.0749126689  0.8770009230  1.1427079779  2.4337844508  3.6853065001  5.0043226189  4.5919277912  2.5640198772  1.4964138574  2.2082029644  2.3912385680  2.4173404885  2.3398134320  2.8218243615  2.4590407628  2.7021317921  2.9049755140  1.9521328988  0.9856507029  0.6818632992  0.7087485533  0.4701509739  0.4312164192  0.5350028639  0.6057282003  0.5549510735  0.3322124348  0.2377303210  0.3055864661  0.3873922590  0.5183682587  0.9352712888  0.5776996215  0.3431401658  0.3413416535  0.1680538468  0.2631887842  0.3211542246  0.3205039444  0.5313305229  0.3533590858  0.3058677779  0.3902754783  0.3377301306  0.4684609360  0.8726005513  0.9679880418  0.6357041371  0.8370242482  1.1066591434  1.9007925484  1.8215639630  1.5861585337  2.3491392711  4.0431240475  3.9335349865  4.5507986845  3.5917683508  3.8563040589  2.6385968293  2.0324551918  1.0669264836  0.5389611549  0.6585907386  0.6241682499  0.5233734273  0.3386080385  0.3708722050  0.3258842924  0.5388309456  0.5365905604  0.4079153918  0.3559341457  0.5756858039  0.5238139181  0.7075737261  0.3734230202  0.3177267382  0.1525333526  0.1343233469  0.1799965655  0.1294060791  0.0981222078  0.0656147409  0.0589954216  0.0438285646  0.0390839080  0.0312393165  0.0453127043  0.0421249300  0.0401224944  0.0348221034  0.0258113439  0.0258029842  0.0355512617  0.0387723266  0.0332608139  0.0437808270  0.0534619461  0.0374674109  0.0241091276  0.0182641157  0.0158101105  0.0231947649  0.0303959005  0.0250006654  0.0147373412  0.0134785702  0.0144947269  0.0318093942  0.0393921641  0.0473966647  0.1105872022  0.1986636701  0.2341463931  0.1493431342  0.1267657724  0.1485135174  0.2089882336  0.1372899712  0.0923650037  0.1315286082  0.2401086806  0.3019174922  0.2683378681
  0.4542569133  0.8886213292  0.7118235325  0.4435149313  0.4815915286  0.6793390175  0.4130939826  0.3820170175  0.6606445928  1.1066983806  0.5812199261  0.3139199007  0.4522472200  0.3760888450  0.3386161324  0.3448022841  0.4139472700  0.3973522836  0.4602111632  0.5333274437  0.8312243580  0.9453299224  0.6507351963  0.3958440603  0.1863353684  0.1712716095  0.2174213858  0.1816370837  0.1178639741  0.1537469460  0.3316561244  0.5362737544  0.3828748279  0.6148234681  0.4107810022  0.2303765373  0.2012130563  0.3656525077  0.6177301492  0.7188776536  0.3936288095  0.2219880213  0.1793263374  0.1833703082  0.1663436105  0.2114546049  0.3109607721  0.3869580046  0.4982638824  0.4776613304  0.4124886028  0.5405444365  0.9767381388  0.9740399534  1.5770295870  2.2019451004  2.6138827659  1.8591304135  2.3577592134  3.7548062667  3.6798506789  3.7648255947  5.5295108036  5.9778062593  9.2127216902  5.8204303540  6.0156389655  5.3332264524  3.4134754654  1.8497628392  1.3740155866  1.3397234029  2.0387271673  1.5773051668  1.1385389161  0.9262483381  0.6368004701  0.5871040993  1.1123926413  2.0666181954  3.6104366402  3.5957135488  3.3879942272  2.3342886518  2.9549935472  4.2495685967  2.7583176332  4.1902477024  5.8646700394  2.9276684495  2.2440609924  2.3934670095  1.4035278502  0.7183995892  0.6634146366  0.6633324213  0.5988787398  0.6144248486  0.4487412331  0.4607952801  0.4637587098  0.3362761382  0.2725222539  0.3670759502  0.2427995633  0.3229829666  0.6099857137  0.6871000345  0.4780681821  0.3466696743  0.3144009302  0.3335731722  0.3747473972  0.5411820318  0.6559655697  0.5252272371  0.4830250830  0.3688928157  0.7151132677  1.0094589426  1.1673173756  1.3248483265  1.0627240894  1.4980744943  1.3689225204  1.1894230962  1.3444077900  1.1751240793  1.5371416040  3.3566927550  4.5786066627  4.5875616526  2.6023993514  2.3341667902  1.7154320704  1.3217424967  0.8031764712  0.5913311738  0.6130854128  0.6078830461  0.4437690899  0.5342931708  0.4374931822  0.4544159170  0.6814911122  0.9519548476  0.6720278161  0.6870156935  0.7970711276  1.3017783962  0.9929737913  0.3782315318  0.1880618325  0.2018225361  0.2230008127  0.2406972341  0.2267911187  0.1400942304  0.1289781111  0.0996093022  0.0431568791  0.0417972830  0.0389636986  0.0346850387  0.0363849633  0.0458372359  0.0399531643  0.0398102667  0.0428069164  0.0425195519  0.0270340595  0.0308111284  0.0541655187  0.0594900268  0.0658584199  0.0378745240  0.0256811294  0.0282567399  0.0342706376  0.0515783588  0.0431924089  0.0217099485  0.0158049871  0.0128343405  0.0310073451  0.0444453878  0.0557765118  0.1072944638  0.1690579536  0.1693070828  0.1423636589  0.1324439329  0.0834132781  0.1380218950  0.0645240205  0.0612612678  0.1161318430  0.1333370076  0.1749284259  0.2490196447  0.2980760455
  0.4146048624  0.4044198737  0.3069034544  0.2845785180  0.3257669698  0.3931641278  0.3279048449  0.6033603640  0.6622330288  0.5179786933  0.4013316240  0.6707268986  0.7206190816  0.5591338179  0.5963449032  0.7054211870  0.6529901060  0.4801692697  0.4756818095  0.5512678429  1.0477839620  0.8895158095  0.3640018931  0.1433851246  0.1789924901  0.2133619486  0.1976627303  0.1631154559  0.2884831319  0.3381853107  0.3565038583  0.5500667136  0.7678543344  0.5399439529  0.2522874310  0.2065915565  0.1574787967  0.3031282176  0.4201317919  0.3044985135  0.1845469502  0.1755781200  0.1758571500  0.2313448376  0.2965015875  0.3732849125  0.4161832311  0.7212200791  0.7208803601  0.5912397933  0.5770771923  0.9880839011  0.9228858279  1.1172827265  1.6209821729  2.2210657003  2.2356376365  3.5789060977  4.1723523220  4.3858764412  4.2476665161  3.4953772916  5.0783171174  5.4569781462  4.0153111747  2.5067288933  2.1917510536  2.6266138225  3.0932031842  2.4003071363  1.1632355957  1.2091644300  1.5333400484  1.0173813849  0.6441339374  0.4748176676  0.5479884628  0.9738231912  1.9061105085  2.3533155057  2.0449833371  1.8005567701  2.2134848416  3.0806783274  3.1798983859  3.1765997722  3.7176555048  2.7129719394  1.8602523770  1.7796889943  1.3498258364  0.9740922779  0.7072445786  0.5143387759  0.5373235299  0.5475193555  0.5768733005  0.6237192184  0.4268226073  0.3092881338  0.2716303451  0.2702459054  0.2494487955  0.2045247112  0.3284398695  0.5758641371  0.6216713346  0.3459572890  0.2419708692  0.3086268290  0.2543981403  0.4051472899  0.2941051421  0.2721653774  0.4475796456  0.3879162884  0.5251117844  0.9904593567  0.8379020040  1.0751634716  1.3689414129  1.0904463338  1.4107419028  1.1461058922  0.9269944042  1.0569168392  1.0630007562  1.0898391493  1.7390687986  2.3924776729  2.5737892564  2.1747209174  1.7130914983  1.4331557457  0.9435710493  0.6422424822  0.3943128352  0.7360675637  0.5172749054  0.4863922390  0.5746121127  0.5318367076  0.6102972320  1.0057307990  1.5559223062  1.3950475086  0.8614253282  0.9189743798  1.7022247379  0.8186450228  0.4535629723  0.2337134556  0.1774827855  0.1714951313  0.1827594662  0.2397507184  0.1704633414  0.1652123354  0.1040190332  0.0670880447  0.0607293000  0.0463580766  0.0540660828  0.0432731400  0.0389410524  0.0410054729  0.0586852694  0.0453999332  0.0542881478  0.0273842411  0.0298019815  0.0452992886  0.0663984796  0.0855373806  0.0713067885  0.0665007130  0.0363022811  0.0384821968  0.0579149784  0.0677295609  0.0306025356  0.0161321859  0.0162474234  0.0240681775  0.0375765899  0.0762997290  0.0967679060  0.1109614923  0.1275884308  0.1146844964  0.0908764444  0.0655209103  0.0529492457  0.0562236679  0.0516141056  0.0702974946  0.0891251730  0.0884926979  0.1247761992  0.1204780128  0.1418068121
  0.2263047293  0.2263288006  0.2156936920  0.2140151735  0.2439467754  0.3495160589  0.6072318017  0.5873691466  0.9907363466  0.8915910049  0.8301158881  0.8837982293  0.8820552012  1.1720118404  1.0452278927  1.1355501525  0.6953946578  0.6107500396  0.9165991177  0.7570707487  0.4239069888  0.2647560690  0.2050127642  0.1438653751  0.1575028459  0.2193198123  0.1905348117  0.2575445625  0.2770979130  0.4827167992  0.4535966311  0.5857313489  0.4946758449  0.3523177931  0.3352055005  0.1873796794  0.2497177609  0.4323422922  0.2609898583  0.2254644684  0.2327394527  0.1753757840  0.3416126834  0.4571968802  0.6055102467  0.6018412752  0.5484788891  0.5863332869  0.6215319129  0.5647848813  0.8176872781  0.6362945741  0.6413336245  0.7133593887  1.0272566604  1.2660043937  2.1886660459  2.5559310610  2.4859843029  3.3285357024  3.8583590828  2.8059982903  3.3284783336  2.8473213964  2.2089572763  2.7151947314  1.9413029507  2.5783797347  2.2835858037  1.3433970496  1.7458606656  1.9730785156  1.2239082656  0.7362778095  0.5489518471  0.7460608769  1.2007735466  1.0922031747  0.9992643301  1.2759930979  1.8136475335  1.8060621883  2.2829957865  2.2254267672  2.3793356244  2.7915979863  2.1666177871  1.2507715426  1.6116734952  1.3171710488  1.1817789359  0.6348583494  0.4244654432  0.6349218586  0.8720189656  0.7120522984  0.7405615326  0.6170779648  0.4104218890  0.2271366644  0.1593804324  0.2382706547  0.2892080065  0.3341905504  0.5991984008  0.5354133035  0.2340459573  0.1606477868  0.1823284220  0.2392047172  0.3256881585  0.2691403465  0.2067494995  0.5119625542  0.4733092844  0.7341320583  1.4577591792  1.1361090953  0.7461875885  1.2285323227  1.3705361731  1.5446817413  1.5466646894  1.1779428858  1.1413432877  1.6988480485  1.1540632779  1.1438013336  1.4415715761  1.2625502606  1.2745057440  1.3509687202  1.3558218950  0.7605566799  0.7564001326  0.5478828890  0.6188113311  0.6044542150  0.3306989398  0.2844121702  0.4489822869  0.7518161121  1.1231700854  1.8088089692  1.7404060022  1.4166695718  1.2490578469  1.0803583796  0.4973895015  0.3192536794  0.2929946505  0.3672470185  0.3341075608  0.3689384839  0.3343739925  0.2567025936  0.1430649539  0.0985015185  0.0598584896  0.0552057564  0.0605723954  0.0603505934  0.0698306281  0.0530142445  0.0557767178  0.0428201473  0.0341273713  0.0451295388  0.0264951870  0.0401160455  0.0683706726  0.0675397063  0.0473220090  0.0534158568  0.0632139264  0.0452964519  0.0348794950  0.0545153207  0.0563186351  0.0307737091  0.0305574439  0.0397743167  0.0330272772  0.0397752339  0.0455659446  0.0545095487  0.0549108879  0.0748387147  0.0766918044  0.0472302251  0.0439477557  0.0482319457  0.0440327956  0.0367568799  0.0589318171  0.0795622199  0.0549081157  0.0713756945  0.1221066426  0.1099452085  0.1824093473
  0.2386366194  0.2144077005  0.2345129604  0.2688805378  0.3865893487  0.6729575736  0.9439810048  0.7898873474  0.7337561028  0.6855404524  0.5542719338  0.7837240119  1.5710733474  1.1082922381  0.9631788757  0.6845099831  0.5842691571  0.8499765211  0.8267655115  0.3950799003  0.2443952515  0.1730875977  0.1390860121  0.1372754484  0.1480224417  0.1446440947  0.1949679438  0.2152835704  0.5280640922  0.3260346019  0.3787055861  0.2956534256  0.3275780244  0.2302222378  0.3002707797  0.2958837509  0.3187319153  0.3239897881  0.3245928224  0.3732306765  0.2525772357  0.3177814668  0.6067381278  0.8798657303  0.6379409506  0.5408207150  0.8086218313  0.8076167476  0.7082168294  0.6164074395  0.6498998414  0.7367488088  0.8399954776  1.1025631570  1.2986618626  2.5804175549  3.4775942793  1.7195261881  2.0081992928  2.5764811294  3.1071142432  3.0714388236  3.0235998913  3.2997449886  3.1320205935  1.7352548908  1.3570977193  1.8779574397  1.3702362297  2.3744481743  2.1997480851  1.6249974112  1.1039218458  0.9980708358  1.1083594504  1.0634395614  1.3828496549  1.0646061867  1.2467049555  1.5118609378  2.0097575408  2.1894285108  1.5030612935  1.9562059527  2.9202001365  3.7364150131  1.5620156556  1.3671827646  1.0280578256  0.9270299913  0.6348573039  0.5881398544  0.6864352121  0.7542350927  0.4879028789  0.6905477174  0.8012914349  0.4655370080  0.2755255501  0.1955467589  0.2547415653  0.2728105768  0.2980414232  0.7117852318  0.8547633478  0.4388375947  0.2232755422  0.1802527577  0.2804211441  0.4667833774  0.4322991392  0.3212997793  0.3513930942  0.5325148672  0.6303334552  1.3871921427  1.4289924057  0.9738955658  1.2090962336  1.4975432460  1.2852789725  1.1275857069  1.5537666598  1.3830136727  2.1570184439  1.0788584267  1.5581392806  2.4367631615  1.8225242168  1.0502807662  0.8853238549  0.7436420731  0.6242009997  0.5429632525  0.6640207994  0.6123304746  0.4600818895  0.2563974550  0.3200299558  0.5603768579  0.9589354696  1.5082062719  1.6725867071  1.3887985816  1.2386619740  1.1124752619  0.6098828863  0.3113860798  0.3206608306  0.2767531347  0.4565887987  0.3913355307  0.3991839984  0.3064233917  0.2100343329  0.1360787481  0.1051545151  0.0649482018  0.0542939727  0.0568779114  0.0394797623  0.0713875659  0.0548870386  0.0535393778  0.0456731788  0.0211453778  0.0263368043  0.0450163312  0.0789917354  0.0810016318  0.0703408184  0.0550405900  0.0446923765  0.0399634430  0.0418803441  0.0309431403  0.0417944713  0.0444771421  0.0323443287  0.0359692682  0.0348295681  0.0246721054  0.0373403836  0.0583343142  0.0555741390  0.0469735940  0.0654147692  0.0533926757  0.0616492250  0.0500641049  0.0475036944  0.0568510141  0.0467274626  0.0744872875  0.0983733467  0.0794897984  0.0792910725  0.0736607319  0.0833811707  0.1258648340  0.2197728845
  0.2205285340  0.3482818304  0.3674561581  0.3074323473  0.4780378810  0.8336229833  0.5159154608  0.3839684326  0.4806276700  0.5011562516  0.5412260909  0.7605498397  1.0185713788  0.8546748073  0.7820474201  0.6486552481  0.6970927095  0.7209635288  0.4289269958  0.2287961857  0.1433759823  0.0993946644  0.0754151594  0.1384064984  0.2277219640  0.2281557370  0.3791944707  0.4114774793  0.2881721276  0.2489329361  0.3781718462  0.3143113636  0.2133641051  0.2912758710  0.2664446079  0.2754474265  0.3897947269  0.4169969422  0.4014351445  0.3667002515  0.4297438220  0.6053000138  0.7576127965  0.4562679046  0.2845128584  0.6074117442  0.6910800161  0.7579791459  0.5814032036  0.5974177107  1.1912278123  0.8298121157  0.8117326597  0.9388201553  1.0905656579  1.7476358412  1.8265468737  1.8310462521  2.7372152339  3.4132288091  4.2294651434  3.8568548596  3.7006158735  2.4027733073  1.5360465975  1.9279801209  2.6667058539  1.9601463615  1.7984564353  1.5576491010  2.0297424170  1.3807778460  1.2801762445  1.3245894038  1.3546680715  2.0934425829  1.6275011309  1.0688562993  1.2419112891  1.6926220860  1.4934218228  1.5033139335  1.2622443022  1.9309242180  3.3312884254  2.5878930721  1.6271130855  0.8754009006  0.7686768998  0.8048333108  0.9704362014  1.0542419742  0.7729261432  0.6832637052  0.7930866518  1.0390497047  0.6503019036  0.4871408920  0.2842874017  0.2076944999  0.2468954430  0.3432162488  0.6005403388  0.6742503296  0.5003251442  0.3986897948  0.2683925399  0.2836821625  0.5105492249  0.6576380853  0.4556392769  0.3842185696  0.8010281939  1.0605044942  1.1153457882  1.1149014506  0.9475860354  1.0728065544  1.2342224285  1.0322873709  0.9499952590  1.4804380625  1.8296015167  1.3812879933  0.7828538653  1.2961149109  1.6231469198  1.7383588222  0.9850507954  0.8293606775  0.5539981742  0.4221826409  0.3369605131  0.3888460360  0.5171417553  0.5718467556  0.6401026190  0.7261875279  0.8837492113  0.9348389058  1.4630542049  1.3097648630  1.0927073005  1.0183584920  0.6711773841  0.5684357581  0.2299239914  0.2052248564  0.2917655580  0.2730405692  0.2183079927  0.2518261059  0.2649690762  0.1536590616  0.0927598201  0.1060324944  0.0815045190  0.0476808024  0.0424111620  0.0500576823  0.0511130321  0.0691718334  0.0502148736  0.0604312733  0.0258351510  0.0245822555  0.0575963820  0.0748081816  0.0468079977  0.0657601620  0.0552722611  0.0574546325  0.0319323047  0.0588478646  0.0425262529  0.0367325394  0.0405430746  0.0632193324  0.0745118418  0.0429131313  0.0389250611  0.0358616692  0.0277876652  0.0485971323  0.0603179401  0.0893447853  0.0643203347  0.0460673733  0.0582280586  0.0524077397  0.0773044820  0.0480398032  0.0588847749  0.0842936142  0.0744638038  0.0668573043  0.0492572765  0.0551166063  0.0793685392  0.0937178654  0.2268718482
  0.2943222524  0.3414243900  0.2986567114  0.4208759004  0.6204110569  0.4830785913  0.3291649954  0.3263973824  0.3647522399  0.3162255734  0.4326753549  0.5297379512  0.8801030917  0.9581997513  0.7984769187  0.5932987896  0.5831095484  0.4523768747  0.1422473308  0.0735014819  0.0896063014  0.0869180377  0.1484013172  0.2756377955  0.2468451835  0.2695564098  0.2164206800  0.2678927424  0.2535524283  0.3377454887  0.2527353204  0.2454904097  0.3100632603  0.3370531472  0.3241428523  0.3110501954  0.4780580718  0.4014452433  0.5752405521  0.4856457902  0.4982594174  0.7405459265  0.4777282429  0.2871391132  0.4120307896  0.6682221296  0.7879041072  0.7417088720  1.1015296958  1.8831358701  1.6356323230  1.6930344780  1.4045626287  0.9735737478  1.3025790732  1.6946841965  2.5452396809  1.9653702427  3.0116811128  2.4530232176  2.3259743927  2.5299161380  1.9662883982  1.8001027542  2.7582047835  3.8186387799  3.4505014804  2.9883612260  2.3310761245  2.4892757929  3.1012161656  1.9050984184  1.5604915994  2.0605634079  2.8690989562  2.4701109678  1.1259946660  0.9699711913  1.3490554388  1.7907880727  1.4883708634  1.0665381705  1.1816498129  1.8872130276  2.7500880762  1.7374474338  1.0030541061  0.5505038822  0.9776351936  0.9016811803  1.1226955459  1.1905459921  0.8836294385  0.8572678006  0.7421409992  0.5507341274  0.4311566388  0.2125238814  0.2125506763  0.2728518056  0.3773843178  0.2685651203  0.4053157906  0.3401498151  0.4947038803  0.4413698228  0.4331200698  0.4273679626  0.5163429502  0.5257821685  0.5623937703  1.0197860382  1.2018899931  1.3461900027  1.3813308590  1.4712650362  1.1583879724  0.8147221716  0.6010723474  0.5750297533  1.8515682633  1.6444217449  1.5171680626  0.9174191224  0.8203020947  1.4431885469  1.5653508374  0.7884583765  0.5809471110  0.5764158826  0.4061248355  0.2173203614  0.3067773060  0.4838145016  0.6406589471  1.5003352593  1.7728484775  1.4403450760  0.9838781108  1.1250464926  0.9797508984  0.8021247969  0.4631600291  0.4257143121  0.1768496005  0.1225668594  0.1467089552  0.2908462434  0.1721087761  0.2427819916  0.1795530685  0.1216414772  0.1148798747  0.1020423194  0.0720193560  0.0691499824  0.0393603932  0.0735955955  0.0693219709  0.0611175571  0.0767359004  0.0528154606  0.0459897306  0.0423989263  0.0288031677  0.0635671381  0.0800560424  0.0518195312  0.0484280991  0.0478978194  0.0540029393  0.0558236801  0.0674801042  0.0517991147  0.0543353564  0.0490945237  0.0742755613  0.0742494717  0.0524651279  0.0639854725  0.0556542499  0.0281320112  0.0366761161  0.0674328805  0.0703700467  0.0588887367  0.0390426019  0.0537109402  0.0544404267  0.0540206619  0.0660514911  0.0551070954  0.0533164971  0.0503307470  0.0614335893  0.0426589076  0.0568236477  0.0830164050  0.0828517245  0.1497462531  0.3151912755
  0.3338444253  0.3198943189  0.3017182242  0.3486732853  0.3738175028  0.3389122219  0.3462829202  0.3685933352  0.2744757678  0.2555371636  0.3869788808  0.5456098407  0.7720299071  0.6325076817  0.5033880309  0.4633469028  0.4882115564  0.1439065986  0.0705393369  0.0763886742  0.0937290138  0.1140331452  0.0990490077  0.1634692963  0.1822629473  0.2232282326  0.2029485729  0.2853840606  0.3050335404  0.5144306685  0.3594102450  0.2998174810  0.3500235814  0.3803189361  0.3127490627  0.3901692646  0.5635910417  0.6288770965  0.5527620103  0.5111384403  0.4781076009  0.3422781625  0.3599977410  0.5509235338  1.3543718431  1.8192319685  1.4866726999  1.6598538905  2.6728147187  2.1597455347  2.0438670192  1.8290504605  1.1186867626  1.2039456244  1.1190538223  1.8339827927  2.4006943460  2.6896065116  2.0861455451  1.3488082436  1.7774015759  1.8177453918  1.8989119487  2.3405562665  2.8710852309  3.5120327336  3.1151554284  3.1132847701  3.1938137198  3.3512220402  3.7064644795  2.8596777727  3.1353508919  2.9733929436  2.4579520304  0.9261616638  0.7440527038  1.2269205991  1.1231660009  0.8419198901  1.5087216753  1.4017170177  1.5768148460  1.7655493913  1.4423633158  0.9757046959  0.8087457851  1.0287325759  0.8537683176  0.6604864046  0.6914608430  0.6317373604  0.6950937995  0.8657350452  0.7499235701  0.4066390911  0.3584414028  0.3247768681  0.5033395399  0.4779689195  0.2747474285  0.2525775668  0.2872939845  0.3333151898  0.4654909714  0.7672797879  0.6622030840  0.5758260228  0.7745710574  0.9883461044  1.0524950267  1.5426804260  1.2721203926  1.3520472006  1.4871452973  1.0547333770  0.8065636857  0.5527948657  0.8083258560  1.5635922816  1.6714525656  1.6949616979  1.5784431389  1.2734790652  1.7534720706  2.5409688951  1.4470752813  0.8660358837  0.5970449949  0.5194467815  0.3575095874  0.6019817977  0.7242962800  0.5871512124  1.4507360197  1.7057832208  1.3595242950  1.1057140061  1.2411801605  1.0538118227  0.5447041418  0.4019369579  0.4848428016  0.2878384561  0.1903721578  0.2661405721  0.2765467626  0.1437687306  0.1925875722  0.1506434858  0.1222555698  0.1607159089  0.1658679106  0.1040084580  0.0931298981  0.0823947160  0.0758029310  0.0992039979  0.0679283984  0.0979423137  0.0647545073  0.0411413156  0.0623151613  0.0552701126  0.0565485396  0.0646680737  0.0475905459  0.0608377067  0.0504280955  0.0669595165  0.0560066365  0.0840018279  0.0793226042  0.1181317495  0.0935935900  0.0677705873  0.0564050530  0.0538889306  0.0554501376  0.0396015886  0.0278860825  0.0306659502  0.0491021709  0.0692201045  0.0571874390  0.0590539413  0.0823407306  0.0621114436  0.0693512179  0.0655635145  0.0667857319  0.0841865296  0.0627964012  0.0694109216  0.0523368209  0.0775661376  0.0583514396  0.0763078063  0.1034078322  0.2419086754  0.4700109437
  0.3394282353  0.2678932670  0.2336235225  0.3329260785  0.3692465057  0.3879986083  0.2646142542  0.1591922946  0.1774611783  0.1701579270  0.2591698457  0.2954978406  0.3669582772  0.4514465901  0.3593198679  0.2306000622  0.1280811185  0.1189216594  0.0755809450  0.0993144712  0.1142642917  0.0999711882  0.1093093577  0.1048550375  0.1550712242  0.1049684256  0.1409288767  0.2936398886  0.5192988432  0.4797886153  0.3200997952  0.4353657277  0.4905717352  0.5736959107  0.5082638519  0.6177285716  0.6037355765  0.8676357023  0.9528039826  0.4772231867  0.4129201766  0.3908419588  0.4816976980  1.1501783946  2.9931121758  2.4346631301  1.9543649902  2.5325550027  2.3914064997  2.1263793031  1.4199540817  0.8395780659  0.7504836008  0.8736872829  0.9008057161  1.2972164044  1.8229223151  1.7614771869  1.7149489990  1.3704616196  1.9856688037  1.9152594471  1.8628045711  1.8023485402  2.2200643281  2.7810408517  2.3497378517  2.1052165837  2.3593445591  3.8466693428  3.9690512098  3.8179364739  3.2395244305  1.8113584346  0.9383286980  0.8451765569  0.7993417188  0.8608304692  1.2483336966  1.3784995830  1.8859556604  2.7451073304  2.2709658267  0.8952035106  0.8005283708  0.9691654732  0.6350454292  0.7353114856  0.5445989701  0.4389840417  0.4686740672  0.4606326489  0.4117220607  0.4061222474  0.4101658663  0.3749256073  0.3575235133  0.4021730844  0.2429919052  0.2771259334  0.2187737913  0.2293895335  0.1939798324  0.2721386403  0.3770078710  0.5048672855  0.8505022412  0.6532254689  0.8534695412  1.2413633685  1.7046934598  1.3815108395  1.1550304590  1.2057428344  1.1886851542  1.0772289170  1.0300450166  1.6042499148  2.6710660840  2.7631899652  2.1047540606  1.6363430603  2.2302083042  2.8082514261  2.7189741276  1.7495057839  1.4828683500  0.9608961350  0.8556425755  0.8491748880  1.0043783212  0.8706872852  0.8369492387  1.2513016641  2.3272939188  2.0066080909  1.5073353076  1.9954767149  1.1661238673  0.8402068091  0.7945921031  0.5735890008  0.4705676111  0.3959175868  0.3632916427  0.3084790895  0.2408176915  0.1775670342  0.1036948720  0.0861402672  0.1214408238  0.0830677629  0.1126753668  0.1185443211  0.1243449213  0.1129471805  0.1605700158  0.1301708335  0.1017599419  0.0684490872  0.0536012727  0.0600336430  0.0676572548  0.0517176304  0.0540129091  0.0494032824  0.0752090375  0.0387025435  0.0397575115  0.0497345382  0.0804067912  0.1001326837  0.1024477985  0.0841543675  0.0603539812  0.0445819802  0.0381477842  0.0437517515  0.0442802516  0.0279470665  0.0208450657  0.0257984492  0.0603083261  0.0764051783  0.0874351388  0.0888087832  0.0750794989  0.1109487711  0.0757445352  0.0803827907  0.0873996999  0.1020750597  0.0715840915  0.0473842870  0.0510809274  0.0600480952  0.0613939972  0.1295715309  0.2326562644  0.4544566846  0.4531393378
  0.3339894934  0.2554490374  0.2554260903  0.2997401776  0.3382585417  0.2523327967  0.1601440666  0.1066721988  0.1787584472  0.2628677939  0.2856724720  0.2494181140  0.2946516911  0.2740380582  0.2741268176  0.1931782017  0.1077761544  0.0696249284  0.1291636877  0.1644970558  0.1465215317  0.1472350034  0.1151130301  0.1404162759  0.1333928797  0.1828189685  0.2565249721  0.2910933481  0.2676475915  0.3060546360  0.5474613463  0.5848676504  0.6814728273  1.1521229167  1.0887064403  1.2021938771  1.0449030879  1.2357543721  1.0622936646  1.1593781556  0.7356784249  0.7315394847  1.0775792749  1.8383931323  2.3131591778  1.7859208845  2.0135203279  1.6722394901  1.8082548669  1.4624603169  1.0765354817  0.9874139455  1.2193366385  0.9103196644  1.7446423865  1.5351546568  1.0866084397  1.3866958262  1.4835174347  1.5913980705  1.1451748165  1.8116880406  1.3156019286  1.4564497261  1.9327693945  1.7556363963  1.8194774636  1.9300095012  2.6185450059  2.5586096604  3.3610053945  2.5825354846  2.4012234052  1.4101785120  0.8796253490  1.3900909416  1.1363784768  1.0805447433  1.3893407502  1.6122109143  1.9934721701  1.9271591139  1.0580281369  0.9180544445  0.9546982053  0.7245958688  0.5521184016  0.3888921838  0.3004876917  0.3747827443  0.2856369230  0.2236568861  0.2890432618  0.5447033932  0.4418515685  0.3932542662  0.2325381237  0.2651882032  0.3237098681  0.1946845152  0.1890661315  0.1741714733  0.2040942115  0.2435894687  0.3019847381  0.5637265235  0.5122539583  0.3746213430  0.6341615146  0.9111388337  1.0076855913  1.7243349747  1.5684008365  1.1010011976  1.4673767198  1.4450474801  2.2384972008  3.0243212767  3.4493965876  3.9728396313  3.5575861391  2.7981768425  3.3700078666  2.7591511650  1.8166724383  1.8407389048  1.6970605000  1.4832608075  1.1793468895  0.8923459447  0.9109581577  1.6595636510  2.1517845785  2.3754608565  2.6143972727  2.7281904823  2.6121863371  1.3657296474  0.7979802470  0.8556190454  0.6351117091  0.3611362269  0.3001705139  0.4545177443  0.3422143759  0.3766379006  0.1519953633  0.0890984429  0.0852033774  0.1244663217  0.0936683822  0.0781848798  0.0729067570  0.0771963557  0.0632648236  0.1533658899  0.1435545085  0.0640898002  0.0492001097  0.0373464731  0.0510847455  0.0494415025  0.0368660493  0.0402943109  0.0462394407  0.0469814223  0.0459799375  0.0380706752  0.0427371682  0.0733354949  0.1037889348  0.0825849592  0.0544255668  0.0527817880  0.0358342671  0.0374847290  0.0387705224  0.0411843889  0.0429451236  0.0442988955  0.0355778660  0.0349046735  0.0793506160  0.1501001464  0.1021648733  0.0843201695  0.1120410274  0.0914109191  0.0779808691  0.0846965304  0.0779408505  0.0823802859  0.0654695964  0.0730304895  0.0811099662  0.1618500071  0.1984638122  0.2660727434  0.3935726996  0.4034634587  0.2636219234
  0.2258291773  0.1941808312  0.2135610271  0.1861412369  0.1845306052  0.1525798123  0.1440466904  0.2037304708  0.2504785310  0.4244676683  0.3109093101  0.2639674823  0.2826199186  0.2544661619  0.1838807476  0.1111325648  0.0992462951  0.1515015421  0.1626114181  0.1163821545  0.1220696714  0.1279055808  0.1462563239  0.1931661852  0.2390412622  0.2211878113  0.2051928807  0.2505095170  0.4136637717  0.7449611178  1.2867933758  1.7316763849  2.2867380970  2.4464203018  1.9270773312  1.1348390422  1.1539330465  1.4427591493  1.2293690099  0.8867850121  0.9119235738  0.9506671689  1.0924446034  1.7905973258  1.1980235148  1.1242430230  1.2940767239  1.9356264632  1.4612297988  1.0771767102  1.5360545394  1.6864923122  1.2692261321  2.6210911132  2.0937137324  1.5402002276  1.6701180248  1.5457471313  1.2314197904  1.0994714313  1.6798175589  1.8627687058  1.4708670634  1.6086940825  2.3513415584  1.2793772519  0.9862543955  1.9544936096  2.5609600747  2.9563665304  1.3789891525  1.3994344967  1.4019945123  1.0229792155  1.1951019056  0.8740300860  0.8262533873  0.8050095771  0.6188889471  0.7081008455  1.0672996590  1.0015504626  0.7536463086  0.7815229887  0.7072076226  0.4757019692  0.3983510210  0.4298267712  0.5142917608  0.2662367101  0.1430428446  0.1419102558  0.2494106684  0.2526277569  0.1663157852  0.1376265518  0.1715459561  0.3534604863  0.2885037607  0.2214311558  0.1914331857  0.1765537560  0.2146955773  0.2256307633  0.3938965596  0.3652172964  0.2669103036  0.3832131715  0.7411339442  1.3128357118  1.6505284895  1.5904471541  1.1170428636  1.5293265750  2.5977976282  4.0825063462  3.9612206598  4.7961525839  4.9565693251  4.1389936764  3.3114934184  2.7518916798  3.4749991730  2.8504266123  1.6754941740  1.9143761739  1.7081355280  1.2999176368  1.4511202384  1.8304700299  2.1404833643  2.1478273301  2.7250866413  2.3894269260  2.1185632873  1.7499481220  1.5906329477  0.7889860660  0.6255612137  0.6295099259  0.4266793770  0.4067755298  0.5776431145  0.4624675029  0.3605192260  0.2242557795  0.1476404925  0.0861717529  0.1017602854  0.0941541966  0.0587633720  0.0553727637  0.0506074078  0.0444826122  0.0782203806  0.0854297560  0.0435447292  0.0328858411  0.0389303109  0.0527339057  0.0606373257  0.0409350932  0.0412950078  0.0394456874  0.0458211759  0.0361090035  0.0550730586  0.0660774525  0.0776729069  0.0688314152  0.0685452397  0.0581710221  0.0556120753  0.0426112468  0.0277186327  0.0445975554  0.0466042405  0.0689765599  0.0648472011  0.0600634144  0.0588625765  0.0606635759  0.0956356846  0.0754253379  0.0955571913  0.0993202635  0.0976486833  0.0892264838  0.1050269049  0.0845626438  0.0935707735  0.1301734653  0.1068250254  0.1009023168  0.1355490906  0.2001994531  0.2081244124  0.2522759581  0.3068461873  0.1922082236  0.2114566285
  0.2081916840  0.1332318144  0.1434064218  0.1166542442  0.1024884257  0.1018196794  0.1485029520  0.1523380664  0.1764261232  0.2089881884  0.2957348380  0.3050060463  0.2630029761  0.1417419395  0.0876598096  0.1016007538  0.0693700659  0.0872809306  0.1169625312  0.1319243533  0.1271046130  0.1280278728  0.1467097120  0.2391034698  0.1796021905  0.2322134867  0.3074085937  0.9037652830  1.2585881703  1.6992915398  3.6286185991  4.7684277086  3.4382512075  2.1090603738  1.8802543520  1.9875192416  1.3372197801  0.9520368153  1.3974544855  1.5641252721  1.3711677126  1.4016424239  1.5963733935  1.1132555993  0.7239534308  1.6883578623  1.2799827504  1.1366413934  1.0818165310  2.0313341389  2.2646078958  2.7598235624  2.5977157744  2.3498223502  2.5670507297  2.8844426164  1.4419272085  1.1160515743  1.3320626310  1.4478640125  0.9286623601  0.9938259998  1.1314558604  1.9535001570  1.7619738699  1.3543348153  1.6245664159  2.1575820089  1.5859420565  0.8561923195  0.8259461333  0.9998723541  1.3141443471  0.8680366086  0.6545342570  0.8790842917  0.6590763698  0.5013282769  0.6599276176  0.7573788057  0.6271392600  0.5596888908  0.5586281527  0.5105192650  0.4557872134  0.4452018898  0.3360380276  0.2726448756  0.3262684967  0.1932451355  0.1214580259  0.1391263937  0.1243472741  0.1263129677  0.1150902535  0.1852231832  0.2754299803  0.2717629411  0.4604299463  0.3123518762  0.2070255462  0.2670307910  0.4088240610  0.4210687082  0.3102844546  0.1919694742  0.2574865800  0.7151868844  1.2065223947  1.3611249000  1.9067237604  1.6079548416  2.1474933740  2.9659084056  3.0796018689  4.1299027823  5.1764099119  6.2610426071  6.3865249577  4.9232341812  3.5072138553  3.0106767666  1.9485865860  1.8192591194  1.5248916383  1.6940044718  2.0714094181  1.6644599558  2.2664349751  3.3505504460  4.3146291192  5.4340834218  2.9757982810  3.1097733333  1.9027553864  1.5526258632  0.9401727000  0.7080614210  0.7653351137  0.5820657555  0.5551375263  0.4727760378  0.4976567820  0.3634042131  0.2818569640  0.1594343099  0.1234188526  0.0991074324  0.0814317282  0.0667178009  0.0823264002  0.0606349593  0.0546357808  0.0493883584  0.0630342034  0.0264244328  0.0219880981  0.0349332588  0.0376942911  0.0449879529  0.0352974962  0.0308243683  0.0332128346  0.0467739739  0.0311099625  0.0424656195  0.0532727759  0.0632976531  0.0865346481  0.0935433509  0.0760271169  0.0492189335  0.0633055174  0.0485451565  0.0282161367  0.0269675726  0.0611183485  0.0747006128  0.1187712103  0.1413233018  0.1185047940  0.1030752883  0.0793425518  0.0998129386  0.0892480166  0.0739829172  0.0941719291  0.0954806137  0.1335625835  0.1232771729  0.1018883670  0.1234479703  0.1041046928  0.1407106755  0.3019000851  0.2596364501  0.2021635002  0.1880457817  0.1966264562  0.2463068728  0.1949755794
  0.1438074323  0.1554966423  0.1710591137  0.1167904451  0.1048109981  0.1578251895  0.2119440831  0.1806419053  0.1357576896  0.1700966620  0.1801894919  0.2393120744  0.1633013602  0.0962608075  0.0763272079  0.0760420796  0.0831791501  0.1096183700  0.1252555262  0.1696615043  0.2368709683  0.2431374350  0.2945057566  0.2877649207  0.4458547534  0.6526629176  1.2581023768  3.5900252671  4.3597805234  3.9142756145  6.5623386708  3.8588135816  3.0173342999  2.6233590693  2.4581333524  1.5914227470  2.3550922173  2.1315657177  1.4360291499  1.6526620471  1.3557034421  1.2770584435  1.2178044216  0.8100458577  1.2276240819  1.5067119802  1.5447242924  1.1598463273  1.6175850718  1.9718367483  2.0708704179  1.7119073340  3.3065862972  2.8023847873  1.8528466200  1.3366844210  1.1641597239  0.9118037200  0.6967266748  0.7302234886  0.7597536452  0.6848386417  1.0297313010  1.3904465221  1.1265553846  1.0674789601  1.1789289934  1.3203611055  1.1192387811  0.6760767757  0.6168334274  0.7106062683  0.5578693232  0.4791712833  0.6809184445  0.5638814678  0.6040840643  0.7069782519  0.7813791682  0.6968283929  0.8413164971  0.7491076187  0.5910646460  0.4345557273  0.3259681032  0.2394942753  0.2541829163  0.2621757428  0.2074039655  0.1572965757  0.1363556613  0.1341852012  0.1380527695  0.1557081337  0.1937321124  0.2669341493  0.2031319449  0.3100169389  0.3587422454  0.3002221109  0.3869864650  0.4271467197  0.3963213464  0.3461466719  0.3649362643  0.3868506348  0.7181237417  1.0967979245  1.5660439097  2.2711405499  3.9575814721  6.1866528611  5.8278043513  4.0096497382  6.1853463814  10.8932903167  6.6824101740  6.5377636569  5.6648558839  4.8946267008  2.9756960059  2.2965942541  1.6023143342  1.8600394273  1.9809488688  2.4423974078  1.5135300734  2.6179971650  3.7424283381  5.6426472390  4.2802525988  2.8802865195  2.0779066031  1.5811823072  1.7540815887  1.0009873380  0.6142145823  0.6161634044  0.7191070833  0.5896586695  0.4315478286  0.3938937240  0.3439692653  0.4103988699  0.1736552749  0.1216213496  0.0807564181  0.0837342195  0.0787171105  0.1003247474  0.0773725337  0.0640932089  0.0355046038  0.0329069978  0.0255302712  0.0240759013  0.0299164147  0.0541086050  0.0429375390  0.0408421767  0.0450703106  0.0374983101  0.0405931845  0.0370686209  0.0283842811  0.0389930108  0.0590900446  0.0624605800  0.0784573024  0.0750202025  0.0664203668  0.0861420871  0.0835544390  0.0387272333  0.0268523728  0.0589361917  0.1265272177  0.1988623754  0.2207741663  0.1613548937  0.1387388080  0.0781528244  0.0935879304  0.0906253675  0.0798649393  0.1258598447  0.1872942552  0.1607255085  0.1316614877  0.1294621817  0.1246130681  0.1118927793  0.1560263576  0.2191358770  0.2302971480  0.1718443199  0.1270931554  0.1341880770  0.1598374598  0.2368110693  0.2204333427
  0.1653143365  0.1625314160  0.1321109494  0.1828708264  0.2301113329  0.2058992219  0.1915968269  0.1080965170  0.1298102890  0.1086458625  0.1080802579  0.0970322098  0.1085866005  0.0959847710  0.0875069568  0.1073768287  0.1322463383  0.1815437049  0.2399575425  0.3921345734  0.4099487255  0.3197446680  0.4689184009  0.7615987845  0.8222217411  1.6576413545  2.5935056624  2.6784927114  3.3773773836  8.9420385098  4.1398189714  3.5691226025  3.3553797592  2.4163547214  2.3923635652  2.5996429036  1.6701537866  1.1144282788  1.2382822892  1.2274986717  1.1957323453  0.7225403283  0.7226496738  1.0728401229  1.1619862200  1.5702357690  0.8020847993  0.7583379515  1.0670678760  1.3214546268  1.0722307025  2.7723905730  2.2592066306  1.6568562238  1.3952147605  1.2462160527  1.2825926743  0.8421456050  0.5873956895  0.6542833465  0.5571068459  0.5686394552  0.8653040421  0.9146290930  1.4201296104  1.1145414445  0.9314154116  0.8255796305  0.5987347335  0.3081814700  0.2517546286  0.3242205106  0.4608565630  0.4206430740  0.6047958501  0.4017820353  0.4421236661  0.5531059821  0.6820192435  0.7608163351  0.8793636635  0.5290724716  0.2810324051  0.2298175686  0.2137182036  0.2410449957  0.2780869179  0.2217426344  0.2035782240  0.1644191652  0.1970071550  0.1816971864  0.2151086208  0.2601888670  0.2266167658  0.2217434474  0.2568235168  0.3263644681  0.3320611331  0.3690041927  0.2479970630  0.4136889573  0.3158885397  0.3789593039  0.6312009130  1.2316763513  1.0993957331  1.3897782295  3.2816119888  6.0602258423  9.4984710435  8.8890346684  6.8628064228  10.1150936285  8.0753046069  7.0059316770  6.0502168601  7.2070960115  5.0008472215  3.6294518713  2.5076140073  2.1003121097  2.6954532556  4.7223861190  3.3844551032  1.9334991201  3.1027967179  3.3563502868  3.8206008505  3.0037395624  2.5872969164  1.5397572945  1.3184167346  1.5404439014  0.8409021049  0.6827218082  0.6219753909  0.4792832994  0.4936664944  0.3832310760  0.3675015446  0.2094014869  0.2296778693  0.1758126011  0.0883850827  0.0737112338  0.0643722459  0.0632039631  0.0579030202  0.0559611239  0.0389898202  0.0275658478  0.0288713460  0.0265099751  0.0254526771  0.0379966931  0.0687501062  0.0619369871  0.0440292548  0.0457677032  0.0509385675  0.0553559267  0.0426103525  0.0350638707  0.0420148492  0.0660428603  0.0833600114  0.1191900547  0.1220995347  0.0843425927  0.0793663713  0.0966504219  0.0953048014  0.0753043937  0.0774038313  0.1329623850  0.1744572014  0.1412290627  0.1305618204  0.1113098568  0.0669471469  0.0669365847  0.0740694352  0.0758762612  0.1387577737  0.1986685828  0.1587290558  0.1893491180  0.2331013310  0.1466191120  0.1196260682  0.1272289411  0.1785043481  0.1487266125  0.1324037288  0.1332562432  0.1304137656  0.1263602878  0.1203500179  0.2141763533  0.2576673345
  0.2577639833  0.2214375637  0.2489545642  0.2142625051  0.1864269122  0.1356643438  0.1101316227  0.1039755564  0.1249348567  0.1110588466  0.0805979320  0.1386742157  0.2668652795  0.2583668931  0.1870317381  0.2171572689  0.3182799925  0.3462179189  0.3602194985  0.4450105162  0.5030237916  0.6454159521  0.9916868946  1.2392277887  1.7964704980  3.3532139393  3.0577731454  4.0153653725  5.3070731958  3.1055653911  2.4196778361  3.1635953899  2.6911292661  3.2152879908  1.7621904829  1.0440319019  0.7438109760  0.8458265378  0.9013636344  0.6729873963  0.7961311040  1.1416551100  1.5347311403  1.5248662188  1.6905956943  0.8732312973  0.6145827789  0.7527353486  0.8496880896  1.0804390784  1.3175253902  1.3175956597  1.0777192778  0.8497993937  1.0394779914  0.8702014751  0.5447248906  0.6294872983  0.7290550480  0.6322741299  0.5092830033  0.6669518802  0.8687962724  0.9511144906  0.8674904863  0.9024852524  0.7720196602  0.5842709443  0.2568387506  0.1425951232  0.2101027820  0.3384676994  0.4200541682  0.3107019724  0.3936148117  0.5739428780  0.4924602176  0.5606215708  0.6688433355  0.5141997329  0.4756603977  0.4732695185  0.4479625547  0.2419254533  0.2337732242  0.2880644206  0.2312349173  0.2121491631  0.2157434047  0.2176997588  0.3683562331  0.5019831560  0.3964046390  0.3510798739  0.3491154510  0.3950919724  0.3887698498  0.3611254987  0.2557980211  0.3418678288  0.6589729820  0.3897089107  0.3923809209  0.4186262074  0.7786941050  1.0693496959  1.9007014433  6.5979569397  7.1769640012  8.2367672642  10.2460348059  10.3194852698  7.2670466116  7.2091900664  6.9469398642  7.7143442019  7.2451545972  7.6049829081  5.9965459691  5.6761596035  4.1434235574  4.3584673213  4.8877418421  3.9215092858  2.6699579174  4.0289778584  5.0952954246  3.4936323528  1.8227597868  1.3885197228  1.2926254932  0.7032450588  0.8609696739  0.7457340627  0.9361729216  0.6872851579  0.5074632019  0.6463069408  0.3909876432  0.3448037731  0.2316198539  0.2538309990  0.1810114730  0.1329985573  0.0493333384  0.0532162040  0.0459474659  0.0321608690  0.0391864559  0.0370794388  0.0292424471  0.0400812959  0.0256607731  0.0361756813  0.0519300106  0.0902127124  0.1142464468  0.0763784801  0.0724388923  0.0886474524  0.0660665950  0.0636560466  0.0791207352  0.0913199100  0.1324483592  0.1562583454  0.1846740172  0.1502188176  0.1055790368  0.1096296785  0.1297218835  0.1215231581  0.0816462701  0.1228448803  0.1901096022  0.1635333708  0.1258972217  0.0958182106  0.0699127987  0.0520570973  0.0480849704  0.0879498729  0.0900276259  0.1441273605  0.1626478059  0.1272144688  0.2003747473  0.2466760457  0.2037268140  0.1514441869  0.1068453283  0.1163353603  0.1523850641  0.0974451877  0.1160728254  0.1430004985  0.1674439491  0.1422801301  0.1821891496  0.2929958026  0.3903943387
  0.3580354963  0.2340180324  0.1555191961  0.1277993734  0.0700397726  0.0531844474  0.0683654376  0.0929501733  0.1349191453  0.1199408041  0.1075825983  0.2216587069  0.3976952870  0.3795382293  0.3583628016  0.3642026261  0.3547905094  0.4632479115  0.5746824832  0.9073185221  1.2198841588  1.1210659609  1.3286000988  1.8115100591  3.0799070277  2.8217613311  3.8759203526  3.7331659191  4.2386679251  3.2646410832  2.6950622213  5.4191143079  6.5134719066  2.5481500925  1.1428885935  1.1950919169  0.9384451738  0.8015177840  0.6019449094  0.7345734596  1.0351796663  1.3700459491  1.3565991683  1.6907641608  1.1586882032  0.6401039193  0.7101738209  0.6079072392  0.6475496921  0.8975741154  0.7123399950  0.6825704915  0.7127735229  0.7125093781  0.6009755826  0.4584120917  0.6061482163  0.4737308172  0.5353024201  0.5512139773  0.5503779207  0.8809255873  0.6221082745  0.5172777457  0.4821584040  0.4017951624  0.4264202790  0.1664803685  0.1666661211  0.2332743553  0.2748617884  0.2440006583  0.2322217794  0.2889745366  0.3391441880  0.3765729511  0.4971755872  0.5922654624  0.4803796783  0.4089355423  0.3424853996  0.4518212290  0.4220851301  0.3234214919  0.2580915822  0.2676708194  0.2889895818  0.3097727727  0.2857810637  0.3531889892  0.6166523460  0.5747705180  0.6156449017  0.4062289530  0.4293246412  0.3672485798  0.2726736281  0.2786724014  0.2495137992  0.3581140869  0.5942473438  0.6131633622  0.5796560081  0.8480460981  1.7980258724  4.1767125280  9.3210154012  7.5781588498  5.1464840576  6.8991231695  7.1644011905  6.2232218081  7.1735858900  7.3493155547  5.3807963733  5.6722917827  10.1067116062  7.0684467151  10.4597347549  9.6242775952  6.9781859597  3.7984806245  3.7458929349  3.5650918577  2.5699244887  2.3859339806  1.6572645497  0.8520838961  0.9716389401  0.8982333600  0.7256433595  1.0963482215  0.9962589729  0.7851598267  0.6108308644  0.5788143886  0.4870931037  0.2530890957  0.2948378567  0.2005177269  0.1375922242  0.1256591972  0.0800831621  0.0633244409  0.0972505817  0.0735863527  0.0583781341  0.0387885927  0.0420985237  0.0477427927  0.0366232570  0.0196857343  0.0209221179  0.0253882049  0.0609892978  0.0671083327  0.1048025711  0.1137888401  0.1358841919  0.1043191455  0.0685167102  0.0759444495  0.1546421833  0.1588706864  0.1669446700  0.1282363854  0.1551123255  0.1721919207  0.1652956288  0.1277485230  0.1018177258  0.1218696474  0.1391565851  0.2075216240  0.1565796884  0.0967248845  0.0749688731  0.0808474055  0.0534306536  0.0786386586  0.1385735798  0.1940603947  0.1752436325  0.1542080537  0.2069648319  0.3044127357  0.3069307907  0.2569151341  0.1222862173  0.1316278247  0.1536266523  0.1254884523  0.1408131596  0.1296021448  0.1360856086  0.2020676717  0.1573660345  0.1423566496  0.2029116217  0.3292475866  0.2837200464
  0.1988632342  0.1234008019  0.0784221995  0.0580700949  0.0586224661  0.0586129402  0.1059072699  0.1292622398  0.0943126723  0.1031422117  0.1355635046  0.2969639381  0.5360804071  0.3255492690  0.2716163823  0.2832722452  0.3863421370  0.5731991732  1.0274840585  1.6531406093  1.9643867268  1.1737629246  1.1194671290  2.2554790148  4.1413014330  3.3123496721  3.9916663540  3.0641588168  1.4856801595  1.9246711604  3.7573930546  4.5499160805  4.2136016748  1.7542699141  1.3170621171  0.9533461823  0.5809389800  0.5069737091  0.5205819883  0.7002615567  0.8448151094  1.3802007057  1.4515408904  1.2643933015  0.8588819869  0.7796370642  0.7449501104  0.6317733202  0.7625332114  0.6595711675  0.5649248054  0.6156956784  0.6612447717  0.6354654878  0.2447893857  0.3649256358  0.4955013605  0.6956483523  0.5131021706  0.3670656362  0.4373874029  0.4861642402  0.3874567263  0.3372776901  0.2560272785  0.1969202461  0.1521394769  0.1680180819  0.2736988633  0.2585116078  0.2877961512  0.4313055651  0.3097865795  0.2632749879  0.2463706109  0.3723643295  0.5165742186  0.3040605950  0.2304043299  0.3000355265  0.2804772422  0.4062957312  0.3706736338  0.3261631310  0.2822539057  0.3229047220  0.4210974212  0.3892594214  0.4934439545  0.4881865596  0.4821765632  0.5969938023  0.4323671600  0.3431920958  0.4118619556  0.4868832231  0.4419113139  0.3186259799  0.4609644219  0.5991305690  1.0300347398  1.0702832888  1.7049661314  2.9445025116  5.1270893406  8.6034355208  5.9423787721  5.6320816069  7.6187155550  5.2745200886  4.2076157370  4.7864816457  6.6936125333  5.2152993789  4.3251577302  5.2464708317  5.2475704648  7.1760766012  7.9669762267  5.5196206086  2.7667832120  1.8562556833  2.1198495340  1.6714561117  1.5692972289  1.4855979314  0.9245856778  0.6672618130  0.7447172396  0.4716696304  0.3997063495  0.5339764977  0.4202940243  0.5405976414  0.5846490639  0.5006709531  0.2782096356  0.1759169637  0.1752148368  0.1508530907  0.1941980770  0.0592688094  0.0590599648  0.1487997813  0.0762813482  0.0438231911  0.0349167098  0.0399813857  0.0346782284  0.0298643134  0.0296092816  0.0272639209  0.0377051304  0.0354332470  0.0362030652  0.0743722459  0.1073011954  0.1877919531  0.1206849560  0.1701637239  0.1674022370  0.1566174703  0.1657673582  0.1709698666  0.1569354071  0.1367799552  0.1526335953  0.1987198737  0.1343964954  0.1434223395  0.1899540666  0.1499094782  0.1476917450  0.1686050814  0.1086280901  0.0768852652  0.1098170220  0.0967068445  0.1317825448  0.1416083670  0.2674471559  0.2513382423  0.2598362198  0.3353765213  0.5426346809  0.4934888972  0.2357111699  0.2060703633  0.1376775683  0.1154534107  0.0987052638  0.1172781225  0.1561175844  0.1256234849  0.1976756640  0.1625334706  0.1198396037  0.1299026087  0.1755245186  0.1449167172  0.1753641776
  0.1160793547  0.0758451970  0.0885937341  0.0897223622  0.0854582550  0.0776535228  0.1143182567  0.1582966331  0.1116925374  0.2187499556  0.4321400593  0.4678880830  0.2816812990  0.1905368616  0.3043533593  0.3287663809  0.7003874099  1.2440802656  1.6382281645  1.6222918340  0.9469812952  1.6415441718  2.9257810933  4.6447972642  4.3094461456  3.4160846479  1.7643564496  1.4445388711  1.7469742262  2.6030507582  3.1847233218  2.5734851772  1.8538936615  2.2544124885  1.4509709592  0.5983291278  0.5096934430  0.4683363176  0.5628888213  0.6872814966  0.7777910514  1.0622806412  1.0773596945  1.1342585229  0.8377514501  0.9790560984  0.7208801528  0.9228062250  1.2217424725  0.8177551607  0.7185062826  0.5921765893  0.6898915443  0.4068869002  0.6115027928  0.5869888668  0.5965346899  0.4045399866  0.3954623759  0.3717348394  0.2886918964  0.2699508052  0.3221120765  0.2217242773  0.1605563955  0.1285212163  0.1751498978  0.2098057127  0.3145380799  0.4177844398  0.3059841343  0.2743209397  0.2532160569  0.3083380596  0.2839517619  0.2625453981  0.1406863054  0.1612041842  0.1820465667  0.2175736919  0.3100169915  0.3456880584  0.3003855286  0.2537703741  0.2951529190  0.3134341352  0.2703987867  0.2976043247  0.3297083316  0.3742599279  0.5751001600  0.6718794733  0.5096356838  0.4960681894  0.6492577861  0.8365492304  0.7871353068  1.0455094941  1.1678812514  1.4081824981  1.8549389516  2.4831319142  5.1965490729  7.9673042410  7.4875568046  8.1224133185  6.7062106621  5.2421762744  6.6147587729  6.6575052071  5.9866593155  8.1968333268  11.0728630394  5.9836084321  3.4700085718  4.3236858316  5.3821070578  5.0190650861  3.1232661740  2.4692792115  1.9736190695  1.6686801652  1.1394627721  1.5855799435  1.5363178004  0.9815991328  0.8104097418  0.5339954777  0.4730694904  0.3636347320  0.2744415338  0.2603952065  0.2402144647  0.3013575955  0.2504995328  0.1761704011  0.1783479649  0.1641880012  0.1273324664  0.1351652295  0.0642796354  0.0462478465  0.1217825489  0.0572613715  0.0265152877  0.0355067278  0.0332179354  0.0421627230  0.0330708095  0.0352698799  0.0394013031  0.0579932774  0.0606268665  0.0426612984  0.0327793923  0.0711229126  0.1333627061  0.1942727680  0.2370885916  0.2884679769  0.2664906567  0.2319332821  0.1786251881  0.1419000549  0.1679429999  0.1067932640  0.2370906239  0.2680828884  0.2036211256  0.2797859802  0.1666021105  0.1188887177  0.1939232847  0.1174936818  0.0929152265  0.0773274234  0.1185851804  0.1420787746  0.1651155059  0.2017242441  0.2403194168  0.3566405173  0.4121049220  0.6544404099  0.8082960617  0.5411231075  0.2973736926  0.1584678666  0.1251800353  0.0940217612  0.0961742844  0.1222487398  0.1647812343  0.1468865496  0.1377354998  0.2194562413  0.1466392697  0.1198624126  0.1144207980  0.1644936511  0.1124320518
  0.0650488414  0.1137535045  0.1392296204  0.1240830894  0.0621569196  0.0889147066  0.2086415980  0.1562706678  0.2231671938  0.3650025495  0.4631508821  0.3626450666  0.2979381368  0.4349870809  0.5555128504  0.4784415240  0.9532390051  1.4078159943  1.0855130310  0.8716603907  1.8046867548  3.9361338014  5.3126933816  2.9775544114  1.9060403220  1.7865726019  1.3791044755  1.9579880860  3.3272212645  3.6763808291  2.4282371329  2.4972434166  4.5462704806  2.7237899588  1.0601742855  0.6370438977  0.6163964894  1.0816091739  0.9328351282  0.7243274024  0.7925505538  0.6426238196  1.1699511855  1.0467628413  1.1676044713  1.1921391698  1.0526749149  0.9095454753  0.8433741496  0.6361407699  0.6062951634  0.8230006563  0.4815618409  0.5360630246  0.3979192560  0.7045733362  0.4492922981  0.3113852009  0.3104242009  0.2789940099  0.2247264728  0.2046941182  0.1874029861  0.2079249908  0.1067251878  0.1951242880  0.1804392562  0.1740530305  0.2134865632  0.3133543813  0.2849576732  0.2734298758  0.2098629552  0.1856322652  0.1270477603  0.0673093033  0.1134612009  0.1290885785  0.1836732353  0.2846853208  0.4019134610  0.3115710471  0.1950846093  0.1802852457  0.1749000209  0.2009724131  0.2864385529  0.2468210141  0.1987838507  0.2556799232  0.5455341860  0.4162204050  0.3239755000  0.6433148728  0.7025740282  0.7616757417  1.0480166822  1.5738472176  1.1962332135  2.0526098102  4.9218721542  5.1833771414  9.6706097637  11.8065073580  12.4241963193  8.6691601220  6.4775477632  7.4806420380  9.4407889244  12.9958895465  13.4559575659  12.6083742597  7.4223631814  5.3445290987  4.5934111078  4.5995568709  3.4448177814  3.8118845796  3.0432180884  2.1818104326  1.7714504257  1.2329952470  1.1315274426  1.2408243376  0.6878862820  0.6576346766  0.4079419444  0.3964057012  0.4074926716  0.2590127173  0.2445281152  0.2483239623  0.2964233423  0.1802051933  0.1641089343  0.1635361576  0.1512310722  0.1207489734  0.1109784033  0.0908783277  0.0743775665  0.0976967316  0.0645453350  0.0352913549  0.0476765231  0.0273329494  0.0176294414  0.0252301662  0.0400831229  0.0399382915  0.0559642731  0.0729642012  0.0619781618  0.0354415708  0.0617121370  0.1368713374  0.1609108005  0.2049196636  0.2049374196  0.2587677318  0.1945595234  0.1395042332  0.1727531549  0.1933468478  0.2609525876  0.3539592696  0.3363568073  0.2986928409  0.2949436592  0.1788036883  0.1074188722  0.1240199879  0.1662897951  0.1412228163  0.0951816322  0.1512780005  0.1327263470  0.1401583137  0.2159659773  0.2904957058  0.3857077871  0.3549084643  0.5696519213  0.3429940660  0.3246147605  0.3392303529  0.2488478204  0.1524542445  0.1264687207  0.1618640119  0.1195625561  0.1601671576  0.1706965329  0.1763966696  0.1610627040  0.1638901886  0.1375502408  0.1283924652  0.1293763941  0.0799935674  0.0719536050
  0.1167461681  0.1358987529  0.1644423058  0.1158811539  0.1238236750  0.1906672842  0.1613364175  0.1766021244  0.2954686799  0.2326420551  0.3449029950  0.4289636942  0.5117645638  0.5768167610  0.7527170610  1.1472377916  1.5691043006  2.0663814991  1.8346923228  2.1578455453  2.8660827979  2.6577460090  2.2405325156  2.2987211389  2.2157143842  2.4168161391  3.4335184016  4.7367098263  3.9128707926  3.5159253123  4.7827856291  7.9491876219  4.0861095879  1.3926838137  0.8498538616  0.8113332350  1.1908596951  0.7919844701  0.7516201571  0.9235901817  0.7681007421  0.6411671149  0.9554984344  0.6347272955  0.9273325938  1.0596320146  0.8870888764  0.8985010207  0.7805009527  0.7301965051  1.0816134183  0.7456507634  0.4379178469  0.4111494837  0.4492287760  0.4352754821  0.2213218135  0.2648601928  0.2152356685  0.1391534001  0.1978592548  0.2159577799  0.2622488129  0.1349708624  0.1624791656  0.1989223840  0.2058340011  0.1978029697  0.2932827783  0.2442468289  0.2120427071  0.1422641728  0.1813944170  0.1259281689  0.0705853331  0.0857109594  0.1296087456  0.2284843405  0.2862004736  0.2140268072  0.2020637897  0.2015129216  0.1883788008  0.1579298628  0.1866167971  0.1728911845  0.2313467251  0.1993503899  0.2100932897  0.3774816023  0.3319533857  0.3964080132  0.5335898043  0.6384099371  0.8315880362  1.0050731671  1.3776547398  1.4435528304  1.9211849849  3.1142719284  6.0664847405  8.9668523127  12.3754418168  7.6969634751  8.4214886815  6.6050213861  6.6605812114  5.7887325978  7.9248943111  12.0938235177  12.9605447026  8.3354142824  5.4477530219  4.4691789024  3.2732839636  2.6831328834  4.2471028392  1.7635133622  1.6989294895  1.7885359819  1.4937018002  1.4446388103  1.1614963277  0.5850819544  0.4326326659  0.4608379316  0.3578856600  0.2156262271  0.2617567539  0.2246541532  0.3079849472  0.2570152204  0.1695223137  0.1073413727  0.1027747359  0.1382375141  0.1285538065  0.1203502284  0.1054723257  0.0886305638  0.0653442664  0.0832493542  0.0457827602  0.0436662969  0.0362505112  0.0361017185  0.0354767019  0.0514784496  0.0627836041  0.0600794229  0.0530886261  0.0554089784  0.0609121405  0.1141200755  0.2332554000  0.2591289017  0.2102240415  0.1923679969  0.3489019944  0.2434388611  0.2268487496  0.3022898174  0.2062548824  0.3202579057  0.4653611107  0.4679190101  0.3678632025  0.3349147758  0.2761545968  0.1529472043  0.1806882818  0.2703124518  0.1521540811  0.1207336926  0.1554523496  0.1576976567  0.1731603209  0.2405201200  0.3545446925  0.4839107920  0.5059613025  0.3439116926  0.2860406056  0.3677669216  0.3516981427  0.2211534814  0.1659683179  0.1457832903  0.1253422780  0.1272969651  0.1438243246  0.2314074160  0.2027065605  0.1302356600  0.1520971869  0.1286900636  0.1276617449  0.1743435892  0.1241936168  0.0883192393  0.1205016920
  0.1417727520  0.1786269690  0.1674163792  0.1574716508  0.1857738693  0.1687749421  0.2868659640  0.3010450203  0.2837870391  0.3610708544  0.5030545045  0.4999161546  0.6885432488  0.9133560398  1.2013704435  1.3658435210  1.7518608040  2.1424390693  2.3933433301  2.7911180083  3.3073700127  2.7272224912  3.5001735785  2.9512479197  2.3429530342  4.4304049860  5.2261929531  5.1738465537  4.7480624037  3.9256279534  5.4639592621  3.9622202202  3.8509954889  1.8110943939  1.0718159198  1.0381726730  0.6711131405  0.6431422783  0.8870272624  0.6496543285  0.3841956966  0.6598494528  0.4691981345  0.7104316820  0.8334705693  0.8099856342  0.9000393027  1.0221811375  1.0290485328  1.0111237797  0.8099736344  0.6362250163  0.5629629977  0.4225818024  0.4822049620  0.3846481597  0.3283621995  0.1707998968  0.1186961708  0.1290718986  0.1377494178  0.1206945874  0.1187199060  0.1424741312  0.2736314399  0.2910195504  0.2620849644  0.2748385897  0.2762970376  0.1752089635  0.1864925878  0.2346186554  0.1906135072  0.0905805744  0.1509209094  0.1790767200  0.2866301394  0.3370204627  0.2557820047  0.1649234200  0.2206217858  0.3234047354  0.3110305435  0.2435028547  0.2413037748  0.2378590165  0.2425692360  0.2291877246  0.3538774546  0.3601540547  0.4815224280  0.7742543508  1.2156299768  1.2792264088  1.2113973671  1.5981909260  2.8643588507  4.1981338661  3.3722591428  5.8730505187  8.1978554084  8.5443059252  5.4510459629  7.2264654940  8.2157382014  4.7089499388  4.0518893887  5.2047770871  7.1859296387  13.0482233260  5.6101804319  4.1699428174  4.0531784982  4.0381795386  3.1833862997  3.5480552073  1.6898151816  1.5586208752  1.9231445309  1.6394604024  1.2635681009  0.8024182457  0.6294194396  0.4501375444  0.3489163976  0.1931873846  0.1920283100  0.4867839312  0.3608027090  0.2406006398  0.1498905287  0.1211356864  0.1104608169  0.1031436092  0.1954148202  0.1309339178  0.0886859721  0.0822837522  0.0770049701  0.0958033446  0.1587776505  0.1111381771  0.0530573246  0.0595228974  0.0574899858  0.0519059542  0.0414761658  0.0424379146  0.0438312643  0.0700602142  0.0733917531  0.1113969205  0.1842801072  0.2756294822  0.3373753736  0.3304028961  0.4923031022  0.3530472996  0.3150523214  0.4090892928  0.3744339112  0.3284777039  0.2770193298  0.3255701221  0.3339826359  0.2903180269  0.4017566937  0.3475419588  0.1844787812  0.2178532797  0.2875262655  0.2034049377  0.1568613260  0.2738079415  0.1650573787  0.1996247519  0.2798849111  0.2711635900  0.4408305792  0.4427353464  0.3278943632  0.3652319894  0.3019467486  0.2759213460  0.3110399142  0.1954293562  0.1382395742  0.1392800210  0.1263791711  0.1762811934  0.3058050040  0.2237339612  0.2015125715  0.2015743027  0.2230834354  0.3119081686  0.2256635005  0.1283147653  0.1388133616  0.1357410668  0.1406178304
  0.1535503346  0.1111183222  0.1503338692  0.2607998694  0.2068913101  0.2426803087  0.4361741181  0.4870851948  0.2511133106  0.4078956171  0.6629658494  0.8805051594  0.9143744974  0.9994813592  1.3272885158  2.1922194297  2.2846020300  3.2477779592  3.4559734102  4.0557450485  4.3744876541  3.7969703933  3.6518822188  3.0892307508  5.0691054005  5.1991254630  5.0364490409  4.4379134239  2.5854379244  4.0293088676  4.5495688026  2.6945326762  1.8511367479  1.2739726186  0.9601797846  0.6344003346  0.5763728215  0.4918449572  0.2918457176  0.3388583663  0.7721932856  0.5587230153  0.6610029892  0.7109809398  0.6451559936  0.5251592293  0.6729835948  0.9390494694  0.7558700133  0.7401115442  0.7965630257  0.6471871029  0.5962941832  0.5481142544  0.3637909206  0.2445157453  0.1659498097  0.0958502270  0.0903281855  0.0955455321  0.1102002935  0.1510004885  0.1829782570  0.2740791461  0.4543289882  0.4455626814  0.5056570098  0.3658616505  0.2341657502  0.2314007137  0.2188841363  0.2282298667  0.1514172377  0.2337599951  0.1991777376  0.3081015847  0.1983711568  0.2537602166  0.1791335120  0.2819434736  0.3570030121  0.2781427199  0.3439244358  0.4329752210  0.3674895193  0.2095116058  0.2449375697  0.2521200650  0.3803000151  0.6207260009  0.9699065187  1.0906024283  1.1663185699  1.1379098364  1.2764314008  1.9466213673  3.1305653185  5.8621226695  6.1507223235  5.4548615388  7.8717112803  8.3961592761  5.1966637305  6.1446639438  3.1758974910  3.4756671315  4.0927627792  6.3583686665  7.9728690915  4.9181676182  6.0444654746  5.0733926596  3.0782098070  2.9664100031  2.9096797412  1.7684044401  1.1914622989  1.4007210319  0.9668457306  1.0928060904  0.7365609477  0.3987051111  0.3220271074  0.4020268194  0.2579222278  0.3117999877  0.5017828963  0.4737840404  0.2138989432  0.2974081900  0.2261310791  0.1713665253  0.1436368734  0.1785623830  0.1621596112  0.1059691856  0.1096959333  0.1323886360  0.1906293461  0.2314893639  0.1478155140  0.0835876696  0.0688962877  0.0557210483  0.0475038056  0.0424522437  0.0404983551  0.0423838874  0.0814766399  0.0834481057  0.1246338701  0.1593534566  0.2486878027  0.2918642826  0.7222991252  0.8472777707  0.4849191299  0.4360589692  0.6872183508  0.4327993743  0.3667629369  0.2859615891  0.2948380250  0.3346561523  0.3334705292  0.3752532258  0.3486169427  0.2078842423  0.2167198623  0.3891584767  0.3764398494  0.3255024907  0.2451654762  0.2266192083  0.2567781976  0.2243209240  0.2022693880  0.3049451065  0.2303031138  0.2670805060  0.2614449179  0.2953447915  0.2990043050  0.3060751237  0.2884179340  0.2375000398  0.1766762716  0.2384285965  0.3444848645  0.4010302036  0.2365636938  0.1937366078  0.2695172611  0.3684464773  0.3187358096  0.2002598947  0.1677934592  0.1114249389  0.1781316013  0.2302795524  0.1603818680
  0.1891744766  0.1906120812  0.1914702538  0.3955110322  0.3711012533  0.3707938210  0.4643691164  0.3248999548  0.5109725057  0.7706234947  0.6130825829  1.0101082898  0.8959180591  1.3030826233  2.1155981155  2.8933197921  2.9420605969  2.8742473326  3.3074625794  4.4631103027  4.3142613671  3.1319074919  2.4196536157  2.9439590772  3.4956493398  3.5967142503  3.1729677277  2.6212351591  2.2648235967  2.2259964481  1.5751318959  1.0577739030  1.1651632181  0.7936005276  0.6963088876  0.6839793925  0.5193954651  0.3075277437  0.4419385998  0.8640518320  0.9365236566  0.8915665805  0.5482947820  0.6269146872  0.6614909947  0.7352233523  1.0175125689  0.6882362362  0.8756912889  0.7890436655  0.4680132308  0.4769424410  0.3281737938  0.2175196468  0.2717177561  0.2093055248  0.1029297622  0.1164584470  0.1344636815  0.1563518437  0.1431516139  0.1758174517  0.3041431698  0.2831281349  0.4121954757  0.3939329754  0.3259220396  0.2649518187  0.2070935073  0.2260734521  0.2690325197  0.1885122152  0.1487743467  0.1564782848  0.2622889432  0.1636179925  0.1233477033  0.1744342690  0.2372486072  0.3047481773  0.3162140904  0.4166357506  0.5609729457  0.2976896128  0.2450406799  0.3061540772  0.3246289886  0.4791347293  0.6054062815  0.6831693844  0.7457544092  0.8639772429  0.8559481763  0.8490966265  1.6696307466  3.0124111986  3.8819112472  5.3492244436  5.5599959791  10.1669350743  9.9945300279  6.1469151919  5.1363014795  2.5061019790  2.4283695257  3.5482562416  6.0328593240  5.9964746941  4.1781635768  5.8811316167  5.4512736720  2.8926030140  1.9945068148  1.9381634469  1.6418766770  1.7315443036  1.3588607172  1.2586084565  1.0099191839  0.6582682928  0.4537812908  0.3843466812  0.5309865508  0.3957050151  0.2204258746  0.2580844557  0.2748594230  0.2746852881  0.3137972042  0.3414603414  0.2835582234  0.2076918670  0.1749945528  0.1409653213  0.1353852302  0.1104197014  0.1266711015  0.2873357617  0.2782996736  0.1780587452  0.1119453820  0.0878436559  0.0712486234  0.0553100719  0.0729395868  0.0665851989  0.0528097755  0.0701417099  0.1206225260  0.1988818703  0.1852357826  0.2356464605  0.2147420661  0.5200450428  0.8575272349  0.7598383290  0.9462046275  0.7279468410  0.4198783002  0.2517348624  0.1702838673  0.2233752178  0.2934733776  0.3318594636  0.2620983969  0.3187453439  0.1994728642  0.1789983845  0.2734308200  0.2436047233  0.2435561746  0.1130483074  0.1470281606  0.1984149251  0.1799027689  0.2518997532  0.2309216807  0.2132808099  0.2729798761  0.2626620659  0.3052234822  0.2216213516  0.3330590875  0.2749972070  0.1960331333  0.2248650370  0.2561435419  0.2849411254  0.3418928805  0.1888054636  0.2800601389  0.3798898921  0.4884538704  0.2947562111  0.1990216489  0.1731955096  0.1298180086  0.1608450323  0.2270727431  0.2869525055  0.2891919959
  0.2036724353  0.2323306685  0.3831919011  0.5497796942  0.5436392882  0.5323058147  0.3156662530  0.4915029966  0.7658639034  0.9640276608  1.2323580236  0.9923096337  1.1013932606  2.3617555469  3.1711435817  3.5487977063  2.7158839481  3.2893603670  5.2435598222  4.9412071661  3.1464651561  2.0242865624  1.8617065187  2.1587553439  2.7566870182  2.8652082978  1.4663932397  1.1868880399  1.1138869177  0.7213552682  0.7724862098  1.0276274253  0.7895887177  0.5024875331  0.4279030375  0.3652551650  0.3786872842  0.6607354518  0.9655068120  1.4467771178  1.3273010380  0.6762964427  0.5977432073  0.7263503182  0.7039387010  0.7040853478  0.5309111563  0.7450703488  0.9047962564  0.4461349930  0.4707086378  0.3586889460  0.2309316477  0.2828303490  0.1867823552  0.1161953357  0.1438910749  0.1892957019  0.2469154491  0.1939329296  0.2233238936  0.2256055513  0.2764628578  0.2293625724  0.2831945266  0.2381144688  0.1753304855  0.1486137903  0.1739247344  0.1913519303  0.1692084865  0.1355636907  0.2088854837  0.2200686145  0.1877075135  0.0960619775  0.1405506182  0.2459990006  0.2353844572  0.2858028906  0.4186759542  0.3777292098  0.3311165082  0.3161715870  0.3549237706  0.4755230797  0.4561315296  0.4474300561  0.4788429450  0.3768094919  0.5659759590  0.4829048819  0.6802955673  1.3099310924  1.6226584108  2.6973078743  4.4086803132  7.8739593730  8.9934375765  7.7353739472  6.2064372104  4.4260314781  4.0047922465  2.7279663193  2.9016191124  4.0892752685  5.3883885338  4.0946959791  4.0892574140  4.1720259583  3.0064267935  1.8306081818  2.0382098118  1.5214854651  1.2487647318  1.5170917918  0.8202118622  0.6713903703  0.6024307575  0.3156735707  0.3184416900  0.3528664732  0.3379702327  0.2667936702  0.1539606354  0.1871292157  0.2913959079  0.2798396997  0.4099833158  0.2805588597  0.1944431143  0.1291690287  0.1070367476  0.1342323297  0.1755405433  0.1925538205  0.3394646093  0.4204287241  0.2404062837  0.2343754213  0.1747535653  0.1110956267  0.0963484285  0.1492914455  0.1602135924  0.1095679412  0.1105184169  0.2012715608  0.2944607790  0.3212421119  0.2506326749  0.2398650552  0.4902135550  0.8677182281  0.7684226678  0.9979521843  0.7438565092  0.6600914330  0.3567874625  0.2952027569  0.2915182110  0.2739866298  0.3291916331  0.3345366475  0.3120400452  0.2339570042  0.1572677645  0.1913208296  0.1637681531  0.1465815499  0.1683509064  0.0999517528  0.1355673281  0.1278899729  0.1747287809  0.2793625774  0.3227229433  0.3840268827  0.3715368049  0.3627973880  0.3134755850  0.2143787817  0.3095047391  0.3190410560  0.2860765560  0.3007651508  0.2728009208  0.2141377961  0.1752783589  0.2496468441  0.3970009738  0.6906117284  0.4258064909  0.1980580482  0.1557259914  0.1042197803  0.2114516208  0.3600898834  0.2739396705  0.2576115768  0.2601633640
  0.2957226479  0.3499599818  0.3426739337  0.4402434992  0.4619451222  0.3763790696  0.6302266020  0.8474177617  1.1721447875  1.7487049343  1.6494432024  1.9767199306  2.7560631457  3.1973056869  3.2945735185  2.4604612144  2.5347350041  3.7850599191  6.8792245021  3.2615790549  2.4182000808  1.8880712111  1.3761058914  1.4179006739  1.5028112426  0.9066397859  0.6102129944  0.5435043870  0.4394627418  0.6759337919  0.8407897356  0.9253723807  0.6559827951  0.3610688192  0.3558022674  0.4819225173  0.7325093165  1.0967513982  1.2663554455  1.1215290247  0.8202578812  0.8432856825  1.0931958720  0.7710298977  0.5842677985  0.4779273379  0.7537048043  0.9737983825  0.5515309016  0.3934607073  0.3047914653  0.1747017931  0.2024915584  0.2013485904  0.1222695203  0.1519064589  0.1938477925  0.1759975908  0.2349494851  0.2272335486  0.1670363494  0.1705951718  0.1432137140  0.1696113970  0.1427587831  0.1385890839  0.1326800991  0.1222906490  0.1278652693  0.1209557991  0.1237652975  0.1595756160  0.1475619283  0.1897479254  0.1769417787  0.1790517400  0.2107429883  0.1834923603  0.2600169477  0.4784822586  0.5247772290  0.5695244221  0.4073706771  0.3112098347  0.3653322295  0.4270807462  0.5075892001  0.4311070156  0.3143536693  0.3568738717  0.3204077405  0.5862852555  0.8458927482  1.0116053633  1.8184503764  3.4959258467  4.9865028078  6.0847763156  6.7876868059  4.1494410665  3.6752815478  3.6257430739  3.1180480521  2.1679368174  2.9242835705  5.3738740620  4.4870787446  2.7845674845  2.5576847360  2.2545953164  1.9352591345  1.6892216875  1.5548411315  1.3814550923  1.2790334695  0.8857411368  0.6292423560  0.6239867314  0.3362360165  0.2899706196  0.2021832850  0.1871457276  0.2144230179  0.2352330704  0.2059272552  0.2683879710  0.2777953718  0.2553674385  0.2336264906  0.1644561440  0.1343058542  0.1092072004  0.1235614079  0.2510316896  0.2413837181  0.4515676742  0.4130341428  0.2924631726  0.2717898172  0.1711181552  0.1867022847  0.1675430316  0.1735691586  0.1993405915  0.1535092928  0.1423266869  0.3035064266  0.2732282495  0.2586488278  0.2878302273  0.3609974033  0.4857301858  0.6632518895  1.0260488812  0.9063604445  0.6759774776  0.5032652241  0.3751824713  0.2432640887  0.2823789983  0.1896171174  0.2002135319  0.1875073626  0.1479100114  0.1970361418  0.1608198763  0.2052471796  0.1632069314  0.1914892138  0.1227819971  0.0724371078  0.0965908511  0.1345382057  0.1518029793  0.2008826899  0.3203818100  0.4064115907  0.3348297878  0.3416934401  0.3486956081  0.2777743150  0.2880101144  0.2350518445  0.2621656972  0.2979460269  0.2517162501  0.2116771940  0.2329903548  0.2326631449  0.4780705895  0.4191017135  0.3942069611  0.2342382435  0.2738052739  0.2631485899  0.2758043615  0.2236799715  0.2409781247  0.3082837964  0.2761889705  0.2014061095
  0.3415547270  0.4971741439  0.5173869748  0.4251964828  0.3454565538  0.4004179820  0.7567021570  1.1608765908  1.9364846572  2.2582646572  2.4815644102  2.1737948104  2.6692508221  2.3136749973  1.9329153667  1.9428535320  3.1082923545  5.1726401655  3.1333806108  1.9160356350  1.2097557083  1.0064043817  0.9251717560  0.5882980978  0.6899498984  0.6423807178  0.4437935890  0.3765852132  0.5425523939  0.4719752174  0.3466523949  0.4210143773  0.4429175964  0.3296076726  0.5301380480  0.9190093859  0.8414182857  0.7546171353  1.0410341091  1.3756321184  1.7607179112  1.4717945233  0.9458371748  0.8201144019  0.6458723387  0.7721319615  0.8349503062  0.5602327494  0.3537533320  0.2969239213  0.3159383710  0.2501810297  0.1625207300  0.1052285008  0.1550160576  0.1507028221  0.2007085969  0.3027517764  0.1681588948  0.1564949199  0.1963672940  0.1234489421  0.1350532024  0.1033728557  0.1121841241  0.1121361347  0.1061745961  0.1224959963  0.0892576090  0.0720692496  0.1206661732  0.1203803277  0.1679280402  0.1583397530  0.1734453692  0.1458542327  0.1682713259  0.2152256677  0.4761449494  0.5367116651  0.5403860003  0.4392094915  0.3743054391  0.4395168668  0.4508016209  0.3267462916  0.3932644403  0.2989258900  0.2491184945  0.3072067722  0.4892076555  0.7856290600  1.0844215669  1.3641209945  2.2019633548  3.0091379807  6.1725696345  7.9092600257  4.2050980865  4.2231608862  2.7522156561  2.5015626503  2.0868896672  1.8827807434  2.9415270352  3.7226705572  3.6468990821  2.8291954654  2.8956705048  3.0032491546  1.6274653617  1.1227651741  0.9362856546  1.0576463738  0.8855734112  0.4672932503  0.6387544502  0.5212086284  0.3193921737  0.3118495905  0.3119937696  0.2577810444  0.2843945529  0.2185445092  0.1771522795  0.2526429551  0.2029018526  0.2094036689  0.2065774627  0.1930982886  0.1483945693  0.1583420851  0.1355482701  0.2325674555  0.4870664962  0.5856899818  0.4281876764  0.3557908464  0.3802294381  0.2894229235  0.1540040095  0.1509332123  0.1399375759  0.1555493986  0.1810924268  0.2485654025  0.2839259733  0.2757668089  0.2796735537  0.4265725496  0.5291193938  0.5926668028  0.5838970392  0.6416051531  0.3600573062  0.2726864786  0.3408818954  0.1936119484  0.1981903506  0.2548504493  0.2709930091  0.2158529267  0.1826912710  0.2243265089  0.2281773336  0.2400621629  0.1876514861  0.1521820691  0.1580939129  0.1160365288  0.1292358055  0.1248134191  0.1926427081  0.3093464296  0.3208964862  0.3932521203  0.4415890915  0.4846226489  0.2851850758  0.2981576308  0.3095868862  0.3381403679  0.2514842283  0.2158782717  0.1838621974  0.1780591120  0.1584543059  0.2599260336  0.2784639982  0.2795106248  0.3991326878  0.2940486714  0.4199221245  0.3675989890  0.2498150468  0.2755914209  0.2358267239  0.2569103739  0.2707555728  0.2084247540  0.3124459326
  0.4728369029  0.4605877720  0.4240794652  0.3544575857  0.3994392048  0.4382988998  1.0355120885  1.4230944922  2.0188240465  2.3762812777  2.3588191005  1.7544136213  1.3081791990  1.0446302184  1.1013066388  1.4869335496  2.0765787251  1.6847109524  1.6067882672  1.6294782335  1.4647421176  0.6551013843  0.5647429111  0.7772959836  0.6267824791  0.5314868996  0.4398925016  0.3388391224  0.3267504804  0.2205770979  0.1974989268  0.2391921026  0.2870047950  0.3930016998  0.8855588267  0.7126412691  0.8345231144  1.0519450137  1.8222489584  2.1520791588  1.8312527733  0.8414805874  0.7809424351  0.9263719035  0.8894485277  0.5064863674  0.5386451550  0.5230660527  0.3811834974  0.3495072602  0.2876700248  0.2071204743  0.1096642636  0.1169026626  0.1079388918  0.2440880071  0.3337941888  0.2818835937  0.2408500412  0.1968248653  0.1245992961  0.1140844308  0.1381746519  0.1643376709  0.1398338689  0.1582797845  0.1286648963  0.1180504784  0.0898766923  0.0978747028  0.1257164685  0.1138887944  0.0846101881  0.1038155439  0.1449607344  0.1486855151  0.2830944055  0.5206195836  0.5468642779  0.5525040831  0.6136392122  0.4690373688  0.4506161393  0.4045764195  0.3363946017  0.2653640700  0.1519109743  0.1843577876  0.4450077426  0.5309012100  0.6505299619  0.7122401280  1.1379047761  1.2696040229  2.8062780407  3.8329875178  3.2673978517  2.5530495110  2.2143609057  1.9348630902  1.6816823537  1.6560561214  2.0263488828  3.3371924569  2.1000182160  3.3315674973  2.1465193931  2.2599144334  2.1884434957  1.2223609962  1.0974471781  0.9460398717  1.0425834700  0.6623180810  0.4514691496  0.6271753535  0.5599344134  0.3955725136  0.4312499396  0.6085238183  0.2435423110  0.2040634570  0.1405700806  0.1227014550  0.2141046290  0.2251270680  0.3634706512  0.3919317148  0.3256253466  0.1613239588  0.1765619694  0.2065171178  0.3160318049  0.4326355433  0.6370976047  0.4723615336  0.5208450952  0.5838873522  0.2972853084  0.1651351383  0.2087595099  0.2059684545  0.2422834688  0.1889428993  0.1845581131  0.3166566129  0.3265551306  0.3487981478  0.3071754229  0.3161709001  0.2887071294  0.2164801094  0.1881423908  0.1690008082  0.2140437595  0.2711591187  0.2111619761  0.1731300107  0.2074037300  0.2532732291  0.2138328427  0.1823237821  0.2164394012  0.3084235269  0.4188187171  0.1900008145  0.1638695581  0.1567591746  0.1267069947  0.1120532745  0.1165273651  0.1968965487  0.3147962288  0.3163928777  0.5320104082  0.8187816016  0.6330197784  0.3978458227  0.3356404583  0.2944723376  0.4042702303  0.3872284375  0.2282151918  0.1790904382  0.1581141133  0.2156660380  0.2144797004  0.1757803472  0.2037082138  0.3478674607  0.3844063530  0.3630662582  0.3498566037  0.1902320890  0.2047038207  0.2519286355  0.2291959526  0.2487942069  0.2463753850  0.3337718388  0.3848906683
  0.6242814228  0.4943458749  0.5116557079  0.6319653303  0.5256156146  0.8170923757  0.7937473708  1.3704695493  2.4495861060  2.0465645701  1.3580311431  1.1497591281  0.7598954309  0.4501179319  0.6278401594  1.1628910371  0.9803664686  1.1945684290  1.5059075037  0.9946718413  0.8047123613  0.9082871629  1.2267649265  0.6734331018  0.3775620087  0.3062060003  0.1941992782  0.2348175859  0.2055669753  0.1679955044  0.2224753781  0.3466505719  0.3416378181  0.5238948949  0.5766282196  0.5606126683  1.0281383438  1.5443967048  1.6059621838  1.4732844180  1.6822286083  1.4661422276  1.1171477901  1.6891290088  0.6784980718  0.4681355075  0.6047441004  0.5874776614  0.5689556556  0.3810252795  0.2788147684  0.1412992668  0.1890983395  0.1699962972  0.1670505468  0.2376066064  0.2921087357  0.3044246062  0.1823842938  0.1289646547  0.1551627052  0.1719645097  0.3363239252  0.3025217322  0.1973831215  0.1084098943  0.1200942536  0.0978159196  0.0981535817  0.1200486709  0.0907016771  0.0886101681  0.0870615055  0.1167111226  0.1437946276  0.2300495525  0.3242139842  0.3679713699  0.5099226228  0.5903397156  0.6068955641  0.3612190283  0.3299737988  0.2125503268  0.1868151943  0.1419102905  0.1503643473  0.3571456936  0.3999797403  0.3040604985  0.5492637131  0.8691639990  1.0219056814  1.4738355532  1.7283110260  2.2893738595  1.8923894925  1.3833057074  1.2285030478  0.8461921964  0.9482882481  1.7099445806  2.3317519048  2.3718585811  2.7053614846  1.8062593502  1.2928122929  0.9285779304  0.8968691613  0.7764537660  0.7067727838  0.4766187112  0.4955751362  0.4567690542  0.3851509917  0.4014877947  0.2496672614  0.3291906118  0.3016375180  0.2342438853  0.1248205614  0.0836052709  0.1366143575  0.1626956832  0.2491351182  0.3578048693  0.4053178262  0.3331570145  0.2630311003  0.2365530101  0.2969173935  0.4514007066  0.6408179253  0.7083891075  0.8682407721  0.9074291007  0.7469519726  0.5275382366  0.2764464643  0.2040245114  0.1591260412  0.2454701038  0.2526052329  0.2289508694  0.2808861876  0.3060962188  0.3430577527  0.2374151789  0.1589458048  0.1741527978  0.1654061237  0.1318983971  0.1089892327  0.1182766684  0.1878047344  0.2042715899  0.3313335939  0.1678880779  0.1346739799  0.2037770775  0.2023724225  0.2163193716  0.3421590809  0.6459178544  0.1972378489  0.1971511724  0.1806300208  0.0963688642  0.0975013821  0.1769315032  0.1918788809  0.1801771369  0.2366120138  0.5856247473  0.8109264360  0.6347806589  0.4444832110  0.2965110872  0.2618686701  0.4092238052  0.3826799203  0.3937921322  0.2302451166  0.1904094627  0.1815636989  0.2366236295  0.2107225970  0.1837580545  0.3635202348  0.2915937312  0.3148666988  0.3175388445  0.2639006082  0.2183848919  0.1673959124  0.1732705461  0.2881741012  0.2755718358  0.3580637044  0.3240128469  0.4053358784
  0.5860836705  0.4329959855  0.4467671927  0.8426985442  0.7080868991  0.7430484896  0.7762312894  0.9071891227  0.9361288816  0.7368863229  0.8078822596  0.7188723348  0.4772144207  0.4705439198  0.7743563795  0.7146793707  1.0940348016  1.0815418163  0.8812301840  0.8198820199  1.0717066542  1.4990100857  0.9586968087  0.3820029926  0.2270734298  0.1423025953  0.1721248332  0.2623556627  0.2656472288  0.2603528316  0.2842362587  0.3668553852  0.3038854314  0.3767410821  0.5820692405  1.1454834079  1.2064396363  0.9164581466  1.3020871140  1.7103280560  1.0770202407  0.8696137548  0.9733337656  0.7350087590  0.6582748217  0.7619883721  0.7539506117  0.3728139324  0.2526300808  0.1415588870  0.1410494819  0.1780465997  0.3275282432  0.1256272116  0.1638161352  0.2702352922  0.1855002340  0.2262090083  0.2675015100  0.2854252217  0.3746108504  0.4956216905  0.2737875998  0.2114088574  0.1393934846  0.1261047411  0.1778725882  0.1363404801  0.1465542084  0.1043690662  0.0747074953  0.0785915818  0.0746353465  0.1149271424  0.1467530256  0.2226253755  0.2879973717  0.2896408119  0.3618218410  0.2781054533  0.2815592539  0.1708368066  0.2034892105  0.1591230415  0.1523135128  0.1582144008  0.2560665675  0.2916688182  0.4521312786  0.4367090184  0.4454769670  0.3479935500  0.6177588408  1.0835308711  1.0386810920  1.1297250200  0.9399456450  0.8003828324  0.8254549101  1.0391814753  1.4928970658  2.1334686504  2.6268326370  2.2684572062  1.9856321646  0.7704940127  0.3611313102  0.5391287168  0.6258275466  0.4685102113  0.5489364187  0.4194935220  0.4930009300  0.4039939832  0.3540278743  0.3170304466  0.3026776601  0.3860432842  0.2282860926  0.1241291099  0.0933951091  0.0931477658  0.1588399876  0.1612750430  0.2522879756  0.2109558203  0.2342786296  0.2338968689  0.2709842772  0.3081425981  0.5176974645  0.5895106360  0.4818630069  1.1071833380  0.8813497195  0.7610625177  0.6049488569  0.4754195541  0.2268368007  0.2222641272  0.2891220698  0.3719304924  0.2899067057  0.2219393993  0.3620520988  0.2463250852  0.2212475569  0.1493432752  0.1148129871  0.1951861940  0.1436497639  0.1323802376  0.1641587745  0.2556998499  0.3239556168  0.4145202157  0.2190789164  0.1163698766  0.1826335087  0.2041072654  0.2909479024  0.4889984602  0.4736713536  0.2467307766  0.1700147884  0.1550079084  0.1330046316  0.1160653191  0.1504189440  0.2597674127  0.2704444438  0.3668034597  0.9837632339  0.8117733538  0.5294673305  0.5704440436  0.4329350546  0.4662035271  0.3933256929  0.3292445112  0.2182333395  0.1789801067  0.2091389345  0.3244123037  0.2909053498  0.1425814726  0.1899953317  0.2713038056  0.4167479210  0.2678844948  0.3551863839  0.2888823526  0.1868337330  0.1265281368  0.2479891990  0.3476057527  0.2833478242  0.3239974221  0.3990547874  0.5735284463  0.6153776897
  0.4869885038  0.4939892135  0.4637436428  0.5652240271  0.7870124871  0.9000977282  0.9056706536  0.6793718468  0.4306687707  0.7082642352  0.6749744725  0.4088993831  0.4338739899  0.4646795932  0.6298014610  1.1703475588  0.7486826853  0.6656428025  0.6262241401  0.6635792449  0.5847366657  0.5508791936  0.3126917728  0.1850205889  0.1254881487  0.1537592088  0.2779938500  0.2119874199  0.1834371061  0.1522019572  0.1937390561  0.1445938452  0.2789360732  0.5930382126  0.7946768901  1.1066778725  0.8506381960  1.0025379971  1.1654574349  1.2224522995  0.9019541333  1.4464272837  0.8712530562  0.5898395425  0.7714059975  0.5670286641  0.2309960434  0.2111819557  0.1861124693  0.1654075093  0.2845830650  0.3643067987  0.1432825666  0.1517971577  0.2105883619  0.1985249338  0.2681434104  0.2784021231  0.3013246032  0.3138560558  0.3914581290  0.2874348911  0.1763996298  0.1534602085  0.1454415366  0.2660017872  0.1944728624  0.1549241922  0.1746449478  0.1147562612  0.0579747463  0.0838947248  0.0824965064  0.1177532912  0.1750493570  0.2435510849  0.2554602142  0.2766156539  0.3232292269  0.3043570471  0.2345063566  0.1620706408  0.1811733131  0.1590961753  0.1216432424  0.1053106846  0.1328557966  0.2753581859  0.2176586604  0.2558031598  0.3423812973  0.3436163197  0.5449748654  0.7002224034  0.7554091124  1.0507665391  0.6418386211  0.8517477954  0.8567538710  0.7466486165  1.4573926277  2.0504455452  2.6056861061  1.3552617329  0.5813851120  0.3912271186  0.5235209572  0.3916246735  0.3257374237  0.3777272114  0.3778764374  0.5034913183  0.4728110117  0.3024080142  0.3797538611  0.3259404671  0.3096095179  0.2458003349  0.1243748296  0.0569299611  0.0682910198  0.1268077948  0.1399968799  0.1056279352  0.1191356300  0.1710368411  0.2848914106  0.2831865930  0.2731373083  0.4471592099  0.5260817518  0.4385700940  0.4542575164  0.6243629821  0.4221911903  0.4292583787  0.4105798484  0.2673052853  0.2564509649  0.3036638800  0.4280019817  0.3052806357  0.3315843491  0.4008428526  0.3368859720  0.3130318469  0.1885361479  0.2147720218  0.3038834724  0.2479336171  0.1962955485  0.2523683831  0.3299923834  0.4225811555  0.3348501653  0.1787620317  0.1075732721  0.1578677520  0.1817103741  0.4417788201  0.4769426492  0.3558212566  0.2405358777  0.2015172835  0.2137896601  0.1575650040  0.1307150182  0.2162742672  0.2975117135  0.3678828640  0.5410387589  0.7680604053  0.4975445092  0.4765639100  0.5163618604  0.6616464508  0.5476049187  0.3732496574  0.3369867381  0.2316505827  0.2036822825  0.2014669999  0.2561902640  0.2533032063  0.1945591952  0.2845008655  0.2927196632  0.2698255417  0.1642984076  0.2060028592  0.1486464244  0.1431371544  0.1645015574  0.3236593664  0.3621911247  0.2497679013  0.4101276221  0.5932534057  0.6517700489  0.7365685084  0.7536920660
  0.7108120545  0.4460380775  0.4749296732  0.5929595738  0.5849585951  0.6267922982  0.6183218603  0.5719814606  0.6256683561  0.5184773368  0.3661239182  0.3367542362  0.5596638427  0.5212833734  0.7048985136  0.6391011516  0.5698282703  0.4051247085  0.2466832390  0.2283206999  0.2603384592  0.2779967256  0.1862503894  0.1320068265  0.1116273193  0.1583550242  0.1267658042  0.1241891697  0.1466772988  0.1303138202  0.1156155319  0.2870286094  0.4754664111  0.9337387662  0.7714777429  0.6564510761  0.6231592204  0.9997874763  1.2242356700  1.2919977002  2.2037108844  0.9167778136  0.4533098009  0.5132744358  0.5271613714  0.2863212376  0.2656849268  0.2815207748  0.2566312121  0.2669643838  0.2468453237  0.1621940052  0.1533944029  0.1446021132  0.1652621893  0.1656993901  0.1866785935  0.1867145745  0.2085845958  0.2273688696  0.2382631255  0.1557405629  0.1318978034  0.1908984292  0.1672115802  0.1874280468  0.2055192330  0.2317376374  0.1337108902  0.0520819288  0.0534933301  0.0667899978  0.1076275083  0.1833241032  0.1816581610  0.1970015653  0.2316259914  0.2713709607  0.2898818824  0.1790236145  0.1269586951  0.1609608196  0.1592365886  0.1253294794  0.0919033399  0.1243897217  0.2630383526  0.1613013970  0.2219417692  0.2435259883  0.2534990269  0.2550428076  0.3199950735  0.4968456361  0.7449890811  0.5864954074  0.5999930143  0.5376467031  0.6789335243  1.0897171328  2.4255051542  2.1945697063  0.8413867441  0.8127210503  0.6785459159  0.3875068903  0.2795721553  0.3591775453  0.3986820758  0.3740242896  0.4274065320  0.4803907560  0.2754800375  0.3372654789  0.3285933742  0.2567649018  0.1651961127  0.0755426789  0.0882553097  0.0901471725  0.1115539596  0.1231571735  0.1035262909  0.0795813448  0.1511306279  0.1860130271  0.1890181030  0.2863098209  0.3514200355  0.3506242409  0.3342570443  0.3434805731  0.3576770086  0.2220650383  0.4250162958  0.4179092728  0.2253412794  0.1986713836  0.2691317627  0.3138568715  0.2499526563  0.2626941306  0.2785297435  0.3171824618  0.4775832512  0.3696023138  0.4245571893  0.4864703285  0.3857085394  0.2198867391  0.2820091505  0.3538881515  0.4633522667  0.2907760232  0.2796604831  0.1813105626  0.1515384793  0.2505744519  0.3582095457  0.4184386260  0.3443269610  0.2162625698  0.1827461604  0.1922585604  0.2059415456  0.1314914481  0.1693371468  0.2484365287  0.3265636075  0.3493882143  0.3891363416  0.3495307237  0.4325560377  0.5388304485  0.4843468505  0.5574082989  0.3265051579  0.3247637404  0.3090098524  0.2139228049  0.1851063390  0.1999862453  0.2042171347  0.2240190731  0.2922380225  0.2365872020  0.2185885799  0.1208784454  0.1181489836  0.0966663114  0.1486516093  0.2340465608  0.3038978235  0.3614152685  0.2710285264  0.4530087054  0.5513167871  0.5766765024  0.7232120969  0.8787876785  0.8732067429
  0.6357744478  0.6287885887  0.6945329979  0.5399685952  0.4931662174  0.6663591383  0.6455373535  0.5886776439  0.3292633290  0.4182629886  0.5930271097  0.8407212481  0.6835035524  0.7901663369  0.6631494282  0.4325376432  0.4190190279  0.2023429342  0.2456791351  0.2771587812  0.1806183702  0.1262287381  0.0945017965  0.0687389878  0.0596771298  0.0808451255  0.0929141131  0.0867406088  0.0885628020  0.1585443341  0.2545737723  0.3034836510  0.5164056925  0.7030357675  0.4465306524  0.4786684055  0.7420807368  1.3731562808  1.3085009008  0.7732309896  0.7137973493  0.5606635164  0.4107908959  0.3615576339  0.3664853358  0.3468594250  0.2409681551  0.3099780184  0.2409208352  0.3054869786  0.3129817575  0.2963304741  0.2002699233  0.1136910576  0.1026385032  0.1467338127  0.1134317464  0.1366268720  0.1501696797  0.2878931143  0.2369491163  0.1626960565  0.1653638021  0.1196643044  0.1499062427  0.1426215064  0.2012439919  0.1023324223  0.0484334484  0.0520037983  0.0768909895  0.0797168450  0.1158173012  0.1553546036  0.1747927664  0.1545263254  0.2317927483  0.2895428973  0.1693805652  0.1210554389  0.1587356588  0.1596806179  0.1543261887  0.1431620432  0.0983935447  0.1027990186  0.1739784687  0.1849628577  0.1451825411  0.2715405404  0.1944099051  0.2102708482  0.2448211502  0.2570185901  0.2811518583  0.3563113596  0.3644325733  0.4623848167  0.7730255290  1.4325868460  1.3798746507  1.0065964933  0.9944015137  1.0210232672  0.6186491208  0.3086844858  0.3029434204  0.4147562416  0.3839436895  0.2939015886  0.2980806036  0.3141865874  0.2513445311  0.2572257528  0.1763821996  0.1481708775  0.0781307583  0.0760752592  0.1108599339  0.1249651190  0.1680106693  0.1630903766  0.0979496153  0.1268096991  0.1374880584  0.1705993411  0.2831810056  0.2617060943  0.3193767213  0.3752244632  0.2637211536  0.3138573295  0.2959881543  0.2288918608  0.2604115366  0.1579137814  0.1602593559  0.1955426740  0.2720546686  0.2760526600  0.2504760107  0.3059537562  0.2782488236  0.3114377330  0.3943372835  0.3292832434  0.4488294706  0.2804242369  0.2076286513  0.3113752587  0.3212911159  0.4097769217  0.2973602731  0.2050162196  0.2571175989  0.1908684380  0.1524583620  0.2707355202  0.2940134525  0.2297211462  0.1792176471  0.1530133183  0.1503615646  0.1515719140  0.1599197240  0.1763866741  0.4108066564  0.3380861240  0.3415607268  0.3324249064  0.2619910863  0.3598204437  0.3359094385  0.3995325449  0.4954154480  0.4840107026  0.4286714603  0.3662974628  0.2580344205  0.2830381445  0.1734398829  0.2021389472  0.2260356465  0.2395719882  0.2107137472  0.3119893310  0.2461091080  0.1868508501  0.1494267519  0.1605463991  0.2481725543  0.3036893965  0.2658898810  0.2553510682  0.5362308581  0.6249622153  0.5253067292  0.7126145555  1.3394007010  1.1716752123  0.8263523063
  0.7018111413  0.6039941306  0.6511039350  0.5755049725  0.6082920778  0.3192703239  0.3654446236  0.4072009611  0.4378052225  0.5843573831  0.8258012751  0.9945432965  1.0492769808  0.5936873763  0.5286980514  0.3869258328  0.2118485196  0.2074242194  0.2075140501  0.1255142887  0.1061772290  0.0746829014  0.0631048764  0.0396230929  0.0518359590  0.0457705000  0.0799413692  0.1225818676  0.1568554624  0.2016866002  0.1767985989  0.2805235801  0.3353528152  0.2452203374  0.3209677380  0.5697956132  1.3709429545  1.3360977920  0.7065078575  0.6007702586  0.3567076239  0.3356689128  0.3032419242  0.2910222685  0.2086666569  0.2336960017  0.2986692025  0.2047854116  0.2548019207  0.2189939204  0.1868332708  0.1232917291  0.0984496758  0.0670542963  0.0918555685  0.1098463409  0.0953769365  0.1795694534  0.2755708747  0.2857023043  0.3280030760  0.2372217173  0.1358409384  0.1514026474  0.1377807080  0.1650490782  0.0828618848  0.0492498723  0.0556828690  0.0906366959  0.0737170765  0.1037432197  0.1315844096  0.1218539894  0.1714824617  0.1470001006  0.1449806001  0.1248364864  0.1209039430  0.1708004858  0.1617880193  0.1740242514  0.1356870677  0.0912136899  0.1020729483  0.1069420604  0.0803375806  0.1164703794  0.1588664188  0.1738928810  0.1536466276  0.1120813001  0.1325177529  0.1036709690  0.1845043543  0.4123818861  0.5749648637  0.9567847941  1.0116885231  0.8958074936  0.9816421044  0.9435042532  0.8423660304  0.5553777198  0.4117907467  0.4845436919  0.6272780217  0.3754793690  0.2530223631  0.2070937579  0.2807075263  0.2822540026  0.2178920422  0.1317272328  0.1299497248  0.1210759557  0.1017515600  0.1243162414  0.1500971726  0.2312851637  0.1374614186  0.1146157636  0.1275616157  0.1826630797  0.1894841090  0.1921090644  0.1681513773  0.2598463280  0.2218713349  0.1852469944  0.3435463755  0.2156777943  0.1375949761  0.1833687976  0.1092976050  0.1160473232  0.0959750067  0.1127646112  0.1681585695  0.1436938265  0.1751368195  0.1537878260  0.2445362465  0.1721738100  0.2000628015  0.2210231087  0.1570783235  0.1556909343  0.2195789614  0.2540183468  0.3294640430  0.2678523989  0.2411733590  0.2430929204  0.1790571486  0.1655747795  0.2344777588  0.3321897155  0.2008953452  0.1343047672  0.1574149518  0.2002914987  0.2101994638  0.1831382116  0.1970173226  0.2306500585  0.2553622542  0.3707131120  0.3134021509  0.2358561869  0.2332588669  0.2927271084  0.3062383759  0.3898611956  0.7413344701  0.7708940465  0.8834702896  0.6123427106  0.4232578191  0.3357319988  0.2432466751  0.2240048864  0.1508161404  0.2210380241  0.3221579319  0.3145505527  0.2700398788  0.2193195832  0.1785999869  0.1667469796  0.3072482832  0.3438833755  0.3646036651  0.4820995577  0.5670568908  0.5279133398  0.5810022674  1.0690886499  1.2514996930  1.1947528070  0.8750025112
  0.6115334009  0.8315941240  0.6332771620  0.6669103789  0.2925848308  0.3447773102  0.5151268843  0.6664728596  0.8706959539  0.6677169273  0.4216369631  0.5094771710  0.2899050334  0.3342589294  0.3008226496  0.2758129278  0.1809326663  0.2074431820  0.1192723677  0.0713777513  0.0665386639  0.0429184477  0.0467150618  0.0629747516  0.0332541643  0.0436778824  0.0824108869  0.1496423925  0.1626716440  0.1684380958  0.2272241059  0.1896712055  0.1922285833  0.2645749920  0.3789336099  0.7282875256  0.9566010230  0.7353273356  0.4838450399  0.4329787608  0.2995368473  0.3163750736  0.2032180127  0.1462482260  0.2613039186  0.2230609971  0.1358344942  0.1145113943  0.1026616654  0.0916350650  0.0709108366  0.0738515853  0.0559186901  0.0519176089  0.0542083234  0.0703296165  0.1238038564  0.2338378814  0.3417041069  0.3791328768  0.3088912179  0.2032701381  0.1654813848  0.1872210422  0.1417308135  0.0979937762  0.0775516054  0.0765233111  0.0965734858  0.1450330476  0.1713568503  0.1472252785  0.1335798833  0.1182175939  0.0846662486  0.1269463803  0.1444808948  0.1306133370  0.1298269246  0.0884878610  0.1053648666  0.1405121807  0.1309666245  0.1068899478  0.1083756255  0.0950080011  0.0899879561  0.0604268713  0.0841550765  0.0904102183  0.0848366222  0.0976180492  0.0640477344  0.1484232375  0.2948854622  0.3790239643  0.6533307186  1.0320260279  0.7949352782  0.7911132719  0.8410376225  0.8777072249  0.5537813762  0.4143444693  0.3716592093  0.5057008074  0.4695497301  0.2993453281  0.1902390154  0.2444712705  0.2152514050  0.1869647550  0.1058273749  0.1257546800  0.2277322187  0.1473027952  0.1337598911  0.1717753539  0.1713014579  0.1400908300  0.1845066809  0.2138345441  0.2685535802  0.2961425081  0.1439009985  0.2117677128  0.3331628354  0.3410411411  0.3532070075  0.4293880283  0.3516758474  0.2313100700  0.1599884132  0.0755414886  0.0941133508  0.0928335129  0.0865424619  0.0847704396  0.0848196254  0.1107562419  0.1768040378  0.2590080688  0.1725122929  0.1595864240  0.1724602072  0.1557961805  0.1674668690  0.2199199074  0.3167108920  0.3615773052  0.3051563593  0.3449697224  0.2665293595  0.1536190094  0.1637845211  0.2434823362  0.3107680490  0.2202234156  0.1629903063  0.1986808285  0.2259277591  0.2832580208  0.3015831720  0.1746144854  0.1591189793  0.1605595552  0.1923989211  0.2174336987  0.2247225727  0.2018641056  0.1896849056  0.3177559447  0.5528575382  0.7485802527  0.8558331837  0.8314158594  0.6124340026  0.4314808041  0.3153446493  0.1995738938  0.1568616458  0.0700097604  0.1273099966  0.2470103274  0.2633858275  0.2074046114  0.1922636214  0.1567605775  0.1915381005  0.2340427316  0.2188698346  0.2856023051  0.2697714194  0.3142675740  0.3722590159  0.5680405900  0.6185745728  0.9862487081  1.1224385343  0.8360610051  0.7553371418
  0.6695241742  0.5259252557  0.4311123119  0.3991083331  0.3595018407  0.4885565971  0.4214340217  0.6613475791  0.3785838746  0.3148137093  0.3638271886  0.2416826779  0.2864987211  0.3212707111  0.2722329260  0.2305496287  0.3396962906  0.1894562643  0.1186005176  0.0681385380  0.0405607968  0.0398674280  0.0495112546  0.0499434588  0.0494189018  0.0673926725  0.1291094589  0.1330320072  0.2499051711  0.3131455456  0.1747682213  0.1607060902  0.2751992027  0.2942607711  0.5456847490  0.6327721969  0.5633971550  0.4779418256  0.3481326592  0.3773909409  0.3172779268  0.1855843552  0.1649289407  0.2653677088  0.2520412074  0.2290383929  0.1669587571  0.0821906824  0.0786480672  0.0554901416  0.0604055367  0.0796518632  0.0664913075  0.0597259273  0.0621161853  0.0863161984  0.2037915214  0.3421184644  0.4704990744  0.2992055713  0.2317704788  0.1416191312  0.0952487813  0.0874572475  0.0874710742  0.0859651981  0.1008859060  0.1375965458  0.1213208317  0.1684566435  0.1560178559  0.0863791260  0.1112733661  0.0985933174  0.1286822019  0.1034644334  0.0912436389  0.0742465515  0.0822887136  0.0611371842  0.0756123764  0.1331009775  0.0783390079  0.0914460138  0.1196622489  0.0862672673  0.0739251476  0.0836885555  0.1027087914  0.0889065147  0.1023708164  0.1470233027  0.1795623206  0.2804433815  0.3553043602  0.5058471595  1.0042594076  0.8588890781  0.5426532358  0.4532746189  0.4532670459  0.4505386594  0.4398075365  0.2635116733  0.2682650059  0.2812892067  0.2057512344  0.2348616010  0.2357673967  0.1495068908  0.1291906573  0.1051854788  0.1575784190  0.2623189627  0.2251354922  0.1943781376  0.2022561474  0.2230588821  0.1739768096  0.1943180227  0.2064831041  0.3429318874  0.3382504749  0.1805488678  0.2513015375  0.2768370497  0.4269284652  0.5990622880  0.4508195215  0.3737415550  0.2016219227  0.1466403731  0.0978568350  0.0793302601  0.0668010092  0.0618568509  0.0579755393  0.0647832202  0.0670448513  0.1017541748  0.1312526470  0.1434936710  0.1956369108  0.1608918302  0.1249275994  0.1935367959  0.2377638018  0.3206860579  0.3010076863  0.3178409989  0.3533982523  0.2934092684  0.2645461005  0.2187978477  0.2308617349  0.2705722006  0.2616224024  0.2928316853  0.2682719233  0.2162838190  0.2493943099  0.2854324578  0.2061812996  0.1563915068  0.2291166611  0.2488449065  0.1655753462  0.1143853125  0.1720399277  0.1451362616  0.3149770463  0.4452599728  0.4809091671  0.5893062220  0.6539220352  0.6232581577  0.3947791472  0.3836135612  0.2883161076  0.1850481719  0.1406447232  0.1960145231  0.3043969756  0.2435097308  0.1588748156  0.1238573213  0.1672714213  0.2007963248  0.2343799145  0.1581060826  0.1204155555  0.1805538583  0.2312968761  0.3212111691  0.3653676465  0.4515348941  0.6025677709  0.6921396726  0.7474888683  0.4822243114  0.6123817326
  0.5291631579  0.5812290237  0.4914661872  0.4482799600  0.3397930608  0.3262684065  0.3749517730  0.3611532804  0.2215591022  0.1699202125  0.2001459523  0.1637822190  0.2428506265  0.2197818365  0.1975928238  0.1914917893  0.2382530280  0.1741112864  0.0788741243  0.0545728465  0.0427531812  0.0511212997  0.0620382304  0.0520738366  0.0528894208  0.0655350515  0.1179429131  0.2718954661  0.3688991400  0.3323037049  0.2915556835  0.2851673555  0.3290703562  0.4654316308  0.3331193735  0.3425159015  0.3125027642  0.2256783283  0.2976084487  0.3421329931  0.2152085337  0.2739059830  0.2318877666  0.1863411637  0.1649755067  0.1542647287  0.1024393602  0.0701440524  0.0485796146  0.0533323745  0.0803469428  0.0897309257  0.0808850183  0.0759871404  0.1152734048  0.1613195226  0.2892389450  0.5401336734  0.4342637801  0.2776640546  0.1530036584  0.1230413329  0.0841757908  0.0566657591  0.0700659260  0.0850805558  0.1468372083  0.0979489001  0.0839577804  0.0771392710  0.0512185948  0.0814640651  0.1006517024  0.1019970571  0.1194498718  0.0951514796  0.0836430402  0.0802128071  0.0634425484  0.0518898271  0.0843226517  0.0931057129  0.1171288957  0.1399606676  0.1001854449  0.1298692588  0.1365251055  0.1545394537  0.1222244201  0.1412923685  0.2418303520  0.2692367145  0.1859475847  0.2288601993  0.5834461061  0.8635423511  0.6166909533  0.5029267899  0.3690931225  0.3294005416  0.3854509553  0.6105866896  0.4272243107  0.2269698915  0.1963923752  0.1671205763  0.2162050033  0.2821811487  0.1894542767  0.1203453006  0.1124067402  0.1461233401  0.2534258390  0.2713481245  0.2438767111  0.3119830662  0.2689077584  0.2385952493  0.2087526718  0.2586538734  0.3552102677  0.2922250832  0.1694636773  0.2800590288  0.2467355617  0.3913112570  0.4434543302  0.4466077418  0.3120986312  0.2405031809  0.1675327238  0.0876725096  0.0728357846  0.0541009327  0.0440415130  0.0319713465  0.0277736490  0.0436037278  0.0490203385  0.1126334771  0.1209721361  0.2116018799  0.1476891274  0.1494038598  0.1269484043  0.1518053761  0.2861639671  0.2445214092  0.3321582315  0.3629782702  0.2303775383  0.2474904321  0.2754992205  0.2224960658  0.2216518885  0.2422156311  0.1957614807  0.2301444130  0.2408972244  0.2552817389  0.2465787214  0.2396911356  0.1497494134  0.1608042390  0.1618861137  0.1264569406  0.0906928703  0.1647175803  0.2130658961  0.3488041927  0.5856502537  0.6599977112  0.5548214350  0.7601474100  1.0013121521  0.5330560322  0.2910225586  0.2456931374  0.2507450674  0.2308727297  0.2739562935  0.2158055036  0.1593183735  0.1835661176  0.1244069841  0.1078358200  0.1803689385  0.2239631176  0.1917578113  0.1581249400  0.1582695860  0.1802669138  0.2728241062  0.2821269220  0.2431011267  0.1990100521  0.4837566606  0.6371795986  0.5599507685  0.4838847779  0.5476333763
  0.7689635284  0.4305080336  0.4964438542  0.3119270630  0.2941471878  0.2324692637  0.1479330773  0.1661835403  0.1224250865  0.1203559123  0.0964257457  0.1413253891  0.1803307639  0.1672175606  0.1189491498  0.1128341861  0.1297423885  0.0752027083  0.0449443865  0.0431389991  0.0765471551  0.0941601767  0.0408926625  0.0421950640  0.0607476021  0.1054325695  0.1942321822  0.2290163713  0.3224087842  0.3512951399  0.3699435907  0.2592311268  0.3356561544  0.2574329814  0.1986394695  0.2331824806  0.3000425892  0.3694035948  0.3128304656  0.2707397347  0.2067648280  0.1802158212  0.1544053268  0.1187132332  0.0796762433  0.0721222797  0.0374537356  0.0296331351  0.0361716031  0.0626783138  0.1181071305  0.0873269071  0.0841200718  0.1343506249  0.2207100488  0.2763381786  0.3211816826  0.3530651473  0.3210632477  0.2306772818  0.2507482152  0.1727945990  0.0673316501  0.0669140274  0.0832382821  0.1000452724  0.1005814759  0.0850431620  0.0582261089  0.0623723537  0.0638849812  0.0846970220  0.1200391591  0.1573120406  0.0880709088  0.0672732812  0.0790562304  0.0709334618  0.0426836594  0.0383932332  0.0539317588  0.1238040775  0.1764936417  0.1539521946  0.1216223615  0.1762419661  0.1817825112  0.1723189419  0.2743529403  0.3063172692  0.3177565399  0.1873774694  0.1764802573  0.3855876148  0.6989470670  0.5954572188  0.4932665549  0.4328640990  0.2950459791  0.4413082152  0.6526576569  0.4899223804  0.1904673869  0.1386880959  0.1822634301  0.2421372651  0.3011013263  0.2788948365  0.1790489060  0.1745685343  0.2446492774  0.2409750724  0.2000487489  0.2460156318  0.2974651611  0.3685480137  0.3064273890  0.3673245286  0.3702778447  0.4231345258  0.3518977775  0.2148619532  0.2962187964  0.3935342517  0.2746299713  0.3604910852  0.3309386467  0.3923364888  0.1987807983  0.1525040487  0.0485511774  0.0601034467  0.0399578318  0.0246084770  0.0290941100  0.0304931416  0.0361695828  0.0464005217  0.0822431809  0.1138454035  0.1613754616  0.1337308265  0.1393031295  0.1865305719  0.2598634045  0.2639030796  0.3162287419  0.4287830272  0.5816647850  0.4202662384  0.4449816533  0.2796268738  0.2145127207  0.1865435406  0.1925954425  0.1990675606  0.2562709473  0.1657869733  0.1712988446  0.2092049682  0.2031713390  0.1785841045  0.1618077206  0.1914283099  0.1315333760  0.1090055165  0.1586718004  0.2569438785  0.6616002949  0.9712053311  1.0201519268  0.7459584701  0.5896954658  0.9139885869  0.6261030855  0.4030891641  0.3578490887  0.3153654429  0.3501003243  0.2763815152  0.2462432182  0.1514267981  0.1566157582  0.1340183931  0.1161858189  0.2110110528  0.2360542666  0.2087222165  0.2008464948  0.2151695009  0.2833359563  0.3468741193  0.2574456714  0.2170481856  0.2355898569  0.7248209596  0.8778935872  0.4173203038  0.3476235818  0.4071202013  0.4723855466
  0.5567677717  0.3661765053  0.2244115928  0.1635698520  0.1751978516  0.1056217862  0.1074011205  0.0600628411  0.0428227544  0.0627971472  0.0532729661  0.0765091825  0.0803973268  0.0679666400  0.0785996529  0.0856505643  0.0827393353  0.0522457747  0.0613000914  0.0911836778  0.0741773883  0.0396796647  0.0593366335  0.0761676852  0.0898951831  0.1035386689  0.1841537199  0.3430447412  0.2232219853  0.3239123030  0.3510390493  0.3139125261  0.2974780094  0.1879838120  0.2438003792  0.3659163672  0.4433814776  0.4327791128  0.2315118131  0.1189428389  0.1656735199  0.1393552140  0.0856419857  0.0553100383  0.0422507615  0.0209342275  0.0200691690  0.0279334255  0.0428682249  0.0843678692  0.0972558457  0.1009029388  0.1442671941  0.2242410524  0.2610263406  0.3115087034  0.2443681274  0.2702870687  0.2646566789  0.2702101986  0.1606686047  0.1393577270  0.0897455282  0.0844291341  0.0825699361  0.1353295865  0.1166107405  0.0876557814  0.0707470599  0.0826473752  0.0837474660  0.0742366633  0.1080331990  0.1237706283  0.0961836757  0.0866854103  0.0759666786  0.0638769605  0.0528299356  0.0582923226  0.1349138590  0.1990544383  0.1705738831  0.1061171357  0.1626007026  0.2061306422  0.2657559628  0.3057440769  0.3059598013  0.2386070342  0.1868298582  0.2922560527  0.3433536662  0.5515417679  0.6377306412  0.3254982084  0.2737149335  0.3560040037  0.3763620182  0.3948594383  0.3501889258  0.2732489685  0.2496808929  0.1790422801  0.2532565401  0.4228350447  0.3878209828  0.3292161718  0.2391332680  0.1984304393  0.2388053392  0.3236929189  0.3190696313  0.4098019998  0.5782549650  0.6603958608  0.6717975736  0.6359661997  0.6117104684  0.2801520165  0.1937783599  0.3502405988  0.3898466561  0.3854189436  0.4414801309  0.3612534119  0.3221883746  0.1113394801  0.0633904006  0.0306003200  0.0346153519  0.0216452525  0.0184178415  0.0227733987  0.0198080683  0.0284945405  0.0371666528  0.0722557589  0.0989237272  0.1704993617  0.1444779339  0.1335161383  0.1667260145  0.2645840662  0.2888019693  0.3205465589  0.3649569003  0.4578192557  0.3840932127  0.4150618938  0.3213830667  0.2547349010  0.2030067931  0.3650546626  0.3573439146  0.2071065414  0.1768991429  0.1637915092  0.1869201522  0.1831095736  0.1475976065  0.1633725407  0.2213306712  0.1207625565  0.1713988122  0.1665431598  0.4483367880  0.7085938823  1.0724826073  0.8265678889  0.5314358755  0.5459036140  0.9898034118  0.6625102944  0.4174521283  0.5639239475  0.4900644848  0.3110515299  0.2295184420  0.2078822148  0.2406036578  0.1719586845  0.1375569295  0.1429162963  0.2327544886  0.2276181882  0.2354929501  0.2941632107  0.3271447016  0.3600553297  0.6289234635  0.2727957030  0.2835919109  0.3056462071  0.4924914838  0.4385325554  0.4030516237  0.3707711595  0.3365699824  0.3537762754  0.3371322884
  0.2851235764  0.2095229427  0.1155774699  0.1598782708  0.1569146100  0.1075349829  0.0613713633  0.0363944040  0.0281389650  0.0295962054  0.0300108300  0.0345766048  0.0415650107  0.0389292130  0.0463996442  0.0650087953  0.0721960512  0.0422376882  0.0687730870  0.0515974085  0.0348566941  0.0408613974  0.1054054674  0.0795110868  0.0801834945  0.0962331124  0.2188874963  0.1882478815  0.2789353477  0.3383685355  0.3123183106  0.2518036083  0.1882314306  0.1804054826  0.2955500953  0.2965687542  0.5550216507  0.2501187548  0.2055542252  0.1614153417  0.1150512986  0.0919347513  0.0819261887  0.0370304324  0.0273835573  0.0244658915  0.0212821883  0.0356724454  0.0622732966  0.1004412856  0.0618080407  0.0996879760  0.1673450421  0.2169934944  0.3085227440  0.2098072834  0.2842848358  0.2752242912  0.2828443734  0.2287985244  0.1753740633  0.1799111443  0.1401373363  0.1038143877  0.1164543255  0.1296267812  0.1518661219  0.1131108441  0.1375944334  0.1119350779  0.0872886316  0.0667670260  0.1265048340  0.0992062460  0.1414804955  0.1086447393  0.1004519359  0.1093470106  0.1621507469  0.2042158451  0.1994185378  0.1937757175  0.1445070031  0.1605653470  0.1865985794  0.1842317935  0.2505747363  0.3671161976  0.4795595490  0.3479716069  0.3945441289  0.4694364415  0.6822587064  0.5144735545  0.2526742764  0.1762383585  0.2627622597  0.2376458906  0.2420629558  0.3610306618  0.4709686443  0.3413662747  0.1994798641  0.2676453224  0.4315425661  0.4662730385  0.4527639682  0.3782097478  0.1618262157  0.2647978628  0.3623778087  0.2488652867  0.3744228798  0.4420344413  0.4185710171  0.4097599328  0.4490139951  0.4021127025  0.3863328662  0.3504617846  0.3762616746  0.3930651763  0.4612983158  0.4294437706  0.2948639389  0.1819129022  0.1084621379  0.0568402392  0.0331876676  0.0287248117  0.0204513059  0.0171380516  0.0178023451  0.0161274287  0.0164967197  0.0248411025  0.0484750699  0.0604657126  0.0961047151  0.1158130985  0.1632331984  0.2597560533  0.3326158600  0.2764271936  0.3124454304  0.3918294131  0.5055169804  0.3394648158  0.3225643920  0.3660551778  0.3472796659  0.3291505134  0.4519116628  0.4798605706  0.3010312459  0.1859478877  0.1314295121  0.2277160145  0.2832671516  0.2140857364  0.2580657568  0.2752250350  0.2173686604  0.3598261011  0.3432970105  0.4675630366  0.4545577415  0.5095518910  0.9031782956  0.7183005311  0.9524036785  0.9050131246  0.6219594264  0.5068298570  0.5184504227  0.2546024790  0.2805285785  0.1991386588  0.1836224078  0.2322462597  0.2237072322  0.1900641946  0.1555403868  0.2207330736  0.2956041870  0.3134521326  0.4797940882  0.6992788753  0.6480463305  0.7518894701  0.4796216417  0.3343805574  0.2808354372  0.3538016433  0.3185308444  0.3386753969  0.2480145169  0.2950296345  0.3056808124  0.2061453021  0.1546415388
  0.1472061292  0.1292151995  0.1267770233  0.1369476449  0.1215935980  0.0408495146  0.0259604060  0.0200965176  0.0299343869  0.0340406382  0.0380827796  0.0181363460  0.0236841098  0.0419464852  0.0658715896  0.0793751791  0.0644960544  0.0365454648  0.0278171028  0.0263041010  0.0390300683  0.0770082729  0.0898064484  0.0776056350  0.1268653320  0.2679870974  0.3174193228  0.2583749492  0.2302437061  0.2306792901  0.1720578693  0.1599854047  0.1547099069  0.2011647752  0.2632249766  0.2896414553  0.2770258776  0.1771447587  0.0988555859  0.0755008532  0.0689672739  0.0490949062  0.0540597461  0.0406250867  0.0338738959  0.0321417809  0.0267274085  0.0697565031  0.0700554683  0.0405990792  0.0792176759  0.1088352186  0.1681483885  0.2449086767  0.2176426726  0.2520698257  0.2846822962  0.2576089502  0.3152093328  0.3342609503  0.3101402813  0.2736113894  0.1931982893  0.1867577931  0.2219482468  0.2563365921  0.1612516011  0.1277159537  0.1613975775  0.1278929507  0.1105701526  0.1042385476  0.1184114783  0.1167605667  0.1282612666  0.1337263251  0.1327570019  0.2283010627  0.2207971349  0.2280013146  0.2094127507  0.1927790394  0.2029575469  0.1936129492  0.2197533375  0.2898535489  0.6359702831  0.8243227987  0.5190902209  0.4759748127  0.5667913266  0.8843375245  0.5523324611  0.2920510140  0.2198433816  0.3589427981  0.2885300772  0.2455550179  0.3840500017  0.6032784778  0.4808987543  0.3735594268  0.4464117704  0.4573369651  0.3040979626  0.3807139288  0.3288373230  0.2370733427  0.3159508586  0.4704636057  0.4139883042  0.4386991583  0.5304518690  0.3801084981  0.3527747806  0.4046518755  0.6216683156  0.6062495410  0.4008792244  0.3846085229  0.3580736322  0.3067597015  0.2807070357  0.1970814806  0.1583685783  0.1315700367  0.0772369248  0.0436478202  0.0404158488  0.0389663978  0.0222705466  0.0188416134  0.0194766645  0.0240751863  0.0291456032  0.0491995903  0.0681532150  0.0951617881  0.1192369029  0.1788352923  0.3382809410  0.4494407500  0.2314301810  0.1765341443  0.3296151438  0.4367796810  0.4498949285  0.3608847857  0.2773687958  0.4887018901  0.5217452081  0.7333553076  0.3885075666  0.2288191947  0.1544513256  0.1350547843  0.2527302208  0.2810883211  0.3466814120  0.3323771934  0.3576255100  0.2924771699  0.3189501559  0.4126853652  0.6333390193  0.3302659484  0.4047715812  0.8121962001  0.7038225209  0.8658648772  0.7900283777  0.5233189570  0.5847037780  0.4039474107  0.3070648265  0.2962828319  0.1866762067  0.1581786682  0.1535183008  0.1859396539  0.2741412739  0.3397613872  0.4109559428  0.3243380826  0.3410023249  0.5873612118  0.9048205380  0.7274722648  0.5145980738  0.3537691477  0.3649359699  0.3278310833  0.3489557980  0.3953788601  0.3933009605  0.2814431371  0.2510253907  0.1415790751  0.1070546324  0.1330510740  0.1250710422
  0.1223465666  0.0816710065  0.0541580980  0.0667913230  0.0425916035  0.0344226954  0.0279281844  0.0284239587  0.0356539677  0.0274538469  0.0218186291  0.0222022316  0.0302156647  0.0363857911  0.0555514978  0.0659569799  0.0257045983  0.0157494579  0.0182166842  0.0366662329  0.0431868328  0.0923363683  0.1255017794  0.1417279983  0.2328208586  0.2612754221  0.2765804431  0.2627461427  0.2067652040  0.1344448463  0.1545998087  0.1573130004  0.1151428149  0.1429178282  0.1677187096  0.2655503690  0.2097399760  0.0741074781  0.0376395166  0.0424703223  0.0433073353  0.0450724976  0.0487643369  0.0356976216  0.0322262111  0.0281039259  0.0364421896  0.0369545076  0.0351841642  0.0398883586  0.0466109147  0.0969180229  0.1379239776  0.1833635365  0.2144919788  0.2011575357  0.2164368730  0.3043181831  0.4366212078  0.5780261379  0.4255708119  0.4416635770  0.4273768215  0.4039654627  0.4103865016  0.1788284072  0.1298025253  0.2152574561  0.2097715729  0.1514598535  0.1266634464  0.1226599555  0.1471602578  0.1479646421  0.2666553302  0.2118529234  0.2085616059  0.2918135925  0.1877131069  0.1593395507  0.1727006263  0.1817559069  0.1902138564  0.4290999283  0.5622091637  0.8829127722  0.6928730993  0.5364639420  0.6795243961  0.6399561670  0.5769624210  0.5804864177  0.4935086632  0.4607926626  0.3633122480  0.2116530623  0.3316019013  0.4290544019  0.6020966049  0.5832860443  0.4873860116  0.6325103692  0.6761343479  0.4684228788  0.5403565304  0.5250118692  0.4470924920  0.4151781930  0.6025236193  0.5636839144  0.6861028890  0.7864309846  0.5873942626  0.5101515627  0.4295249253  0.4553025342  0.5254624375  0.4050987327  0.4374062250  0.2661953788  0.2127987531  0.2101421171  0.1482172871  0.0973792815  0.1030552449  0.0746025258  0.0558486851  0.0592393511  0.0493400421  0.0534610138  0.0312524917  0.0221185639  0.0169577526  0.0282802353  0.0436572079  0.0759522328  0.1578811386  0.1532436308  0.1734413246  0.2625157851  0.2891278974  0.2482783218  0.2815145332  0.3513893384  0.4138750393  0.3799178284  0.3362087423  0.3077579097  0.4073633630  0.5969065204  0.4881760607  0.2289542785  0.1377982116  0.1538922478  0.1976845807  0.2680718113  0.2297769226  0.2532706567  0.2808526101  0.4482631652  0.4065011704  0.4763544611  0.5986731892  0.7076858513  0.7368712419  0.6896291314  0.6089928668  0.5344912109  0.6503086122  0.5643547843  0.4255558075  0.4760367175  0.2684148408  0.1940385904  0.1909593745  0.1619881856  0.1677656074  0.1744089070  0.2881480552  0.3031472731  0.4312680101  0.5738074423  0.3932865420  0.4872271586  0.7481339880  0.8708758125  0.7254656787  0.6171091753  0.5806789389  0.4161823576  0.4068046083  0.3379606577  0.4205758284  0.3247339310  0.2724804718  0.1362945842  0.1095338552  0.0985063380  0.1103767593  0.1484198762  0.1606477267
  0.1380353055  0.0776081278  0.0771484556  0.0818910895  0.0598542359  0.0315436777  0.0270090228  0.0283795823  0.0285120733  0.0250897173  0.0164991116  0.0312581423  0.0271196654  0.0494149144  0.0465391002  0.0332698683  0.0330834280  0.0387046923  0.0573204154  0.0888284725  0.0920297876  0.1054250691  0.2256696169  0.2346946031  0.2216392234  0.2016887933  0.1327076762  0.1265267441  0.1083512738  0.1145066097  0.1162696518  0.0936728657  0.0795799727  0.0815471504  0.1396519467  0.1339410454  0.0611745676  0.0516435922  0.0634335879  0.0644389186  0.0513873272  0.0564802008  0.0447038950  0.0446376044  0.0269886784  0.0300453686  0.0433991843  0.0472041878  0.0415772447  0.0443404498  0.0761027311  0.0896002259  0.1802926628  0.2004186875  0.1921410872  0.2366359818  0.3402932534  0.4088042546  0.6749852750  0.7349752928  0.5768209940  0.4837400466  0.3837136458  0.4036570637  0.3428480299  0.2238504848  0.2084431466  0.2039891504  0.1184481408  0.0981534818  0.1285933060  0.1467254438  0.2318704712  0.2432491433  0.2977892181  0.3095000980  0.3630148725  0.2829290440  0.3246115943  0.2682532319  0.2049438698  0.2432454554  0.5420286386  1.0522817770  1.2088116633  0.7014600121  0.7339231671  0.7581507118  0.4879101407  0.4045347956  0.4245132676  0.4309860657  0.5074559239  0.5027729070  0.3875972972  0.3834247114  0.5834076320  0.6175402832  0.5490985278  0.5668561479  0.6420095014  0.8683528460  0.8654357190  0.7764106195  0.5678463117  0.7718114277  0.9286626122  0.7820110068  0.6458663926  0.8796754520  1.0668106611  0.7255580433  0.5794465958  0.4172004387  0.3694385569  0.4092311867  0.3822097645  0.5067413678  0.3486848198  0.3049258199  0.1398997546  0.1324431275  0.1092149606  0.0930349592  0.0886100962  0.0844993723  0.0637511023  0.0658829779  0.0791681139  0.0512662530  0.0317175311  0.0221366801  0.0355672078  0.0534416776  0.0876391199  0.1843448734  0.1943064705  0.2301387273  0.2870248024  0.3309424846  0.3629463860  0.4188401706  0.3851969595  0.4157303601  0.4239363617  0.4498503840  0.4209514989  0.3606485402  0.2928663369  0.1974931072  0.2466795701  0.1690116568  0.1197701379  0.1613011326  0.1758098604  0.2404836156  0.2407871100  0.4022785511  0.6247564594  0.5166546845  0.6107369656  0.5427678942  0.7382546756  1.6738291186  1.6136039482  0.9655360854  0.5887523754  0.3998781107  0.5838705958  0.4580338433  0.4136250103  0.4479335946  0.1976479333  0.1811697801  0.1438962042  0.0907474429  0.1667316298  0.2198245833  0.2267376886  0.3408692594  0.5007340508  0.5702460958  0.4035430186  0.4200871590  0.4664078627  0.3490318908  0.5262585645  0.5143138060  0.4083012548  0.3569870728  0.2845243937  0.2819723872  0.2144351713  0.1647694065  0.1264707572  0.1226409854  0.0836148355  0.0915305473  0.1134356709  0.1209390964  0.1257475362
  0.1297689800  0.1118203677  0.0801542530  0.0696701548  0.0527225172  0.0429099596  0.0411806902  0.0339353688  0.0213014859  0.0157031280  0.0203707454  0.0337905545  0.0718709288  0.0742534108  0.0485396511  0.0504957610  0.0585196482  0.0894028605  0.1271061870  0.1346688906  0.1297731798  0.2167434007  0.2694708361  0.2664137450  0.1782149244  0.1898053371  0.1969464764  0.1882547373  0.0949242636  0.0878835513  0.0659908944  0.0400631291  0.0823540829  0.0925001797  0.0951610677  0.0703194036  0.0878899455  0.1145605424  0.0989113535  0.0742574967  0.0620415848  0.0342422567  0.0256110198  0.0248224540  0.0256100851  0.0275157391  0.0262590672  0.0419592463  0.0705601570  0.1081903927  0.1243816153  0.2176757864  0.1852433099  0.1926191347  0.2755338328  0.2857484052  0.5138116011  1.0361320078  1.0010715071  0.9720155756  0.9283649358  0.6769551563  0.4922836669  0.2866078447  0.2300692266  0.2421433889  0.1661343974  0.1492824554  0.1373691993  0.1351573062  0.1511397467  0.1971803290  0.3125458433  0.3421579122  0.5311015507  0.6305884413  0.4274360757  0.3852834362  0.3517020142  0.3382098840  0.3832860207  0.4744466130  0.6791913232  0.6218587922  0.6344595276  0.8330808412  0.6384151726  0.4908834053  0.5495276670  0.8086040944  0.8124641496  0.5887116173  0.5850543592  0.5439640501  0.5646801019  0.7310523816  0.6340703437  0.3643684122  0.3906449022  0.6694085086  1.0157269160  1.1482786052  1.1934997595  1.0240361174  1.5101566455  1.3650908277  1.2012628262  0.9201865197  0.7148617666  1.0146022771  0.6352291226  0.6228419101  0.5760814940  0.5751490370  0.5888670052  0.6547734976  0.9338095048  0.6899191931  0.3920357290  0.1444788146  0.1168906734  0.1060298921  0.1494128167  0.1507368035  0.0964616649  0.0834289135  0.0987017278  0.0813370739  0.0578777418  0.0320618692  0.0329864110  0.0389516163  0.0576375328  0.1260177827  0.1840110388  0.1694876375  0.2076316934  0.1894312945  0.2753130754  0.3016241853  0.4182811847  0.4361217466  0.3344700845  0.3494057033  0.4173051924  0.3049369332  0.2546094361  0.2086895892  0.1417157158  0.1776281486  0.1909299973  0.1379906219  0.1317677459  0.1357440662  0.1943625426  0.4156704127  0.8188940570  0.6746458875  0.4558415055  0.6348035676  0.8810169653  0.5999765449  1.0143687679  1.3557631176  1.3395101580  0.8961214680  0.6404559088  0.4796566985  0.4815630824  0.2808706645  0.2722259713  0.2084283206  0.1355575830  0.1122862182  0.1290580555  0.1719368716  0.2813501850  0.2657079331  0.2500504503  0.4423880242  0.5740551254  0.4194717582  0.4458141305  0.4414691938  0.3860917784  0.3975467648  0.5299049133  0.4197504505  0.3665137878  0.5649551330  0.3002386046  0.1395797001  0.0972229695  0.0858571829  0.1175105209  0.0972684853  0.1138132509  0.1445886330  0.1373519085  0.1382190163  0.1209526997
  0.1099911268  0.1110231422  0.0748719427  0.0731344829  0.0530874191  0.0454340990  0.0367803115  0.0201290659  0.0144600705  0.0173291168  0.0456974901  0.0951440315  0.0663000373  0.0711149635  0.1069470390  0.0906688835  0.1181605342  0.1916479375  0.1692863991  0.1920146321  0.2553021717  0.3207037492  0.2909813099  0.2157461108  0.2779099984  0.2524098039  0.2301027008  0.1135564378  0.1157457196  0.1084321822  0.0638710535  0.1174614939  0.1001731485  0.0815863718  0.0899667373  0.1650786639  0.1574510116  0.1342464134  0.1215829475  0.0937916513  0.0525313079  0.0238462069  0.0246211348  0.0207158281  0.0118269582  0.0189218460  0.0455857777  0.0944276001  0.1530659074  0.1452469581  0.1806272221  0.1973329212  0.2825457155  0.3448988935  0.3962817633  0.7501657969  0.9802127871  1.8928208012  1.5859797694  0.9687379012  0.6700226076  0.6627641010  0.5744872829  0.3056648766  0.3105294305  0.1675309289  0.1932500584  0.1440448965  0.1477818812  0.2142842236  0.3718790070  0.5184985675  0.3545606741  0.3829543421  0.4484504039  0.6419354574  0.6419624447  0.6233636845  0.4126503887  0.4207386469  0.5820807716  0.5905803103  0.5114819184  0.7494518609  0.5859469590  0.6777913066  0.6357769491  1.0336636168  1.6315260291  1.2673273329  0.9235696432  1.0011150953  0.7444150958  0.6904499133  0.9490156685  0.6246692468  0.4913593893  0.3994282005  0.5980216680  0.7296697956  0.9375029019  0.9898453968  0.9139070650  1.2099842135  1.6520380885  1.4814905016  1.7133463139  1.8780087650  2.1655608275  0.9186248955  0.9293491687  1.0076378941  0.8307377283  0.6857361641  0.8365273050  0.9286019942  0.7176456341  0.4006711442  0.1573376223  0.1398858288  0.1360418444  0.1939037634  0.1363277909  0.0844765415  0.1827771745  0.1667286096  0.0858448741  0.0947120908  0.0721426551  0.0713517235  0.0676617112  0.0805521647  0.1802919776  0.2187574103  0.1605230660  0.2062205387  0.2234473532  0.2636922313  0.2778375326  0.4089524785  0.3463730864  0.3243665780  0.3000718225  0.3408429730  0.2402653839  0.2113955749  0.1755819943  0.1191152801  0.1132887034  0.1347188234  0.1386777976  0.0840074063  0.1372781589  0.1790846007  0.4970562485  0.9421919973  0.9730558743  0.6254486831  0.8377194314  0.7880122634  0.3728108501  0.7217344429  0.8163753364  1.0586451144  1.0229214865  0.5037692475  0.3378134836  0.4036976944  0.3476036001  0.2351795977  0.2556361645  0.2061648733  0.1643214919  0.2258079485  0.2719070965  0.3691162961  0.3640673906  0.3472083499  0.5625293209  0.5928259347  0.5712274735  0.5277378719  0.5952615307  0.5756904412  0.3862186889  0.5596839796  0.7182204903  0.4730321499  0.4491800449  0.1904613582  0.0831817783  0.0487470737  0.0685717532  0.1027459686  0.0714011410  0.0800634178  0.1014041916  0.0951719610  0.0864623257  0.1036175490  0.0966233298
  0.0987890352  0.0609492292  0.0489453761  0.0425697956  0.0452171991  0.0387211811  0.0301698875  0.0214693119  0.0257915931  0.0551993304  0.0950335877  0.0916132522  0.0931130115  0.0919446668  0.0917399989  0.1138013423  0.1853319432  0.1806377417  0.1993217506  0.2335746014  0.4347896705  0.3503081798  0.3286025618  0.2766431207  0.2985907277  0.2186494500  0.1116210604  0.1441650865  0.1674514277  0.0927760755  0.1752405594  0.1448825692  0.0755739045  0.0983561935  0.1608481274  0.1783024980  0.1930787903  0.1216753615  0.1018970740  0.0745218546  0.0456045389  0.0361409431  0.0215698601  0.0124284777  0.0150752269  0.0451706566  0.0638483057  0.1486809465  0.1998008158  0.2509346846  0.3876865674  0.4686743022  0.4639887389  0.5489711066  0.8464931815  1.2660800279  1.3801739080  0.9981331901  0.7468907820  0.6943423297  0.8686890424  0.7050804157  0.4396675370  0.2704393189  0.2144342165  0.2038926327  0.2241876521  0.1651778179  0.1681893313  0.3024981071  0.3878237232  0.3630387220  0.3399692162  0.4547673456  0.7490475889  0.5783340481  0.5157870508  0.3908621226  0.3016619394  0.5565295662  0.8203729984  0.5367058461  0.4426562072  0.5446240837  0.6818129192  0.7245795091  1.5585011317  1.3999639328  1.6300439200  1.5056991043  0.9588676866  1.0139478471  0.8474738883  0.6873909603  0.8105172347  0.6831897053  0.6233838753  0.7227832605  0.8359353112  0.8684958502  0.7222946980  0.9786168005  1.1239166132  1.1197788405  1.6436243215  2.8083871919  2.8354217790  2.2716004979  1.6343167041  1.6456370387  1.1274357828  1.0129703625  0.9315623319  0.5844187850  0.8278887680  0.6350023395  0.2263554317  0.1804995830  0.1835666310  0.2484532618  0.2516200255  0.1259373088  0.2613309772  0.2408772704  0.1798523775  0.1467656065  0.1253751274  0.1713189427  0.0981040587  0.1034120268  0.2124819239  0.3322973591  0.2043007709  0.1982783492  0.2492527628  0.2450023201  0.3606939554  0.3872748738  0.5276063179  0.3873820287  0.2749282275  0.2834976889  0.3490125528  0.2650696674  0.2401016969  0.1984811179  0.1352085016  0.0991494060  0.0635869795  0.0711399899  0.0746940280  0.1270054381  0.3954916908  0.6173986748  0.7694831281  1.1353028824  1.0060819131  0.8552039589  0.7591816240  0.4205094292  0.4847747835  0.4464293330  0.7977169184  0.9368127575  0.6326615469  0.3014042806  0.3408504146  0.3045701141  0.2664570129  0.2935048508  0.4278487892  0.4837593589  0.2707003435  0.3161434736  0.3713767873  0.6328313241  0.4284676562  0.6079506485  0.8048914687  0.6511401387  0.4489706687  0.4359155238  0.4333427405  0.3670286639  0.4412056070  0.6673930360  0.3380388319  0.2487105299  0.1470381925  0.0546371183  0.0349772972  0.0652539517  0.0562415388  0.0734457031  0.0770025920  0.0929081504  0.1110942329  0.0904983406  0.0910826623  0.1088711909  0.0906511658
  0.0587906824  0.0530182615  0.0690233519  0.0749349438  0.0632573322  0.0453908419  0.0394577776  0.0385904152  0.0467354533  0.0500761270  0.0940196262  0.1090225420  0.1132394891  0.1136071756  0.1084746741  0.2213347737  0.1890870943  0.1374025905  0.1553870927  0.1857436866  0.2482834459  0.2926035707  0.2703893842  0.2338547641  0.1637834131  0.1721931325  0.1808932387  0.1595909299  0.1132245466  0.1438682616  0.1491547301  0.0717308857  0.0775061301  0.1310396832  0.1633330219  0.2187261531  0.1093382420  0.0892490007  0.0501546779  0.0407215044  0.0336088843  0.0254992810  0.0219122490  0.0210155844  0.0613842202  0.1080411589  0.1729055611  0.2061613959  0.1992054432  0.3283234724  0.4318377907  0.4344984477  0.7454978207  0.8316842980  1.3854668706  0.9007499742  0.7270177964  0.5831172902  0.6634250778  0.9183507983  1.1203889323  0.7962902609  0.3897537040  0.2847629732  0.3103628199  0.2936410075  0.2384589348  0.2827851310  0.3343030620  0.3303429495  0.3908550463  0.2461003491  0.2291313702  0.4111388755  0.3825684932  0.4495873015  0.3719876058  0.2238085813  0.3455948535  0.4119638919  0.3894681573  0.5540308545  0.7241294688  0.8098718550  1.0517621410  1.7124545956  1.4350933005  1.5143527926  1.4898563306  0.8060161950  0.8069417264  0.7683534229  0.7049795623  1.0742542216  0.9456034280  0.6798714735  1.2769735783  1.0273845320  0.9293200542  1.3555328196  1.5479908189  1.7438027972  1.6694994011  2.1275372838  3.0907500519  2.5768946418  1.6493377343  1.7907784410  1.6946650774  1.3431637667  1.1881963447  0.7779953391  0.6838011984  0.7807952789  0.5798319738  0.3978621241  0.4323005460  0.3561486709  0.2735636838  0.1958078756  0.1818469361  0.3279497488  0.2655473383  0.2486566852  0.1848482496  0.1631081870  0.1659193911  0.1422763876  0.1194018618  0.2202202018  0.3822126517  0.2708695867  0.1852143215  0.2319536318  0.2152521131  0.2625099196  0.3699400288  0.3965929801  0.3665594544  0.2801148209  0.2303718372  0.2516661574  0.2689358046  0.2938625369  0.1513757703  0.0921490719  0.0878704827  0.0924666666  0.0752229694  0.0967189919  0.1579063909  0.3572926336  0.5341981499  0.5604327751  0.6490565432  0.8673767911  0.9167717813  0.6444726482  0.6141359926  0.6369298708  0.5174058632  0.5537124116  0.5314283817  0.3592838006  0.3005661151  0.2192981111  0.2267693600  0.2295018753  0.2472629639  0.4759975832  0.5651116798  0.3673773887  0.2266558674  0.2703472074  0.4480869727  0.4778779714  0.6590412059  0.8706645132  0.5887948034  0.5422275487  0.3708081564  0.3807965627  0.4155575385  0.3683878442  0.5517629866  0.3906463667  0.2174797770  0.0776854108  0.0349724270  0.0303448959  0.0347676085  0.0396890158  0.0496801584  0.0720320708  0.1001948550  0.0963233398  0.0757972306  0.0945616725  0.0960377746  0.0859845994  0.0512040102
  0.0495445159  0.0832138710  0.0948206630  0.0776507514  0.0462988172  0.0437138841  0.0355638402  0.0342443535  0.0420543359  0.0701669295  0.0984609377  0.1289500309  0.2037874111  0.2318650759  0.2159537979  0.1082905702  0.0844325774  0.0712237870  0.1031501435  0.1239817631  0.1813475006  0.1794668565  0.2935508482  0.2655951820  0.1874982164  0.2128171203  0.2063479928  0.1338879367  0.1238156817  0.1998978076  0.1355692745  0.1401246636  0.1443112387  0.1665240514  0.2445043806  0.1243142072  0.0546974876  0.0482873085  0.0392978946  0.0264070462  0.0240671374  0.0256493213  0.0345919786  0.0714329857  0.1446023805  0.2149444929  0.2523356481  0.1289985954  0.1529376197  0.3444442044  0.3531445672  0.4945270661  0.9086178681  1.3281300575  0.8160380868  0.4251878663  0.3800194996  0.7981849156  1.1630686854  1.4748174175  1.0874392515  0.5023241406  0.3447892280  0.2810299108  0.2659090816  0.3152129468  0.3753623993  0.3815108412  0.4364183922  0.4197633716  0.2342541181  0.2331156535  0.3074440574  0.3289644273  0.3509160115  0.2929560957  0.1975846739  0.1825787833  0.2608411354  0.3824364716  0.6473779751  0.6589088868  0.6069869594  0.8773596824  1.3486135028  1.9093041860  1.5126318809  1.4859710713  1.1212227283  0.8095369835  0.7890425234  0.7557727204  0.9141250762  1.0051405583  0.9669805172  1.2809337006  1.1708304083  1.6343961826  2.9039705556  2.1398430641  2.3459728729  4.5536339961  5.1332847550  4.0283035799  2.6574916615  1.8579870378  2.4484782158  1.7601790798  1.8409088465  1.3732284131  0.8751126081  1.1549601313  1.3344676720  0.7051407985  0.4090888911  0.5162285933  0.4101115832  0.2636278425  0.2776705751  0.2242313468  0.3517772163  0.3397391765  0.4067967590  0.3204079992  0.2468131496  0.1479146169  0.1304407067  0.1832183920  0.1862569316  0.1945749819  0.2175408346  0.1976992017  0.1759269352  0.1647858348  0.1782540503  0.2657453081  0.3172410509  0.3957794290  0.3064622970  0.2872620989  0.2844048109  0.2389872133  0.2534381165  0.1589941395  0.0755586470  0.0730499409  0.1108294329  0.1003890894  0.1232293264  0.1932463338  0.3278507824  0.3360162863  0.3544873088  0.4801061577  0.5803824855  0.7422288015  0.6270117369  0.6063381031  0.7133177836  0.3725487948  0.3521000754  0.3529549168  0.2579271699  0.2168515461  0.1570302930  0.2033284358  0.2552336147  0.2437377566  0.3001862511  0.2737391957  0.2687420769  0.2189336746  0.2126867958  0.2623798778  0.3875152443  0.5223320105  0.4813671771  0.5039715150  0.8060332993  0.6202285740  0.4331219462  0.4331486996  0.4389167774  0.3672062178  0.2252645722  0.1041693293  0.0599392216  0.0400055888  0.0341371234  0.0293780806  0.0233584383  0.0230706913  0.0368035482  0.0570169820  0.0770145470  0.0853568203  0.0641081145  0.0590077926  0.0624401857  0.0508157606  0.0552347483
  0.0900346881  0.0938640427  0.0799128125  0.0484011099  0.0315756814  0.0447279403  0.0400562872  0.0399256860  0.0484105567  0.1004145550  0.1744080482  0.3040885298  0.2491344104  0.1440358312  0.0835543689  0.0494767175  0.0635939691  0.0609213137  0.0415032500  0.0738299848  0.0957636753  0.1701313261  0.2339745761  0.1849192573  0.1280949759  0.1091249381  0.1064351407  0.1552864095  0.2826143717  0.2528249043  0.2569175486  0.1967206455  0.1681969133  0.1953825832  0.0802878820  0.0528930137  0.0521684253  0.0407385232  0.0344709488  0.0311165738  0.0343366085  0.0589960360  0.1432936598  0.1513027552  0.1931751184  0.3059382520  0.1680553831  0.2352167042  0.2702729519  0.4186235934  0.5778694215  1.1824528102  1.0584865648  0.6734094154  0.4769403556  0.6255129992  0.8746470208  1.6002151418  1.9491420355  1.2374645602  0.6757037434  0.5211155720  0.3616290694  0.3831088176  0.4711800619  0.3436586168  0.3686396143  0.5484680761  0.5544559546  0.3923187661  0.3275193023  0.2772052934  0.4062811245  0.3545504402  0.1638009465  0.2237026693  0.3845336363  0.2159566541  0.2583707467  0.3841024870  0.4169472177  0.3470470566  0.7092887609  1.3993969552  1.9725275979  2.1956078023  1.8213378662  1.7071448632  0.9324457195  0.6917527983  0.6251994315  0.6840101522  0.5224667427  0.6305322134  1.1282559197  1.2860003828  1.7846637663  2.2193630818  1.8363446749  2.1482270598  5.0685685770  6.4188037360  5.6118744863  3.7309588528  3.2297372605  2.4650936661  1.9975607333  2.1514005737  1.3512443868  1.4993943371  1.7524365263  1.7993288395  1.4994305918  0.5211683755  0.4925685589  0.4453727466  0.3275821420  0.2080627428  0.2271655995  0.3831123416  0.3195702442  0.3749263915  0.3605787434  0.2466141638  0.1721771859  0.1596448466  0.1838640480  0.1365808030  0.1694100505  0.1559642042  0.1334514751  0.1051191017  0.1257348322  0.1916190802  0.3713516167  0.3556490448  0.3560457717  0.2223372804  0.2610467199  0.3159028324  0.2408464294  0.2213925408  0.1508202935  0.1042781065  0.0988507964  0.1917880401  0.1589237254  0.1983562252  0.1743906129  0.2078450948  0.2166371268  0.3335971608  0.4121058063  0.4466441142  0.6600608518  0.5555907158  0.4070496301  0.4559715682  0.3327951549  0.3036883850  0.2599515450  0.2411281932  0.2029887465  0.1854383444  0.2161301880  0.1947585135  0.2237494093  0.2923532811  0.2151768696  0.1794981490  0.1633796293  0.1985037967  0.1858478537  0.3938666547  0.6641114808  0.3800361384  0.6159418218  0.6514918029  0.4973234623  0.5117131719  0.5677724082  0.3626726935  0.2854719961  0.1105515272  0.0656423989  0.0483833005  0.0433220535  0.0337152365  0.0280338135  0.0221458821  0.0257859845  0.0282369091  0.0616721834  0.1039478150  0.0549333203  0.0539240264  0.0746913671  0.0590981879  0.0588534074  0.0807995231  0.1090166947
  0.1494196685  0.1291848483  0.0736621552  0.0355449720  0.0475732659  0.0577717753  0.0542933736  0.0505298760  0.0671888166  0.1384183810  0.2513295679  0.2882587156  0.2120409933  0.0971205394  0.0599676874  0.0850668568  0.0616307239  0.0394751121  0.0334809368  0.0487492340  0.0764105862  0.1279317171  0.1241253669  0.0684786378  0.0533231295  0.0433136474  0.0891627015  0.1336105358  0.3434786781  0.3714438117  0.2552633739  0.1823125285  0.1502482115  0.1048660455  0.0834857940  0.0540174372  0.0386227882  0.0513724747  0.0520111802  0.0511010044  0.1203134632  0.2203418413  0.1908162645  0.1753276743  0.3358372947  0.3210536990  0.3682927100  0.3415924899  0.3663865936  0.4240751588  0.4779763304  0.7843275385  0.9056915204  1.0102971471  1.1945753763  1.1587901323  1.7299166749  1.3327266552  0.9540514294  0.5762364975  0.4612657148  0.3289110803  0.4559547498  0.7112936093  0.4681842228  0.3234158322  0.3762158532  0.5773614769  0.6049885475  0.4912728822  0.4178251993  0.5098549496  0.5442148806  0.3297304234  0.3255578742  0.3926406902  0.2797897473  0.3364088096  0.3271287875  0.4379683682  0.5139660767  1.0725633477  1.4079070284  1.6796936779  1.9185862419  1.5575869851  1.1131826464  0.7064482802  0.8592091402  0.7545172204  0.5786872192  0.6832336480  0.8553358402  1.1317216899  1.2056736971  1.0928308052  1.1138474706  1.2770669132  2.4772710697  5.4946630621  8.8021594916  5.3722544382  3.1050313115  3.3377446318  3.4891963048  1.6610568197  1.6729985451  1.3097654079  1.4341647408  1.4035864886  1.5070164747  1.3141169933  0.7861906502  0.6984008498  0.5407830487  0.3797902400  0.1909355509  0.2292457660  0.2289465559  0.2335012492  0.3861811740  0.6001402910  0.2145724928  0.2011838982  0.1594854290  0.1533331511  0.1449170330  0.1650886170  0.1308660767  0.1043775976  0.1022097249  0.1118214323  0.2194272897  0.3448139103  0.4356036516  0.3349285862  0.1937960339  0.2882746947  0.2850893582  0.1374092815  0.1337291621  0.1458481822  0.1404969621  0.1123278678  0.1388609969  0.1990889704  0.1998965809  0.2203954417  0.2123984501  0.2612442779  0.3562391763  0.3892245121  0.3719180998  0.4646315979  0.3516098668  0.2982352788  0.2105864746  0.3816356859  0.2662522975  0.1878940053  0.2415509930  0.2641492377  0.2132131545  0.2372612623  0.1767066090  0.1487080903  0.1430101516  0.1941508156  0.2054817713  0.1580773250  0.1642777190  0.2606591679  0.4225007566  0.4827229159  0.4805735078  0.6033644101  0.5634643344  0.4103124406  0.3975089715  0.5362580794  0.4087001770  0.2406856425  0.1514519657  0.0736982357  0.0471724853  0.0386639359  0.0309997153  0.0341793266  0.0237268162  0.0335281971  0.0354598224  0.0564303012  0.0523418339  0.0449457841  0.0571666338  0.0738881113  0.0819795537  0.1150331360  0.0861796627  0.1114866559  0.1194041348
  0.1218896529  0.0702718363  0.0670384805  0.0364024023  0.0512816813  0.0866584792  0.0999700738  0.0774270459  0.0991686979  0.1503854123  0.2039306277  0.0981422362  0.0672188306  0.0924190243  0.1005744220  0.0743656094  0.0448709220  0.0368207988  0.0387617945  0.0623041019  0.0641358156  0.0523861461  0.0383044617  0.0427003561  0.0318066860  0.0506327864  0.0671811809  0.1400251239  0.1790504382  0.1433314736  0.0985081640  0.1331614832  0.1426181732  0.1594840305  0.0952334735  0.0739336055  0.0706073876  0.0737292614  0.1435415907  0.1517978226  0.1968373657  0.2303657982  0.2836653750  0.4282035318  0.3687831793  0.4771236724  0.4166207234  0.2675677300  0.2609883766  0.3287168507  0.5948211512  0.7169740494  0.7747994058  0.7459400170  0.8913400263  0.9711985190  0.8623361458  0.5998113850  0.4584566427  0.3045319850  0.4384302929  0.4370898330  0.7707927069  0.5430822876  0.3022884563  0.2437321457  0.3269947107  0.5933111886  0.7005507915  0.8811298500  0.7354552214  0.3498541712  0.2938463473  0.2979094955  0.4161760911  0.4466718911  0.4170095663  0.4147993451  0.4901987848  0.6972049770  0.8539798985  1.1126593041  1.3919455209  1.5564292526  1.3749832583  1.0089241811  0.8297002587  0.9002598129  0.5168965835  0.4373224251  0.5609634036  0.5650214510  0.6804280667  0.7018831981  0.7227079386  0.8652527374  1.1811581763  3.6126299252  5.3216527253  5.1913407348  3.7420824193  2.5363133306  1.9828338882  1.4987821710  1.1055438528  0.9946304135  1.5841180395  1.5031044800  1.2886643821  1.3665352958  1.0667301302  0.9882281447  0.9253983023  0.4073938514  0.2860323156  0.2437116412  0.1965820251  0.3007457549  0.2409531791  0.2598710886  0.3871025616  0.2468277995  0.1959789253  0.1597969193  0.1239061516  0.1120482322  0.0880861632  0.1074917715  0.1134468546  0.0898725664  0.0988064947  0.1889798303  0.3763769856  0.3352522607  0.3231075464  0.1666751063  0.1845475959  0.2987638461  0.1844184122  0.1622490495  0.1762722891  0.2174983238  0.0813248198  0.0871856162  0.1445704177  0.1872442727  0.1997594820  0.1860137378  0.1862718224  0.2676971143  0.5674167897  0.5471614778  0.4312144458  0.3187828357  0.3093706480  0.2852585001  0.3447007628  0.2122455230  0.2003998809  0.2410654762  0.2122338776  0.1607963181  0.2071644403  0.2740731139  0.1108662132  0.0977153527  0.2205889142  0.2894423562  0.1821131578  0.1665514983  0.2738664068  0.2491664534  0.2431465174  0.4125373857  0.2716756965  0.2239948779  0.2802445847  0.3116252928  0.2689970263  0.2554406970  0.1553718970  0.1437510054  0.1165716598  0.0615730031  0.0471700861  0.0395064124  0.0366636508  0.0380312620  0.0555636100  0.0570479738  0.0436664182  0.0365534780  0.0409378311  0.0710461734  0.0623344981  0.0606706287  0.1072489759  0.1142448024  0.0991750791  0.0715151089  0.0640936028
  0.0594627496  0.0611919299  0.0506940438  0.0657651490  0.0642641316  0.0637340681  0.0875326861  0.1316975870  0.1119257957  0.1071759161  0.0745919488  0.0561746899  0.0393827311  0.0455617656  0.0327267304  0.0283486219  0.0262958737  0.0310852293  0.0509002738  0.0516063573  0.0345589614  0.0352200508  0.0270342100  0.0270935554  0.0264000588  0.0360515542  0.0441114273  0.0888094075  0.0867797918  0.0857516972  0.1335516379  0.2202213163  0.2880640209  0.1811022573  0.1493601998  0.1117476982  0.1761409074  0.1467051576  0.1588353383  0.2738461564  0.3225274758  0.2876070847  0.4231321083  0.3989352518  0.3214195979  0.3001464816  0.2925127561  0.2694196590  0.1843969454  0.3310344389  0.6396631219  0.6979277367  0.5735186844  0.6139375438  0.9802487723  1.1428773634  0.6111970952  0.3809680469  0.4092746675  0.5411921734  0.5203793334  0.6002969097  0.5367302205  0.2957443163  0.1775721404  0.2876527607  0.5039132324  0.7306123951  0.9502796346  0.8750540945  0.3768445574  0.2379100938  0.3452597240  0.5058614061  0.5203417180  0.4382038978  0.5370487102  0.6026229407  0.6336884132  0.4885844898  0.6299994266  1.1709866757  1.3387033650  1.3405827961  1.1859728215  0.9655527010  0.6429557086  0.5302934281  0.5357252672  0.4157565564  0.6024067541  0.6557171970  0.8864881111  0.8048715460  0.8179191500  1.0901772788  2.9519786716  3.3371605926  3.7645394204  3.8645617414  2.0518856384  1.0195702911  0.8612379813  0.8996304464  0.8911183095  1.5646974817  0.9463274869  1.3091052002  1.0842707763  0.6771150655  0.6128321769  0.4997392630  0.3048957453  0.3102648877  0.2653635610  0.2451782960  0.2629485127  0.1927136129  0.1888659163  0.1775826784  0.1539293986  0.1617105625  0.1101319830  0.1092240714  0.1134937991  0.0892487664  0.1469420216  0.1523412436  0.1159505280  0.1225676382  0.1614293164  0.1992498334  0.2067728837  0.2510448895  0.2159367949  0.1811834701  0.1757045579  0.2119293327  0.2359631963  0.2096705928  0.1843917881  0.0826101932  0.0926652989  0.1509095714  0.2458481594  0.2380722311  0.1474244177  0.1715726413  0.2803997756  0.4237576386  0.3885497052  0.3913422540  0.5466828537  0.4037523089  0.4500824900  0.5578339502  0.3082888429  0.2170680889  0.1707731447  0.1789915681  0.1618647252  0.1891081486  0.1764008625  0.1474056446  0.1676449375  0.1992814448  0.1860310588  0.1309690127  0.0974112094  0.1599470628  0.1987964192  0.1969215832  0.2002836023  0.1512560699  0.1638769275  0.2189934728  0.1782061232  0.2365457502  0.1661110588  0.1663922252  0.1402976458  0.0906019488  0.0795805910  0.0469415673  0.0329729110  0.0340368392  0.0425509333  0.0641032622  0.0703774082  0.0385196744  0.0396689546  0.0507401255  0.0759033054  0.0666069081  0.0502643463  0.0658041844  0.0804441887  0.0827437599  0.0526398069  0.0625487047  0.0334279702
  0.0395419872  0.0409180389  0.0386454879  0.0307456163  0.0354624304  0.0629646992  0.0771397507  0.0971692286  0.1176254295  0.0713787629  0.0941467273  0.0521408383  0.0398826418  0.0310858390  0.0231172847  0.0230408985  0.0171766773  0.0321199372  0.0374348810  0.0296888145  0.0361770702  0.0264367594  0.0152895018  0.0163762845  0.0260611525  0.0249990090  0.0343324351  0.0657725525  0.0947866747  0.1317099261  0.2193867624  0.4288835150  0.4833219376  0.2704783992  0.2763778541  0.2737695083  0.1765674427  0.1760506697  0.2485013826  0.2435948913  0.3310052057  0.4230054383  0.4891812200  0.4970451335  0.3497740940  0.3023459079  0.2446895288  0.1934565390  0.2952441386  0.4791882266  0.6411560580  0.6549530064  0.7257108085  0.7911869094  0.8696089803  0.7769710692  0.7043179608  0.5146280404  0.4704842177  0.4639208325  0.2979669868  0.2780638665  0.1896856428  0.1914778971  0.2624620088  0.3176147409  0.3538952354  0.4526791405  0.6203305063  0.3849532844  0.2663132979  0.2538722904  0.3178494753  0.2875885550  0.2876727414  0.3470901444  0.2458792894  0.3264138874  0.4184163544  0.4892732903  0.7366911982  0.8339902731  1.3005765976  1.5589653695  0.9251686932  0.4353866733  0.3089929691  0.5255239753  0.5142349457  0.7335679235  1.3303294248  1.3381758999  1.4475319470  0.8459418721  1.1771833722  2.3956083679  2.2192098381  2.6401011069  1.7631799504  1.1872269341  0.9345449175  0.8930938056  0.6187227675  1.1216979085  0.8294077341  0.6642503031  0.7064169325  0.5666841325  0.7164859098  0.6616691283  0.4426318980  0.3695786242  0.3552789937  0.3330612171  0.3456516507  0.2528674786  0.2440051684  0.1559890299  0.1282056502  0.1186180534  0.1079453993  0.0949741650  0.1330091494  0.1876397028  0.1553831168  0.1640797540  0.1616838613  0.1261988268  0.1140490315  0.1807487399  0.2472606471  0.3755085382  0.2660837530  0.1869840699  0.2527854215  0.2759449858  0.1792351523  0.1731254189  0.2035351837  0.2064186162  0.1462436384  0.1526143581  0.2135989631  0.3391214857  0.2749996285  0.3249222042  0.3446934209  0.3971857807  0.3732280290  0.3480467593  0.4680922594  0.4426008735  0.5135017154  0.6094757956  0.4833940747  0.4472863973  0.3474954664  0.1835066534  0.1201788365  0.1172151988  0.1362964756  0.1190019002  0.1366125052  0.1588434868  0.1910033058  0.1696958341  0.1249117482  0.1846604067  0.1931829305  0.1248634882  0.1259474896  0.1256656431  0.1199438489  0.1520038463  0.2255164130  0.1927148644  0.2534359605  0.1775723624  0.1381534484  0.1243769208  0.0965915293  0.0621348007  0.0344432603  0.0381554339  0.0361929074  0.0358894743  0.0361649444  0.0416074610  0.0481209474  0.0489482200  0.0574231011  0.0744432027  0.0719527697  0.0536387301  0.0481921078  0.0550155155  0.0895781769  0.0472230656  0.0518595905  0.0383284354  0.0293225699
  0.0412283549  0.0414244289  0.0315174237  0.0495140349  0.0624919424  0.0692265536  0.0980911383  0.0783078429  0.0730717108  0.0555632077  0.0352947568  0.0251701658  0.0373125783  0.0512310333  0.0335347600  0.0170352268  0.0255642587  0.0541691901  0.0411839344  0.0409672610  0.0392679417  0.0353789463  0.0212978543  0.0273032953  0.0234122716  0.0397834612  0.0700882137  0.0899126253  0.1475128586  0.2782242822  0.5103179625  0.6782265926  0.5669088835  0.5146416117  0.3433117900  0.2692016696  0.4716735278  0.2275984353  0.2446228456  0.3919961236  0.3256812776  0.3804074836  0.4045016182  0.2498863706  0.2649291179  0.2962310291  0.2215247762  0.2695997590  0.3408111292  0.4029785366  0.4771420790  0.5774484927  0.4367565997  0.4721685257  1.0256000607  0.9559982224  0.7932111975  0.4719532165  0.2790827829  0.2344316302  0.2069238186  0.1922276566  0.2172462725  0.3245057074  0.2881986521  0.2982376644  0.3161420383  0.4319275410  0.2472857082  0.2631806108  0.2384395682  0.3887699661  0.3358115274  0.3380784231  0.3246944500  0.2583271056  0.2242351504  0.3682601453  0.5050946443  0.5730939254  0.6863364490  0.8961567586  1.1129131226  1.0820557906  0.8157150406  0.5632374386  0.5124615567  0.6439351448  0.9236794842  1.4470970828  1.6177237478  1.5376968302  1.5221492200  1.9282487956  1.5293335881  1.7643452726  1.9459961426  1.2969048495  0.6292744735  0.4640591829  0.6710375384  0.6543652072  0.6155966880  0.4046242536  0.5512081934  0.4820324553  0.3032561532  0.4985648450  0.5464216088  0.5383581595  0.4146304608  0.4451054000  0.2634390181  0.3055864781  0.2307721868  0.2589442260  0.1963513953  0.1173671072  0.1009088670  0.0829319027  0.1143744173  0.1911507887  0.2421468376  0.1638187564  0.1250975610  0.1577447679  0.2260047233  0.1592030981  0.2711354844  0.4856898885  0.4919500869  0.3500288486  0.2875452597  0.3249421778  0.3768282071  0.3401577638  0.2478103450  0.2625209102  0.2237023639  0.2241579301  0.1641754216  0.3109075991  0.5625073105  0.4190618099  0.5379487419  0.5963411730  0.5299449845  0.3805199489  0.3497914344  0.3503880820  0.3016796800  0.3811639949  0.5237563125  0.3610226071  0.3221032591  0.5040586390  0.2084634358  0.1354104880  0.1560041523  0.1524877383  0.1219904725  0.2114051975  0.2088805603  0.1835285356  0.1669395654  0.1144220395  0.1631458808  0.1593246945  0.1004065962  0.1011494172  0.0637621217  0.0840451769  0.1077517581  0.0979159292  0.1730515965  0.1976705052  0.1160680714  0.1567149763  0.1231636566  0.1057081543  0.0708886606  0.0850636670  0.0610733951  0.0496884392  0.0438273386  0.0403538906  0.0424199973  0.0613692883  0.0539602717  0.0497664959  0.0564887551  0.0498162217  0.0429596734  0.0470423040  0.0642808782  0.0846562330  0.0461847216  0.0516277559  0.0585601650  0.0398572352  0.0378250415
  0.0435049213  0.0457250106  0.0565556245  0.0421701364  0.0569120349  0.0589169197  0.0628990895  0.0557976020  0.0430062822  0.0341749376  0.0236993384  0.0325681221  0.0487582380  0.0447386803  0.0497720725  0.0541244145  0.0695005322  0.0878266566  0.0418444034  0.0373468453  0.0413130458  0.0494861694  0.0362475722  0.0273884963  0.0557395991  0.0816410096  0.1106963874  0.2178656532  0.2856024068  0.6073024578  1.1685483217  1.0329025818  0.9320269768  0.5455731548  0.2835575846  0.3805962231  0.3886770858  0.3583901025  0.3776539413  0.3898000521  0.3856878784  0.2686862537  0.2326787285  0.2066549251  0.2114454925  0.2451927294  0.2693775054  0.3707134829  0.3844165493  0.4274688486  0.5043086165  0.3935977647  0.4175988104  0.7421833874  0.7275645803  0.4726196527  0.3291818027  0.1607013388  0.2075038952  0.2762614525  0.2815472313  0.2412478304  0.2795594261  0.3017665618  0.3024401018  0.2513869902  0.4182301992  0.3219411238  0.2807317123  0.4144618872  0.4331121265  0.5332112153  0.3485330373  0.2449559158  0.1567937496  0.1841908429  0.2169246659  0.3212830838  0.3013216962  0.4546505210  0.7739728249  0.8833008027  0.8767797757  0.8030858782  0.6753630493  0.7350062799  0.8681661411  1.1898919570  1.5858573631  1.3967765166  2.0457933414  2.5534597131  2.5270043414  1.9268419297  1.5205844225  1.6401092044  0.8711655638  0.4146867322  0.3917338250  0.5063254553  0.6419186898  0.4635852232  0.3233479655  0.5097439240  0.4364146468  0.2191227453  0.2542725495  0.3884223037  0.5364674320  0.4745477110  0.4227333171  0.3514832512  0.3033038389  0.1581729869  0.2411462692  0.2026749756  0.1015827670  0.1144238037  0.1303873617  0.2494956329  0.2546377984  0.2517034549  0.1529357626  0.1466070977  0.2309168503  0.3957333052  0.3176569579  0.2812184823  0.2929575303  0.3809678025  0.5114692235  0.4548160275  0.3444950462  0.4033238343  0.3487897275  0.3199137817  0.2519808158  0.2386427976  0.2187340455  0.2043122714  0.3462490334  0.7563132845  0.7550199237  0.6949797830  0.5260684082  0.6833569124  0.5097054165  0.3696591573  0.3040409002  0.2848688618  0.3327783433  0.2693165200  0.3715852895  0.4279159732  0.4575579458  0.3678306368  0.2161518174  0.1829524095  0.1476156431  0.1308297922  0.1384138122  0.1331996992  0.1624547475  0.1499066759  0.1190690354  0.1120706634  0.1181709183  0.1334431752  0.0741735446  0.0571426712  0.1103859814  0.1004913702  0.1061017006  0.1400921160  0.1279216918  0.1516716846  0.1649544179  0.0780486521  0.1122855078  0.0995717480  0.0863553970  0.1175878880  0.0806232102  0.0670716883  0.0695902377  0.1009328402  0.0632659197  0.0539494063  0.0455766497  0.0558152391  0.0749793292  0.0422185823  0.0460932067  0.0584593926  0.0924762224  0.0575158253  0.0483759783  0.0519048489  0.0673723175  0.0763786169  0.0570124507
  0.0476424627  0.0533673886  0.0479631017  0.0577493258  0.0545637947  0.0657397301  0.0636116151  0.0444327324  0.0289009676  0.0261630324  0.0250234721  0.0345235327  0.0591398440  0.0695060144  0.0842299779  0.0816979157  0.0825852218  0.0644918983  0.0448205801  0.0370363025  0.0531510183  0.0566447466  0.0591004848  0.0788352337  0.0896226836  0.1903742623  0.2199469551  0.4000153465  0.6241765776  1.5200812117  1.7476461347  1.3091992082  0.7942127043  0.6806789797  0.5524167448  0.4196862224  0.4565862493  0.5761654733  0.6773113092  0.4838715985  0.3477698514  0.2395399055  0.1935154516  0.1518614239  0.1269429114  0.1951436507  0.2390381007  0.3690282111  0.3784040296  0.4452882332  0.4553339206  0.5191556427  0.4763636141  0.4682848758  0.4061384476  0.2943809285  0.2806587349  0.2790209713  0.3190269817  0.3515469354  0.2821806152  0.2259899280  0.3296179237  0.2914337173  0.4657733665  0.5248864700  0.3491265859  0.2760817753  0.2641101811  0.3077273719  0.3666696264  0.2398086701  0.2146856548  0.1594322149  0.1881804532  0.2643665190  0.2506571768  0.2263317668  0.4394257148  0.7440499108  0.8036362422  0.6776361695  0.5994166112  0.5863349944  0.9625971481  1.0848666753  1.1065814037  1.6656379889  1.6489841204  1.6432819982  2.5610897440  2.1929773421  2.5575983403  2.7128685836  1.1461820685  0.7605951151  0.3522163942  0.3942977490  0.4371837976  0.4088624342  0.5464865922  0.4446099197  0.4611908819  0.3838837434  0.3391315802  0.3370633009  0.3141652674  0.4162214708  0.4401890046  0.3363780125  0.1871204647  0.1799230233  0.1363065287  0.1815663397  0.1733658369  0.1361905858  0.1298375782  0.1611028051  0.2817059265  0.2283438438  0.2294675845  0.1924562591  0.1842207390  0.2992280981  0.3497591329  0.4509664659  0.3836815766  0.4071650163  0.3049698859  0.3180848585  0.3207188818  0.3321660997  0.2898338790  0.2830552392  0.2896346072  0.2929710068  0.3737143556  0.3963369236  0.3055997273  0.4142245813  0.6212731841  0.6511686264  0.7818568188  0.6148169639  0.6343117705  0.3606781247  0.2349134716  0.3002617213  0.3497856030  0.3200205734  0.1974503890  0.3212990988  0.5094732589  0.4346164290  0.3764892609  0.3547228430  0.2548364503  0.1377538397  0.0828173216  0.0934088516  0.1234956168  0.1095315632  0.0818673041  0.0673005720  0.0963361490  0.1281427894  0.0943449519  0.0665996568  0.0688718982  0.1068731552  0.0722781684  0.0816120072  0.0854398306  0.0996804370  0.0764453872  0.1024870076  0.0768912205  0.0653345200  0.0693510893  0.0899181049  0.0862797565  0.0619934082  0.0738404400  0.1256646692  0.1780616526  0.1127467135  0.0779026989  0.0822791577  0.0821605706  0.0763098966  0.0428688036  0.0433757967  0.0574907991  0.0520620605  0.0655454125  0.0646820896  0.0882615120  0.0941175824  0.0783717477  0.0622725332  0.0490299360
  0.0533676305  0.0428359893  0.0458143379  0.0396210756  0.0425717180  0.0655743499  0.0484520825  0.0242067441  0.0281055591  0.0330180940  0.0409266584  0.0571932102  0.0556953660  0.0502758125  0.0555821407  0.0599432869  0.0673728517  0.0474949101  0.0479785378  0.0620350132  0.0740125381  0.1163631365  0.0939458103  0.1327061208  0.2883920684  0.3032984393  0.4903033631  0.8459293653  1.3390185417  1.2633759074  0.9465861707  1.0870494149  0.7708991341  0.8247738640  0.7938000653  0.6132501190  0.6188568244  0.3976002712  0.3354138792  0.2646945707  0.3480987543  0.2157372758  0.1731976790  0.1201997210  0.1101122262  0.1385473276  0.2761924995  0.3828177697  0.5180325291  0.5849216365  0.8306602181  0.6461978216  0.4948415790  0.3421354497  0.2905061530  0.2384713602  0.2491413545  0.3046395865  0.2919720809  0.3532635620  0.4152411297  0.3403233590  0.3255419250  0.3837677147  0.4552557779  0.2421874662  0.1784882169  0.1857706412  0.2423405000  0.3318700001  0.3028316640  0.2098693358  0.1592736381  0.1626098351  0.2179864636  0.1862176571  0.2471112732  0.4238583867  0.5200348752  0.5722953747  0.5499995744  0.4383589078  0.4527850571  0.6796355631  1.1418448968  1.1228749645  1.1401634291  1.7428317645  2.0003270505  2.3416899036  3.6319988246  3.2982814457  1.6187335452  0.8204025559  0.6478451258  0.4385950212  0.6725058472  0.8423674066  0.7224248475  0.8948454756  0.5277443079  0.3463426862  0.3841633886  0.3664406931  0.2937759716  0.2707153209  0.3164487758  0.3379581146  0.1670326336  0.1677822212  0.1769045227  0.3405355417  0.2648291500  0.2754986883  0.1708009638  0.1677859876  0.2669447526  0.4391292762  0.3275360623  0.3422848159  0.1848342878  0.2064967379  0.3272111061  0.4447932416  0.4071120692  0.4069829525  0.2855486799  0.2721574973  0.2787219388  0.3152247139  0.2445683372  0.3206632567  0.3263521430  0.2760691591  0.3769114636  0.6092233583  0.6208708848  0.4614986142  0.5012676964  0.7156912663  0.5041914417  0.5415131724  0.6494707414  0.7405991715  0.5261293166  0.1880304511  0.2989819600  0.3656368485  0.3382062158  0.3237941596  0.5025779237  0.3435312345  0.2955372844  0.4043287127  0.4590622602  0.3035914896  0.1351721517  0.1004676531  0.1227877413  0.0935892875  0.0784286307  0.0647735189  0.0512119668  0.0632225066  0.1102032091  0.0691062207  0.0685794721  0.0656068482  0.0867613770  0.0636621748  0.0461608094  0.0715331270  0.0765486820  0.0637238005  0.0755115347  0.0633452712  0.0688597158  0.1276997193  0.1390308802  0.0613956998  0.0613036321  0.0982022946  0.0994395226  0.0906795490  0.0839389737  0.0595092100  0.0913680012  0.1243090151  0.0896517582  0.0424132137  0.0425809356  0.0514318287  0.0439766503  0.0536348857  0.0723949245  0.0720072553  0.0557417097  0.0610592003  0.0452577552  0.0452240531  0.0543994884
  0.0365221553  0.0432227667  0.0373993668  0.0368367842  0.0413850590  0.0469422341  0.0241832790  0.0241445600  0.0228203335  0.0228767832  0.0356415318  0.0434357345  0.0354345863  0.0526055284  0.0617258765  0.0552649048  0.0434427444  0.0573992933  0.0869989627  0.1446826513  0.1622772996  0.1771587367  0.2593333340  0.3839097091  0.3634938704  0.6619394925  1.0556683347  1.3878157400  1.3784226580  0.8940150969  1.0664454401  0.9578677345  0.9303136453  1.0760544330  0.9062725299  0.4422987328  0.2655287594  0.2101573908  0.1829870079  0.3059744389  0.2688767294  0.1310975637  0.1003960503  0.0944547569  0.1127008181  0.1924253215  0.2023901194  0.3748278088  0.6094137433  0.7215818833  0.4932698107  0.3928691785  0.2316039173  0.2440752106  0.5225086184  0.4221772153  0.3468964291  0.3435243677  0.4520844814  0.4970994110  0.5342079498  0.4760341186  0.4588361148  0.2875176889  0.1702564315  0.1387037067  0.1580088815  0.1648482529  0.2740922631  0.2639794894  0.1817810557  0.1502042482  0.2646000038  0.1720216085  0.2425442770  0.4076565998  0.4692995671  0.5240126983  0.4380338471  0.5222268339  0.5402321460  0.7830984653  0.9508912125  0.7151930222  0.8564154928  0.9055154359  1.7362258640  2.1456965407  2.3522973036  2.5851041276  2.6312458003  1.9260997569  0.8845466178  0.7692910606  0.8179294317  0.8470156644  1.2781634485  1.1273581888  1.1011343297  0.8949419626  0.5800630019  0.5802956903  0.4204546818  0.3072830195  0.3306117992  0.4633497281  0.3825541353  0.2309443454  0.2513904375  0.3091568653  0.7003322599  0.5168280002  0.4458861049  0.2794962799  0.2788871155  0.5080007978  0.5856263445  0.4138752487  0.4398893650  0.2845287925  0.3985223485  0.5224147837  0.7401961999  0.3472629557  0.2736462141  0.3525023663  0.3282588033  0.2679210995  0.3582323238  0.3671387921  0.5165881258  0.6609437092  0.3630340315  0.4437790222  0.4586356807  0.4866327751  0.3977244669  0.6120074469  0.6569836872  0.5282415659  0.3641371445  0.7212606910  0.7798435429  0.4629133184  0.2641436407  0.2730409429  0.3068473558  0.3444217498  0.3248978525  0.4223570741  0.3588374836  0.2984965046  0.3663186668  0.3955478689  0.2533283059  0.1818826955  0.1108102170  0.0700246761  0.0695238404  0.0753306282  0.0606147967  0.0557356747  0.0645973525  0.0939839044  0.0566687001  0.0631692861  0.0851792813  0.0826243363  0.0590086920  0.0559228042  0.0446539120  0.0486304102  0.0677392723  0.0600334817  0.0824660141  0.1162113438  0.1379634763  0.1142701619  0.0785018428  0.0852632929  0.1070914216  0.1198904818  0.0695154859  0.0629680205  0.0737023873  0.0657218155  0.1045745842  0.1010192501  0.0902763057  0.0517150680  0.0280693527  0.0401445872  0.0581446988  0.0555209836  0.0543903684  0.0448617889  0.0339475007  0.0399488358  0.0439761796  0.0480000327  0.0307291307
  0.0279881008  0.0285159380  0.0550498919  0.0565670965  0.0394670156  0.0275004172  0.0254538058  0.0240109852  0.0191246472  0.0177450464  0.0263657031  0.0252942204  0.0526897970  0.0845871974  0.0709997226  0.0498769569  0.0579182901  0.1068771295  0.1458397640  0.2869857143  0.2457801039  0.3140104084  0.5583649043  1.0232746321  1.1870528578  1.5302847870  1.6639590230  1.6686191539  1.8434982536  1.8013540147  1.2373685193  0.8872342362  0.9594665862  0.6064506601  0.4519193373  0.3027103224  0.2586023214  0.3112269471  0.3380572852  0.4048234229  0.1880991945  0.1045213323  0.0802262446  0.1263623018  0.2248683965  0.2879170335  0.2835033255  0.3034253535  0.4607328145  0.3516728780  0.3062163198  0.2627616650  0.3786807960  0.5300808034  0.3941649306  0.3351849045  0.4375077297  0.4461419619  0.5181228121  0.7861278224  0.5479438295  0.3416406749  0.1951692745  0.2078252935  0.2395366848  0.1976426428  0.1883543299  0.1462727061  0.1357154412  0.1484796842  0.1540929586  0.2644049258  0.2588137150  0.4360692571  0.4146018467  0.4884395082  0.6577584395  0.8308267701  0.6545959876  0.6854132324  0.7604938161  0.7164674640  0.7171823616  0.7315083046  1.1274518981  0.9754793962  1.1154283740  1.8203907830  1.5073795140  1.4170653534  1.8848436338  1.3199636872  1.4399143725  1.3663036212  1.4278400610  2.3903089697  1.2863139886  1.1202373680  1.6046584462  1.0555977938  1.0426290964  0.6582246632  0.3535727195  0.2799139849  0.4087065954  0.4607153164  0.4097797379  0.5351275635  0.6317426821  0.7936353234  0.4828636156  0.4728934399  0.4357372329  0.4199604735  0.4516283175  0.3243802935  0.3570520432  0.4667684061  0.3354237519  0.6080865585  0.5990994423  0.5254346798  0.5856336942  0.2525527354  0.2441187511  0.2905622650  0.2488251923  0.2703803780  0.5948452688  0.7845451002  0.8421984683  0.3612695316  0.3748602900  0.3317398871  0.3515166043  0.4040911293  0.5910267465  0.5244515557  0.5420657252  0.6560238494  0.7345824921  0.7420367197  0.4858399376  0.2957977646  0.2659224222  0.3535534657  0.2629416304  0.2488220526  0.2351101278  0.2924577813  0.3342681635  0.3365449266  0.4892719297  0.3256773292  0.1890223928  0.1410615462  0.0995834646  0.0820577541  0.0794094072  0.0821378238  0.0782577693  0.0889405682  0.1171433779  0.0648927336  0.0585381706  0.0558542996  0.0655177209  0.0621561684  0.0504483971  0.0541158524  0.0656683631  0.0879223444  0.0933832936  0.1011012358  0.1432210429  0.1420187437  0.0895172314  0.0917925932  0.0774255986  0.0837991577  0.0820115515  0.0655123378  0.0862823880  0.1035931278  0.1005045047  0.0597062272  0.0573080736  0.0768792258  0.0513910997  0.0387985389  0.0408061215  0.0505542557  0.0872028175  0.0611005663  0.0382245529  0.0359087739  0.0203273802  0.0275544975  0.0399267195  0.0555354578  0.0363195283
  0.0292291139  0.0340658262  0.0400016424  0.0266538498  0.0235596735  0.0222485147  0.0171148678  0.0248377238  0.0249397322  0.0292673770  0.0382531424  0.0553208926  0.0875831410  0.0884901185  0.0580192975  0.0531386049  0.0700814873  0.1089095025  0.3042984278  0.4976514375  0.6081511355  0.8297439697  1.3780250731  2.2437203424  2.4012083061  2.5675320993  1.8904217363  2.1075173282  2.8550796159  1.2317818127  0.7289734081  0.5208045978  0.6747186377  0.7283751905  0.5087885691  0.5381548931  0.4860125917  0.3951137698  0.4559372060  0.2162733034  0.1291670363  0.1249924721  0.2241065567  0.3664923214  0.4316782565  0.3995802907  0.2501754981  0.3109935206  0.2671869235  0.2895210112  0.2740441972  0.3599645726  0.4194024117  0.2741448768  0.2322038903  0.2830284046  0.2292083985  0.4729616762  0.6749777500  0.5656647311  0.4587742535  0.2711624371  0.2203989613  0.2137409399  0.1698332978  0.1395714072  0.1446558083  0.1218112442  0.1469056760  0.2055057235  0.2430748136  0.2704647583  0.3832139239  0.4520628808  0.6227441849  0.6381014496  0.6712735572  0.7038243197  0.7809953354  0.5793438077  0.9953186281  0.8635507857  0.6375016503  0.7446330970  0.6970515042  0.8391072086  1.0898277976  0.8558871213  1.2265471666  1.4481224726  1.4713452031  1.4297666407  1.5081365583  2.5553132004  1.8047076696  0.9739389458  1.4825085678  1.8352245454  1.6049663155  1.1287412908  0.5637616216  0.5062441370  0.5567166690  0.7008615891  0.5879849538  0.5253275059  0.5260881524  0.9430361048  0.6374054158  0.4025693474  0.3110738383  0.3454107987  0.3583474695  0.5608256841  0.5339170342  0.5024800853  0.3943262410  0.3872127646  0.5839441916  0.8004274980  0.7085064292  0.4275468422  0.3166026935  0.2749420252  0.2572556938  0.2412215376  0.2582870676  0.5527171970  0.7860745346  0.7002675985  0.4569416312  0.3648167991  0.3508457060  0.3118218794  0.4203199292  0.5012341816  0.4350645751  0.5829583589  1.1049477020  1.1937451228  0.7158019627  0.4978801900  0.3905152516  0.2980257859  0.3157293432  0.3036198237  0.3085111132  0.2304474593  0.3062717685  0.2158376332  0.3094162216  0.7818592726  0.3629082328  0.2069225376  0.1497884563  0.1439298463  0.1402103618  0.1079769223  0.1329871661  0.1239841060  0.1200952859  0.1359651060  0.1127346174  0.0870265305  0.0549660141  0.0661307931  0.0678768805  0.0779458859  0.0581522666  0.0787201410  0.1119837130  0.0672879487  0.0648334962  0.0879668842  0.1012668334  0.0958250949  0.0930680897  0.1039563073  0.1424633235  0.1149488724  0.1197632131  0.1154098501  0.1700596198  0.1055607928  0.0710284047  0.0645737135  0.0518957052  0.0626172552  0.0505438546  0.0423310513  0.0470636938  0.0680246320  0.0590729429  0.0349115759  0.0367731138  0.0280125576  0.0316315451  0.0345057382  0.0516447443  0.0376611493  0.0386872507
  0.0351445642  0.0268110073  0.0229827351  0.0190537374  0.0149562946  0.0170289442  0.0248183586  0.0334267919  0.0431086345  0.0482240664  0.0625153228  0.0786654481  0.0730645100  0.0631679301  0.0525367522  0.0517731471  0.1118400893  0.2350789097  0.4174186918  0.8674270872  1.2018815446  1.3770823168  1.9303021893  2.2355127511  4.0944566808  4.2477188029  2.3618270464  2.3505682944  1.8433924509  1.2163281682  0.6879782800  0.6359261450  0.6564796991  0.6740356934  0.9662429910  0.9671075546  0.7728670164  0.7531678893  0.4533522976  0.2328604386  0.2874325379  0.5648266823  0.3828925107  0.2240609878  0.3142252263  0.2296947456  0.2228982584  0.3211125713  0.4241313075  0.3151335815  0.2431945371  0.2538942705  0.2117522879  0.1797380266  0.2095941273  0.2092451114  0.4454433610  0.8017369091  0.6209587980  0.3991408344  0.2759650237  0.1825000108  0.1514154933  0.1842683940  0.1340961717  0.0893122429  0.1066330401  0.1367628116  0.1418788824  0.2600546634  0.3418137038  0.3879335110  0.3560072400  0.6038583870  0.8038154003  0.9168453951  0.6639529749  0.5479594017  0.5025133753  1.0044593881  0.7710838518  0.5512849786  0.5789054740  0.8134611977  0.7694369501  0.6220689665  0.7825662518  0.9119222711  1.3252123977  1.6071253914  1.8498237927  2.2197034263  1.7929870161  1.3505891612  1.4319961247  2.3231412009  2.4470660143  1.6010489702  1.1071433419  0.7898014200  0.7236974433  0.6460976278  0.7321719938  0.6432632912  0.5322360945  0.9128830605  0.8967144637  0.5273518766  0.4007371161  0.2537289376  0.2343276053  0.2971428173  0.4206495288  1.0430250509  0.8742104091  0.6319318235  0.4661768904  0.6719365102  1.4241594306  0.8079505237  0.4918573598  0.3128276139  0.2792586672  0.2109730957  0.2085272935  0.2720893254  0.4756384817  0.5920806004  0.4062285050  0.2216238122  0.3899018059  0.4300068962  0.3890325956  0.3194402058  0.3188000865  0.6872460034  1.1823484029  1.2134186112  1.3675052199  0.5706062602  0.4069398410  0.4079204660  0.3349568957  0.3049361087  0.4200874431  0.4902209063  0.4474921057  0.3928331818  0.4814985356  0.5921271931  0.5526283922  0.2602810503  0.1464124765  0.1626624737  0.2153621405  0.2548779984  0.1719661949  0.1931933752  0.1282535688  0.1131192538  0.1042760436  0.1047682233  0.1065219149  0.0970188125  0.1016892134  0.1042844463  0.1131859187  0.1043939599  0.0793643527  0.1054712194  0.0778625590  0.0609649103  0.0720843390  0.1230068801  0.1183108699  0.1200360169  0.1611670391  0.1414985205  0.1616659515  0.2186900401  0.2169206594  0.2079692824  0.1249013803  0.0665345160  0.0774179099  0.0550098535  0.0766152313  0.0692341021  0.0775148345  0.0843525584  0.0589181699  0.0529228220  0.0378765677  0.0497730452  0.0470550006  0.0305910721  0.0295746494  0.0296144826  0.0438973336  0.0325230415  0.0542549453
  0.0264408840  0.0210091230  0.0252487921  0.0249070761  0.0215440535  0.0212467171  0.0428330764  0.0348021012  0.0521015690  0.0644052624  0.0576344262  0.0838190479  0.0804041142  0.0707831889  0.1025247662  0.2031465024  0.4197785156  0.4778183594  0.5017931822  0.9913695757  1.0246755353  1.5578260614  1.7270617862  2.4871140063  4.2731232909  3.0348883419  2.9310883535  2.3437969287  1.7677938985  0.8567251198  0.5915780446  0.7814192782  0.5758154959  1.2413832738  1.6329879091  1.3066951674  1.2998501441  0.6720911641  0.2745551972  0.3285743187  0.5962967647  0.4551341422  0.2586971211  0.2219563440  0.2188199912  0.1665305651  0.3010549163  0.4285456801  0.5397474723  0.3677643585  0.3184201191  0.3088799213  0.2443187077  0.1618910596  0.1523251508  0.2561221920  0.4992773234  0.3251098200  0.2989524843  0.3209536280  0.3019010911  0.2142894751  0.1392174097  0.1322702458  0.0900474842  0.0915724251  0.0974960133  0.1093181429  0.1874684783  0.3013410837  0.3841848404  0.5030517621  0.5484167420  1.4150388730  2.0343150060  1.2614333049  0.6660867320  0.4871877610  0.8801366467  0.8337524098  0.5062202727  0.6172310493  0.9142160892  0.6409648071  0.5115771253  0.6690382502  0.7509872512  1.0668055675  1.2537197268  1.6101837575  1.8144660778  2.1046419302  2.3062500578  1.8173861555  1.5882833635  1.7064272727  1.4298490982  1.4210833512  0.9829657501  1.0261621193  0.5996818214  0.6034806736  0.8157465030  0.6060046569  0.6506562391  0.6878678544  0.5421145246  0.6941692171  0.3713852643  0.2056239154  0.2732410934  0.2646301735  0.5362008073  0.8690763797  0.8910662945  0.5310277446  0.5518402654  0.7431595499  0.4722749754  0.3471593536  0.2135267444  0.2600159120  0.3285796225  0.2139974694  0.1344089394  0.2723211891  0.3839583031  0.2178030967  0.2869756188  0.5094569920  0.5205024817  0.4541069586  0.5123046713  0.5513409516  0.8381409903  1.1384358660  0.7687140826  0.8626254535  0.6049980700  0.4719317221  0.5151948910  0.3403635931  0.4462749506  0.6126264943  1.1167791823  1.1530945706  0.9911079671  1.0338538301  0.5645271498  0.4969892001  0.2809877275  0.2360140573  0.2572881627  0.3367349593  0.3189585735  0.2742361847  0.1291285040  0.0854224360  0.0923359244  0.0874522568  0.1079551786  0.0846590664  0.1217650316  0.1361716267  0.1388901610  0.1362678377  0.2290342741  0.1423461129  0.1194253551  0.1043691689  0.0488769750  0.0722144933  0.1080195260  0.1245681492  0.1464166428  0.1792725468  0.2803702709  0.3230785553  0.3535790485  0.2005657971  0.1854166660  0.1647203300  0.1081277608  0.0727032806  0.0750876588  0.0520289455  0.1017172458  0.1073221813  0.1144607519  0.0925421919  0.0721798916  0.0499700760  0.0559599997  0.0516181407  0.0424642376  0.0544203267  0.0314939964  0.0296868169  0.0314169626  0.0320913189  0.0261827762
  0.0228189060  0.0335182481  0.0336562409  0.0399867389  0.0395407518  0.0553505368  0.0594900705  0.0498886691  0.0660462923  0.0826047229  0.1105022366  0.0994474725  0.1035077684  0.1329739399  0.2288675690  0.3370263454  0.4394522134  0.5556111253  0.7663815761  1.1955632567  1.9883363007  2.1431644248  1.9521307107  3.5914638632  3.5092602145  4.3853890279  2.4322472089  1.5311802735  1.2659415404  1.0920010278  0.9527322704  1.3389567653  2.3743918649  1.4644672178  1.2536327398  0.8112776630  0.4651785205  0.2795432896  0.3095052803  0.4567727389  0.3741588949  0.4050464764  0.2294907595  0.2256971922  0.1827494798  0.3195944491  0.4861769001  0.4985235114  0.5188196793  0.3470955210  0.4508258497  0.2522122699  0.1618896050  0.1122871970  0.1606011545  0.1491485189  0.1165169471  0.2433226028  0.2526037711  0.2717851851  0.1579092279  0.0997171505  0.1182193480  0.0777610590  0.0955806744  0.0794771328  0.0863774245  0.1283740546  0.1870602309  0.3199303401  0.5458095159  0.7131325001  1.1116850248  1.6050035380  1.0119297653  0.6461797236  0.3699334101  0.6079886612  0.7611734831  0.6519081284  0.5302805993  0.4946595017  0.5463081641  0.5174895355  0.4847570188  0.5657004204  0.9032590611  0.8462436152  0.9450084674  1.1927186112  1.8042308768  2.3516171839  1.6649461904  1.2921147546  1.6255329525  1.5972338139  1.2587611171  0.8478136316  1.0188863918  0.6487525208  0.3878439401  0.4621458869  0.4363831362  0.3783455610  0.4765911343  0.4719703538  0.7285112325  0.3037391343  0.1956224469  0.2231274897  0.2229849273  0.3529168721  0.8552222575  0.6054169657  0.4529344116  0.4537408348  0.6859130652  0.6096324609  0.3227770256  0.2887493316  0.4003156324  0.4132904295  0.2164673807  0.1466138178  0.2351880530  0.3270928373  0.2970168285  0.3159490100  0.4619168546  0.6782993088  0.5672767815  0.6705666783  0.9072605691  0.6022917181  0.8069658405  0.5828465778  0.5135078857  0.6097273928  0.7493199132  0.5245229756  0.3251390669  0.4464718745  0.5719245192  1.0190661257  1.4599465796  1.0883191230  0.6285087731  0.3898289321  0.2953253364  0.1874395979  0.1618935209  0.2606780476  0.2416119996  0.1599353540  0.0993740502  0.0924211784  0.0877047128  0.0878107473  0.0837861025  0.1021975513  0.1139735104  0.1599139804  0.1354233857  0.1281122175  0.1989913780  0.3163128411  0.1826384796  0.1208576916  0.0932489088  0.0528552842  0.1091139277  0.1019602236  0.1163000678  0.2291403465  0.2462539843  0.2670285587  0.4019080904  0.3839074132  0.2158376630  0.1419114127  0.1199213902  0.0784171355  0.0871948345  0.0726236607  0.0623388816  0.1010029306  0.1041055155  0.1539016749  0.0923351237  0.0798973542  0.0693851372  0.0670518708  0.0525997067  0.0705815518  0.0691455178  0.0330548048  0.0257297464  0.0209125924  0.0225344382  0.0274341464  0.0280307298
  0.0454688730  0.0506276192  0.0446981067  0.0274696119  0.0317605865  0.0520807706  0.0301831403  0.0611121113  0.1216229134  0.1665586462  0.1233041374  0.1225388318  0.2167037927  0.2689840129  0.3029046411  0.3932449937  0.5504649731  0.5896693880  1.0567588833  1.4173645808  1.3386973669  2.1465890077  3.2860575824  2.5247162030  2.6950721591  2.1531599342  1.4810894881  1.5190927252  1.2907897536  1.1939957881  1.9471334412  2.2466044719  2.0841494084  1.5930540288  0.9922751552  0.5849189177  0.5063907520  0.4411496234  0.3480057426  0.3199710843  0.2949383816  0.2766162915  0.2481675933  0.1644833503  0.2215458317  0.3987778401  0.3921371046  0.4146959013  0.3316458361  0.2742217304  0.1245168678  0.1805949890  0.1276319363  0.1406437066  0.1588107415  0.1313879335  0.1564982642  0.1318965265  0.1501410169  0.1012235243  0.1162224890  0.0909649247  0.1108956477  0.1141585653  0.0942048348  0.0676082654  0.0911989082  0.1992737337  0.3359455390  0.6082109662  0.7196473175  0.6521616943  1.1459985055  0.9847309170  0.6656706668  0.7520504159  0.7729718102  0.9632689407  0.7961916561  0.6352717946  0.6464057579  0.6983441049  0.7329273523  0.4827231208  0.7951251659  1.1065763294  0.9945058074  0.6961894081  0.6873493612  0.9066458250  0.9275235937  0.9969821018  0.7604301671  0.9699759484  1.1570213284  0.8467574773  0.8905801444  0.9657307773  0.6400557167  0.4426594725  0.4252067308  0.2619804784  0.2228929528  0.2800719269  0.3917889268  0.4935649654  0.2625586016  0.1532290723  0.1188853895  0.1297129883  0.3165665275  0.7020530410  0.8681268888  0.7724290379  0.3887348242  0.3629186516  0.5303917957  0.3385243142  0.4189233551  0.2755440451  0.3543907255  0.3584682272  0.1767945903  0.1306498706  0.2708584280  0.2076836606  0.1871462795  0.3460994404  0.5964527027  0.7029412407  0.8505759688  0.9066744461  0.6352136822  0.8785467070  0.8382593600  0.6379466496  0.8642764356  0.7268578773  0.3225099649  0.2926602617  0.3399455388  0.4378837927  0.6975544555  0.8032918867  0.8920643526  0.3578355332  0.2710043160  0.2308470227  0.1466580041  0.1662578732  0.2224034952  0.1893923785  0.1295234093  0.0894669663  0.0667320048  0.0716577366  0.0820284743  0.1423795340  0.0873228359  0.1083983473  0.1876778179  0.3274633321  0.3286182665  0.3566333883  0.2889876116  0.2140658358  0.1132462426  0.1190855980  0.0736788476  0.1480878865  0.2418926179  0.1605296320  0.2427011534  0.3001102855  0.2673125822  0.2349964066  0.1918564501  0.1333739146  0.1188250583  0.1034640888  0.0826115162  0.0934754246  0.1252113652  0.0907044724  0.1095747653  0.1820442290  0.2015375118  0.1439352363  0.1303919220  0.1406046214  0.1194467980  0.0966428578  0.0900959778  0.0548948735  0.0399655093  0.0190685256  0.0229471655  0.0307026269  0.0369759120  0.0492247318  0.0584367144
  0.0569186040  0.0415460994  0.0296120722  0.0330876214  0.0486422573  0.0444742178  0.0567177405  0.1528228037  0.2032020458  0.2206744180  0.1929697108  0.3035546418  0.2411385125  0.1702058863  0.2520406404  0.3716361598  0.4335965864  0.7085346777  0.6230036544  0.8365173630  1.6353282180  2.8257603732  2.2444163278  2.7939604210  3.2803378630  1.9602898845  1.2891742317  1.0044462310  1.3357187264  1.6019193379  1.7819714137  2.2481973641  1.7306187830  0.9206634449  0.9131581555  0.7467861741  0.5956487013  0.4076728685  0.4136692233  0.3698839907  0.3361478126  0.2176403549  0.1555996564  0.2783419089  0.3849169331  0.3234708008  0.2507869319  0.3012338974  0.2054988944  0.1350383222  0.1698177623  0.1138274354  0.1215788283  0.1624213763  0.1328944438  0.1476849693  0.1081353309  0.0964915436  0.1153407271  0.1054282727  0.0992158386  0.0730838330  0.0914018958  0.1183095423  0.0959342644  0.0895573216  0.2015094853  0.2789704386  0.5728375417  0.6273784773  0.6831420659  1.0328295348  0.8154407136  0.5677426432  0.5170891501  0.5308244012  0.6650283533  0.5369896311  0.5733032285  0.7993674690  0.7310431354  0.6307661919  0.7245712059  1.0743634679  1.1357552119  0.8687706023  0.7897049087  0.6590358053  0.8386771944  0.8703595516  0.6657740922  0.5007703505  0.5841963931  0.6803165859  0.8255291795  0.9576629444  0.7593177957  0.3469598570  0.3256618393  0.5597865595  0.3891705916  0.2625290330  0.2432809658  0.2107798817  0.2913592565  0.2999287725  0.2384539602  0.1603255463  0.1412858989  0.2961921643  0.4936440406  0.5721946125  0.6077733404  0.5642738396  0.5412236249  0.5500451176  0.3662799868  0.3759640394  0.2264267951  0.2228236062  0.2219012517  0.1641792803  0.1336762397  0.1578878693  0.2289873718  0.2086842254  0.3366269470  0.6079949315  0.6951499406  0.7979094558  0.6601337994  0.7091945121  0.9030932244  0.7176765036  0.6149759859  0.4461807064  0.3268717902  0.2795670291  0.2387621119  0.3819302335  0.5275980133  0.5642337042  0.5666032950  0.5463658961  0.3393207849  0.2608871718  0.2304287143  0.2437599836  0.2627594783  0.2326944087  0.1836304130  0.1131764971  0.0561123849  0.0777511638  0.0869234403  0.1194628488  0.1854395361  0.1369440060  0.2238907452  0.3811659856  0.4343901241  0.3744583752  0.3769353386  0.3207415047  0.3105523540  0.1927261291  0.1663090066  0.0765048426  0.1161948132  0.1953668497  0.1794800309  0.2073707148  0.3700590444  0.3637640330  0.2000858249  0.1056428123  0.0978182973  0.0896205176  0.1241533452  0.1331786224  0.1392230022  0.1646960091  0.1416637306  0.1750365423  0.1544347710  0.1626007882  0.1689535451  0.1813909607  0.2042107037  0.1185564942  0.1189174506  0.1387812007  0.0689792336  0.0373599227  0.0281531248  0.0455724369  0.0653467349  0.0637200952  0.0770727326  0.0593398085  0.0654977292
  0.0681679384  0.0403549638  0.0270538487  0.0449392352  0.0774994083  0.1003715248  0.1659922740  0.2495436361  0.2490526081  0.2825590314  0.3060951060  0.3249776469  0.4015114950  0.3277426743  0.3714084251  0.4326747453  0.5332025428  0.3888294826  0.5934182456  1.4612033523  2.7960194611  3.2009774778  4.2635522228  3.6765331969  2.9117139321  1.9944653371  2.4327518124  2.4782538224  2.4600512830  4.7547097520  4.5284578541  2.6777257577  1.0844519657  1.2461967884  1.2151576898  1.1943042435  0.9473388153  0.8034032461  0.6728254541  0.3915820016  0.2866527623  0.3210723397  0.3606261212  0.4933403372  0.3911556925  0.2559171526  0.3511864207  0.2174355525  0.1526507846  0.1179354108  0.1474984312  0.1187102771  0.0989064179  0.1449798885  0.1692917409  0.1475942016  0.1382512105  0.1327432113  0.0981457423  0.0831069428  0.0523342087  0.0944534311  0.0940657593  0.0526831079  0.0920555111  0.1610279926  0.1679466576  0.3009634907  0.7012118642  0.7101299434  0.8485672224  0.7625335965  0.4852422758  0.3756497593  0.3894275803  0.4471383355  0.4514494532  0.5681630806  0.5625926526  0.5114285964  0.3657179478  0.7845029745  0.8862961860  0.6274093103  0.6369921047  0.9072557854  0.5786981770  0.6342169303  0.5249059010  0.5133185987  0.2812514281  0.3791920529  0.4323057616  0.6621635559  0.6314340079  0.4562901610  0.3413741011  0.2002032818  0.2367452975  0.2697738493  0.2797920711  0.2149421405  0.2159317835  0.3025820833  0.2355248355  0.2500258234  0.1965804942  0.1613132632  0.2267212811  0.2954184352  0.4293618272  0.4049163870  0.7133874917  0.7810354892  0.5798158645  0.3213984031  0.3179902930  0.1927900160  0.2051273993  0.1714688271  0.1470451197  0.1882820113  0.1874530573  0.2218638854  0.3177981555  0.3812536805  0.5755960508  0.5391315752  0.5999635081  0.5799157684  0.5202468727  0.8475766735  0.6130399328  0.4621457099  0.3258085900  0.2016640803  0.2584298803  0.2260534931  0.3926727425  0.7046344623  0.5225663481  0.3789500997  0.3686225556  0.4403043324  0.2771036815  0.2036679949  0.2950207219  0.2739507658  0.2351996479  0.1072602056  0.0856822086  0.0720959802  0.0822721080  0.0905181424  0.1383838666  0.1681136118  0.2553011409  0.3308876881  0.5086440387  0.6691683184  0.4042109254  0.3822235416  0.3688645376  0.4151208160  0.3401348021  0.1788690319  0.1337155004  0.1905246593  0.2477305993  0.3188419899  0.2538317614  0.3812228436  0.4022756752  0.2436936047  0.1117652681  0.0767954002  0.1225943277  0.1584362409  0.1625849158  0.3189521688  0.3385671841  0.2379110116  0.2053762328  0.1426821544  0.2193561610  0.2997231378  0.2579188781  0.2122933239  0.2080005155  0.1441128594  0.1206017560  0.0652982063  0.0514282158  0.0356032128  0.0518200281  0.0788204386  0.0779769073  0.0756000133  0.0624545116  0.0776050762  0.0530383441
  0.0458709844  0.0409388993  0.0497619317  0.0816164360  0.1408130585  0.2625194807  0.2939545413  0.1915050689  0.2486398641  0.3535430348  0.3212699970  0.4120523947  0.3498350647  0.3630168220  0.3585233696  0.3877671227  0.3077385479  0.5118200834  1.3203475441  3.0246044627  3.8375503006  6.4714443424  7.8190444006  6.3148515370  4.7639876883  2.7987264914  2.5088600804  4.9562264937  5.2084544183  5.6765606897  3.0117311518  1.6800131423  1.9417425112  1.5454175282  1.6338732001  0.9670641140  1.4071125435  1.3121410757  0.7221567054  0.5281076656  0.5444769396  0.8941491431  0.9654339746  0.6049422557  0.2835430921  0.3047966475  0.2885337206  0.2126967864  0.1481975833  0.1283606958  0.1410946432  0.1454822694  0.1489573017  0.1246723307  0.1075959206  0.1090186609  0.1011823888  0.1066883457  0.0898776862  0.0778515299  0.1031749526  0.1144419132  0.0620657533  0.0865435511  0.0974497754  0.1047498598  0.2369340181  0.4157885250  0.4701236493  0.4935154017  0.3833546910  0.3684392410  0.3974459050  0.3511743303  0.2165097731  0.1949466465  0.4572225340  0.4112854478  0.3439661673  0.3233286742  0.5386398831  0.6838396340  0.4457699151  0.6789491493  0.9740664368  0.7405026289  0.4144935969  0.1970153408  0.2501234396  0.3191238284  0.4091164800  0.4906605490  0.6064343464  0.4489964945  0.4172497078  0.4634118380  0.3111418458  0.2676729244  0.1919457800  0.1746434665  0.1814763805  0.1817434208  0.2859532188  0.2236014918  0.2221322120  0.2135912155  0.2380122909  0.2956492445  0.2726885385  0.2356440461  0.2773503076  0.3867508557  0.4581967661  0.5543008372  0.3994754261  0.3399464176  0.2979030908  0.3161872244  0.2180381059  0.1921383732  0.1727150548  0.1536402370  0.2228873135  0.2276688302  0.3345536936  0.4538772737  0.3288044298  0.2349726567  0.2795701322  0.4389596179  0.6384833577  0.4295392398  0.3285422757  0.2672144188  0.2526245314  0.2964113492  0.3430307418  0.5834343628  0.7994948087  0.5956851421  0.5018069386  0.4345674291  0.3776777171  0.3226948509  0.2193990376  0.2690650656  0.2563742873  0.2665519778  0.2027351769  0.1390474631  0.1099911683  0.0624976940  0.0518727184  0.1011964888  0.1333031637  0.2974041072  0.4192160539  0.6617823428  0.8057727222  0.7543795788  0.5983964324  0.4904552857  0.4676192735  0.5562435488  0.2744523640  0.2930833102  0.3502674782  0.4097159920  0.6179489038  0.4434018803  0.4642033271  0.4756811154  0.3097429049  0.2190508688  0.1777159667  0.2242923904  0.2015392742  0.2350514177  0.3994622653  0.2817301601  0.2036639958  0.1958453746  0.1581378660  0.2643934407  0.4596292924  0.4831862806  0.2723315803  0.2937473424  0.2405998960  0.1714700624  0.0754303240  0.1028794311  0.0542714324  0.0611982947  0.0794953261  0.0844273075  0.0742948538  0.1121235290  0.1226920720  0.0855910533  0.0444960051
  0.0440140555  0.0725409961  0.1204670603  0.1952630704  0.2788161588  0.1688041853  0.1571893976  0.1635271333  0.1543319268  0.3126629532  0.2341238130  0.4114052567  0.3144083280  0.3309490332  0.3671155034  0.5275869683  1.1617687199  2.2784425639  6.0362877223  6.3277494764  5.0277143487  7.9369206060  8.7705437186  5.7527066269  2.8673405487  3.5635536438  4.3314230949  4.0763955686  5.3483088331  6.1926620220  3.7594995826  2.1897277744  1.4709060662  1.8157511847  1.4359270710  1.8124159043  1.4225430781  0.9643032995  0.7718609978  0.7952038615  0.8589828678  1.1250376401  0.5940330766  0.3611358740  0.4113740832  0.3129270066  0.2304344064  0.1521492689  0.1219096798  0.1643209055  0.1582435787  0.1571168916  0.1406144657  0.0974239580  0.1087487355  0.1165142707  0.1103530901  0.1049852836  0.0914952279  0.1031370910  0.0727591174  0.0734090974  0.0754299945  0.1225526650  0.1619176227  0.2494586783  0.3429936676  0.3407016512  0.2303753169  0.1587242081  0.2116782927  0.2479921426  0.2805181839  0.1798780025  0.1508806639  0.2603647201  0.2878288837  0.2940816449  0.2491147498  0.3602635113  0.7752091054  0.6568247853  0.7709414432  0.6364991112  0.6098995519  0.5429790755  0.3037000649  0.2366707241  0.2375491332  0.4085478349  0.3775186451  0.5132914652  0.4748848369  0.4306199451  0.4179566233  0.3657137877  0.2990556924  0.1784557308  0.1885992495  0.1305775675  0.1394478788  0.1318859765  0.2271235291  0.2527752993  0.1800980402  0.2219737337  0.3854609206  0.3608305504  0.3218179110  0.2967527919  0.4373640050  0.5530598675  0.6633127205  0.5311248516  0.4375546580  0.3911547899  0.4910245566  0.3947653310  0.3064950095  0.2176908449  0.1832358622  0.1903651861  0.1761999854  0.3241538076  0.3218787157  0.2678534326  0.1824817227  0.2137705965  0.3816303898  0.3747197135  0.2488105810  0.1864284994  0.1738759202  0.2030036878  0.2378112328  0.3541560626  0.5402648345  0.5339422863  0.4604327752  0.4329030997  0.3513643293  0.3655019519  0.3101274657  0.2664182677  0.2181299111  0.2215333750  0.2140610576  0.2733973480  0.2173689587  0.1647823517  0.1251184848  0.0842995661  0.0836525403  0.1638598767  0.3101588755  0.3871066609  0.4347713273  0.7459631057  1.0155771124  1.0525430509  0.7441748678  0.6662540629  0.6871508741  0.4098462622  0.3895107170  0.4880893023  0.4733807894  0.4298569643  0.3413641537  0.2853610425  0.3793529635  0.3318459325  0.2945603595  0.2868762229  0.1905668492  0.2455836438  0.3525362404  0.3491512179  0.2787227008  0.2114198693  0.1248852768  0.1909739454  0.3345652883  0.3944848244  0.4617171319  0.3887560383  0.3951009851  0.2686611332  0.2358305937  0.1765976309  0.0833816154  0.0756330518  0.0941726421  0.0684745697  0.0654867884  0.0733931030  0.0967287336  0.1137369213  0.0741599130  0.0725234168  0.0699641082
  0.1211092297  0.1689371343  0.1784929159  0.1942211911  0.1340726447  0.1449105227  0.1842923008  0.2237580380  0.2369959893  0.2860080172  0.3056992178  0.2866954456  0.3276560783  0.3078011465  0.5404851000  1.4231436654  3.6532111880  6.0553746674  7.0571012632  4.6186640059  6.4152956353  8.5513742022  6.6371210949  5.4882781311  6.8224398204  3.1993485794  5.2023673149  5.6395056852  9.3101032098  7.9320727616  3.3670051081  2.8063994975  2.3583923550  1.5607056674  2.2135760448  1.7267179296  1.3894371048  1.1076068748  1.0867707620  0.9806944419  0.7542616831  0.5072246525  0.4245299955  0.4166178910  0.3579404673  0.3864120519  0.3180909729  0.1812787750  0.2513640578  0.2861297341  0.2133184371  0.1562977003  0.1107693602  0.1271586021  0.1071866899  0.0970461395  0.1148067846  0.0918095561  0.0772188430  0.0773551871  0.0687695227  0.0747251763  0.1368446060  0.2100627690  0.3043329455  0.2972577875  0.3299709076  0.1787879340  0.1540136705  0.1804070893  0.1757324459  0.1647591923  0.1427409186  0.1415833437  0.1582121353  0.1861303464  0.2605108795  0.2600559857  0.2615416917  0.4796308744  0.7741698025  0.8349166591  0.7227740485  0.6803731684  0.5238032918  0.5087586001  0.3520110126  0.2695714835  0.3563849706  0.3599658065  0.4279489804  0.5502698478  0.5647006030  0.4894725504  0.3827764975  0.4374715061  0.3342462950  0.2462840961  0.1298760558  0.2154101901  0.2350878789  0.3306255409  0.3105486491  0.2426443483  0.3274291682  0.3215432359  0.4328738971  0.3264417524  0.3265547555  0.4219959738  0.5872207127  0.7137643460  0.6335905082  0.6438405176  0.5258048751  0.6372754032  0.4223568026  0.4533297121  0.3821271186  0.2336070659  0.1659971593  0.2214285635  0.4584379749  0.4929187765  0.3434508526  0.3990947675  0.4078378125  0.3251726063  0.3225514781  0.3056190398  0.2014031111  0.1851898448  0.2716434669  0.3002064528  0.3505533448  0.4395654311  0.4864565736  0.3462932583  0.3122524326  0.2519891532  0.2875843014  0.4059325890  0.2233771529  0.1840051866  0.1160174305  0.1261324399  0.2104147783  0.2584388567  0.2420208056  0.2641337856  0.1382229039  0.0792835380  0.1566434774  0.2684120282  0.3941291892  0.4183705428  0.5781023365  1.1654950125  1.1831355684  0.9696879875  0.8489820582  0.4710604721  0.4954163069  0.4050062927  0.3593877520  0.3925996150  0.4516750702  0.4341705014  0.4329199129  0.5189884358  0.3969119961  0.4204814210  0.2843654143  0.2618662277  0.4569280957  0.4877888619  0.5417240724  0.4639400666  0.2066528485  0.2328624024  0.3676371293  0.3954704129  0.4472497049  0.3886954278  0.3387464405  0.3911869223  0.2594491255  0.1806405969  0.1945240025  0.1231973372  0.0882457694  0.0705084082  0.0372151103  0.0531680825  0.0521937254  0.0659470608  0.1110118735  0.1678950647  0.1359836413  0.1098257652  0.1772547152
  0.1525015806  0.1443576210  0.1567312814  0.2096267703  0.1676460967  0.1990461653  0.1374954876  0.0958714048  0.2159296730  0.3040569556  0.1939371864  0.1993088510  0.2250731267  0.6703616832  1.2548793167  2.9502790027  5.1150071676  6.8246655999  4.1411054355  4.4482382560  4.9511269915  7.0054274995  9.4353998869  6.3916857288  3.1956854621  5.5873769906  6.5599966145  6.6572741095  8.4492126847  4.9219740031  2.8934483390  2.6814941922  3.3768478849  4.1191209116  3.4870634413  1.7182268026  2.0527275486  1.7854920684  1.0013500894  0.7653500722  0.4847435387  0.4126628804  0.4784428750  0.5246575571  0.7530601859  0.5429026086  0.3111483132  0.3383362214  0.2719728661  0.3242890867  0.1503934295  0.0877085544  0.1039307281  0.0724534211  0.0854554945  0.0787159950  0.0437313619  0.0518358845  0.0827272125  0.1293995576  0.1623745821  0.1856495832  0.2329858009  0.2322868067  0.1968645822  0.2997921899  0.2414733186  0.1480130002  0.1209231496  0.0994073808  0.1163741020  0.2069982768  0.1807720090  0.1403399851  0.1804660685  0.2122076632  0.2174121873  0.1926145996  0.3320842807  0.6192111686  0.9108437873  1.3301983697  0.9915346790  0.6147048950  0.6960188492  0.4884143371  0.3286851850  0.3904678369  0.5549293196  0.5025282251  0.8462153777  0.6850026764  0.6318289760  0.8101974318  0.8386164892  0.5199878350  0.3863165625  0.2379706669  0.4996243741  0.4704091325  0.3396647233  0.3587735861  0.3814233223  0.4183623253  0.3499795250  0.4601880671  0.4278919436  0.4986966929  0.5418232719  0.6344088008  0.7475685683  0.5222631647  0.5588434116  0.5500828141  1.0808039089  1.0109623247  0.6961025518  0.5270889962  0.2143683794  0.1349274804  0.1814907760  0.2778523825  0.3356339621  0.3261780990  0.2922556573  0.2589872839  0.3324116427  0.3705752323  0.2865894286  0.2111579719  0.3092747135  0.4078226099  0.5133821079  0.5220596449  0.5292910408  0.4690414520  0.3207457100  0.3062998178  0.2564454516  0.5886446450  0.6114917964  0.2076575493  0.1365230815  0.1197908632  0.2284556344  0.1772242635  0.2256206197  0.3268164467  0.4163320582  0.2999346629  0.1366827416  0.1660775356  0.3349102606  0.5657741263  0.7528388774  1.0345446912  1.0347526636  1.1627604797  0.8237410897  0.7446773412  0.5057119653  0.4746845288  0.3198026500  0.2464324487  0.2575720318  0.4290218455  0.4927823500  0.5579152405  0.5194960717  0.4095666691  0.4423267757  0.4350051158  0.5227138455  0.5112397865  0.5184067636  0.4700689850  0.4720113129  0.2204086609  0.2756516116  0.4334319536  0.3364882326  0.3533009618  0.3270359664  0.2507162748  0.2134092874  0.2597058651  0.2412070924  0.2423130116  0.2301389013  0.1545900412  0.0753683839  0.0511154314  0.0508775353  0.0685330909  0.0743056920  0.1056132713  0.2549926499  0.1368268964  0.0951249587  0.1366613958  0.0814174951
  0.1093688311  0.1335132943  0.0945255692  0.1359229867  0.1416395160  0.0850891277  0.0782194453  0.1140739693  0.1888005728  0.2344573460  0.2321479056  0.2392655404  0.7852632763  0.9465445095  2.3941472709  3.1239669492  4.1793671695  4.2203524626  3.6323753041  4.9161856963  5.4128157712  8.5584732821  6.3185020553  5.7256007630  7.9454540721  8.6775595252  7.6473397972  6.4298220860  4.6472064663  3.1513242212  2.5886719220  3.4471833701  3.1294426790  5.5493340402  3.9529212627  3.3397038394  3.1836917287  0.8823588860  0.5772234659  0.4020650152  0.5356417449  0.6309159791  0.9221838702  1.1025758491  0.7644242156  0.4873705589  0.3315922494  0.2765444351  0.2129530960  0.1234840526  0.0700841635  0.0641171653  0.0415559454  0.0547672603  0.0633246889  0.0418888108  0.0476823120  0.0601957045  0.1428917272  0.2074894148  0.2289708397  0.1719629670  0.1519566091  0.2008806357  0.2314874575  0.2414457840  0.1738914912  0.1727432080  0.1541450414  0.2060430118  0.2529272251  0.2648183328  0.2560089346  0.1783473514  0.2152058200  0.2552849857  0.2170632079  0.2602731948  0.5067089202  0.9517037343  1.3782075050  1.2971872147  0.7357971162  0.5554620621  0.4536332193  0.4895094416  0.6373957779  0.6428919547  0.4907406081  0.7490146155  0.9500135919  0.7158263919  0.9516488561  0.8970124823  0.5117592710  0.3126330542  0.2690352825  0.8505734467  0.6563481074  0.3503557787  0.3719392764  0.5047019174  0.4946928929  0.4784313181  0.5787596547  0.5447012739  0.7376966933  0.9809748846  0.7813805189  0.6504835828  0.7108109021  0.7297401733  0.8845710872  1.0813731513  0.7593849755  0.7606532040  0.4330876382  0.2653944377  0.1574053832  0.2140560741  0.3231124369  0.4323456845  0.4437133909  0.3937700762  0.2656073521  0.2719517044  0.3202723788  0.2326182069  0.2631232491  0.3762098390  0.7591139474  0.7473834136  0.6455944439  0.6213527288  0.4394573347  0.3909059295  0.5575999062  0.4157572750  0.4641290093  0.3467843936  0.2438734676  0.2172562720  0.3362094354  0.3563390596  0.2516030926  0.2669051786  0.3252270161  0.5305214792  0.5378940235  0.3808429032  0.4193012463  0.4137765888  0.5037877120  0.5754982023  0.8693078114  0.8875273760  0.8145823479  0.8646244595  0.4913583496  0.4000956408  0.4852010837  0.4317202559  0.3187013144  0.2606392475  0.3163506844  0.3550172482  0.4529612327  0.4258433313  0.3731118237  0.5136541847  0.6294560851  0.5457126610  0.4923321873  0.7045062673  0.4392830828  0.4858656747  0.3160230058  0.3080411980  0.4618012987  0.2611936677  0.1511004578  0.2798189729  0.3004556221  0.1857632661  0.3171476309  0.3565590327  0.3256686655  0.2022258898  0.1683021004  0.1264400812  0.1223157613  0.0922827822  0.0939422107  0.1002612920  0.1313489266  0.2566337777  0.1996639950  0.1166236772  0.0766509848  0.0691718360  0.0714598771
  0.1088889943  0.1037849960  0.1233319447  0.0914944370  0.0736428955  0.0522941138  0.0805866936  0.1799959845  0.1773526733  0.1702734643  0.3416935852  0.9089607474  1.1979444524  1.6411988438  2.5850346981  3.2581481041  4.0692140357  3.0291023422  5.1362691934  4.2642955040  6.7890789167  6.9326840096  7.2643391086  9.0349823226  7.1328747003  6.9325840700  5.5103859166  8.6069735676  4.7178582822  2.8236008355  2.8683948212  4.6099898678  4.5687925261  4.1282873206  3.1430728203  1.6013129377  0.5967401589  0.4029175144  0.4808623490  0.5370562830  0.9874288894  1.3328564191  1.2260542840  0.6229256312  0.5145006031  0.4703964943  0.2310753722  0.1681496029  0.1066779538  0.0827585023  0.0593710311  0.0294590836  0.0372669665  0.0432735800  0.0408851190  0.0574658246  0.0648310250  0.1198397100  0.1919624772  0.1760958139  0.1834425131  0.2168739894  0.2418187151  0.2332490574  0.2549370347  0.3313655824  0.4306886951  0.4084653091  0.3397167081  0.2725150258  0.3763139772  0.3267777263  0.2796985291  0.3546430523  0.2159558251  0.2268762593  0.3562959028  0.7119431925  0.8879260427  1.3772388394  1.1749118460  0.7855154962  0.4298736551  0.3411421990  0.5059177265  0.4417183689  0.5603775103  0.7552007582  1.1294053245  1.2631664159  0.7688819652  0.9355793313  1.0970508368  0.7344029245  0.5161306507  0.7811470741  1.7472843171  0.9131888231  0.4966716780  0.5170375853  0.6276653235  0.6531088428  1.0309943183  0.9608813798  0.8399268902  0.8027383406  1.2797069962  1.3281492189  1.1748454757  1.1227588337  0.8631849066  0.9222829653  0.6998914018  0.6990410919  0.4736620114  0.4464869634  0.3856920566  0.3123890778  0.2516863620  0.2917717072  0.4737176383  0.4329304660  0.3394485188  0.2707672340  0.2155983036  0.2791924238  0.2156981120  0.2521147420  0.3585004352  0.4305712141  0.5064351116  0.7754725269  0.6871708224  0.5376116877  0.4297873126  0.3837005234  0.6709483980  0.6758107381  0.4583440906  0.4752049254  0.5327678043  0.6246826706  0.4645746783  0.4009378954  0.3306172814  0.4612496224  1.0049487585  1.1371162715  0.9184932241  0.5543795974  0.5242603717  0.4100335267  0.6283085377  1.0745208204  0.9350184009  1.0299187128  0.7344516357  0.3963685588  0.3034391534  0.2569310796  0.2997040267  0.3298147441  0.4019312672  0.3805853206  0.4188694046  0.3909907908  0.2821914672  0.4421621360  0.9767446285  1.1644015957  0.7735312326  0.5350853515  0.4789514361  0.4562768784  0.4575250267  0.4607463506  0.4620876972  0.7607767232  0.3421519960  0.1646524196  0.1872796510  0.2250521675  0.2146202403  0.3118656866  0.3474510917  0.1958225052  0.1274548491  0.1787272970  0.1279800621  0.1439568291  0.1959606113  0.1930119051  0.1491048785  0.1926596079  0.3459366735  0.2930543226  0.2037596257  0.1171274768  0.1018031916  0.1098994917  0.1085202525
  0.1258804861  0.1365086368  0.1022401002  0.0727288991  0.0645401890  0.0604779353  0.1351530535  0.1962541484  0.1364326303  0.2738882101  0.7529624059  1.6458573929  2.0972730215  2.5851296468  3.0233830962  2.7396497108  2.0959203436  3.4789219697  4.4327162199  6.3552526240  4.8331281852  3.9928169872  4.5140920888  5.9684118903  7.1480678764  6.4108307067  9.5448722831  6.3374083728  3.3279422466  2.9904418021  2.7747710538  2.0051092319  2.4734514412  2.4049429952  1.2550121658  0.5394538698  0.4103171600  0.6632720586  1.0483753116  1.3067006117  1.0487901197  1.3587147369  0.5690935326  0.3526434960  0.2776500155  0.2096939595  0.1279663113  0.1187661359  0.1046179759  0.0703079382  0.0398143543  0.0388409696  0.0550542123  0.0737429548  0.0903456634  0.0785773783  0.0997018563  0.2613246249  0.2587180181  0.3058255573  0.3415181007  0.3902258159  0.4188830161  0.3024353997  0.3255697820  0.5844212142  0.4381908162  0.4824415051  0.3400987962  0.4804793696  0.5291624728  0.4911154399  0.6006745464  0.6985170605  0.3515136272  0.4439147184  0.5968501497  0.8630463627  1.1077739176  0.9080485643  0.5533552019  0.3437173414  0.2809947174  0.5167022645  0.5156044934  0.5863815027  0.8558661649  1.0554553270  1.1771602463  1.0069208855  1.0882922951  1.1333034249  1.6496969084  1.3477411396  1.7207425538  2.2565493768  1.8872575113  1.2976950837  0.8849263337  0.8742901091  1.4446515869  1.2600845775  1.1790641521  1.0729241059  1.0378421318  0.6934430561  1.1562542266  1.4477969838  1.1884034873  1.2977811950  0.9579117241  0.7757344622  0.7854298922  0.6718563228  0.7153213753  1.1179596108  0.7077327544  0.3491472812  0.2657161649  0.3479582018  0.3232033070  0.3542262412  0.3305416273  0.2742968363  0.2866908361  0.1679694389  0.1625656623  0.3098778586  0.4487171775  0.6399440469  0.5624030162  0.7001873391  0.7261144667  0.5776851379  0.6117145814  0.6402277774  0.8225717104  0.9500836637  0.8556893216  0.9822859297  0.9747680410  0.6203822881  0.7179486107  0.4344163995  0.4580791532  0.7093774093  1.0784022593  1.0479039725  0.8688921625  0.7215786665  0.4335029804  0.7761136054  0.9458066317  0.7487513875  0.6219943474  0.4567741332  0.3266583911  0.2174811080  0.1556317641  0.1823205356  0.2235038918  0.2701560891  0.3114171933  0.3532507923  0.2347616808  0.3866677473  0.6133076619  0.7825350822  1.0489717382  0.6409050145  0.5576832787  0.4206025029  0.5786488765  0.4650669550  0.5486523278  0.4839357684  0.6716745725  0.5096086606  0.2490362932  0.2048016953  0.2558106198  0.3060757752  0.2558775895  0.3032091915  0.3319450747  0.2240445166  0.1586504653  0.1728151252  0.2278461258  0.2078228963  0.2764857562  0.2375826466  0.4144161403  0.5173394337  0.2979491275  0.1836392703  0.2127465395  0.1678916693  0.2034709997  0.1330442230  0.1411383173
  0.1492888343  0.0949783099  0.1092555277  0.1000510167  0.0647847456  0.0897349734  0.1259951815  0.1501228694  0.2419757409  0.7070455646  1.2905306944  1.5257563074  1.9101657056  2.3264549005  2.1640483641  3.2028284885  5.2174238450  7.2379253865  6.6366404057  2.7343595627  2.7123461469  2.0815048845  4.2001809795  4.0335502598  6.8663258843  6.5766139226  5.9206763155  6.8733153349  7.0927562017  4.2435551855  2.6680597414  2.7805914162  1.9881622407  0.9824472297  0.6343040441  0.6050015183  0.7658630438  1.0338674308  1.3130821193  1.0156905209  0.7413761392  0.4213255132  0.2950829532  0.2305005858  0.1874540172  0.1323370791  0.1591157301  0.0925483011  0.0848811994  0.0748802008  0.0685988876  0.0631929069  0.0760505020  0.0915517936  0.1101444425  0.1410609754  0.2032367098  0.2690968310  0.3113988879  0.4806084428  0.4845849102  0.5658211609  0.3363468937  0.2561146395  0.4871798982  0.6439094490  0.5618240231  0.5788583744  0.5849891115  0.5757378499  0.8520809403  0.7901271956  1.0313939213  0.5842532306  0.5828490363  0.5626875140  0.6969489107  0.8098171929  0.6941481101  0.5382159669  0.2938360621  0.3006287517  0.3953063626  0.5263606257  0.5791618900  0.6196682837  0.7703624257  0.7735748074  0.8489845403  0.8072390512  0.8751471494  1.5482116791  2.5605663723  2.4514312828  2.9436865381  1.9351350022  1.2163242000  1.0087753746  0.9959899439  1.1245679040  1.1751837186  1.2447885284  1.4773917814  1.5954451853  1.1489653686  1.3623166646  2.1415225542  1.6518853898  1.7492557856  1.4158917638  0.6801428173  1.1499676770  1.1254820736  1.0889787934  1.2371153255  0.9194706879  0.6236073741  0.3261002299  0.2899371064  0.2627524201  0.4715613227  0.3972277425  0.3200301202  0.3512857950  0.3243323291  0.3736584461  0.3098998160  0.3828694704  0.3847336613  0.4606578194  0.8773206181  0.9970351270  1.1007489304  1.1235767738  1.1905737253  0.9526413459  0.8776577774  0.9836231139  1.2167039866  1.2193560413  0.7419199080  0.8779012506  0.7275118178  0.5935632724  0.8851351684  0.7901450580  0.7795689379  0.8957026879  0.8491055139  0.6960542816  1.0996351748  1.0463420150  0.5789494387  0.4566687331  0.3726019886  0.2520258364  0.1923665105  0.1424997110  0.1787686954  0.2202161279  0.2590468502  0.3222532375  0.4416001921  0.2651177708  0.2761453651  0.5927526770  0.9937981533  0.7241094161  0.8112537238  0.6526353744  0.6686706407  0.6255959342  0.6034895430  0.8249109493  0.9930387253  0.5393732082  0.2791096602  0.3035085649  0.2913932084  0.3033441917  0.2210747195  0.2080646070  0.2497666627  0.3342980763  0.2181704971  0.1685338442  0.2036168198  0.2606610900  0.2591932822  0.3145268747  0.3313348062  0.3087305195  0.3590535479  0.3603782710  0.2020751311  0.1641723150  0.1448561374  0.1277693362  0.1011773051  0.1124361193  0.1184298230
  0.0791413947  0.0924196010  0.1155866808  0.0932628364  0.1052919286  0.1201396731  0.2473538206  0.4478406943  0.7078577371  1.2757281078  1.8684121192  2.4337358106  2.4032148257  3.4908486863  3.8694998647  5.7509982463  8.7980417562  7.9775275844  2.9635841868  2.9578930245  1.2931806145  1.4617251168  1.8873607186  3.4462543875  4.3393957662  4.9177352596  5.1152233248  5.2767767087  7.4001481597  6.1412408316  5.1945645430  1.7520740326  1.3254953832  0.8153564180  0.5756836700  0.5536464078  0.9806414308  0.9315440936  0.7358323465  0.4940664393  0.3339822796  0.2489906730  0.3074579758  0.3236845626  0.1561000489  0.1311485559  0.1193095581  0.0788969231  0.0985735428  0.0653126419  0.0606161168  0.0509560297  0.0691474896  0.0998011880  0.1117659751  0.1361290797  0.3345824858  0.5668283777  0.6504255596  0.6043923523  0.7202718065  0.4628281265  0.3247374108  0.7203020927  0.6875331869  0.8901704906  0.7199024136  0.4461202254  0.3929459573  0.6207300623  1.0679143175  0.9007462503  0.6867942443  0.4785812191  0.5087370025  0.4409081967  0.4177572719  0.3055142481  0.2365373784  0.2375151254  0.2609603347  0.2464208182  0.3111027245  0.3284661218  0.4334274265  0.7393257872  0.6332213304  0.5399281893  0.6063175135  0.9514692604  1.3803647892  1.9862046079  2.2170969975  2.0317210758  1.9806488207  1.2384601581  1.1144688607  1.1934790694  0.8114407290  1.0256263875  1.6190328465  2.0663779702  2.3580355146  1.8171190000  1.8431495607  1.4065765174  1.5001503965  1.6892314250  1.3447680523  1.1532838392  1.4970158198  1.6100634906  1.8367497140  1.7765197478  2.0586220093  1.1171085041  0.7027806260  0.4174346875  0.4793422124  0.4434239740  0.3817599550  0.2468365012  0.4481015782  0.5291267298  0.4492121073  0.4631108047  0.4520299634  0.4002959554  0.4080466337  0.7266095222  0.5858066712  0.7307802716  1.4391898613  1.6720020351  0.9515968870  0.8997060248  0.7751711456  0.9799657882  1.0983702006  0.9078719337  1.0312435350  1.3412958818  1.1631338848  1.3312110014  1.0855336549  0.9671120628  0.7492544646  0.9344605409  0.9234501872  0.9574874773  0.9052888647  0.7735440231  0.4711696319  0.5967202417  0.3596834887  0.2771109731  0.2539059962  0.3452020070  0.4891077795  0.6830506389  0.9655973406  0.7381258968  0.3157970499  0.2566249464  0.4057013039  0.7387540190  0.6765020110  0.7785908484  0.6432802372  0.5910894173  0.4578514396  0.4484867731  0.5252126940  0.7138996941  0.7267545416  0.3787688854  0.3502425384  0.3080949734  0.2330046195  0.1316915141  0.2175929981  0.3102075029  0.2400885063  0.2040560069  0.2487668182  0.2695869000  0.3514626111  0.4086905258  0.4434728339  0.3719171623  0.2360147353  0.2842654094  0.3619384951  0.2998103892  0.1935718290  0.2053566199  0.1784037291  0.1185020041  0.1238553632  0.1055156100  0.1040732230
  0.1450402994  0.1581569139  0.1976715711  0.2210739948  0.3034371428  0.4780866463  0.5400932954  0.7803067791  1.5505968635  2.0951170394  2.4636243423  2.4587122871  3.9092431132  5.6244221329  5.0040435892  3.8070760876  3.7690464087  2.3181231666  2.0199429298  1.3046966083  0.8615470408  1.6195822613  3.8129280012  3.3989701896  3.2248672511  4.7165819248  4.0589268654  6.7559725552  5.5496266680  4.3695186607  3.1531485537  2.2510264910  1.5631909239  0.8522074076  0.6270186601  0.6915446358  0.6445734690  0.5440557138  0.3719201777  0.2827506220  0.3108593949  0.3864684519  0.3131929193  0.1832405602  0.1383637122  0.1043034832  0.1259575613  0.1445568384  0.0818583681  0.0740337334  0.0868151411  0.0664861227  0.0767896344  0.1161032375  0.1334347956  0.2832614718  0.6834285673  1.0839154895  0.7450279558  0.8373773898  0.5861927190  0.4414438981  0.9960314200  1.0421186323  0.9960463732  1.2887324069  0.9877547539  0.6628761407  0.6808589003  0.6973726280  0.9536131257  0.8813173859  0.5476348934  0.3532858565  0.2037390113  0.1570944313  0.1838128859  0.1287231838  0.1687191374  0.1828195076  0.1844593339  0.3334445712  0.2240570409  0.3415639000  0.5041999155  0.5248752448  0.5682109375  0.4600091862  0.7621898007  1.3694402412  1.4438526005  1.5448759343  1.1961718187  1.2612485942  1.2425939452  0.7827782671  0.6639668713  0.6852523637  1.2284727456  1.8911316821  2.5398719035  3.0279635749  2.8030005782  2.7009101677  1.8459566542  1.5927854120  1.6597185663  2.5526184558  3.6487592184  2.5548774784  1.5963369593  2.1271012031  3.4648006743  3.2937583521  2.7769105843  1.5730386553  0.6872841701  0.6650068813  0.7514154211  0.5031273710  0.3499284085  0.4090453619  0.4531108981  0.4603886495  0.4087253181  0.5338608379  0.6457500123  0.4367744419  0.4461813574  0.5392204982  0.7919280901  1.0898666678  1.4497978904  1.4445590765  1.0167198067  0.6193070301  0.5510435006  0.7301763104  0.9422889040  1.2181026562  1.0497421969  1.3827465834  1.5644558647  1.3123995760  0.7225653061  1.2234418935  0.8915671211  0.7544156777  0.5484790285  0.5909307712  0.5264566638  0.5906318507  0.3850999777  0.3013188877  0.2507563159  0.2522224169  0.5192901717  0.8472210650  0.9210677443  1.1604455137  0.6570818946  0.3660306686  0.2658621997  0.2846780240  0.5170224747  0.4588121796  0.4956489481  0.4438223565  0.4790647214  0.3940994867  0.3227228060  0.3116769862  0.3691199626  0.3824519889  0.3538779512  0.3266458692  0.3260964895  0.2919766182  0.2512580407  0.2458908460  0.3538637488  0.2746301469  0.2599951441  0.2129254010  0.3173179763  0.4931932633  0.6025325010  0.5893629770  0.3536612497  0.3241773419  0.1996056344  0.2327322410  0.2300094362  0.2370750740  0.2685750966  0.2718729664  0.2236946786  0.2254909872  0.1399321517  0.1531228952  0.1479812315
  0.1970984949  0.3248034481  0.3534269973  0.4092817215  0.4236703199  0.9628877234  0.8390669773  1.0924389961  1.6059386709  1.8201256361  2.4915594098  2.9951121499  4.3121924218  3.7574288317  2.3622127632  2.3742545996  2.3200960712  1.8318327641  1.2529316772  1.2137081771  2.2470637038  4.8812118142  3.1424373107  3.8025608514  4.3242802157  3.8439973216  4.1439829034  3.7458324564  3.4547980881  2.6778336865  2.5659726752  1.8215001399  1.0771784680  0.7687652277  0.6509338908  0.6685791946  0.5654528411  0.4275451715  0.4295066549  0.8089710160  0.5427934210  0.3387521813  0.3027870764  0.2460680336  0.2013949534  0.2245454274  0.1531899757  0.0974787011  0.0636680713  0.0878691382  0.0850055801  0.1158615671  0.1739762137  0.2768228187  0.3054283107  0.5009130568  0.5125298999  0.5274665893  1.0962776798  1.0479203766  0.9854295931  1.3343335591  0.8771984575  1.1059386906  1.5500977512  1.8575640053  0.9582726510  0.7570348720  0.7081398749  0.6811732042  0.8038575921  0.3949080294  0.2508133294  0.1421907140  0.1338437987  0.1522408772  0.1352555623  0.1817979892  0.2235343225  0.3303848105  0.4363526034  0.3076454349  0.3423323183  0.3941156029  0.5323515703  0.7035836715  0.7035777550  0.9106768093  0.9822341181  1.1604164518  1.3189579540  0.9710744333  1.0045236997  1.0030399479  0.7277856472  0.7167411826  0.8974965357  1.1302065081  1.5238221530  2.3315615684  3.2847500030  3.2079056147  3.5828627981  2.1961483379  1.2520668183  1.5575360994  2.1450845256  3.3018538483  2.6390799085  1.8987112063  3.1968872000  3.9056286604  4.2294105307  2.7426886613  1.5636527319  0.6856644370  0.8044495470  1.1095649294  0.7481319044  0.4624784466  0.4192957923  0.4172005282  0.5670064271  0.4294358880  0.4888760059  0.4765550117  0.4233856930  0.5702658396  1.0987060076  1.1525722261  1.2776347646  1.5044107236  1.2747849857  1.0477873874  0.8595590819  0.6986122524  1.0730101470  1.3372260596  1.3827905659  1.3225414498  1.4685012688  1.8320547606  1.8681404498  1.1905680091  1.4909409005  0.9857890864  0.6876873160  0.7013450001  0.6153707545  0.7074029335  0.5859729368  0.4752974468  0.4711584122  0.4421457859  0.4660077157  0.5296683107  0.8651051526  1.1878783491  1.1348836531  0.9349054200  0.7203861618  0.2187678869  0.3042613286  0.4002971668  0.3210841019  0.4868766850  0.7858154113  0.5785666329  0.5505579852  0.3589603624  0.2701407630  0.2839622167  0.2863657206  0.2668363180  0.2097179266  0.2636160103  0.2825579469  0.3868636110  0.3238087064  0.2092283860  0.2664330677  0.2427050266  0.2349288613  0.3590696178  0.5444628650  0.4896584509  0.4636168618  0.3661774836  0.2474888921  0.1699691214  0.1646741186  0.1673518162  0.3361466144  0.3398276896  0.3109988851  0.3278811298  0.3579485057  0.2212354068  0.1345420368  0.1391489547  0.2546229050
  0.2685125643  0.2755433535  0.3567135074  0.4439108435  1.4037620759  1.4220651431  1.4897434331  1.3165536124  2.0624765013  2.3522355127  2.2102039537  2.1704738895  2.2111612432  1.9177740332  3.4465740885  3.1908833409  2.4935036336  1.7295860476  1.6391885402  2.9153996635  4.1242319085  3.7216481352  4.5713066106  5.1199966155  4.1687294730  4.2545331410  3.4781810581  3.3665169417  2.9398957799  3.0531219312  2.0012288569  1.5117966854  1.1461840672  1.1830196885  0.8107386384  0.6780554396  0.6946972455  0.9309136432  0.9213989883  0.4106488651  0.3237721709  0.2937359002  0.2532063866  0.2887086861  0.2666317245  0.1788895851  0.1165987630  0.1248076060  0.1319319789  0.1411914499  0.1656444745  0.2639232319  0.3596661951  0.3947844654  0.4998937924  0.4399836055  0.6647053869  1.0963571944  0.9602041401  1.7878070813  2.4491020659  1.7700800680  1.6206244555  1.2720249730  0.9963595348  0.9787579678  0.8275282826  0.6475198945  0.6459710420  0.8469729698  0.4061756800  0.2311176967  0.2018681027  0.2597040161  0.3681481789  0.3617323662  0.2636897463  0.2383409857  0.3296879933  0.5812530698  0.3950477776  0.3287731578  0.4058314100  0.2641159673  0.5438772872  0.4845550245  0.6798709007  0.6154862209  1.0191953320  0.9869180515  1.4743196961  1.3870145008  0.8189724168  0.9866788397  0.8640304307  0.7717251333  0.8748621706  1.4671740913  2.4555292413  3.0338885016  2.8332418232  2.6178653115  1.4419546567  1.2669035685  0.9063982837  0.9550367371  2.1535090186  1.6070411716  1.5682917043  2.3146370899  3.2562830088  4.1724526613  2.4265688462  1.0242973310  0.6851573365  1.2346342936  1.5980543063  1.3000589681  0.6975249300  0.6099928686  0.6284236467  0.8237708938  0.7955650904  0.7363266755  0.6199654957  0.9131479909  0.8983852872  0.9474270489  1.3018130276  1.5013517397  1.7954727594  1.0375071538  1.0883885281  1.4480422523  1.2468618733  1.5247441492  1.8405257853  3.0130624755  2.3496954206  1.8923673152  1.7765827889  1.4148055407  1.7244984766  1.3813873788  1.3219644708  0.6887236310  0.8062012484  0.5308691453  0.5300074701  0.3907401610  0.4928028451  0.5174263625  0.5335965958  0.6854086828  1.1557818516  1.8319293172  1.4636507479  1.0169768024  1.1982157402  0.5913076141  0.3276320176  0.3663767117  0.2783711525  0.2565155574  0.2848179696  0.5299344842  0.6139214432  0.3972061095  0.2646557172  0.2080352225  0.2370784931  0.1764134064  0.2399995026  0.1689672512  0.2494970678  0.3383019110  0.4752211697  0.5768075707  0.4558617197  0.4821897556  0.3783085501  0.3488103099  0.4062191088  0.4013667813  0.3537942811  0.3193696825  0.2517618913  0.1636308630  0.1645993182  0.2205857201  0.2714042752  0.4400797693  0.3638818462  0.5288082050  0.6500482908  0.6569426851  0.3968320238  0.2117659727  0.2506811168  0.3014086653  0.3452217758
  0.3115250467  0.4127224017  0.5012044366  0.9493502157  1.4815729543  1.8795242447  1.3980213355  1.1201783770  2.1134297842  1.9045195207  1.3792349694  1.9213445433  2.1456400488  2.0462137919  1.9892097654  1.4929234502  1.8985925282  3.2313598003  3.4394207001  3.0340878074  4.9260354308  6.8993605104  6.9162252656  8.0115312044  5.4972101288  4.0666299227  2.5314615382  2.7679252858  2.1153105924  2.5511257895  1.6790602357  1.3603140654  1.1277450369  1.1004030491  0.5523551068  0.5956049185  0.7174756355  0.7845466260  0.3826411955  0.2772140297  0.2575901268  0.3548574801  0.3325809147  0.2081170475  0.1438871309  0.1576807380  0.2011251506  0.1927592150  0.1972013688  0.2166348148  0.1817610383  0.2706039180  0.3139913866  0.3914944686  0.3595874306  0.5576704413  0.5534279578  1.5476685050  2.7966807411  4.6035333508  3.0335598258  3.1409791223  1.8687711761  0.9559359269  1.0329337658  0.8031258558  0.6839545368  0.5660610017  0.5670272642  0.3170572075  0.2087246831  0.1771119909  0.3788872120  0.4495251913  0.3224694024  0.2592276726  0.2095784127  0.4214052066  0.6899540559  0.4996668564  0.2850101031  0.4124533983  0.3311366862  0.2751120493  0.2715264130  0.5124044902  0.5240227354  0.9513041024  1.1295333123  1.2798636715  1.8235436252  1.3273631102  0.9921908588  1.1349131074  0.8969041467  0.8489423598  1.5379625423  2.1321915318  2.9482993084  3.0343344093  1.5846504686  1.0199048632  1.3108280867  1.3900561644  1.1452593020  2.1476136700  1.9634183438  2.0192100823  1.8573364276  2.1421920224  2.3417842048  1.7190832510  1.1188327884  1.7339627684  1.9826404350  1.6837258089  1.2700345353  0.9657695343  0.9199721068  1.1011736434  1.2454629216  1.3793138941  0.8842362764  0.9411125904  1.3066532047  0.7177240101  0.8826028721  1.0153750061  1.6232692733  2.3867980863  1.6316221546  1.2645043842  1.4613515752  1.7198100913  2.0956637583  3.3833913835  4.0248263529  2.6935885589  2.5266188298  1.9890638722  1.4803504729  2.1052621003  2.0752168548  1.1996693967  0.8259974673  0.6506593625  0.3875859693  0.3978882454  0.3659847795  0.2592694808  0.3422088326  0.5362925225  1.0075590027  1.1696679263  1.4807999583  1.3448338322  1.0927130371  1.1034304491  0.9534228500  0.6167303922  0.3514140561  0.3500521081  0.2322166516  0.2698038749  0.4333597603  0.8426793794  0.6896252419  0.3471865755  0.4267376328  0.2057178139  0.1775043759  0.1915872812  0.1893192417  0.2387274704  0.3927582971  0.6303002373  0.8320163860  0.5929814307  0.5661446906  0.5721271119  0.6010304963  0.5340559104  0.2863726365  0.3244899775  0.2811609003  0.2214781584  0.2073209742  0.2095705169  0.2412246315  0.3522544208  0.4329509258  0.5377841541  0.6764005298  0.6722052130  0.7339064497  0.5105091586  0.3709608635  0.2915353701  0.3584879885  0.4278184240  0.3613520467
  0.3848305986  0.4849191043  1.0027008796  2.4595318286  3.1738264662  1.6313086890  1.2558047724  1.5071137656  1.4947574786  1.3317049658  1.9705951064  1.8771562846  1.8586885445  1.2086323631  1.0906160909  1.9265770214  3.7941888637  4.2745537226  3.4403314617  4.1352737398  6.8067129340  10.7772044435  11.5235906230  7.0932700490  4.0196023317  2.6630840969  2.4426332839  2.1748734248  1.9423723036  1.4503147064  1.1535397193  1.0965975840  1.1012108798  0.9618306417  0.8558376830  0.9014253734  0.7335126721  0.5177054056  0.2312469742  0.2344843010  0.2900133544  0.2219870410  0.2209771235  0.2712945058  0.3013990399  0.2899940112  0.2229387087  0.2223803554  0.1998274925  0.1630584929  0.1587390927  0.2705606348  0.2472294616  0.3746344449  0.6078833221  0.7987702446  1.6361578727  3.1002608743  4.7093153449  3.6804294705  4.2825551810  2.7878435696  1.2479677436  1.4479653801  0.8998269822  0.7551682138  0.7801037331  0.4589990324  0.3998207109  0.1852508953  0.1528515178  0.3576664518  0.4165349842  0.3572886372  0.3753116534  0.4105914058  0.4552394099  0.4791311100  0.4921914486  0.3725272783  0.3053692878  0.3887009352  0.4568242175  0.4778713891  0.5644397231  0.7013925991  1.2917868069  0.9042860187  1.3819104208  1.8319425961  2.0417613868  1.4214905078  1.2953922668  1.2446250942  1.1780459318  1.4419807847  1.3005644822  2.5202419241  1.9575412267  1.0115547968  0.7911436312  0.8406142158  1.5138581979  1.8353048797  2.3221343499  1.9527745162  1.8110355354  1.7898607364  1.8733824448  1.8265587693  2.0219575787  1.4089100182  2.3418074903  2.2851950843  2.1669928471  1.4387321732  1.1073259560  1.1107449168  1.2589984726  1.3728630882  1.6151519655  1.2837708622  1.1097809644  1.0773778283  0.6865047722  0.8402538187  1.3353832094  2.3342220661  3.0767710080  2.5439274586  1.5370969674  1.0836946964  1.3707721847  1.7784386131  4.6287372037  5.8388039930  3.2779010424  5.7268197007  5.5768870220  3.9782285875  2.3647995192  2.3677692245  1.4720163991  0.7045053435  0.4977036589  0.4668118169  0.4090394848  0.4047310837  0.3058717440  0.3564263796  0.8431103539  1.6643766796  1.6865789488  1.0725613643  1.2077659444  1.4221168961  1.3997662051  0.9695789574  0.7697438395  0.5350759883  0.4656178029  0.6330122369  0.7517456832  0.6412347188  1.0671774757  0.9644241044  0.7651301991  0.6887319404  0.4175278883  0.2755823575  0.2297160034  0.2740911850  0.3556406541  0.4065031996  0.6075352559  0.5280603247  0.6618149519  0.6293020329  0.5986970186  0.4579425026  0.6347822932  0.4238070072  0.5304807715  0.4534484717  0.4972696878  0.2731342490  0.2207794432  0.3740468901  0.4615966047  0.5440800894  0.8185697320  0.9792579881  0.7726656206  0.7060734758  0.7110931428  0.7924731423  0.6629481340  0.5207961034  0.5289974618  0.4394194942  0.4076916708
  0.6834981908  1.4845433232  2.5900695618  2.9819471290  1.5188745046  1.4223733863  1.1319739765  1.2481217315  1.6916539274  1.7776201227  1.7732604075  1.8664314455  1.4574872830  1.4410197801  2.1337556153  3.9672856057  4.7279023254  5.2071553801  4.2086860891  4.8887904382  10.0138050517  13.8326069731  15.4149616777  5.6270593756  2.3015944504  2.2912012370  2.7209291185  1.9078038418  1.5727300802  1.2972630472  0.8764995944  0.7494654957  0.9234217999  0.9232431219  0.9135605267  0.5866139569  0.6127141341  0.4201249542  0.3916049900  0.2098711022  0.1619591466  0.2330992317  0.3264939279  0.3649398970  0.3736323928  0.3080330456  0.2733936509  0.1909870129  0.1298976330  0.2202876494  0.2870215358  0.3183183575  0.4333002252  0.5675105803  0.8880313408  1.0896865335  2.2739854001  3.9034850682  5.2123658940  5.3723844076  2.4255477207  1.3164897134  1.3257823578  0.7563528592  0.5783714939  0.4567446200  0.2302409699  0.2933916841  0.2611024566  0.2084402482  0.2360791857  0.3143318685  0.4382429443  0.5819605383  0.5541713319  0.4602952576  0.4495033906  0.5687041982  0.4239994873  0.2724114299  0.3824974143  0.5938443401  0.5965877392  0.7786180151  0.9402919666  1.3383574730  1.1916753313  2.2357341230  3.3401119965  2.8117383240  1.9056384647  1.6948271863  1.3848317059  1.5457326448  1.9380485624  1.7342880149  1.6443329336  1.3560522796  0.6443224873  0.4886134691  0.7406541224  1.1600411102  1.3077200767  1.6849158267  1.3110063303  1.2677674956  2.0012939153  1.8664752468  2.1630404300  2.0044297180  1.3329854993  1.7232512295  2.1044405083  2.7771346590  1.7390645009  1.4001089336  1.2666511832  1.5726625516  1.9285479568  2.4574682412  2.0855450211  1.2028614201  1.1406752712  1.2039956367  0.9150623750  1.2823481515  2.4993795098  2.8197681384  1.6307314016  1.6654790700  2.0641983138  1.5282415079  2.0017005637  3.7169863477  5.1690178988  4.9405884710  7.7153035920  6.4822604143  4.8254385519  2.4163181878  1.6628618973  1.3614000663  0.9279385350  0.6872695841  0.4653092062  0.3409987923  0.6226644355  0.4970216479  0.5873727045  1.2438793774  1.8293044871  2.4654281401  1.4894875553  1.3988455763  1.4332784656  1.4001041664  1.2659875070  0.7371843565  0.4871680516  0.5604557779  0.8312280680  0.7981995472  0.6145241211  0.7850743142  0.8794407797  0.9033606009  0.9992392319  0.6517293063  0.5348992611  0.3593179684  0.1749505705  0.2853626558  0.3504637879  0.4647148184  0.4618307353  0.5208178188  0.6203478941  0.4621052351  0.3533656782  0.5315707396  0.5010318202  0.5776386189  0.4032771679  0.2863825288  0.2061362691  0.2111338900  0.4742963606  0.4092499876  0.4069991052  0.7793729035  1.0859823343  1.1048705859  0.8907508592  1.0558154107  1.0911210316  1.2246405151  0.8737505647  0.8173699018  0.7809592872  0.4559316766  0.7501269410
  1.3202915698  2.2094234895  4.4723917280  2.4880162560  1.0590466835  1.3302632431  1.1145376753  0.8313505019  0.9610471482  1.1477641758  1.0035010020  1.2863505454  1.3535420566  1.6540774329  1.7478046332  2.5172626747  3.4789713137  4.6332579440  3.9073025576  5.6956628918  10.4356233482  11.0988918798  6.0651205321  2.5005929901  1.8527097051  1.8560038010  1.6351827669  1.6746712976  1.8388471846  1.4174229020  1.0050769359  0.9914755130  0.8097405257  0.7611986783  0.4290742401  0.5131285372  0.5664259048  0.4642161006  0.2532056020  0.2101396994  0.2945427536  0.2951960028  0.5540694478  0.6086482470  0.4859855184  0.5464227243  0.2342932086  0.2518012831  0.3168431714  0.3249343022  0.3189172782  0.2633010538  0.3177371666  0.9058436291  1.0170261471  1.5728128989  3.2582561133  4.6374275746  2.6942397243  1.3881672020  0.9613001087  0.6937264766  0.4305857653  0.4130988663  0.2892363820  0.2285210547  0.2835780183  0.3232488835  0.3159425351  0.2680766748  0.4407038437  0.5831037214  1.0229097557  0.7210617826  0.4420137489  0.3699688700  0.5444373321  0.4706896246  0.5359809910  0.4585517777  0.5501765667  0.8969933700  0.9984711513  1.6922192498  1.8469219822  1.3207491925  1.6012591796  2.4246090901  3.3205324061  2.6343533287  2.2820287596  1.8933734034  1.4321697104  1.2598913523  1.6986090119  1.8256784819  0.8280356218  0.4763860459  0.3194328218  0.6477432453  0.9761107078  1.2414585034  1.4823683004  1.0481733494  1.0464565040  1.7130594345  2.1937893881  2.2423251294  2.0326405520  1.7272649417  2.2196951783  1.6166040260  2.0665142452  1.9537322472  1.1254886160  0.7521498904  0.9613264070  1.8351231286  2.0689171620  2.2963061331  1.4514804890  1.4479164889  1.7606638527  1.7014076576  1.4134326146  1.6820350490  1.5501929664  1.2604864231  1.8234714357  2.3435551453  2.1058878030  2.3315895630  4.4866696059  3.7328636397  2.7706217329  3.8748199638  3.8955791262  3.7750254373  3.1520922056  1.7641090929  2.2038232609  1.3590241819  0.7370036523  0.4479406004  0.2589654449  0.3137974378  0.3299371904  0.4873575834  1.2705868744  1.1694186508  1.4747801476  1.0088230562  1.0463757699  1.6084647661  0.9647669504  0.9495030536  1.0253135693  0.7792758278  0.7050565954  1.1911615012  1.1553678804  0.8406469444  0.4474026288  0.7160898997  1.3527218526  0.8923380835  1.0536313944  0.7756255484  0.3988183454  0.1522688525  0.1776838220  0.3428548429  0.3821751185  0.3851474459  0.4194362392  0.4713372334  0.4378683313  0.3907535924  0.4536330104  0.5312427949  0.5213011607  0.3190806974  0.1659719939  0.1465776187  0.2527676258  0.3602213447  0.4010514438  0.4163155785  0.8144867165  1.2528718397  1.9657389981  1.7497139759  1.4252862382  1.3334924519  1.6675261071  1.5040830811  1.4471099125  1.3284272847  0.7181577590  1.1494350005  1.2035429887
  1.7342247435  3.3813479312  2.2234336901  1.6703771211  1.3692645738  1.1332123295  0.8274098119  0.6876323413  0.8829233457  1.0076602059  0.8345718262  0.9272629426  1.1809904990  1.3805460335  1.4872489023  1.7820857037  2.4274846292  2.9402213383  4.6321388165  6.9392291456  7.4676576536  5.4096180950  2.5987779111  2.4208986547  1.3766963865  1.0442528531  1.6344338108  1.9541097267  1.8341249451  1.4661533698  1.4997113948  1.1160324770  1.0238973559  0.7064568244  0.6172959174  0.8430315676  0.6785271301  0.3234064081  0.2262579871  0.3138884768  0.5601005232  0.7909495518  0.7316298048  0.7450433581  0.6845987630  0.3583526746  0.3175842108  0.3200685356  0.3242304243  0.2682029627  0.2897495093  0.3651751310  0.6757517063  0.8147840686  1.1567110393  2.7086759450  2.5951868276  1.2621779930  0.9362418093  0.6370897234  0.5355457872  0.4201092233  0.3096890445  0.2395000439  0.2429827103  0.2726145437  0.2531430203  0.3291056119  0.4821621697  0.4741787550  0.6273324883  0.7916608789  0.5286123936  0.4893399744  0.4002526147  0.5264735549  0.8527441796  0.9066295865  0.5707501317  0.8084239280  0.8057380057  1.1116750130  1.9247944253  1.5190520390  1.4773045473  1.4243034356  1.2743870976  1.6027495836  2.4577155459  2.1464017251  1.6060666923  1.6850636584  1.7742411748  2.2053366320  1.2760373538  0.7530368932  0.7584345242  0.8107756493  0.8955526450  1.2529117973  1.9559104770  2.1181892120  1.4646502540  2.1410674390  2.4680247200  2.1640369427  2.9242356315  2.4423842836  2.4008756136  2.3317666663  1.3521667525  1.4844920040  1.1694626065  0.5567882751  0.3653819023  0.6267189212  0.9117794795  1.5538733737  2.1495394478  1.5602351218  1.7579617056  1.3782489119  1.6574080544  1.6255460100  1.3480349726  1.5596361098  1.6468654851  1.5747474743  1.9505557809  2.4401207804  2.4881099693  2.3254665618  3.9360653279  3.3693136921  4.8498552156  5.1420588038  4.3420830464  3.7919262579  2.7177127591  3.3321505952  1.8747414381  1.3281675327  0.7965627072  0.3954507501  0.2090338529  0.3943774387  0.8591269156  0.8751201918  0.8918672010  0.8956612880  0.9049525276  0.9872660811  1.7304793383  1.4178643229  1.0800021749  1.4424718597  1.5094375612  1.9701003433  2.2373991247  1.5552004610  1.0496107513  0.7127275699  0.6748959801  0.9382111232  0.8378262816  1.3781492162  1.4108038810  0.5466139365  0.3366136852  0.2747549510  0.5636279827  0.5170516823  0.3272532871  0.3387053782  0.2524511786  0.3876783042  0.3025855699  0.2339904359  0.4890618821  0.5170824014  0.3881278697  0.2746595572  0.1932187108  0.2051977591  0.2290582221  0.3831881048  0.6697390385  0.7974705300  1.6170468469  3.0505428238  2.3636472992  2.0725045347  1.2975954328  1.4775493428  2.6046243723  2.7545163081  1.5439185802  1.1409854242  1.2500141209  0.9223273616  2.0562355500
  3.1859940227  3.4055001727  2.3807499551  1.8489053434  1.1213611326  0.8896432975  0.8401623917  1.1003085505  1.2193076333  0.7424597343  0.4359365426  0.7252072647  1.2872270511  1.0462743137  1.8414006444  1.7117006265  2.6272320380  3.5356526058  4.8657349517  3.9658589844  3.0727684085  1.7130408546  1.6119411257  1.0188556117  1.3865960707  1.3014359301  2.9860224375  1.9454766492  1.4559720879  1.5414579544  1.0105533993  0.9608272078  0.9877628295  1.0726069169  0.7411661629  0.8043872909  0.4094637482  0.3417809487  0.6356813246  0.9922853482  1.2496965853  0.8775900970  1.1444375340  0.7582935016  0.4972790713  0.3912811097  0.3615437815  0.2892145658  0.2602412300  0.2844258415  0.4323677881  0.6450855743  1.1211016777  0.9836084352  1.3725238561  1.0085384247  0.9061446915  0.6636688651  0.3568387191  0.5231509380  0.7061263197  0.3891064467  0.2448747816  0.4095177176  0.5395861734  0.3166610048  0.3067290571  0.3063463149  0.2090917888  0.3701411297  0.4838462407  0.4725278426  0.3964027456  0.4850811490  0.5953121449  0.7602652902  1.4168566814  0.7871931185  0.8166567227  0.7588320666  1.2842230428  1.7642336339  1.3804658856  1.2519968204  1.0629992252  0.7456837181  1.2261577426  1.8452452715  1.9833114848  2.0434568471  1.8340865759  2.4751698483  3.0151519834  2.1190824023  1.3800384746  1.3076785605  1.2575359291  1.3428853944  1.1303545274  2.0675150233  3.4201937647  3.8325090230  3.1971655664  2.7676214973  2.4533189400  3.6829125322  3.0753551287  2.2088277865  1.5934818891  1.2869978569  0.8833252743  0.8094054633  0.3199501980  0.2720576553  0.3649053514  0.6653471769  1.6249260779  1.8865408911  2.5803625768  2.1811241902  1.5597235490  1.8246841546  1.2687050032  1.0719322913  2.2289423587  2.5098649692  2.1714674758  2.3978364125  2.5091764541  1.9441352832  1.7044263178  2.6475789763  4.0289205866  5.0514506616  5.3909097493  4.5891524085  2.8789125000  3.3509173923  2.7520499051  2.2760004772  0.9796011279  1.0257730177  0.6343656167  0.3770677863  0.4104865578  0.9680755865  1.5390015842  1.1667076300  0.8854221484  1.2735461492  2.1121026178  3.2026389096  2.2834582075  1.9691443483  2.2128342120  2.0254443972  2.5696760314  1.8911048101  1.3487036022  1.1240420004  0.9652207983  0.8685620965  0.8834694196  0.8183929527  0.9850357804  1.8054689769  1.2302015788  0.5317400097  0.7126593800  0.7348430570  0.6316565444  0.3974511370  0.2714721694  0.1969269445  0.2137117167  0.3326358384  0.2193419159  0.3099088241  0.4594091714  0.3992217985  0.4748141634  0.3253727070  0.2624101816  0.3872675728  0.6131172477  0.9196168477  1.0505444681  1.6261341939  3.1367591095  3.1656037534  3.1377988962  2.0826073724  2.2435015629  3.1720042126  2.3819176893  1.9547513956  1.7125685664  1.1971913024  1.0603213643  2.3576811276  3.3382748032
  3.9683629932  3.0064298737  2.8511197101  2.1062319930  1.1153410956  1.2347384385  1.3591996583  0.9214223840  0.7533292560  0.4297050118  0.9000680794  1.4843112535  1.8746537827  2.1873092089  1.1634032952  1.8094785845  3.1753368313  4.6710925166  3.0660727053  2.5044320587  2.0032453994  0.8569875375  1.0346662584  1.7415572777  1.2883905770  1.6507408354  1.8780915749  1.3695789280  1.1759661674  1.1957254339  1.1914074353  0.8943835215  1.5400940638  1.0574116717  1.0532977628  0.7769423930  0.4927573134  0.6014977793  1.0314815948  1.5384112871  0.8743052430  0.8374242811  0.6394521878  0.6362727841  0.7814057851  0.5125355368  0.5096907806  0.4583280864  0.3108811379  0.4768368917  0.7477646837  0.6871411423  0.8760717202  0.8259511996  1.2722178919  1.1896304782  0.7196278275  0.5660864034  0.4883022499  0.5700247585  0.4678037279  0.4157770328  0.3858717962  0.3899230441  0.3332688618  0.1808777382  0.1611960921  0.1745730337  0.2327206296  0.3710933607  0.6274109660  0.6136920507  0.4986419182  0.5769538098  0.6866543149  0.6936593179  0.6942565985  0.5398535168  0.9170211889  1.2734306646  1.1646587181  1.3259311764  1.2024565520  1.4608037783  0.8300784724  1.8560551402  1.6102954925  1.5742250620  1.2713152073  1.4117891863  1.9823258678  2.3792186329  2.6926993599  1.9597792865  1.5687836964  1.3764213641  1.7813181668  1.5261036805  3.2649764059  4.0262563611  4.3903985871  4.5333881428  3.4563890764  2.5744258062  3.3046554892  3.1437477743  2.1456905057  0.9298087646  0.4018873302  0.4065934810  0.4611027312  0.3344649958  0.3459473752  0.4754279407  0.8573278421  1.9399127661  2.5677645384  3.6383881930  3.4191842834  1.5895688361  1.6866236965  1.7215851738  1.7340780372  2.1738617790  2.2297945568  1.9712354808  2.8191814892  2.8497641096  2.1252016756  1.6424696973  1.4473517000  2.6402288211  4.3377553083  3.6615078487  4.1596668982  2.5153765886  3.1007229968  2.7762412481  2.6406116108  1.4281264278  1.0584077506  0.6587659159  0.4890995100  0.5365449819  0.8887069795  1.3191252860  0.9078596653  1.1529131734  2.3102084646  2.5020701634  3.6200515845  2.3955463743  1.6154793693  1.6572730777  3.1732993196  2.9940740337  2.0416583388  1.2009131402  1.1937935973  0.7913571432  0.8492994605  0.8975820291  1.0727560647  1.1678001271  1.1449828429  0.9414280365  0.8316148685  0.8799138832  0.7841298855  0.5784131847  0.3030105030  0.2248264288  0.2156434342  0.2323012671  0.1770623868  0.2715005531  0.3560546875  0.3662636709  0.3396165950  0.5570577797  0.4461440413  0.3777815167  0.3987845079  0.6691102895  1.0370048778  1.2552153521  1.9971212924  3.4368050048  3.3630808064  3.7558436579  4.7847198673  3.7311203605  5.4624416246  4.5859911464  3.7070985813  2.1269417590  1.3520727389  1.4590521222  2.8359277342  5.9766117536  5.3382575490
  4.7131412994  3.6354393312  1.8287475347  1.1345296154  1.2336457521  1.1110423718  0.8245259505  0.7954539972  0.7471088893  1.1169418724  1.9290368223  2.1860534024  1.9891696118  1.2482899360  1.5729076042  2.6606161711  5.1080176434  3.5781191069  2.3970850293  1.3922353946  1.0123646166  1.3198791471  1.5692075944  0.9644134709  0.8032688445  1.6234415758  1.4611199725  1.4616741974  1.1800142260  1.0663956199  1.0735575919  1.2612847457  1.2656123080  1.3940798005  1.4046748222  0.7775767813  0.5574810829  0.6009050143  0.7091627160  0.4277423717  0.5741648759  0.5963717733  0.4378814600  0.4258094427  0.3180802155  0.4299374260  0.4515196508  0.3278282582  0.4600691136  0.5922619098  0.4355735060  0.8648147715  0.9625498095  1.1190780252  1.0163764162  0.7653582695  0.4537029681  0.4335685381  0.3708953542  0.4149258713  0.4965915964  0.3983514574  0.3279695438  0.1845858572  0.1649930503  0.2080891910  0.2368677000  0.2144116289  0.4229441462  0.5758003808  0.6223545269  0.5431856808  0.5074000593  0.7161382183  0.6157378084  0.8407750880  0.7061129102  0.7462750514  1.1485796769  0.9959155956  1.1756238141  1.3211447819  1.1887512827  1.2480987631  2.0830968793  2.6298461457  1.2016751073  1.1827455100  1.3096497582  1.6900582510  1.9128505905  2.9811376346  2.1145641854  1.5519624580  2.1332910963  2.5859395116  2.8109668637  3.5916845304  4.3568761713  4.0836102763  3.6437950245  3.7303861881  2.7463128551  2.7309865882  2.2152233315  1.4532220227  1.1470490317  0.6147750549  0.5466821034  0.4460281143  0.5134460225  0.4100064270  0.4578022503  1.4227577841  2.6986951452  3.0303376639  2.3286591935  2.4218719778  1.9627700465  2.2010365628  2.9458876706  3.5046388781  3.1267574956  3.0840614485  3.1641980078  4.5907988851  4.2020721555  2.9999172443  1.7062838558  1.6849149686  2.8755121343  3.0001914227  2.2100589424  1.6482814589  1.8089738768  2.2139954860  2.6062069877  2.9884558459  1.9190795690  1.1387596979  0.7468750178  0.7844773056  1.0429267242  0.8115860348  0.8268256140  0.8641118735  0.8581313599  1.6578189648  2.3968759189  2.3243189817  2.1828846031  2.2953471838  2.2624232950  3.3486996598  3.2573953974  2.8657334430  2.2097027505  1.1463694915  0.7692921342  0.6267354522  0.6451394099  0.8416400606  0.6645935904  0.8935825440  0.9416521421  0.8437544199  0.9034061363  0.6588078391  0.5633132010  0.3757243313  0.2969303255  0.2313502015  0.1818879562  0.1408922938  0.1910914080  0.2662348360  0.2931235214  0.4241234908  0.5277668556  0.3651181692  0.4400432146  0.5780751231  0.6632263764  0.7630935343  1.4407584455  2.3526966261  2.5558347612  3.1296098169  2.8031118645  3.8233595803  4.0201813768  4.3929167861  4.7006125616  4.0913174403  2.2482221539  1.5129645837  1.6082961736  2.6845876367  5.4181388504  4.4955328371  4.0678113678
  3.1625644841  1.6941317770  1.3419361048  1.1629529897  0.7595316788  0.6736835232  0.7929672047  0.8881561985  0.9458152272  1.9673229141  2.2834862008  1.8574980711  1.6752373881  2.3560997109  3.0188951147  3.2095426064  3.0828340662  3.1007029212  1.9117092185  1.1044679369  1.5183014799  1.4673949646  1.0782289471  0.9928600242  1.3400177780  1.0587740119  1.4374124704  1.6636343496  1.8156104505  1.6668513518  1.9910391563  1.9149152223  1.6455701337  1.3768743939  1.0471993137  0.5944655683  0.5140376895  0.4509927578  0.3609622267  0.3934596118  0.4151062677  0.2609465493  0.2937680253  0.2362542392  0.4080776688  0.7662086896  0.5726069581  0.2615698538  0.3811460727  0.3917393737  0.5940876622  0.9766999251  1.0442984842  0.5368663921  0.4645374577  0.4227314160  0.3833157180  0.3854174347  0.5452399786  0.7007550737  0.3237694319  0.2401155428  0.2113810327  0.1700328758  0.1379097496  0.1987814593  0.3428227678  0.3847717409  0.5877391218  0.7144784234  0.3587521562  0.5084193867  0.6273300167  1.0823307051  0.9262799903  0.5511466672  0.5942733678  0.4097738293  0.4782200702  0.7026040331  0.8041492356  1.1988105067  1.7017061448  2.5341878774  1.6065867675  1.1039295657  1.2191204139  1.2672696771  1.5635989863  2.1884105060  2.5823649812  3.0314753908  2.2931291017  4.0633754642  4.7414925972  4.9423676664  6.8228586511  6.6787926038  8.0116537628  5.0353645992  4.9990927158  2.7011761254  1.6765326480  1.4041821819  2.2234970344  2.2279109400  1.6230584343  0.9533351258  0.5772115107  0.3428830517  0.3974872300  0.6830080077  1.7483525972  2.4156349499  3.6136397288  2.2625845882  2.2433821521  2.3619365618  2.3303190908  3.9830347524  5.0426880178  5.5225356935  4.6514418548  7.0445256172  7.7123673048  7.1482869413  3.9750248079  2.5958857363  1.9525033725  1.9044974174  2.5328435171  1.6762839486  1.5994524661  1.3674750756  1.7268000365  2.4532904349  4.0180606595  3.0822624750  1.8515711432  1.2684607167  0.9222188407  0.7039330673  0.5858556418  0.4854228749  0.8278401497  0.9474228500  1.1163563565  1.6280263121  3.3696303966  4.0794271423  3.0704677882  3.6192923796  4.5614132382  3.1551053720  3.7017824482  3.1283785248  1.4359616974  0.8164070139  0.6147850821  0.4859930615  0.4889371523  0.4656711030  0.6814769751  0.5979834132  0.3877713514  0.3724728173  0.4115552848  0.4127077853  0.3903396363  0.3249123331  0.3018576891  0.2201664274  0.2055417618  0.2232505823  0.2155380684  0.2998029001  0.5611875678  0.5355587238  0.2898568428  0.4250023301  0.4443134200  0.6466485757  0.8203598729  1.4231017560  1.9465277080  1.9780882394  2.0500989258  1.1577016064  1.9082051090  5.0365255143  5.1929351291  3.8069199102  3.1702983695  3.4323003029  2.7648879879  2.7832254873  2.9281312008  3.7130649850  2.9797096383  3.6096208595  3.5241809915
  3.0773546900  1.8255007573  0.8433851080  0.6964957816  0.8694303494  0.5991052611  0.8606323237  1.0832089219  1.6007525729  2.4864447257  1.8287449777  1.7399519143  2.3006738655  2.1415943632  1.7984595214  2.1830366362  2.1402735758  2.3532421525  1.3403091094  1.1465487826  0.8379577015  0.9070025064  0.6142862647  0.7808528751  1.2482665472  1.2131481675  3.6806388250  3.6107870222  2.6444679851  1.2055363196  1.6718464828  1.3966838100  0.9645641546  0.8255588086  0.6366286781  0.5505336942  0.3926140940  0.2933825932  0.2603928017  0.3424650946  0.3710387683  0.2918968700  0.3275691055  0.6095988796  0.7808939208  0.5278292875  0.3329325030  0.3385786518  0.2981324415  0.4030415884  0.6561907089  0.5892409512  0.3754848184  0.3448178191  0.3660478435  0.2630422831  0.3725374606  0.6234196338  0.8277392904  0.5510142239  0.3328381554  0.2129748172  0.1759104004  0.1001846878  0.1406838139  0.2139065236  0.1629663665  0.4495310159  0.4078163565  0.4173118946  0.4328152080  0.4532072753  0.7725442994  0.7583876069  0.4870780914  0.3742691605  0.2352300068  0.4811483217  0.6988626056  0.8887659312  1.0514903673  1.2018209405  1.5783829796  1.7224468241  1.4891824000  1.1595223116  1.3288372055  1.5750591595  1.8580936447  2.1318877208  2.8810252048  2.6903933790  4.3009744843  6.4454037757  6.6619434036  11.1886148018  11.2196929501  11.2565489641  10.6293240569  7.8233062875  4.3061162215  4.3170727960  2.2615014130  2.2034323494  2.4273410261  1.5283042893  0.8486574167  0.5260729977  0.4286188246  0.4962010066  0.7412575234  1.0932233983  1.3731378502  1.8998206141  1.7318831048  2.1112760784  2.5432445870  2.6570511427  3.7621786239  5.3661172795  6.3237765658  6.9928316226  11.3434189956  9.9435250482  7.1465065938  4.4172614386  2.7478278886  2.0125386907  1.6383610786  1.9319738125  1.2537420640  1.1068965888  0.9065918380  1.4195494139  1.9402867976  2.7255301028  2.3455412484  2.8924990312  1.7890919141  1.1794176739  0.7362038980  0.5062306695  0.6743615992  0.6859298347  0.9185354773  0.7910179346  2.2308383258  3.9663799935  3.9994572194  3.5464790537  3.0480411111  2.9502552422  2.9088488419  3.3055884992  1.9868102737  1.4535576918  1.0367829757  0.6073869356  0.3055958019  0.3326103498  0.4218461195  0.2798769707  0.2336433104  0.1941524387  0.2479421287  0.3165480997  0.3307768391  0.3526890478  0.3648211385  0.3001057386  0.2280726768  0.2213461213  0.2715968507  0.3562532670  0.5269054686  0.5852872822  0.5635285422  0.3206669592  0.3498632520  0.4570713414  0.5605114319  0.8686999061  1.6288368945  1.0933610869  1.3109448011  1.3859003431  1.5614353953  1.6319016155  2.7623518891  3.2422420666  2.5649750689  2.3761949143  2.9251600110  2.2877561465  2.8964622389  2.0742959055  2.0066442960  2.7727413501  2.8109998750  3.6424919480  3.5268668942
  1.8595755581  1.1908773560  0.6825905824  0.6631324143  0.7387430403  0.8424824206  1.1306461372  1.8839199723  2.3502529114  2.2930867665  2.1899760430  2.5074948121  1.5997609207  1.7251836733  1.7609844675  2.3620891253  2.7378226979  1.5343676291  1.2027032564  0.7030822171  0.9197722599  0.5838738449  0.7120409633  1.3290954275  1.6097370800  3.1971596880  4.9125950938  3.1055717681  1.5525188347  1.0678408502  0.9996008443  0.8185425397  1.0507022645  0.6783482537  0.7165544257  0.5652254544  0.2624633338  0.2346120977  0.3622333247  0.4097333920  0.3840634297  0.4589214958  0.4668562687  0.5116415392  0.5049252256  0.4609918839  0.3730028673  0.2556364200  0.2325338121  0.3774368902  0.2575904888  0.2226544072  0.2547104352  0.1927363488  0.1070879298  0.2137040793  0.4688672033  0.6315281385  0.5354524922  0.4031807583  0.2415022082  0.2218476181  0.1184339930  0.1115149822  0.1546649567  0.2928805463  0.3232655676  0.3088027749  0.4269754129  0.6429023445  0.5749110723  0.8440340910  0.7093465356  0.4585232171  0.3176748412  0.2648342599  0.6424040928  0.6140831862  0.7927957699  0.7376440434  0.9758019622  1.1412028959  1.4223616217  1.2699302220  1.1947686506  1.5081969867  1.5080217239  2.2916047432  3.0385548959  2.7118066701  2.6676493272  5.7071077956  6.4548422748  8.9618656920  8.8885261865  14.5682367351  15.7274035932  12.5016036155  11.7739723493  8.1460013422  5.3903583885  2.2948463391  1.1888586680  0.9447125650  1.0014429879  0.8435200083  0.4288385110  0.3537054588  0.6007056609  0.8307343351  0.8644319222  1.4143703513  1.6065969849  1.5866840951  2.2744473442  3.1409550600  4.3754263782  5.4865693745  5.4912997385  9.6597485027  9.9754787888  10.6415323566  9.5087014476  7.2622990489  4.4193143573  3.4320624538  2.5735148100  1.8146216505  1.6927073506  1.7217850381  1.2209008327  0.9289017836  1.2500661255  1.6486407168  1.5871686116  1.2385011932  2.6216585717  2.1752831414  1.1652607434  0.8645207589  0.7086027568  0.9725701210  1.2565995662  1.2421798585  1.4275636436  2.4857539695  3.2500705855  3.8979064738  2.1785000926  1.5953613376  1.8426593094  2.2235359715  2.5243696445  2.2488643111  1.5371504870  1.1666619420  0.6011019688  0.3371917604  0.3077600433  0.3380572825  0.2913420880  0.2317311398  0.1706338793  0.1870394366  0.2083875759  0.2325670799  0.3566113414  0.3621877439  0.2796487840  0.2537033344  0.2423757097  0.3826579458  0.6097458204  0.6175440060  0.7011156840  0.5323804487  0.3437459625  0.3353689046  0.5006681439  0.8593017221  1.0427930587  1.4016847026  1.3275987694  2.0470056777  1.9686288208  1.9010490139  1.4856212624  3.0295868220  2.1484841517  3.2906429636  2.6276272417  1.6627680498  1.5231752492  1.4821551054  2.2158286203  2.8539872437  3.1496480448  2.6784741008  2.9072864361  2.3919759458  1.7243763798
  1.3616167677  0.9623991582  1.2519475624  0.9886634750  0.9823288408  1.1787654288  1.9230268026  1.7762098593  2.4844007864  3.9994834164  2.1423254975  1.9546957454  2.6164306083  3.3876010965  1.9142632669  1.4232960390  1.8145730880  1.5138361197  1.0957067065  0.6738624241  0.5393666087  0.8040348292  0.8406573806  0.7519222979  1.5901991584  2.1913420578  1.7690895219  1.1087084451  0.9623920261  0.9094209998  0.9846967637  1.1684977063  1.0362554529  0.8464892966  0.4945906320  0.2564175559  0.3120580076  0.3664300705  0.3772062757  0.5286096490  0.5599641798  0.5605354626  0.7657750681  0.5199317348  0.3770196222  0.3113292467  0.2303863665  0.2428256823  0.2303806006  0.1508032951  0.1955071875  0.1786719174  0.1504644883  0.1391396914  0.1660860765  0.2677681225  0.3720573446  0.4484065099  0.6062360316  0.4475445372  0.2306589620  0.1960173659  0.2201913503  0.1741469608  0.2823025507  0.2834470073  0.3127497430  0.4363665590  0.5619817569  0.5150674807  0.6326928435  0.5652850811  0.3502777474  0.3221314945  0.2839716538  0.3636398241  0.4750045643  0.4625278549  0.8419109030  0.9961931127  1.1420838232  0.9923284797  1.0824626094  1.0934695207  1.5657044205  1.8432581185  2.6455827814  3.4903098397  2.4296845582  2.6737959802  3.5731599001  5.2078626324  8.0338095368  9.4317948323  25.3769659280  15.3668041062  10.8473153300  7.3070922255  4.8041849462  2.4937023128  2.1941331527  0.7533434744  0.5378256037  0.5593241665  0.5644623863  0.4353147820  0.3192334490  0.4414297503  0.6533487603  0.7394440855  1.2335518444  2.0575244547  2.8648775111  2.9288395893  2.5053983441  4.3465570161  6.5547940817  7.3775462287  7.9398098295  12.0530875913  10.6591072782  7.3717777399  6.7427036732  5.3831024616  2.8076274327  1.7563434684  1.6154150628  1.9054707693  2.2342056442  1.7421055377  1.7182445382  1.4929110146  1.5033995883  1.0499772375  1.1987144595  2.1506011409  1.6306256602  1.1323984427  0.8349133598  1.1498487800  1.7571580458  1.3215706499  1.8024406106  2.1368808744  2.2495656611  3.1315861579  2.9779371138  1.9668391714  1.2176424967  1.7621399886  2.4561074917  2.0625039414  1.4339698725  1.5086499692  1.0442513496  0.4362383630  0.3077292039  0.3211229984  0.2971936255  0.2436685386  0.2726775868  0.3375460009  0.2804275020  0.2178048692  0.2561385279  0.2402413513  0.3038419992  0.2907456805  0.2606533320  0.2911025548  0.3621294464  0.5036209457  0.4349263723  0.3807478230  0.2952003246  0.2446953938  0.2425782511  0.4977853995  0.4976014480  0.9535645498  1.2056923508  1.0809687322  1.8310774476  2.0407353589  2.1437277099  1.2813136983  2.6308174930  2.7954500355  3.3111390661  3.3184496390  2.5190518932  2.1539980476  2.4040299307  4.2593137473  3.7486493618  3.5511284228  2.7604448040  2.4080033016  2.0160266356  1.7357389802  1.5525802314
  1.1709602668  1.6546174217  1.3725861412  1.6438174925  1.4561202559  1.3624780469  1.8336735559  1.7448102829  2.3210702227  1.8447396783  1.9643763166  1.5485264139  1.8032001287  1.5003028378  1.0658098559  1.3290904707  0.9465488235  0.8355563781  0.5675172086  0.5031454651  0.6448457045  0.6607998793  0.4750674177  0.7797012399  1.2383518808  0.9989212393  1.4243433466  1.7243427662  1.5438278501  1.4605189667  1.4437245207  1.1173456626  0.8725098616  0.8354776198  0.5892537027  0.5287697675  0.4570407781  0.5183302824  0.6377125147  1.2017999237  0.8149043307  0.7519366712  0.4405618189  0.2911936990  0.2399710421  0.2322566321  0.1604308601  0.1114055841  0.1692542861  0.1984544535  0.1587031705  0.1464420398  0.1689397575  0.1675275737  0.1956922278  0.3537588392  0.4374371658  0.6048666611  0.4538331021  0.2687735879  0.2990630174  0.2425468342  0.1836523821  0.3407649860  0.3834456851  0.3377982562  0.4429926828  0.6770359976  0.5870622634  0.5255742295  0.3077356264  0.3124792216  0.3605541410  0.2475522256  0.2516287003  0.4208270275  0.6133686890  0.8573507337  0.8120462336  0.8130533871  1.0438036203  1.1517213870  0.9473283539  2.1390163006  2.3280538663  1.4871912236  1.9441223818  1.9734593406  1.7199596023  2.8236667375  6.8821225332  6.3829962842  8.2923312369  19.4167049897  7.6910155251  4.3544342666  3.2779032448  1.8816012156  1.2182731205  1.1248096050  0.6833459499  0.3971540072  0.4839639550  0.4200914822  0.3606632535  0.3376967312  0.4826312835  0.5577545996  0.7991227569  0.7532557647  2.0927215371  3.4180918575  2.1477163808  2.0054737902  2.3108393713  4.2771855206  6.3590386951  9.8182307589  9.8380200244  10.3016550324  7.0072934486  4.8406255944  3.8471891999  2.6893313804  1.8611931640  1.8740981508  2.9809583291  3.7239152258  2.6601841244  2.1723278081  1.7112264245  1.4611647663  1.9025266199  1.8064201785  1.7729483645  1.3599700298  1.4291348443  1.0722516895  1.4492088902  2.1825393910  1.6505062472  1.7196368510  1.8269477568  2.3184562525  2.1466842518  1.2226483581  1.5027886756  2.4780100402  3.7858581019  3.4401469555  3.7812189537  1.9537753423  1.2272808797  0.7505126966  0.3838213009  0.4182002573  0.5075436044  0.3386415129  0.2515661215  0.3723738812  0.5393866072  0.5330172469  0.3116423899  0.2317299611  0.1734121492  0.1609862614  0.1966359098  0.1519602756  0.2738869694  0.3221911287  0.2717744668  0.4490503748  0.4125854626  0.2550993736  0.2168780542  0.4321095768  0.3052852979  0.3861579525  0.6745576587  0.9002457919  1.2586806491  1.6749783372  1.9969839614  1.6301107803  1.4629035190  1.9865205175  2.2358972744  2.7669230534  2.3260912410  2.5078405268  4.8122293425  3.6292617427  3.0757179287  2.5636019342  2.2913084755  2.2510932219  1.8888528145  1.2247477010  1.0962311618  1.2320186494  1.3055566526
  1.5102253783  1.5275179789  1.6978182420  1.4641019818  1.4895350861  2.2098613743  2.0837843372  1.7203044320  1.3972961653  1.4149711905  1.3037565993  1.1498245452  1.7701998379  1.5272427691  1.2327007479  0.8014894776  0.8114246113  0.7564070699  0.5734524083  0.5549698608  0.6852165125  0.8435590100  0.9082922580  1.0980566526  1.2977624445  2.0382734269  3.7188562279  2.1921758310  1.4049881286  1.4336740270  1.4694110212  1.4086964481  1.2347295950  1.0304482235  0.7379511597  0.5892670116  0.4410790261  0.6521507194  0.9723551244  1.2874875172  0.8611576415  0.3943011110  0.3178833851  0.2821405785  0.2762872924  0.1183360640  0.1262778637  0.1473550845  0.2155961583  0.1993859363  0.1526952660  0.1840751042  0.1818378073  0.1841774416  0.2324271351  0.3434919626  0.4090565033  0.5448820090  0.4476153641  0.2159041317  0.2622371168  0.2638495971  0.4388416977  0.5231728901  0.4502558506  0.4811002855  0.4946398619  0.4464165485  0.4693921206  0.4110767925  0.3293234665  0.3777050119  0.2796412065  0.2831867826  0.3771162791  0.4252555214  0.5848811070  0.5390871999  0.5892720298  0.9817361184  1.0419484242  1.3825118844  1.7906614846  1.6467474581  1.0812379335  1.8066917720  2.0577848742  1.2922543308  2.5622654569  5.6664383743  6.4144759297  7.4126609538  7.1185659707  4.1296740935  2.4903078751  1.8343656458  1.8562436957  1.1085710422  0.8559870715  0.6270200821  0.4179929838  0.2865849207  0.2911766986  0.2058953041  0.2137668526  0.3798686316  0.5298773181  0.9955754642  1.3732403328  1.9043065804  3.1353009222  2.0747181654  1.3289688264  2.0138486807  3.2758319629  3.5842691309  6.0803859889  7.2911736826  7.9159830206  6.9638857119  5.1057387414  4.5188662884  4.9478100017  3.4255739737  3.0819317357  4.1513241863  3.7484464701  2.8038340339  1.5249965879  2.2283118208  2.5424913478  2.6273524693  2.0031171365  2.2579178913  1.8240283689  1.4092406186  1.0847990366  1.3218747113  1.7998592242  1.7948090624  2.0166449503  2.6213259885  2.7659020536  3.6344229822  2.3650432595  2.0561632597  4.2087217350  5.9342691984  4.3159293584  4.4793890181  3.0113123885  2.1710706264  1.0737973674  0.5916675818  0.6686110476  0.4622250079  0.3665555476  0.3592790185  0.6641569930  0.6454635702  0.4612920273  0.2457194018  0.1288049846  0.1731507527  0.1602406670  0.1148744376  0.1462032897  0.2522630645  0.2488321891  0.1832823261  0.2828236072  0.3178910964  0.2242449458  0.1830110214  0.3335117895  0.2955685276  0.3435678142  0.6489001522  0.6804415835  1.4259351731  1.5151922936  1.7259189957  1.2967839741  1.2252795582  1.2667691360  1.5113096086  2.1125618819  2.9642723510  4.3706225690  4.6773080960  3.9761915648  3.0835766028  3.1583562021  1.5441836143  2.1719216531  1.5876622563  1.9455367581  1.5549026725  1.5654295705  1.6313106453  1.8213820616
  1.7668136274  2.9368398064  2.7083852148  3.2208550107  3.8588324672  2.7589331643  1.6550537094  1.6593954818  1.2450193075  1.4468432882  2.2308163815  1.9896244590  2.1518434427  1.4477979565  1.4123112596  1.1471193670  0.8671684885  0.5994922541  0.6858537362  0.8315002670  1.4931311954  2.0149971303  2.6367683794  3.4951304903  5.6799572583  5.3148165270  2.5664539589  1.9388636273  2.0384066708  3.5114875153  2.9869842995  1.5502069027  2.6498238329  1.8984109776  0.8413952588  0.5754263550  0.8353551085  1.1863112300  0.8924798157  0.7138635863  0.7765408071  0.4796514026  0.3447161933  0.2450063940  0.1940372060  0.1871208055  0.2052105543  0.1937479936  0.1992713687  0.2090159557  0.2129562881  0.2813267107  0.2201367328  0.2816267520  0.3805774433  0.4567573469  0.5045257549  0.4085454140  0.3148233292  0.3103747321  0.2510642521  0.3831332179  0.5135196224  0.4366753180  0.4858522294  0.4024336997  0.2985735151  0.3240958253  0.4046780304  0.4007320755  0.2218175732  0.3188597021  0.3844228757  0.5396630782  0.4748782890  0.8810924417  0.6939644290  0.4685655268  0.7095700725  1.2381858160  1.9879188988  1.9350962702  1.7377078367  1.1515093431  1.7167463357  1.7673575744  1.5497661203  2.7507924770  5.4560125001  6.1619716741  5.5101699163  3.6384700685  3.7637554621  2.5314595975  1.1988198693  1.2222693169  0.8166943341  0.6568913135  0.5590426362  0.4415471422  0.4244334900  0.3759166361  0.2151774139  0.2105114736  0.3149414887  0.5269211077  1.1749149468  2.5269552139  2.6725496499  2.5965482694  1.9689159582  1.6956806365  1.9171713017  2.2741002645  2.7494988538  3.1841022967  4.5977031576  4.5273931511  3.2372211950  2.8414725864  3.7444121764  4.8968139705  3.9492281822  2.9707300117  2.6974806079  2.2215727872  2.1729063605  1.5844533495  2.6010405089  2.6213431246  2.1839361541  1.7842463148  2.1521868641  2.3926231592  1.4548090293  1.0222141384  1.3245950226  2.1297705801  1.7403664981  1.2885396738  2.2354457817  3.0041074599  4.7913702360  3.4990986909  4.0143818521  4.3321674759  4.2832580313  4.8856988422  4.1533335105  3.1066441885  1.9278454898  0.8775528638  0.9417548755  0.6628135914  0.3985358886  0.4131517100  0.4726164023  0.6248945018  0.5983200747  0.3238263809  0.1913674879  0.1236121508  0.1331528687  0.1191391583  0.0697041903  0.1241023796  0.2779028674  0.2665404140  0.2604997003  0.1795926560  0.1812662320  0.2530647116  0.1634397084  0.2473756767  0.3028163432  0.3520983541  0.6020772559  0.6637220319  1.0937801996  1.3419516278  1.8561593143  1.3265140526  1.5409723196  1.3544586347  1.4088756593  1.1935245811  2.1822354836  3.4372034617  3.4769871178  3.0326060277  3.0978526326  2.9917690243  1.9037528429  2.0236513778  2.1807614468  1.7479496849  1.7966758547  1.6542783735  1.2715979533  1.2479629366  1.4598375600
  2.0704503197  4.3405298858  5.0365930934  5.3939125982  4.4614857869  2.2962231803  1.9839879005  1.7158259195  1.5144992674  2.0502508450  2.0395690342  3.0177184463  1.7454404559  1.4410043571  1.3735517888  0.9197309496  0.7415028600  0.6302711679  0.7280635207  1.1818108572  1.3751216890  2.1088646876  2.7873855361  6.2896739711  5.9935578566  4.1621481132  2.8278170035  2.8389397606  3.1212543970  3.3402010548  1.9249768105  1.5958811263  1.3731588093  0.9549316237  1.0541089093  1.1270049041  1.1122186328  0.7848784409  0.6185501768  0.8463714560  0.3964713749  0.3184031099  0.3230417381  0.4056384663  0.4356931164  0.3048684122  0.2404770896  0.1613148769  0.1748814071  0.3120464372  0.2042532669  0.2365489794  0.3866329491  0.5240203755  0.4708096378  0.3309049902  0.3744774092  0.5552761964  0.3797029795  0.2977039103  0.3387892256  0.3150273828  0.3816043405  0.3177872520  0.2857593819  0.3006971491  0.3517563524  0.3826941495  0.3714974815  0.3631103760  0.3540305953  0.3221195805  0.7619937990  0.9740618384  1.1651594200  0.8180322840  0.5405442740  0.6080736953  1.1436224321  1.9334526971  1.8038636879  1.6801723353  1.2738523748  1.8726272897  1.7977842140  2.2499938679  2.3910016632  4.3562631994  5.3683687006  3.8814528063  1.8007414102  1.9121519229  1.4939411460  0.8827816679  0.8027983498  0.8603002523  0.7621673431  0.8889647472  0.6363398141  0.4924404985  0.4519145187  0.3321714665  0.2745233680  0.3171419701  0.4021984264  0.9533402200  2.6845169165  4.4144775452  3.4781328587  2.4368328372  2.8733219877  2.6626271188  2.3953355546  2.9636808207  2.2270050398  2.5241795822  2.0693109413  1.4995519619  2.5757345309  2.5516231687  3.4736030020  2.6998756530  2.3847041658  2.1390058948  1.5566169337  1.6167845470  1.4936514719  2.2747878296  1.9840647202  2.5735257764  2.1576128001  1.9930585777  2.0610222630  1.1798558028  1.3592779420  0.9454737383  0.9078941590  1.0135300491  1.1119452336  1.4644572323  3.4400803110  5.9198360660  3.7253814856  3.7901322810  3.9766656965  4.1414774058  3.4294281464  3.1709697901  3.8584115375  2.2702769072  0.8958906111  0.7458755784  0.5119692695  0.4399606518  0.3281835207  0.4149635722  0.4619332029  0.4180953356  0.2993275290  0.2250534532  0.1531528286  0.0858210868  0.0878605303  0.0714362106  0.1341968881  0.1748463270  0.1980281234  0.1380240660  0.0954697915  0.1432845117  0.2010721270  0.1191685857  0.1461989917  0.2682656375  0.2905430001  0.4560625233  0.6360908268  0.9260601338  1.2858674735  1.5412970880  1.9266729937  2.2857687297  1.3627049207  1.2125517932  1.1995628707  1.7918935584  2.4319894684  2.8300759418  2.9420336948  2.1850466366  1.7023857466  2.3357266657  2.1040268003  2.3513976822  2.4594058757  1.7050826855  1.0599826753  1.0534494585  1.0663752510  1.2378531445  2.2962211544
  4.3955875495  5.3438505388  3.9322390816  3.7001842056  3.0257871921  2.0817217052  1.5253429938  1.3850592593  1.4784616497  2.2393813981  1.9188010450  1.4348861952  1.3309594575  0.9487009590  0.4642581671  0.3433938787  0.2966595751  0.4898877325  0.6170375920  0.9358738456  1.9819320464  3.7484395502  5.7980460243  5.3336032836  4.8793856881  3.4415213828  3.4494968323  3.3844037338  5.2454167704  3.4137420634  1.7277516262  1.1490988278  0.8502559201  0.9254294016  1.1809231387  1.1003593329  0.9235955650  0.6436023367  0.5804077511  0.4628265801  0.3207243745  0.3136691276  0.5014807599  0.5756967804  0.5102231469  0.4440494770  0.1929246393  0.2597697175  0.4916626376  0.3894644798  0.3045313217  0.5083156762  0.6149870056  0.4697055297  0.3909109550  0.3336407941  0.2720608326  0.3557862794  0.3432379515  0.2162032202  0.2780975843  0.2477495165  0.2494618210  0.2249836647  0.2097985141  0.2366342601  0.3287450344  0.3503331973  0.2475853023  0.3374632668  0.4406221683  1.0106634481  1.4959101669  1.3584267419  0.6091553952  0.4828591392  0.6397268567  0.7814704125  1.0769967071  1.3403922760  1.3963178693  1.2400383976  1.1609783055  1.3408714104  1.3753732169  1.5706843219  2.3082691928  2.1160514349  1.6659157626  0.9008545731  0.9806120314  1.4638863435  0.9598848228  1.0616836335  0.9511932172  0.9659300190  0.7129079786  0.6523179729  0.4745756565  0.3830990842  0.4991576983  0.5301873524  0.3603555201  0.3467679047  0.8865795391  1.7793849435  2.9519677767  3.6318015643  2.5263591898  1.7913386107  2.4914407681  2.2426220227  2.7927962224  2.4528040092  2.0368812712  1.3025768626  1.6001462044  1.9803908377  2.8686956267  3.9377750587  2.3061557928  1.8649099426  1.7750174005  2.7158930440  2.1006245704  1.9915802085  1.6000632766  1.4019460391  1.4823601814  1.6338786698  1.4139617489  1.2376456551  0.9758868524  1.5890710172  1.3378711983  1.0378249481  1.1836477201  1.7084064525  3.0253427372  3.1475677195  5.4404099292  4.1757534773  4.2139537023  4.4582219944  2.9943470608  2.5435897167  2.2273154323  2.5243892095  2.2649107721  0.9917686335  0.8165698743  0.5571292878  0.5459890190  0.4956438938  0.4647098480  0.5037043639  0.4187023377  0.2628819997  0.2360843713  0.1364107152  0.0763125977  0.0794853311  0.0743507870  0.0647246148  0.1469575390  0.1734107844  0.1188729012  0.0923149532  0.1068408755  0.1812072422  0.1073299872  0.1439209795  0.1512139301  0.2494102108  0.3605749232  0.4622855491  0.6501089116  0.6041458390  1.0684467250  1.7062211973  2.2446949415  2.0713031117  1.4481273732  1.3531923613  1.3774494218  2.0674537599  3.3044426011  2.4390174825  1.4364591805  2.0749473739  1.8357039252  2.3696028105  3.0069498468  2.6598470007  1.7510025829  1.2230287825  0.7351964747  1.0616619454  1.0588851454  2.3721542042  3.1548177488
  2.7856131832  1.4809038180  1.3763985757  1.1401653176  1.5225248130  1.6677120549  1.5003072420  1.9020238587  2.3319356112  2.1728893351  1.6035203587  0.9336176205  0.3963766763  0.3112622653  0.3513850643  0.4540709787  0.5561107714  0.7665848221  0.8691581228  1.1149840012  1.8023669322  3.8172582656  3.7496359042  3.7040142759  4.0483972034  3.5949075129  4.9289794816  6.1014769404  4.7008155783  1.4537838944  0.9121842407  0.7753782492  1.1010904147  1.2680936762  1.3060568867  1.2327028396  0.9660144380  0.6214538415  0.4235611222  0.2655726773  0.3048952534  0.5899439522  0.5411818072  0.8160312015  0.7144900544  0.3903682302  0.3139485043  0.3265176394  0.5256535680  0.4689657463  0.5890807138  0.5523759606  0.3422846554  0.3408866872  0.4736369251  0.3800484356  0.3611632936  0.3128472315  0.2279678912  0.2407178600  0.1978567248  0.2132684608  0.2223746924  0.1718934577  0.2110175909  0.1840945501  0.2072306672  0.2445151580  0.3104969712  0.4950242210  0.6683042084  1.1822080731  0.5648594507  0.3742680257  0.5457480234  0.7356397252  0.6332346058  0.5651858449  1.2160473084  0.9298162532  0.8699626472  0.7560952182  1.2771798151  1.3067391056  0.9757608723  1.0759939111  0.9903128461  0.9332031474  0.7576057880  0.8031128727  0.8031286907  0.5875098504  0.5857944145  0.6212524875  0.6445404090  0.5932137891  0.4233808587  0.5274535283  0.6714392104  0.5893351424  0.4403262321  0.3817920581  0.5061555374  0.9345157378  1.4758646365  2.0690103586  3.0645377553  3.1590069513  3.0964599672  1.9268620197  1.7666298363  3.1023627775  1.9007191386  0.9649189932  1.2442236026  1.8140507158  2.2197317771  2.7856137803  3.8656294726  1.9814823906  1.7890042963  1.8476521236  2.3729894784  2.5584895857  2.2171123590  1.4500709759  1.7960496443  1.9603193357  2.4336152081  1.8801281820  1.6014892347  1.2202556163  1.7328464714  1.4166492553  0.8277495718  1.5405817111  1.8130846112  2.1782226570  2.5640238266  3.1100711690  2.5226315796  4.5820092688  5.4611794454  4.5215873032  2.8702395506  1.7196995108  1.5199368592  1.2135508220  1.1407822648  1.9965574156  1.3296452138  0.7304699031  0.6312028709  0.5357522073  0.5535407165  0.5669589580  0.4186218560  0.2867056695  0.1293264829  0.1092340609  0.1080784625  0.1180854110  0.1614563724  0.1572895157  0.1799718071  0.0961799719  0.0905802834  0.1035105383  0.1368639586  0.1171112778  0.1048779874  0.1410613649  0.1745704718  0.2822161453  0.4074180883  0.4711398347  0.5444009965  0.6567087161  1.2880220610  1.3051012390  1.5296168801  1.3333390665  1.2906955139  1.6102429721  2.2982321054  2.2094689912  1.3866670446  0.9742385625  1.4207008898  1.7031458421  2.0487601864  2.7122723405  2.2152290404  1.3532765655  1.1173334860  0.7897626822  0.7406910669  1.0832451644  1.0893125699  1.6706662516  1.1787848842
  0.5969886744  1.0421331894  0.6263367682  0.6935519167  1.2046028380  1.6771153482  1.5526540382  1.3366862678  1.4348773890  1.1477442697  0.6982262207  0.3231732983  0.3083332708  0.2984851392  0.3356608758  0.5922426370  0.8048730818  0.9670923409  0.7085817220  1.1814088550  1.6794268281  2.9961044643  3.4827090129  2.2781228850  2.5293987227  2.6296824211  2.8328346960  1.9326036900  1.5107789909  0.9999447023  0.8577738891  1.2061761547  1.9331468482  1.6106458935  1.3362284541  0.9994895344  0.7709819071  0.7147826868  0.6863771438  0.5597115776  0.7217506293  0.6571135290  0.6117454837  0.5416383247  0.3819217915  0.4844283200  0.3255816233  0.4201489918  0.3132792178  0.3229945145  0.4193927671  0.2748769274  0.2158699279  0.2193001993  0.3351009795  0.4502051457  0.4714091740  0.3313311214  0.2628309315  0.2111236733  0.2318829755  0.2899029029  0.3110493551  0.2084554979  0.1497386589  0.1620722943  0.2466128158  0.4330423786  0.4749625057  0.8265286037  0.8643659337  0.3890034945  0.2786174077  0.4168067016  0.3981497907  0.5800859630  0.5836738494  0.6869596973  0.9966691228  0.6736722803  0.8913818781  2.3605727197  1.9015817016  0.8993945627  0.9753784074  1.0848496873  1.0923636909  0.7875610735  0.7754357432  0.8896298707  0.7050469446  0.5690035200  0.4630235122  0.3223163617  0.3816918213  0.5439424798  0.6301227894  0.7746673569  0.9210782018  0.4583325660  0.3891195332  0.6972127906  1.1559442664  1.4710546069  1.5557396305  2.3644276488  1.9678579187  2.1376613499  1.6219270274  1.3156633064  1.9905847128  1.4628002281  0.6626603357  0.8279876682  1.3940328239  1.6705363692  3.1101668395  5.1944882615  3.0033137039  2.2594949598  2.0712792217  1.4335989372  1.9977085372  2.2560513749  2.9970367234  3.3430816678  3.4892419185  3.7795419099  3.5700767152  1.3003012877  0.8850303501  1.2672695508  1.1137301123  1.0932544995  1.2161985037  1.5256691725  1.5723988241  2.0372629467  2.5045274800  3.0311626637  4.9276701025  7.4153458326  6.4938766682  5.2503033659  2.5957123660  1.3190963994  0.9525834926  1.5680819571  2.9354383706  2.3757897188  1.3148314196  0.9512243846  0.7127728556  0.6906502765  0.4651133023  0.3507142989  0.2412857814  0.1405110692  0.1531603631  0.1920950045  0.2747418772  0.2647688083  0.2046225071  0.1937820287  0.0998344696  0.1013426081  0.1784257875  0.1820331779  0.1219291702  0.1058111459  0.2069558085  0.2338663404  0.3338841589  0.3824917219  0.3976280260  0.3868884812  0.6060697121  0.7855205846  0.8867570909  1.0224154194  1.2043582214  1.9816080571  1.8690079238  2.1445998830  2.2004758755  1.5472129463  1.3578264687  1.6820220562  2.0902895389  2.4191628088  1.7919139053  1.5058942333  0.8607654263  0.5850242659  0.5112097900  0.5863739165  0.3726396822  0.5091199367  0.7048155505  0.5298289815  0.4391944433
  0.5742047948  0.6153850885  1.1450282669  1.0251207608  0.9690655288  0.8436625617  1.0142614806  1.0839073134  1.0035290799  0.8128387876  0.4172430642  0.3117870678  0.3397896356  0.3230982140  0.5470753382  0.8114817254  1.2547645049  1.6290788212  1.8036571577  1.4134423081  3.0904976961  4.5937926846  3.2526236048  2.0817051885  1.8271023470  1.4163121804  1.1278860592  1.0259464118  1.1211903656  1.3859119221  1.2789503198  1.1479082279  1.2733892243  1.0396255155  0.8502377559  0.7396307201  1.0315044474  0.6961129561  0.5377123582  0.9265979381  0.6467221905  0.4731944685  0.4095752183  0.4786482330  0.6295167578  0.4007632368  0.3136204970  0.2184880152  0.2611335007  0.3831645611  0.4056512044  0.2956909791  0.2275514179  0.4489848545  0.7632342855  0.9603591762  0.7360195881  0.2136625696  0.2322190319  0.2403699246  0.2872122550  0.3207104468  0.2957845882  0.2140244071  0.2533660362  0.2581187001  0.3057771384  0.4399709594  0.5393141377  0.8483562140  0.4446611972  0.3350080489  0.3059436948  0.4274580551  0.4085795945  0.3478475285  0.3046868437  0.5078658519  0.6621068558  1.3808153312  2.0778059770  1.8271259091  1.3232202054  1.2098174939  1.0295287888  0.9411097547  0.7259169369  0.7334330449  0.6992884521  0.5941236200  0.4181129206  0.5212265637  0.3851872479  0.2595059274  0.4179278767  0.4895863137  0.5455792760  0.8530324655  0.4654586099  0.6225596640  0.6798177423  0.7055485718  0.9566124792  1.0844137102  1.8073626316  1.4092941459  2.0617216456  1.5028718024  1.4622266307  2.1788444941  1.5261400711  0.7244914734  0.7716716949  1.1721629368  1.6302286837  2.3304689264  2.7895367628  2.1210423341  1.8107871640  1.7494442256  2.0550620151  1.7800036024  2.6580017870  3.6100379115  3.0445173042  3.1069441589  3.6207302423  2.8079677283  1.5091696996  1.1687025207  1.3438052943  1.2115811573  1.0086696170  1.2577711857  1.3698412662  1.6091903423  1.7696466824  2.5073264486  2.9167048608  3.4858383431  5.3499558360  5.8819837460  4.6124504426  3.0846762316  1.4633503373  1.0036793837  1.6428501592  2.7696647129  2.0484046150  1.0491984987  1.1277706912  1.6819048703  1.0283481575  0.4187621257  0.3465887381  0.1908760179  0.1434761196  0.2483191196  0.3661636425  0.4797160699  0.3233406100  0.1361893387  0.1384764449  0.1686693300  0.2080155874  0.2862187671  0.2265073324  0.2596422658  0.2264311590  0.2322389599  0.2774388205  0.4357339677  0.6747987199  0.5937239969  0.5527261538  0.6290691995  0.4789444631  0.8330657248  1.0901410629  1.2693800475  3.0641173749  2.6450407796  2.1388799417  1.5820027461  1.3414618464  1.3697235632  1.5590323262  2.0792401267  1.7928691065  1.0531255124  0.5395905822  0.5620947936  0.4428975744  0.3950049671  0.4488388652  0.3003030321  0.4249141492  0.3228363418  0.3353077649  0.4581672015  0.4160256348
  0.6436782331  0.9445821711  0.7634453366  0.5372355176  0.6499436517  1.0018955009  1.3106533155  1.0321172269  0.8101340350  0.6156923539  0.3716565942  0.3050613368  0.3845147184  0.7103378846  0.6562292253  0.9128675001  1.5127676502  1.9754701514  1.7712792461  3.0293626634  3.9776116832  2.2470994486  2.0609830280  2.7892677938  1.5957409598  1.1887712782  0.9195762630  1.2978334350  1.0464920022  0.9278555700  1.1182987090  0.8615424742  0.7858686078  0.6358822155  0.5533577308  0.7614993692  0.6087320454  0.7304698097  0.6870298668  0.5686049969  0.5170618171  0.4759714491  0.4762289381  0.4806416152  0.3560919577  0.2554951830  0.2814544329  0.3139949690  0.3170979691  0.3974232083  0.2824051486  0.3745736606  0.8086128045  1.1201011971  1.0618766329  0.6396823664  0.2815488480  0.2775463364  0.2468027675  0.2768879892  0.3767002457  0.3336150646  0.2959078193  0.3538303768  0.4026302522  0.4647417343  0.4361309127  0.4695002077  0.4615660670  0.3412764105  0.3142694174  0.3002083890  0.3403431624  0.2453422074  0.2316212138  0.2700701760  0.3623503770  0.5139464536  1.5039562502  1.6405509073  1.6912135127  1.5504948885  1.0530403066  0.9760180881  1.1076980506  0.7782377829  0.8366872558  0.5886454816  0.4902476592  0.3776067189  0.5269174909  0.4599279576  0.4057624800  0.5783458321  0.6238642744  1.1133919676  0.7414033210  0.6274601343  0.6625076088  0.5732406596  0.7097082506  0.9581182106  1.0110170859  1.1671376921  1.2018172280  1.3764364954  1.2383238490  1.5540557479  1.8282277267  1.2815405467  0.9424460435  1.0058956159  1.2058699191  1.2405919594  1.8437134754  1.3625754146  1.2889762006  2.1139350010  2.9962926501  2.2606096426  2.0301012048  2.7052813709  2.9902104674  2.7912950277  3.4617887353  3.7304637820  3.0628973541  1.3377572564  1.3986123745  1.4230179801  1.2390452383  1.3034350278  2.0595245561  1.4038179201  1.9239669084  2.3748914254  3.1902790624  2.2390713029  2.6055840413  2.5836006010  3.0054782893  2.8913014858  2.0819807345  1.5440637276  1.8004653132  2.6372131445  2.6409095345  2.5234564930  2.0298431178  1.4538603365  1.5767495329  1.1218383406  0.6177703009  0.7896353524  0.4083999349  0.2525676205  0.2757736068  0.3230857574  0.3530265854  0.2610655464  0.1527893328  0.1856467226  0.2887837904  0.2949922371  0.4664037809  0.2914982240  0.3434359496  0.2414074976  0.2519792167  0.3566298171  0.4600178708  0.4230571089  0.4523886617  0.3059961035  0.3952320743  0.7446939141  0.6355926776  0.8762291894  1.1379118994  1.7035903751  2.6745613127  3.1947590698  2.1212472699  1.4332385535  1.5169510802  1.3263915306  1.3530757565  1.1470683019  0.4269045869  0.4012173233  0.3046918833  0.2612970346  0.2703843730  0.2971746025  0.2963277086  0.3965168268  0.3072115498  0.3155915949  0.4781340113  0.5869862215  0.5611325884
  0.7458154719  0.9570516367  0.5275796378  0.5396696254  1.0384636445  0.8492592400  0.5739576806  0.6279659045  0.4893831570  0.4692423608  0.5512121579  0.5283621679  0.6994406968  0.8915308108  1.0070137673  1.5541568203  1.6385370967  2.2710555982  2.9964196021  3.0340894517  2.0245433849  1.5428505670  1.8219480379  1.6608888686  1.2271220822  0.9916081443  0.8428487149  0.8554388253  0.9361671469  1.5473673381  1.3278146642  1.1653784676  0.9269871073  0.5015253736  0.6012619859  0.7488966354  0.5512097047  0.4117296270  0.4373613086  0.5122446339  0.4429591778  0.5456206490  0.6548180960  0.2853702536  0.4240955638  0.3848504730  0.4492608658  0.3905621623  0.2693812837  0.2420150216  0.3707353270  0.5968502116  1.1531165281  0.9524073056  0.6203516265  0.4080733884  0.3874970324  0.3175419953  0.2577476864  0.3510257967  0.2397887204  0.2304503798  0.3208369770  0.4093121613  0.2468894575  0.2085835751  0.3796859290  0.3048062232  0.3619207504  0.2606019650  0.1957039452  0.2520134811  0.2446048190  0.1612198531  0.3127629714  0.3947543830  0.5461202027  0.9992907751  1.5711240024  1.3173999894  1.2254359129  1.1653292903  1.1550550358  0.8590648062  0.8753055803  1.0536934865  0.7244226606  0.4191364962  0.5774610029  0.5556124710  0.4102151443  0.5333569842  0.6352973426  0.8076983492  0.7796380863  0.9568826599  0.6869807695  0.9195275694  0.9267655612  0.9374348945  0.9282944505  1.1938655858  1.0220546371  1.2028558727  1.5159976279  1.1808653064  1.4952080715  1.3002659555  1.0353482690  1.0604477955  0.9383409062  1.0492233906  1.2078384306  1.4968247950  1.4792908022  1.2837239188  2.6103218889  2.7364011917  1.5460439847  1.7396474951  1.9782889146  2.7536767952  2.8741382982  3.6701839431  4.8702339111  3.1603603181  1.6767080541  1.4377004670  0.9672469946  1.0383450330  1.4178650311  2.6469944721  1.8476752020  2.3520147617  3.9468803652  3.1444221736  2.3478282554  2.0926319928  1.9830799267  2.2829005961  2.0537859905  1.8987121229  1.6647002018  1.9205518783  2.6205777384  2.8097206161  2.7507827043  2.1954964693  2.3839241705  1.2210823166  1.2656330730  0.9291627565  1.0350484606  0.8725529560  0.5743999804  0.3973763577  0.2539919643  0.3258498399  0.3762834939  0.2655472581  0.2996864201  0.3599700006  0.4309484419  0.4999858429  0.4271244216  0.4466588415  0.4337901599  0.6181806808  0.4226534539  0.4946230803  0.5578672097  0.6951255605  0.4465690119  0.4340187775  0.8467753059  0.8028788778  0.7988940443  0.8326385639  1.3175400202  2.2850506003  2.6049499815  1.7540098931  1.9736909851  2.6581519570  1.0824258984  1.3851761965  0.7740425752  0.4896803011  0.4364703770  0.2933781480  0.4317859905  0.2987859125  0.2306716864  0.2593403557  0.3867306019  0.3210880831  0.2703367913  0.4669580509  0.5821637999  0.5417720392  0.6319768780
  1.0185232460  0.7990062645  0.3911235812  0.4087084936  0.4776680683  0.8242168450  0.9202366293  0.8662176710  0.8651971413  0.5880017545  0.4105580734  0.5091961794  0.7115412409  0.7713697076  1.0370141137  1.1638886430  1.7501648247  2.2313921268  1.9894350541  1.6789501857  1.1500845889  0.9682573593  1.1923655920  1.2663031977  0.8283330527  0.6649678084  0.9218472779  1.3101974255  1.3737372030  1.3592266511  1.0382496617  0.9636579164  0.6979889829  0.7473912937  0.5703984219  0.5777382711  0.6774033318  0.7066008027  0.6395095539  0.5866300110  0.6715325413  0.6936915198  0.5470217697  0.3379210518  0.3828993764  0.4501247506  0.3134822585  0.2776962630  0.2960375029  0.4261633866  0.7575344029  1.0015358567  1.3784172046  0.8099346643  0.7403489591  1.0884743719  0.6033191721  0.4019201011  0.4188944166  0.2034152534  0.2578148038  0.2145929606  0.1956939674  0.1176919989  0.1381581409  0.2431766174  0.4071123710  0.3393536517  0.2402274942  0.1514794905  0.1462407102  0.1534979590  0.1424676306  0.2874938272  0.3581407595  0.6287833717  0.8638132041  0.9197059180  0.6895912278  0.6767956171  0.7891516387  1.2635550693  0.8599937632  1.0426892270  1.3619398197  0.7597828448  0.5026421867  0.7115771504  0.5841369693  0.3975007848  0.4045568228  0.4007097934  0.5313086043  0.4486380732  0.5169878902  0.5681922207  0.5969670369  1.0015311120  1.5796657673  1.2537670605  1.2076376572  1.0919496760  1.5358623640  1.6373025740  0.6904966273  1.1073469136  1.0685418411  0.9871650956  0.8710401912  0.5634044131  0.5781784063  0.9246760148  1.1787195663  1.3292126821  1.4011968587  1.7856264711  2.2130880851  2.0620629115  2.2075018099  2.9832054953  1.7199330429  1.7378760798  2.3755008938  2.4474471408  1.9814260725  1.4517812307  1.9554038578  1.5584999058  1.2929986741  2.1523309781  4.3088291399  2.7273436630  3.8059031102  5.4602090113  5.4913223521  2.7970528885  2.8401118446  1.8482358730  1.8548270033  1.6474388121  1.8655010113  1.5795720961  1.7710135050  2.8757073434  3.3381166271  2.8209186891  1.6130495076  1.3493426707  1.6044597055  0.9259975615  1.0241875474  1.1031824265  1.2124731522  0.9972610488  0.4942423972  0.3891107034  0.5030981523  0.5504909698  0.5415874761  0.6356995356  0.4517336013  0.5236012406  0.9025721417  0.6392862642  0.5473667074  0.8469151952  0.8017272332  0.3602782595  0.4483005356  0.4992465828  0.6377051256  0.7506604095  0.6025610532  0.9479553511  1.2650202805  1.1095357324  1.3660560317  1.8166486884  2.0411022700  1.6744166831  1.9722856904  2.3233955573  2.4333320259  1.6245836590  0.9911157090  0.7520085681  0.5038679317  0.3461955026  0.4533042508  0.4322816191  0.1962183892  0.1246275429  0.2312122728  0.3309039761  0.3762452314  0.4002412488  0.5267964267  0.4169151375  0.4420880583  0.4193094263  0.6256303707
  0.9008975914  0.4300800056  0.3060899878  0.3315574859  0.6611099844  0.6161190291  0.6398600804  0.6259760905  0.3704348449  0.2519425058  0.3004435493  0.4975360989  0.5297719941  0.5175215647  0.8311530674  0.7332340351  1.2642898667  1.6248509709  1.7567890860  1.2073034016  0.9921170363  1.0880102388  1.5192992983  1.1290470926  0.9415977195  1.0276492019  1.2158161595  0.8869700304  1.3048215853  1.6556638595  1.1194541657  0.8224799520  0.8374943585  0.7189085155  0.6780897239  0.8467695404  0.8776722030  0.8732777050  0.5985049457  0.6126516570  1.1005208041  0.8128538448  0.6531811278  0.6962452572  0.5162650191  0.5754503967  0.6234525557  0.4978775568  0.5971564564  0.8651222120  0.9725382022  1.0108555528  0.7149867080  0.9990742554  1.2027470666  0.8859570969  0.8975336327  0.5806343915  0.2113772309  0.2370630870  0.1833271308  0.1493361733  0.1598159260  0.1804936338  0.2321318686  0.3102520832  0.2328093558  0.1688580314  0.1166049729  0.2156999672  0.1709928130  0.1472840409  0.2637624001  0.3073919561  0.5426101665  0.7658522640  0.6504619972  0.4068575156  0.3730592154  0.4462787181  0.8417402059  0.9549916294  1.0182401744  0.7694502131  0.5366820162  0.6012817424  0.5291864693  0.3641101085  0.2018630569  0.1659921285  0.3234354978  0.3766228947  0.3081687783  0.4058324188  0.7451846011  0.9002381192  1.3596341143  1.1985063425  0.9000892839  0.9646442947  1.0356871484  1.1493030328  1.6164578844  0.8287332955  0.9189604930  0.8691844732  0.7319770649  0.6229624494  0.7618341946  0.7526687547  0.7626222819  0.7835766505  1.4305116489  1.8028978870  2.8796215946  1.8427219299  1.7935654341  1.3709761429  1.0750125385  1.1333363196  0.8131689496  1.5115214887  2.2421399577  1.6729175078  1.4360641273  2.4802203759  2.5418079902  1.5948211439  2.5707776873  3.0052736262  3.2064444306  3.2158828462  4.9851869504  6.3412658491  4.5211458534  3.6190483286  2.5625174935  2.1171122481  1.3133050237  1.2895032261  0.9547337700  1.4955471880  2.0000238640  3.1331195772  2.1363317932  1.6623541805  1.8538974068  2.7166813147  1.5749688417  1.9569384088  1.6153734040  1.1787686859  0.9947325828  0.8143164184  0.6292310915  0.5457986442  0.5564780227  0.6050078914  0.7945694758  0.5454889197  0.6326628974  1.2527727525  0.8220332701  0.5202955877  0.6744877083  0.6507607434  0.5009976536  0.5003424980  0.4002549133  0.4096353013  0.4924783393  0.4792003941  0.8388335204  1.0566296822  0.8913472137  0.9245920508  1.2112124437  1.4217488732  1.7271347251  1.9930355215  1.8549021457  1.8999476377  1.2299513688  1.5014374803  0.8125515492  0.3134068843  0.2417810395  0.2838567464  0.3349768685  0.2026992718  0.1225791838  0.1816907492  0.3116258309  0.3681949864  0.4159228667  0.6787854504  0.5860457988  0.4364994200  0.4336248324  0.4569480036  0.6481391236
  0.4720172574  0.6803798637  0.5896303121  0.6454151998  0.5122504341  0.4189769597  0.4117103638  0.3898891394  0.2751446906  0.2427267262  0.4939208325  0.4402953964  0.4242333970  0.4525268655  0.4314296055  1.0665325261  1.2331021008  1.9548107991  2.2568576873  1.9045127237  1.5612566026  1.9407430130  1.4905975533  1.0858755585  1.3584360157  1.4019020027  1.2238215879  1.3526350564  1.7965551283  1.5025627840  1.4066354979  1.2239507871  0.9190296295  0.7086459514  0.9371646627  1.1446851506  0.6725201946  0.8088844766  1.1137363249  1.0724068979  0.9902399571  1.5790801999  0.9983163378  1.1587967574  1.1798608234  0.7702837849  0.6837082709  0.9212291047  0.9925337862  0.8153337141  0.9610215149  0.8088471535  0.6078495140  1.2452455015  1.5123128904  0.9010099480  0.3984604532  0.3318209115  0.2619777684  0.2553885555  0.1995334658  0.2566517029  0.2269488055  0.2858163934  0.2495724244  0.2437935424  0.1754172430  0.1300576251  0.2277378435  0.1702917606  0.2009284136  0.3077844023  0.5807033514  0.7673964185  0.7885540084  0.5350834871  0.4324338949  0.4603765443  0.3579882768  0.4473011168  0.7586887694  0.8112225455  0.9944487515  0.7133636663  0.3692687313  0.3491319229  0.2306164860  0.1678656548  0.1934829780  0.1819289143  0.2296040775  0.2360232279  0.2948679248  0.4751038708  0.7874668940  0.9777283662  0.7448252057  0.6559764034  0.8145449128  0.9511642921  0.9520776451  0.9195254875  1.2578775769  0.9298887400  0.9888729927  0.8118732459  0.8677289585  0.8037150547  0.7086983698  0.8151908767  1.1206568234  1.4165960477  1.1994460106  2.7687759885  2.1916558377  1.2481508049  1.3037873554  0.6765116485  0.3811497313  0.7110459406  1.5537579810  1.3672223841  1.5065892617  1.7245563166  1.9523065335  2.7976754464  1.5426873837  2.3874704289  2.5770047088  3.1872284531  3.8606353993  3.9721017921  7.4005348027  4.8043836207  3.8418280911  2.5981558967  1.9799267621  1.6906695052  1.3662173602  0.8296574191  1.3569728033  1.6208778672  1.6071850112  1.7961670408  2.4784339627  2.3642742832  2.2351741604  1.6740296309  1.7513275757  1.5362680759  1.2075002748  0.8805920904  0.7812702566  0.6547176975  0.5754630715  0.7221798736  0.6477772026  0.8749798517  0.8731658204  1.2767291889  1.3630387902  0.7211861613  0.5336577184  0.6290689491  0.6794213597  0.6710839583  0.7378996947  0.7031082761  0.6101858470  0.3955179417  0.3449733714  0.5358755851  0.9995735688  0.7819714656  0.8338311895  0.9234203358  1.1276785131  0.9670494222  0.9882385797  1.0524266931  1.5315220226  1.4389717630  1.5020868237  0.6551253207  0.2737025939  0.2114735115  0.2613838682  0.3182369296  0.2001149022  0.1405564049  0.1558854610  0.1673507993  0.2095517614  0.3353579618  0.7829017077  0.7059049685  0.4164931871  0.4550090584  0.4454960496  0.4163149212  0.5356029193
  0.6641087672  0.7691871232  0.8839869464  0.4859970039  0.5100155037  0.3600904256  0.3680749513  0.2450450409  0.2711675744  0.3296583635  0.2994529333  0.3780464418  0.5611056075  0.4902391059  0.7495284760  1.1559917935  2.1382895172  2.8940646377  2.4289882309  2.0507300073  1.9289797131  2.1623922365  1.6715645785  1.2021028633  1.3822199846  1.9177966670  1.2890687791  0.9889458021  1.2292037371  1.3354385464  1.2468333219  1.2200129820  0.9561977921  1.0796216569  1.1117347538  1.0124919837  1.1400290663  1.2802397185  0.8088708149  1.1700263142  1.7385487195  1.2268884253  1.3898537205  0.7638319158  0.6213774680  0.7101253060  1.0903070502  1.0253549965  0.6439907667  1.2115247904  0.9245169313  0.6695122919  1.1252859016  1.3242573869  0.9842978531  0.6585611426  0.6135070610  0.4110645794  0.4804325813  0.4541697929  0.3373939265  0.2809639796  0.3445178757  0.2259775121  0.3417697174  0.1896168572  0.1722485959  0.1761678362  0.2537604316  0.2869447592  0.3635507452  0.5149714855  0.6164479527  0.5689772364  0.5043716961  0.4269043179  0.4508804561  0.5617747859  0.3635946179  0.2488041090  0.5482172557  0.7591753135  0.7587358662  0.4964925036  0.4899601598  0.2021164006  0.1762875662  0.1664297400  0.1165329099  0.1491877184  0.1912559817  0.3164628563  0.5710847420  0.6300660008  0.6299548224  0.9732096206  0.8584714390  1.1061415940  1.1169752293  0.7861946464  1.1721545269  0.7116662143  0.5879264026  0.8844336347  1.2955512600  1.1440364556  1.4494685542  1.1510003448  1.0150914787  1.4321299539  1.4754466498  1.2118088758  1.5769199461  2.5542237839  1.3338650711  1.3830136846  0.9861188983  1.2185605178  0.7191686138  0.5891615794  1.1381566285  1.5922409440  1.7917711456  1.6092079546  1.7671670328  2.1297772910  2.8797594274  3.4431047768  2.9729174816  3.2255971738  3.6933900466  6.0071010465  4.7417900041  3.9510047559  3.3579715753  3.6442745104  2.5501366952  1.2961986596  1.5585866031  1.0675768764  1.3902176528  1.3775424121  1.6921117052  2.3784664571  1.8841319331  1.2741311810  1.3377191653  1.2744106204  1.4569406613  1.3587497472  0.8748845488  0.4736730084  0.7500600907  0.9137636327  1.1421510238  1.4715171281  1.6226879712  1.5663927141  1.6107101120  1.1093095451  0.8148696773  0.7606946858  1.1130270152  1.1430410960  0.6780900662  0.9561096954  1.0537778466  0.9003027031  0.7593838126  0.4542121033  0.5284055493  1.0099540526  0.9085942394  0.6092584354  0.6543474332  0.5880282006  0.4593065718  0.5045966077  0.7304729982  0.8155451416  0.7990982724  0.8766209065  0.4157113575  0.2234345907  0.1962597385  0.2694717902  0.2336981146  0.1374870739  0.2273648962  0.1442647359  0.1115942570  0.2371319282  0.3744365001  0.6211932751  0.7607762085  0.4362829812  0.3633751399  0.5143427065  0.3687989176  0.4841774236  0.6465894018
  0.7982825266  0.9388858560  0.6799598559  0.6152976981  0.4036602036  0.3409473476  0.2622872791  0.3812253099  0.3373349585  0.2780112315  0.3484194432  0.6217935543  0.4651227808  0.5620209200  0.9388152419  1.6215675250  2.9113367062  2.9417565328  2.9117905812  2.6191164628  2.8579887235  2.3544724659  1.9037825693  1.6569239752  1.6446950750  1.2952795295  1.4079360350  1.1591563538  1.1910086394  0.8872662387  0.7784353190  1.5882884808  1.1881130519  0.7568421287  1.4667519552  2.2299135347  1.9668451955  1.5127103857  1.5005415093  1.7273448743  1.2489094635  1.1544297110  0.6985702684  0.5178102966  0.7085669823  0.7646083642  0.5806265693  0.5497731422  1.0683711758  1.0259956717  1.3737491356  1.4624560586  1.1344110116  1.2520798098  1.0472117329  0.5878196468  0.6558555118  0.9586702669  0.7651114851  0.4926040661  0.3383398887  0.3356608877  0.3536342788  0.4353476625  0.2344672385  0.1866753555  0.2010298719  0.2157037887  0.3378235264  0.2414023639  0.2474500951  0.4313105620  0.4134314572  0.4283179587  0.5010673858  0.4561707564  0.5368145816  0.3217490688  0.3053169319  0.3596938463  0.4250763520  0.3809605568  0.3788277412  0.4102175007  0.2635992209  0.1442097615  0.1114380346  0.1046212691  0.1160649050  0.1669083188  0.2623494243  0.3800665634  0.4895457081  0.5369480441  0.5344703483  0.6202302023  0.9305857227  1.0261452050  0.7140114690  0.8635852101  0.7511604685  0.7441862606  0.8020670514  1.4441771171  1.5961297599  1.1600461957  1.1338128816  1.0560179028  0.9165555142  0.8484193264  0.9256618946  1.4341741674  1.2086794931  1.0791554763  1.3119351646  1.6961367313  0.9746006776  0.4778789044  0.3610631578  0.6381091742  1.1085578760  1.4086998163  1.1969724766  1.6458970812  1.5106252865  3.5109072176  3.0147755885  2.9749845645  3.6142636754  3.3563236914  3.2001114489  4.7249902788  6.9641887666  6.5970084422  4.9160865685  4.5131016135  3.3058546447  2.9008302770  1.9479764368  1.6244718909  2.0592402551  1.8715409632  1.4423559858  1.7420279294  1.4733055863  1.4953353606  0.9001821166  0.9206163822  1.4160310719  1.7321270973  1.1448365947  0.6895084005  1.0139029924  1.2557297566  1.3396556838  1.3472591532  1.4043201058  1.0548595491  1.0791327843  0.9220814826  1.2754815612  1.3477851574  0.9596234033  1.0072917793  1.1534789117  1.4756169704  0.9878519058  1.1533693367  0.5099758712  0.6325526231  0.9262518362  1.0498862981  0.9168451795  0.7578663969  0.5478245258  0.3165519831  0.4950956558  0.6285841848  0.5172564219  0.4925726475  0.3247840041  0.2216338470  0.1727457262  0.1514729046  0.2375506626  0.1869037397  0.1096425858  0.1810191327  0.1764048483  0.1562137702  0.2731154307  0.3045486177  0.5014027566  0.6101664670  0.4949301602  0.3307597683  0.6292639917  0.5666103106  0.5433020410  0.6539758422  0.8685174133
  1.0379299398  0.8301413954  1.0749552502  0.4937694954  0.3217286522  0.3268799561  0.4542042588  0.4142783214  0.3620720413  0.3803107302  0.4798731640  0.4256085413  0.8039861874  1.0213834670  1.2774847506  2.2697280789  2.3368476532  3.2048348493  2.2348043232  2.5544231911  2.5227773512  2.0900530895  1.7885564760  1.4015623365  1.4138483296  1.0053344594  0.8386963805  0.9790985195  1.0465278867  1.1600844984  1.5089165566  1.6223842118  1.3462610778  1.7355165487  2.3819979461  2.4273827351  1.6489302955  2.2802894375  2.2923965692  1.6784221473  0.9773683834  0.8070469577  0.5368410042  0.7971451789  0.6367328143  0.4929209806  0.6319698020  0.9450407275  1.1024230379  1.7909298165  2.0155571036  1.0575449206  1.0024249605  0.9067239274  0.6657829466  0.6364284432  0.7451229459  0.9652617671  0.7252405457  0.4465177855  0.4943173469  0.4958239502  0.4679112320  0.3125812485  0.1793891051  0.1650038511  0.1596501732  0.1634740311  0.1608315335  0.1317749905  0.1764067769  0.1987871787  0.2164172608  0.2323151262  0.3674331604  0.4088436163  0.2499163165  0.2920532296  0.3276562679  0.2838563392  0.1955399639  0.1815888903  0.1667954172  0.2110973154  0.1335231271  0.0990176522  0.0871273612  0.0990174889  0.1657489145  0.2213312101  0.2046014951  0.3565120910  0.3474420410  0.4531766807  0.9188735681  1.0275582178  0.6034423041  0.5817151521  0.5790117554  0.7569676987  0.8973643417  0.7787255267  1.0718412717  1.1623140893  0.8261494424  0.5908209401  0.8736840045  1.0238870313  0.7514178246  0.6758598332  0.6925161702  0.6278787203  0.8106968379  0.9475067234  0.9121907480  0.6322581305  0.3531440681  0.6737324065  0.7118421892  0.9211023480  1.0999291830  1.4479324661  1.6556107594  2.1873814150  2.6130147527  2.8638550053  2.3524747448  3.2565648576  3.1107519899  3.6668097733  5.4316382841  10.8933982956  10.3769769673  7.9564604105  5.8216187329  4.8054811897  3.8439567702  2.8897721050  1.9058211078  2.6023179930  2.4235906765  1.6783479757  2.2645634151  2.9655979741  1.2380285726  0.9500074741  1.5376833387  1.3758085815  1.9431783971  1.6233310069  1.0712576250  0.9532178916  0.9867901595  1.0406268623  1.3095557625  1.1423704537  1.3573455074  1.3765357510  0.9928041928  1.2573588704  1.9334121526  1.4581160909  1.1733231793  0.9943088876  1.5411260230  1.3540294638  1.2739156624  0.9133604729  0.7162652954  0.4675282860  0.8247881737  1.4632527588  1.1257767317  0.9586387666  0.4042606477  0.6496120066  0.6196591979  0.3222874606  0.3251984259  0.2235805994  0.1571525892  0.1119131952  0.1330876290  0.2360214521  0.2284398031  0.1646818836  0.1463435245  0.1187911302  0.2094388706  0.2223127479  0.2966625042  0.5420522217  0.5048915391  0.4509385390  0.3398420809  0.6590529761  0.8272287285  0.6603981120  0.6429711384  1.2550265487  1.1216850509
  0.7921637997  0.5514571041  0.4193198676  0.4250089326  0.4788688253  0.5850896312  0.5896471724  0.5792566025  0.6001116919  0.6062813390  0.6998411391  0.9216364544  0.8885993733  1.8474715133  1.4490921357  1.7042787859  2.3434348302  1.1931981763  1.1561936814  1.4836310712  1.6738718133  1.6083896467  1.1122365658  1.0824604346  0.7882936005  0.7729476226  1.1451827451  1.5038734832  1.4737333613  1.9387185187  3.2682241228  2.3633863006  3.6800569640  3.1930599742  2.7012743874  2.6903915669  2.3264976235  1.9813079275  1.9083545681  1.3901322129  0.9071834906  0.7297628166  0.8681694536  0.7432414631  0.5374893816  0.8104728983  1.2771441814  1.2399797189  1.4648162923  1.5668691030  0.9894115546  0.7366933812  0.8469088054  0.9825424237  1.0704293686  0.8169852307  0.7648545307  0.6931572873  1.0734404900  0.8493932189  0.6382776540  0.3244751798  0.2226704024  0.1589740204  0.1498674030  0.2101383709  0.2130411033  0.0901582599  0.1181443979  0.1334314547  0.1269593674  0.1705518511  0.1555522546  0.1685097441  0.1440081603  0.1920767112  0.1963238380  0.2703799979  0.1681695044  0.1584972870  0.1609719985  0.1357820626  0.1657060745  0.1451174410  0.1317272643  0.1142072216  0.1349793768  0.2395043128  0.3368378034  0.2317340891  0.2697218216  0.3825573188  0.4390866533  0.6051525198  0.5986846040  0.6139643897  0.6445045435  0.6727515799  0.7763653225  0.9707358708  1.0546401394  1.0671965167  0.9025527541  0.6995911371  0.7087145797  0.7434344862  0.7438109242  0.4465298483  0.3930478337  0.4300088003  0.6119354103  0.5889515548  0.6218695924  0.5581914547  0.5670611205  0.4081931289  0.7264517076  0.6536954259  0.6435084699  0.7673082579  1.4663544822  1.7979788178  3.1869661525  4.6393928248  4.4091000119  3.3991544788  2.9033685262  3.4788777635  4.2313362706  5.0620667305  3.9434033249  7.0447739440  8.4855764284  8.1496533260  4.7428450705  2.9803355408  3.4224397668  3.1406123087  4.3723535718  3.1551205818  2.5126769564  1.8375081889  1.9866029498  1.7276103139  1.1230403550  1.6751140593  1.8470412671  1.7225545191  1.6946924495  1.2469658978  0.9778563113  1.1717074052  1.1926967671  1.2382418918  1.3763599217  1.4156846691  1.9324872903  1.5542253323  1.1772209017  1.3559052040  1.7243842772  1.1643061682  1.2268094860  1.2849037416  1.6805937094  1.1470265438  0.6928144189  0.6483497160  0.3623510603  0.7883879254  1.2406693515  1.3405612000  1.3385507373  0.6462478064  0.6074854149  0.4002147000  0.2997191439  0.2394330653  0.2071067695  0.1505465404  0.1387012702  0.1286749644  0.2112732143  0.3103538223  0.1893518348  0.1336638131  0.1658122260  0.2056455018  0.4593413322  0.5339851177  0.4275365994  0.3721830459  0.7767111060  0.9178300524  0.8354038849  1.1235723545  0.6779739291  1.0176216419  1.4786854460  1.0951086723  0.5682906111
  0.7058435945  0.8104115812  0.4047237159  0.3587833190  0.4385544345  0.6096195537  0.5799364118  0.4397266431  0.5872253219  0.5708940510  0.7918717208  0.8984719774  1.0417430770  0.9254601442  1.4925516850  1.4612376843  0.9059005610  0.9798049527  1.4091535338  1.3391104363  1.4916765003  1.0325654121  1.1099635843  1.3434726984  1.3530421068  1.4720278066  1.8269700504  1.7111773997  2.6469639184  2.9788357964  4.6173410880  5.4857321569  3.3520429245  2.7859915341  2.4926473033  2.0688598782  2.0074059074  1.6017856262  1.2108755728  1.0709846325  1.2470961135  1.3410726227  1.3803585748  1.3636894506  1.1721518118  1.4547915979  1.9592230322  1.3516390539  1.5078921065  1.2106851708  1.0624470561  0.9828168711  1.5673685523  1.2793664818  0.8749733699  1.1643751371  0.9643399217  1.4801744622  0.9200615100  0.4855112411  0.3298774707  0.2606848832  0.2018940581  0.1595766018  0.1480996782  0.1670497730  0.1233592931  0.0956453880  0.1251191758  0.1742786992  0.1808159740  0.1613596484  0.1311454006  0.0928026201  0.1756680330  0.2708819584  0.2388062947  0.1369467993  0.1689747942  0.2073810841  0.1789344778  0.1455663202  0.1287879661  0.1501248203  0.1146177339  0.1991393588  0.2985211785  0.2898865817  0.3330154556  0.3326749594  0.3596535525  0.4313522490  0.3590298171  0.5302273130  0.5749255222  0.5612624381  0.7571491916  0.8615115518  0.8997081332  1.2949067178  1.8327268277  1.2677527910  0.8940570866  0.4367262878  0.3616398154  0.2924710392  0.2085506371  0.2720660200  0.3127687771  0.3207900689  0.4762054012  0.5363832989  0.6627628885  0.5905145304  0.5613412722  0.6465904198  0.6543092060  0.8455646671  0.7707908149  0.8551919305  1.5953422621  3.1380126630  6.4331172281  6.3326627041  5.2788144312  4.1506306409  5.7515191675  4.3656227496  5.9403091632  5.6628061712  5.7774412269  5.7172740444  6.5534428489  4.8514350216  3.7222916598  3.9011141195  4.8950374497  3.0656744084  2.6673136903  1.9626446743  1.8299717622  1.5645688782  1.7314283915  1.4855115840  1.4129918669  1.1225483063  1.5978849199  1.4284707644  1.1686192773  1.2148102587  1.5060919838  1.6624310701  1.6460166613  1.7578578795  1.4507122324  1.6512016609  1.5432835942  1.4107471877  1.0876405069  1.5408538739  0.9144798015  0.9777362313  1.5014113266  1.8894503199  0.8526900639  0.6798946113  0.4703163764  0.4457207497  0.4784758552  0.7119026268  0.8218467888  1.2562107173  1.2534123247  0.5580787658  0.2870170794  0.2339319322  0.1651089081  0.1325542117  0.1665713497  0.1474673886  0.1506349953  0.1956411048  0.2139685993  0.1928616928  0.2329814055  0.3527735230  0.3114318986  0.6801947787  0.8119976669  0.5739407371  0.5120066212  0.9704129679  1.7554611866  2.0064685870  1.8303341635  0.8129241095  1.0140899188  1.2825473764  1.4487328360  0.8712678425  0.8306793248
  1.0551636016  0.6829830599  0.5801756669  0.7353885577  0.8252689065  0.9225309400  0.8140019284  0.6543981705  0.4729681743  0.5049709201  0.8925260487  0.8762393788  0.8303564482  0.9877762536  1.0318663580  1.0035536169  0.9698452261  1.3992829071  1.8019014220  1.8682796928  1.5091658404  1.5755238081  1.5488193608  2.1162734964  2.7482923354  2.2172996768  2.0230625271  2.9907688021  3.1051338475  4.4847155129  5.0577135903  3.2237946683  2.6644171799  2.0025212202  1.2344238366  1.7442426292  1.5545105708  1.3465805012  1.1859150629  1.7020554343  1.4593391320  1.5153496843  1.9727018013  1.0626394871  1.1313449936  1.5227851473  1.9164177134  1.8764902869  2.3248317616  1.4343841330  1.0139943348  1.7806671037  1.3741276478  0.9733807126  1.6275860078  2.3216257891  2.5094745374  1.0028841029  0.4130884800  0.2416484403  0.2551971901  0.1667275341  0.1068344899  0.1174707981  0.1195966105  0.1364875858  0.1320612768  0.2008998895  0.1929894629  0.1694464823  0.1631192639  0.1691716299  0.1269661008  0.1778702387  0.2095924510  0.2037301774  0.1181468990  0.1816261863  0.1537081247  0.1931544794  0.1197495755  0.1471034389  0.1521160329  0.1482037918  0.1411558108  0.2937684191  0.2500962671  0.2262897856  0.3802664123  0.4239449338  0.4370214895  0.5038213573  0.5484942736  0.9041484540  0.9691188943  0.9350868594  1.4207708441  1.2457215413  1.4944177700  2.3264558115  1.6565894425  1.1246000779  0.3758851022  0.2665859315  0.1663306230  0.1219472737  0.2243849623  0.3933985969  0.3047853476  0.3471593106  0.4529059373  0.4913376362  0.5435982382  0.4551612531  0.9522936476  1.1421273963  0.8762177773  0.9158625576  0.7975030157  1.6998473203  3.0227659727  4.4321279290  3.8113969983  4.6779481086  3.8948064962  3.8535614830  5.6171120777  5.9243637351  5.7539942792  5.2307016752  6.4327204514  6.4003488612  5.7375894553  5.0370925423  5.4913739629  4.7022117466  2.9902184092  2.4851911748  2.2623147417  1.8055499755  1.5208190839  1.5844748661  1.2713298023  0.9657459635  1.0308275584  1.6808593268  1.7361725547  2.3247585999  1.7819522103  1.6960355177  1.2036233468  1.1644995438  1.9174333154  1.8277943826  1.1838456411  1.3572120120  1.5204323298  1.7806387457  1.0789455862  0.6197994811  0.7766641051  1.1571676771  1.3158270705  0.9190684100  0.6743959632  0.4707092985  0.3887098682  0.4704184729  0.7557588503  0.7346247820  1.0508635698  0.8299831422  0.6129636705  0.4127850673  0.2906485638  0.2459687044  0.2080422719  0.2103743504  0.3159185700  0.2702258803  0.2421046460  0.1898711395  0.1319138227  0.2470659905  0.4183748193  0.4210132556  0.8304114179  1.0289276206  0.9839791779  0.8678354720  1.3260687046  1.4716836643  2.1352294229  1.4648001917  0.9395389227  0.9830284716  1.5029473505  1.4736708138  1.1999825501  1.1732104092  1.3258888570
  1.1819793015  0.8235843423  1.1945938230  1.2723419097  1.2450770231  1.1818510185  1.0554629587  0.8781401494  0.6316544567  0.9710939722  1.0813516419  0.6596060385  0.7880495338  1.5874202850  1.1943100797  1.1349262439  1.0047511417  1.6648260779  1.6060816040  1.6743022321  1.8276328358  2.1361495143  2.3774592581  4.0227723072  3.5812051919  2.8523299729  3.5701719039  4.9855019135  5.5991044071  4.7804343405  3.0609522817  2.4289676573  2.0502984331  1.1945885584  1.3704077890  1.4362520206  1.1058343232  1.4356456151  2.4961693536  2.1086677943  2.0555134190  1.9849644345  1.2732849532  1.2431979679  1.7231533269  1.8646466761  1.7382002514  1.8545957466  1.5802775422  1.2373552064  1.7344343973  1.4918027338  1.1705034918  1.5040304173  2.0801412008  1.6336015776  0.8672714723  0.3504770631  0.2361753367  0.1571380932  0.1322855660  0.1071662066  0.0891896202  0.1512845085  0.1917059701  0.1971178314  0.2103190588  0.2579714947  0.2451892988  0.2123013023  0.1888735724  0.1455179143  0.1096028764  0.1047281494  0.0792659135  0.0690488570  0.0940157191  0.0857730841  0.1329553026  0.1566500797  0.1470868984  0.1346072954  0.1062953629  0.1777078817  0.2052826930  0.2219957370  0.2314793042  0.3111661072  0.4104293977  0.3580864974  0.5885044591  0.6236877320  1.0550563173  1.8407476034  2.0443238880  1.8927499152  2.2480269354  1.8264744073  1.7834448049  1.2517257955  0.6595931552  0.4948757827  0.3940993856  0.2469696386  0.2263693852  0.3229903360  0.4862716078  0.6342525459  0.5380477871  0.4645093745  0.4687931703  0.6669713058  0.7173783598  1.2819967848  1.3380029752  1.0739375540  1.0437959223  0.9632211561  2.0206079390  2.1076986637  2.3601010953  2.5064462153  3.7699861167  2.5466887357  2.4903993782  4.1893709303  6.5079682729  7.9670909530  5.3557691889  5.9931634614  5.0265140307  3.8971326698  4.9428143210  4.6687430464  3.5153246526  3.1333906552  3.0693953327  2.9109103363  1.9667568595  1.6124599852  1.6521377369  1.4122028697  0.9857198306  1.4492343188  2.0510570942  2.8650708651  2.5417284920  1.5770755731  1.0697924453  1.0422032794  1.2082922192  1.5083176854  2.0281108422  1.1261492329  0.7773369422  0.6630624353  0.7342608523  0.9599754149  0.6500614726  0.8978782856  0.8623916058  0.7183667391  0.7314360592  0.7672304631  0.5084979809  0.5589170768  0.5986056939  1.0469317410  0.6441847617  0.8542320157  0.9113154100  0.5163699660  0.4460038026  0.4153687311  0.4093428644  0.2578658621  0.2389241372  0.2674300695  0.4169853324  0.2705604320  0.2187120538  0.1504479210  0.2689688677  0.3185210885  0.3353743970  0.4623881142  1.1490898477  0.8890008101  0.7161644892  1.1199156494  1.6357446880  1.5972436899  1.1918352928  1.0109451381  1.2233719347  1.2305115106  1.2116658185  1.0267338271  1.1396260737  1.4473605893  1.0085537756
  1.0519737789  0.8074917018  1.4436775501  1.4601622582  0.9961105352  0.9835219403  1.4219879235  1.1907908913  1.2851426601  0.8171466963  0.6955171566  0.6517535151  0.7982887759  1.1219572588  1.4044527163  1.6348012750  2.8798078488  2.6446654692  2.2092160012  2.6411522142  2.8789458526  3.3338262583  4.9417810833  4.2670554591  3.9870914166  3.8537475960  7.7035699589  8.4618337912  5.3579960351  3.1982588171  2.5958019097  2.3643802900  1.9807157391  1.5732857946  0.8564798199  1.0331027304  1.1681823180  1.8950975068  1.3730626830  1.2266509091  1.7309527068  2.4547064526  1.8684543546  2.0097946571  1.3531575261  0.7179084491  0.8761284422  0.8682313377  0.7132503188  1.0492091390  1.2298180993  1.2928687008  1.2021831398  1.4549846839  0.8579142534  0.9190999071  0.5460176662  0.2749251066  0.2335064461  0.1869717736  0.1589752631  0.1066314138  0.1404784385  0.1908196316  0.1264411707  0.1737381135  0.2498221599  0.2484028885  0.2030723018  0.1302833036  0.0894438729  0.0811581717  0.0612017137  0.0780758510  0.0859768399  0.0965210474  0.1199484380  0.0932034842  0.1837778133  0.1554856581  0.1694178114  0.1287527299  0.1581435072  0.1630545438  0.1366987441  0.1698185339  0.3010217781  0.5146298293  0.5447387246  0.6464706886  1.2139232284  1.4812112956  1.9783817935  2.5592061025  1.9361600747  2.4866964878  2.0622385730  1.2408243560  0.8615103223  0.6767504738  0.4775110991  0.3521168054  0.3133440287  0.5009214261  0.6219766180  0.7998351916  0.8981007888  0.7609913578  0.6881061243  0.5868586064  0.6086290672  0.5716205309  0.8010492846  1.2403552601  1.2687495087  1.0489840180  1.3878526090  1.6783227005  1.8683110102  2.7819367870  1.7106488714  2.3820492090  1.8554286941  1.7725138557  3.0025096888  6.2319439778  6.3853243517  6.6647187867  6.5067650459  4.2973556206  3.8991084405  5.2365899338  4.0460854963  3.0305221254  2.8189059649  3.2742139753  2.5073679542  1.8524173821  1.4478428538  2.0103205484  1.3177049504  1.1027872142  0.8820374764  0.9504095397  1.0278061514  1.2931033489  1.6132245867  1.3296314798  1.1169437509  1.1867049728  1.1012661857  1.1059028216  1.1955052047  0.6212483614  0.4889709675  0.4583659442  0.6027619839  0.4811445262  0.7141232434  0.9876935266  0.4820285982  0.5621555660  0.7053194556  0.5583808853  0.5006977058  0.6271156448  0.7735367995  0.7091476476  0.8825447006  0.8668326985  0.6505947817  0.4431197881  0.4220024893  0.3914911241  0.3011181918  0.3322678574  0.3106970792  0.3079282371  0.2177237465  0.1965308389  0.1913338857  0.2256477535  0.2489976235  0.2778774154  0.5365218194  0.6539859474  1.0472353290  0.8211633629  0.9531460152  1.3948552316  0.9917479459  0.9642981564  0.9018500957  0.8960343631  1.0203715155  0.7241380581  0.6718793397  0.8262554724  1.0034387898  0.8109243578  1.1639924271
  1.0847875670  1.0932308438  1.4848978249  1.8349738174  1.4068991424  1.5486956269  1.1608468208  1.1910440664  1.1177009093  0.9228568408  0.8601733827  0.7646267125  1.2460522585  2.3160179958  1.9475499511  4.0669923415  5.3623598911  4.3864126753  4.8210184003  3.9459841667  7.0186227792  7.8647270906  6.0480660990  5.7721785676  5.2417264538  7.2890770263  7.2638608854  4.8296530052  3.5702303046  4.3235822346  3.2299446493  1.9711378585  1.4884124054  1.3820216381  1.1762179811  0.8980564805  0.8006711254  1.1320755098  1.1965962922  1.5487718024  1.5521568693  1.5577557056  1.2564169164  0.8462422992  0.5715840373  0.5103453010  0.5123257887  0.6797609457  0.7344342737  0.9997712886  1.4017143355  1.8724341605  1.6710998427  0.8594917087  0.6446686716  0.4961427149  0.3811419971  0.4297315841  0.3333925529  0.2594598803  0.2191790530  0.1730598159  0.2206782904  0.1233520344  0.1199742395  0.1928342007  0.1819040735  0.0928187099  0.0680309965  0.0663041177  0.0472962090  0.0625910027  0.0494281197  0.0819513072  0.1070902773  0.1366288936  0.1141318275  0.1659812785  0.1858578551  0.1750171051  0.2207153029  0.1862011187  0.1743649845  0.1177495792  0.1739517202  0.3597217038  0.5297668210  0.5879078348  0.7652804194  1.6175241329  1.1108838177  1.0880329829  1.2952694766  1.4833555576  1.8089422723  1.2120241362  0.9801748919  0.6949476365  0.6761340230  0.4563553593  0.2874724600  0.3761741414  0.5171862352  0.6416390936  1.5058161666  1.0841206562  0.8780136621  0.6831231355  0.9265169560  0.5290227723  0.4136090569  0.7377003474  0.9182716364  1.2706799246  1.3235828978  1.2315389453  1.4279923740  1.4028111321  1.5624802855  1.0277712587  1.1846735098  1.3184831237  1.3353951417  1.9404082533  2.6322490607  4.6525507328  6.1385181204  6.6736375721  3.6917789138  2.9525402604  3.6138779736  3.9059974828  3.9813381199  3.1161692558  3.1211291632  2.5429226410  1.1335958901  1.0184186894  1.2944225171  0.9024166813  1.1816764944  0.6526038829  0.3463218948  0.6725021007  1.0038366315  1.9602192711  1.2714086123  0.8649445525  0.9733870207  0.9830050157  0.6094455218  0.6513869648  0.4618239587  0.4558550136  0.3602544487  0.4223379867  0.4651216153  0.7145195792  1.0039120874  0.6945600584  0.6421274413  0.6597140316  0.4912204949  0.4209799679  0.5792299565  0.6987772432  1.0410204958  0.9482353608  0.9475213081  0.6250362792  0.4903673438  0.5592271674  0.4107241068  0.4010775896  0.3203229417  0.3122231705  0.2607984461  0.1639724151  0.1740548876  0.1578641750  0.1563717421  0.1896999223  0.2021982786  0.2975843337  0.4228312369  0.4828893657  0.6817634490  0.8629913873  0.8924413512  1.0792864691  0.8951940090  0.7361924832  0.7001253132  0.5217981897  0.7882560423  0.7932598128  0.7627647065  0.9430600505  1.0678859945  1.4180022392  0.8973799052
  0.7061353154  1.2019845773  2.0429725753  1.7009773632  1.5103919563  1.3854366989  1.1515244783  1.0414376781  0.7942774817  1.1492624454  1.5656843738  2.5265168043  3.5798939717  2.5178600315  4.1040039423  5.2440978693  5.7034699760  8.2571985652  7.9296232147  9.8246633997  7.0914243560  8.5372268563  7.4205310971  6.4737529415  6.9104745509  9.7159808866  8.3989857720  4.4452880229  4.5689797054  4.4471715626  2.7968439620  2.0035099098  2.6778374673  1.2842811886  1.1331112212  1.0737857726  0.9121311881  0.6734109627  0.7997548676  1.1342041994  1.4561367851  1.1531232549  1.0510283530  0.9181995264  0.7484348516  0.5535608772  0.6154965119  0.7428613703  0.7500884931  0.8820331481  1.4760113870  1.4090327693  1.0091070971  0.7634449692  0.4235685857  0.5646257217  0.6532069735  0.7413890691  0.4169198186  0.3212552635  0.3894495098  0.3490321464  0.1959638917  0.1527412156  0.1457074089  0.1082120843  0.0868064445  0.0902504836  0.0433628678  0.0342763200  0.0655959894  0.0735231558  0.0862178486  0.1213441600  0.1343507354  0.1675296638  0.1368484268  0.1804439080  0.2743422736  0.3671906832  0.3188661029  0.1981735844  0.1305087620  0.2011434367  0.4223581403  0.5869829445  0.6873290472  0.4870149173  0.9961365816  1.4710702128  0.8852108326  1.1947428096  2.4517725904  1.9454508924  1.5814282845  0.8705649148  0.4833504053  0.6365762766  0.6130342489  0.3187254907  0.3681420980  0.3932902646  0.5845373382  1.1386351907  1.2391812197  1.1310717906  1.4570296028  1.0922596631  0.7306295727  0.6704783969  0.5521091996  0.7606070651  1.1952462724  1.2691536578  0.9932404272  0.9505268518  0.9090358130  1.5835828658  1.9926992947  1.9021405719  1.4967145603  1.8071216981  1.8516510468  1.9261731796  3.3852124793  3.7503140096  4.0210135002  3.2012435390  2.5232413493  2.8637188239  3.0294502746  4.3978094165  3.6860722314  3.4925991187  2.2465109323  0.9927355619  0.7940029740  1.0955206453  1.0700842758  1.1683876980  0.7251629912  0.3969450100  0.5495611731  1.0755850004  0.9162403696  0.7272017355  0.8640128479  1.0603555138  0.9321343423  0.4814720666  0.5012891900  0.4446939502  0.3354213768  0.3851458252  0.4016878369  0.7826191749  0.9060440962  0.8465483123  0.5397975584  0.7552909537  0.9267741363  0.7037254110  0.5286240247  0.4780841651  0.6777121344  1.3415292143  1.3042583245  0.9836600422  0.7980395365  0.7203378351  0.6927697913  0.5011649951  0.4186384080  0.2726677956  0.2785536975  0.3031332316  0.1998423442  0.1722285110  0.1441501531  0.1150018430  0.2191338522  0.2215141289  0.2124072041  0.3584146597  0.3262379680  0.3870314350  0.4799020676  0.7441822722  0.8311691775  1.0147667249  0.8071238791  0.6983068658  0.5815004264  0.6941646421  0.7320170772  0.8098192600  0.9144094341  1.3529256849  1.5057807577  1.3501735038  1.3467787816
  1.4604841356  1.6244827822  1.7115237432  1.9395331384  1.5848936214  1.3606590502  1.2419345442  1.0636747291  1.2980836703  1.5815977110  2.2469213186  2.3992702987  3.6776879904  5.6441778815  6.8585740489  7.8139729641  7.2432731127  9.5528068807  11.0505108584  9.4911720644  8.7811883406  7.5527063971  11.2285212142  10.2489135692  11.1789633410  13.7025401482  5.2826912707  4.1012207226  2.5310224714  3.5027034343  2.6579838261  2.8299913771  1.5944348317  1.2818197975  1.3841526700  1.0240454706  0.5895619184  0.8320812901  1.3703172251  2.0654404178  1.2587327334  1.8050415826  1.0426938933  0.7281378634  0.7093908609  0.8469845396  1.0507340445  0.9502351958  1.2196987770  1.9781321973  1.4885519179  0.9047512211  0.7619441959  0.4972008042  0.5716714149  0.9076979000  1.1371650882  0.4889578970  0.4839791487  0.7127488035  0.7150729297  0.2053107338  0.0895840986  0.0779634141  0.0644639094  0.0703716560  0.0686416620  0.0303036727  0.0407516680  0.0999225780  0.1266845302  0.1026385461  0.0807333294  0.1071523253  0.1119715032  0.1315856190  0.1864125220  0.2735224798  0.3676649762  0.3288425057  0.1819533597  0.1203311128  0.1999488271  0.2996463930  0.3395522652  0.3443930133  0.3489092216  0.8816644110  1.3964113444  1.5234897642  1.3481501784  1.9035716375  2.2706985254  1.5985573437  0.9470830757  0.5747468765  0.6758832219  0.4277655658  0.5001529205  0.4663762356  0.5510189339  0.9681567076  1.6408607714  1.4112424490  1.4433403687  2.1071931086  1.4536053556  0.8000106322  0.6887650071  0.5134394350  0.5543359451  0.8406767277  1.0604395084  1.1270761262  0.9109366201  1.2661252293  1.6027886724  1.4263092834  1.7464660146  1.6171184434  1.8201107358  2.3400211476  2.6816724287  3.7391640421  4.8963036448  5.2926234527  4.0460204683  2.5139570269  2.5025318540  2.2955224953  2.2096786594  1.7420015530  1.5452281768  1.1458897350  0.8284906481  0.9863139194  1.2618069922  0.8418138425  0.9898301310  0.6606023724  0.4341077347  0.4202430054  0.7631607548  0.8563467196  0.8410562980  1.1615826099  1.1581659853  0.7340967962  0.5525394516  0.7039281272  0.4330744353  0.3111143781  0.2607464200  0.3130522228  0.4275735998  0.5387893653  0.5651780532  0.3044098765  0.4127477294  0.8137383572  0.7050327914  0.7630897756  0.7929748312  0.7879023021  1.1317224118  1.2906640845  0.7991648912  1.2248149925  1.1754659764  0.8044744642  0.7302567400  0.4549142767  0.3027835448  0.3456626708  0.3552647312  0.1922785940  0.1194411409  0.0770831725  0.1349120370  0.1353860116  0.1686836323  0.2134905901  0.3481540754  0.2490384739  0.4003386346  0.4319652854  0.6830424324  0.7083130293  0.8938455930  0.6796117645  0.3960132120  0.5146630032  0.4249766364  0.5883683299  0.7812168627  1.1402677726  1.8588447553  2.5447397759  2.6375883940  2.0929032865  2.1457100737
  2.1906640499  1.9278339067  1.9773560413  1.8665263651  1.0683944910  1.2296826196  1.2907341961  2.1227930268  3.1147590057  2.2957940117  2.5067625086  3.8413725140  6.4220005034  7.1888924546  5.5360711483  3.4153244757  6.4096356326  8.8801562325  11.4114229403  11.2025671213  11.0689001790  14.4542153048  15.3339645433  14.1026574016  9.4543770318  5.4145205103  2.6908281893  2.8155959788  2.6671227378  1.9153492624  1.9342167581  2.0453446016  1.5869478024  1.3354524143  1.0328954833  0.9438083431  1.2536558299  1.8524175006  2.6719791522  2.3176219821  1.9376993261  1.3851757880  0.7194836298  0.7550198186  1.1431118801  1.0172459622  0.7335901389  1.6034142783  2.2879038590  1.2228734975  0.8495697138  0.8710994088  0.7363929855  0.9400104869  1.3711526965  0.8535029654  0.3866454461  0.6584047830  0.7597881115  0.5014358185  0.3034601832  0.1086795463  0.0673115222  0.0601657630  0.0651724750  0.0460987913  0.0428248717  0.0717363323  0.1105166254  0.1324430675  0.1150257191  0.1014417229  0.0751479025  0.1126246707  0.2256079528  0.2557984839  0.3008916241  0.3836204306  0.2012023840  0.1145483532  0.1436312016  0.1872247321  0.2796964547  0.1826361532  0.3587388101  0.4417691131  0.4526761525  0.7829021570  1.4295347870  1.6519266908  1.5243656220  2.2060347433  1.7956120924  1.3452440919  1.1008113239  0.8334059421  0.4978920545  0.5065532017  0.6060282149  1.2534122680  2.1933928075  1.6216324337  1.0677391142  1.0403675228  1.4196282814  1.3219206265  0.8614314375  0.5054944495  0.5792895345  0.3449936440  0.4892889425  0.9612304306  1.1733588034  1.5254672038  1.6435875729  1.3405803844  1.0638154979  1.5785039009  1.6841049096  2.3891306685  3.1933142748  4.2596204912  5.2142084581  6.2938428521  6.5771132007  6.2074343853  3.6778180262  3.1797319895  2.0967451239  1.4844654730  1.2502226064  1.0540944398  1.0902514180  0.9902845244  0.6918104657  0.6084477788  0.6359339557  0.7750833453  0.7891988492  0.5288961717  0.5911111013  0.5379576735  0.6856493785  0.9940171876  1.2449713059  1.0750395509  0.7552841337  0.6252483508  0.5020222968  0.3314079619  0.3635571861  0.2808309775  0.3292237283  0.2794675147  0.3591015784  0.4968964716  0.3665980229  0.4275380647  0.5778778836  0.4595970039  0.4687611007  0.5447298777  0.5999785076  0.8478543625  0.9030726016  0.9319308618  0.9364019411  1.4164110256  1.6922902109  0.9832633891  0.6583778344  0.3729275710  0.3654946559  0.3648872809  0.3150118769  0.2023696943  0.1002454425  0.1009306210  0.1009244232  0.1255540254  0.1397176519  0.2070997268  0.2050778957  0.4025115462  0.4126081176  0.4202903202  0.4683792478  0.5187549503  0.3532624386  0.2834695188  0.6208337343  0.8510924120  1.1987191137  1.0941954323  1.2007009955  1.7963611624  2.6765118615  1.2865513010  1.5131186321  1.9653011635  1.7676568865
  1.7518304635  1.6189276140  1.4880644856  1.4396933488  1.2574958017  1.1499606853  2.8614981269  5.5265974168  3.2405373662  4.5062482692  4.1085708370  3.7183496473  3.6057683694  3.0222717977  3.7188901352  5.2343445574  7.8104738924  14.5170236914  18.2818997060  11.2544468413  8.4947777103  10.0564534954  9.8813626476  6.5683247054  4.1134045724  3.2814860729  3.3327396556  2.7154411149  1.5142724115  1.3089696123  1.4708508348  1.1899169592  1.2850868527  1.2526582893  1.2172570691  1.3279775086  2.1398355328  2.1667631896  2.6642349050  2.4721507534  1.4400618658  1.0790191461  0.9264672244  0.9619880911  0.8909728473  0.8233761261  1.1070694206  1.6752519775  1.6320550963  0.8885739034  0.9233568704  0.8921213568  0.8096741544  1.0902256714  0.8194183293  0.7358629797  1.0907849443  0.7263815726  0.5199187418  0.4540380735  0.2239360348  0.0927421909  0.1070283488  0.0628661608  0.0428076329  0.0414448150  0.0605806425  0.0825151079  0.0796689599  0.1006925980  0.1194941144  0.0932941020  0.1066304768  0.2363898875  0.2710106430  0.2550323540  0.2688262812  0.1426344397  0.1385972299  0.1822981832  0.1481536296  0.1745625591  0.2011487157  0.2580052635  0.3107673425  0.3672073435  0.5646840687  0.8133014203  1.1346207801  1.9884611966  1.3287345724  1.3131740796  1.0475243400  0.8941036186  0.9509062223  0.6344882434  0.6695562557  1.3047329292  1.8052024358  2.4211195380  2.2319724787  1.8538125126  0.9569195855  0.8958525609  0.9576093365  0.7933665218  0.8217805473  0.4221195742  0.3090081406  0.5193220859  0.7375261044  1.1543304982  1.2988024953  2.0344830828  1.6596105889  1.1468063431  1.2132854136  1.8479382209  2.5397255419  3.8785352303  4.8948526503  5.4917871025  6.5612634159  7.5521825901  6.3510989779  3.9871828717  2.2558685435  1.7906488126  1.2570643102  1.0642708928  1.1962020689  0.8994876247  0.6928115936  0.5708241432  0.4476315076  0.3511747609  0.5417723361  0.4461505619  0.4807070984  0.4339434318  0.4980294564  0.6451542152  0.8513833268  0.7902606954  0.8013681817  1.1161493527  1.0022267445  0.4475896968  0.2178212236  0.2971171755  0.2796275678  0.3395988447  0.3996258175  0.3405347924  0.2901854289  0.3998872821  0.4018121690  0.5187585941  0.4632017129  0.4284105509  0.4501070389  0.5024490593  0.7309019140  0.7198231093  0.8825451769  0.9981777860  1.6704949952  1.8975966147  1.1819540834  0.8171227124  0.4257952107  0.2483963159  0.3189556559  0.3509290869  0.2825693809  0.1130561929  0.1094072113  0.1228117526  0.0900365122  0.1052058559  0.1528944751  0.2368606312  0.5257558072  0.5289292538  0.5145871758  0.3458840065  0.3225030830  0.2654707985  0.3984598317  0.5340953243  0.7694865079  1.0852189675  0.9516131152  1.7643956334  1.7364988777  2.2060644394  1.7136757200  1.1398746217  1.9615029651  2.4984983658  1.4391044777
  1.3739494514  2.5891767754  2.2763887581  2.0841282366  1.5682383490  2.4117852762  5.0093690915  4.6432076219  4.2361536832  5.8204755470  4.3882786643  4.7449577002  4.0281559715  4.9646681117  6.4044254430  7.3476969094  15.1982619753  26.8077393264  15.5038049045  10.3771411206  8.3571387913  5.4687208326  7.0579576972  3.7944338147  3.1305550453  2.8508293092  1.6948123790  1.1073327442  1.2119403282  1.4299019739  1.6037729327  1.7494168361  2.0799799174  1.6349841429  1.4222473113  1.9347963438  2.4548700098  2.7710757843  2.3616463039  1.5864209877  0.9080184926  1.0575632510  1.3347285978  1.2305799378  0.8517279180  0.8527049168  1.3492610453  1.4816508071  1.0477362501  1.1215552980  0.8837482794  0.5124927749  0.6604093701  0.8780625640  1.0900112246  1.8867768087  1.1577594971  0.8740860274  0.3966452712  0.2559595863  0.2337090733  0.1375765847  0.0599409665  0.0397281016  0.0599876291  0.0647674810  0.0529223156  0.0580950445  0.1087191776  0.0860008218  0.0792718468  0.1115758183  0.2324027836  0.2405318926  0.2041100374  0.1400634641  0.0921633208  0.1460633105  0.1605550171  0.1103806949  0.1094707861  0.1539796002  0.2488172845  0.2984009752  0.3858354611  0.4919798862  0.6059144539  0.8860638764  1.2089585033  1.2029744853  0.6101765196  0.6321731721  0.5612051055  0.7062595819  1.0528164050  1.3885575158  1.4983952948  2.1494872732  3.1944465349  2.6177033721  1.7748162277  1.0449011528  1.4980595000  1.0964299248  0.6524345600  0.6673393537  0.4280426648  0.4589153650  0.9932664989  1.1038150278  1.0361615074  1.7471587035  1.9481748384  1.5110155536  1.5998186228  1.2595543832  2.4611133350  2.8971940759  4.0050054345  4.4200972550  6.0161378255  5.1111009700  6.1402944916  5.2510680953  2.9614090861  2.1688280549  1.4215387191  1.4983854108  1.1638230879  1.0003690333  0.6587824701  0.4682974969  0.2797437373  0.2581888258  0.3040707915  0.2763468171  0.2875580165  0.3788691455  0.3645908085  0.4183362424  0.4436513845  0.5553806176  0.8834252387  1.2475629163  1.3003156329  1.1456055453  0.7958263870  0.3334440225  0.3238667502  0.2667267859  0.2906439258  0.2053975611  0.2519228561  0.2852763855  0.3474417440  0.4980016065  0.7330675098  0.5336596461  0.3865165569  0.3934569798  0.4255646452  0.6168003575  0.9986690140  1.0407795219  1.1055764428  1.9244704508  1.7565633780  1.2141673222  0.9612482530  0.3551141060  0.2281309533  0.2450020298  0.2454366230  0.3536670406  0.2084327904  0.0979278408  0.1087438787  0.1635145111  0.1640504311  0.1912566987  0.1987144447  0.4833317312  0.6212041548  0.4460173157  0.3792835715  0.3685799529  0.3303002267  0.4504331408  0.6862136117  0.9963470269  0.8957852243  1.1215249290  1.3812589735  1.3509753204  1.5921393613  2.7254264179  2.2628028488  2.4809194641  2.8174219816  2.0437089757  1.5535202941
  1.8167642275  2.2169242301  2.6826430378  2.4861260265  3.1760070394  6.1855604847  4.7343203605  4.5245472230  5.5716744351  7.7920193309  6.6132453209  4.4000660349  5.5709098591  9.1008843644  15.4951361273  14.2078400131  19.2538832174  18.4007601409  12.2921812517  8.3776386479  5.2866013120  5.4195664742  3.1416222247  2.3721165573  3.9981886260  2.3968833926  1.6192903280  1.0835211504  1.3240779434  1.4197253179  2.0973162252  2.0111903389  1.7759117522  2.3644306889  2.4914623314  3.6737553403  3.1814132979  2.3746819900  1.9925795822  1.0566641235  0.8448634604  0.8741468396  0.7780466032  0.8629697178  1.0584461539  1.1825069626  0.8363617674  1.0379379095  0.6271642972  0.5029592056  0.9444271695  0.7395165414  1.1349081679  1.4238247005  1.5207615899  1.0999658276  0.6197497494  0.4512884932  0.3594364601  0.3073441758  0.1212332386  0.0657063153  0.0642935996  0.0883673414  0.1045624214  0.1010549569  0.0740681474  0.1034132689  0.0964694630  0.0647533301  0.1157232220  0.2454969990  0.2544152440  0.2010773681  0.1330853431  0.1116265026  0.1654024507  0.1419935281  0.1281328109  0.1369848019  0.1511359190  0.2097030233  0.2703786693  0.2969182065  0.3307629418  0.5796892243  0.5281391838  0.6013139167  0.6926317866  0.4094086447  0.5034889069  0.5721572206  0.6602045073  1.0361714288  1.5931930248  1.9480247912  2.1042544482  2.4776738753  1.5404134580  1.8008746277  1.2690576484  1.6481714630  0.9397234759  0.6227899455  0.8486038387  0.8921850872  1.0807265919  1.3050094947  1.2792973768  1.1406254499  1.4414271143  1.1939808408  0.8260264082  1.2612939444  1.8766507482  2.2556522077  2.7299137323  3.6161780396  4.6162351757  4.8762114076  3.9905362425  3.5739139504  2.5066857110  2.2885790503  1.4877622568  1.3716574043  0.8913235497  0.7341707085  0.6510903614  0.3653455664  0.1656753874  0.1299096907  0.0961822706  0.1533328496  0.3281667417  0.3917003220  0.3880117147  0.2828670448  0.4021249672  0.4393075762  0.7336011971  1.0356510094  1.1074282265  1.0022805171  1.0244816046  1.0723467725  0.9855021142  0.4340967935  0.4269597986  0.3690691039  0.3507614216  0.3695787342  0.3107892069  0.4764617084  0.6695810140  0.7650097397  0.7099982312  0.5022999848  0.4130044200  0.3226599479  0.5207779777  0.9214970367  0.7655031078  0.6927346182  1.0289437183  1.1237689122  0.9767549128  0.6331772606  0.3343608502  0.2954658035  0.2823643221  0.2453529026  0.2704934075  0.3818997326  0.2822804272  0.1641128924  0.2532388099  0.2124527080  0.2981379059  0.3296133306  0.5084030983  0.3973536391  0.3403231587  0.5062345957  0.4757629191  0.5083164489  0.7097571262  0.6379724601  0.8305480694  0.9868327926  0.9508921264  1.0277395776  1.6995760236  2.3897823575  2.0537365236  2.9251271904  2.8373411013  1.6451925722  1.6025240060  1.5018736493  1.5365219446
  2.1342826505  2.9654174364  3.1019713105  3.1794830060  5.9188136818  5.0224569491  4.5511211824  5.5194940192  9.2404603668  5.4395700774  3.4506986304  5.9288006829  11.1952876186  15.0036057829  20.0604257356  15.8012667262  17.1276863254  15.1181953335  10.5940991501  8.7202634385  4.8182670825  3.4683314901  2.3056666182  3.4548082451  3.5257918387  2.4946327989  1.3810644134  1.2994840756  1.1546850903  1.8651428739  1.7036504471  2.2376956453  2.9586632401  2.2984832637  3.3512692562  2.4410085858  2.1040736011  1.8241784594  1.1934317826  0.7696627144  0.5789837574  0.6668790433  0.7997244791  1.0348751752  1.0724444404  0.9821449718  0.9049589284  0.6410900855  0.5803730925  0.8519270555  0.8503788997  1.0596652448  1.3561353499  1.4872697650  1.5618667459  0.6603228558  0.4097667968  0.3565171659  0.3721486438  0.1201729084  0.0873164917  0.0595018524  0.0525468365  0.0923207919  0.1382809134  0.1096727994  0.0840993161  0.0974154682  0.0834308344  0.1345883154  0.2764445396  0.2765514303  0.2120153939  0.1913084994  0.1650373265  0.1761546902  0.1638953619  0.1508013141  0.1191279811  0.1447137496  0.1585132186  0.2163738156  0.2676769968  0.2422682629  0.4802853661  0.3824136357  0.4181812165  0.4609183130  0.2898009079  0.2853044835  0.6105978693  0.6092066274  0.7357379163  1.4231953902  1.4478529991  1.4604176116  2.2528135753  2.1099301938  1.4032852468  1.2279083786  1.2760574732  0.7807349104  0.6683393422  1.0606515584  1.1216892302  1.4731146499  1.2692458771  1.0644207836  0.9680658872  0.7810932217  0.6184884176  0.7663084355  1.0936164555  1.7916098677  2.8534210666  2.9511556558  3.2291261291  3.2615022371  3.7019675912  4.1038371053  3.6313000995  1.7544693817  1.0343651740  1.1508749941  0.7932080740  0.5336245567  0.5262834959  0.4350209682  0.1898557263  0.1102412122  0.1103837354  0.0854089166  0.0890895993  0.2119601301  0.3455860949  0.3541619638  0.2516162754  0.3684714886  0.5073443408  0.4939237396  0.5768705650  0.8418572989  1.0834619815  0.9030377413  0.9052485649  0.8339812173  0.5168502185  0.3969403412  0.4652946742  0.6517780708  0.6099526737  0.5235151630  0.3661741271  0.4884009984  0.4664511610  0.6931564855  0.7736389260  0.8017126362  0.5486716739  0.6460678809  0.7158841687  0.7089396818  0.7057797916  0.6739505035  0.8064955037  0.8380939738  0.8299965734  0.4764082714  0.4376091970  0.4429810617  0.3540841012  0.3802814716  0.4213182617  0.4607495041  0.3991018172  0.3678427967  0.3397587576  0.3798375687  0.4502183778  0.4712099318  0.4703773111  0.5021873591  0.4867772330  0.5415562110  0.6057519057  0.7671826984  0.7711669268  0.7629976157  0.6975961765  0.6467738882  0.9544425442  1.7510341839  2.4538143306  4.1250593597  4.3268315066  2.6473436193  1.1217768993  1.1315292138  1.1350316024  1.1802464338  1.7379404783
  3.4790688072  2.9936859622  2.3272357462  5.4640971525  6.6368937230  5.8743466254  6.5539768369  7.7701740303  6.7331982756  5.6805718089  5.8594318783  9.0628044732  16.6186021569  20.7868785231  16.0443090519  17.7779229920  9.7679870960  7.3025379568  11.1398594472  5.9787069585  3.6743169140  3.3389245302  3.6950639533  2.3892963890  1.7173299366  1.3171129574  0.9738145948  1.2346052968  2.0068331527  2.3392754577  2.1173806108  1.5405775825  1.7328052990  2.2801395638  2.4026959904  2.4910014831  1.7992247167  1.1460934783  0.7324462967  0.7174778286  0.9290693961  0.8530533448  0.7934228582  0.9391673507  1.0286987200  1.2366562019  1.0408622146  0.5619759429  0.8539186323  0.6881347388  0.8981805407  1.1365571579  1.1458402023  1.2905996611  0.7720717752  0.4983147539  0.5091058929  0.3019483555  0.1783290467  0.0846347991  0.0707298062  0.0914943843  0.0792256614  0.0907305607  0.0690746979  0.0732568514  0.0907487272  0.0828943340  0.1071835328  0.1861689275  0.2762225224  0.2741050122  0.2373789855  0.3808146898  0.3033266709  0.3042292448  0.2511885037  0.1796334608  0.1890572114  0.2186120281  0.2491026042  0.3449940771  0.2799375873  0.3997894957  0.3955276637  0.2972086845  0.2181723405  0.1713580720  0.1930234394  0.3365005554  0.3103437589  0.3889971669  0.8076566403  1.2829662426  1.4291712665  2.1697317345  3.0589426109  1.6180914311  1.1746969515  1.3182124277  1.5347243892  1.1231795038  1.0211453358  0.7536862061  0.7209263562  0.7399368593  0.5906471948  0.5139931867  0.5721916456  0.5690140275  0.7589624915  1.0514691678  1.6057280996  2.8797910779  3.1951436622  2.4847794168  2.2671745051  1.5929192599  1.8907921464  1.7748484674  1.6457061137  1.0436774788  0.7735649752  0.6716663819  0.6192822935  0.5209376674  0.4112693741  0.3309948382  0.1618232063  0.1349919898  0.1166482694  0.1045848430  0.1797872065  0.3124329289  0.4047936303  0.4265645715  0.3759884202  0.4256700857  0.2624359026  0.3834426974  0.6625550350  0.9445587575  1.0611976428  0.6249463799  0.7703658469  0.7964064322  0.5326617488  0.5428532590  0.6390747786  0.7145662030  0.4605294495  0.3008974346  0.3356610315  0.3184760282  0.6906444177  0.6986889390  0.7506094123  0.9964836841  0.7797479014  0.5422683834  0.5481824919  0.6279290270  0.5229600918  0.5215767818  0.8165196907  0.8853197797  0.9027474705  0.7731223314  0.9445564301  0.5370920645  0.5160132934  0.5841550055  0.7623197696  0.6718934164  0.6927626705  0.7853702477  0.5845150758  1.0872741105  0.6852999594  0.7133365154  0.6050051967  0.3768954716  0.4823021426  0.7128898226  0.6326327308  0.7497148917  0.6313555280  0.8681150723  0.9214866569  1.3310332669  2.2199392571  2.4472759864  5.1438573481  4.2527237349  2.7191851090  1.9402788145  1.5521771500  1.0515099457  0.9831478771  1.2912740805  2.4298648815
  3.3841648392  2.4551303411  4.5378999296  9.9022953164  7.4902891955  6.7110831491  7.7328742581  11.3384455796  8.5821485045  6.8028986667  9.3313194319  10.8367013123  12.1489741514  8.5681452182  7.5156856483  6.3779406985  5.4552040945  8.5146317835  5.1453304471  3.7378280501  3.1149593796  2.7795798230  1.8471993287  2.4159642991  1.3486646248  1.2022726364  2.2130954040  3.8128785104  4.4922079774  3.1113855930  2.1470289833  2.0535765924  1.8716490493  3.4435202411  2.6964096265  1.8466754705  1.2641412621  0.9491961691  1.0121761784  1.1055932312  0.7448801686  1.0146300929  1.2068697787  1.6028919004  1.2605180024  0.8603351173  0.7145775959  0.6344940245  0.6479309587  0.9791631717  1.8452912670  1.6991605649  1.0589275601  1.0212039595  0.6441874960  0.5504385237  0.3565098797  0.2169645578  0.1217735150  0.1462046759  0.1333739953  0.0821804633  0.0891928083  0.0983465453  0.1224513144  0.0598921754  0.0602816714  0.0853481943  0.1100635470  0.1464489230  0.2349808695  0.2780464043  0.3497279581  0.3972232133  0.3535428906  0.2123202298  0.2532302477  0.2208051871  0.2790322771  0.2494911680  0.2316924719  0.1991532050  0.1619837915  0.1667871048  0.1272999667  0.1197420375  0.1395786011  0.1651441720  0.2925961151  0.4318525941  0.3518075193  0.8041918160  1.6808219150  1.7988716840  1.5034994017  1.9111914903  1.3685419195  1.0023666589  0.8610843311  1.3999477454  1.4443379447  1.2780691636  0.8190186557  0.5874363613  0.5552711016  0.4515576642  0.5413091327  0.7753670319  0.6573487381  0.5825145878  0.7972766321  0.9042264183  1.3921236803  2.4954285889  1.8127407033  1.5358678409  0.8899843254  0.7310048884  0.8297886514  0.8262128126  0.8082727602  0.6045021981  0.6379563236  0.6162844513  0.6277598703  0.5052048700  0.3629972109  0.2313523846  0.1869742226  0.1491235008  0.1831583078  0.2744676224  0.4427179607  0.4131119277  0.4155686566  0.4108736449  0.4225748224  0.2135739407  0.2949176017  0.4702218960  0.5179856996  0.6170567934  0.5672233010  0.9347372580  0.9593827017  0.8492277303  1.0587328191  1.2496761979  0.8850800146  0.5686190728  0.5165245301  0.2988707008  0.3912946142  0.8002644712  0.9527741742  0.7899950494  1.0543731673  1.2933520317  0.6473430079  0.7435825691  0.6759756693  0.3432942027  0.4236231923  0.9290920902  1.1830839185  0.9627116649  0.9256171799  0.9531366355  0.8860347666  1.1473887487  0.8273006536  0.9843247854  0.8282777422  0.9035766701  1.2255088228  0.6740828459  0.7065836122  1.0697611942  1.4537173681  1.1652635025  0.7509036518  0.5624017220  0.5099905426  0.5196175876  0.5531300750  0.6644452177  0.6480279372  0.9371454925  1.4830812554  1.9169434163  2.3542495870  4.4145500496  3.4497882267  2.7850048761  3.3127156280  1.6118684608  0.9628122441  0.8955196777  1.3867549136  1.8349262975  1.8233622357
  1.9984666674  3.4263592625  6.2249980007  4.4916784726  5.9581762571  9.2179106028  7.9023788060  7.8610717871  6.4476484349  6.4277099499  10.0408537397  11.1694093675  6.8647958232  5.3532186953  4.5304246563  7.5943018468  7.4559464784  7.6945665883  5.7011062361  2.4397863088  2.2361356291  1.8503186399  2.0324370220  1.4944967640  1.4655862572  3.0119931400  3.4368696535  4.7439258745  3.0961159357  2.9072924265  2.0056355451  2.6866732764  2.7812338578  2.0894634398  2.0477867049  2.1904000392  0.9345191185  0.9430186700  0.8293002946  0.5409005196  0.7475127109  1.5304117311  2.0555449208  1.5319516265  0.6343619308  0.5208716277  0.6472530413  0.7549266479  1.1555742219  1.7292701788  2.0888223428  1.3311222435  1.0368282948  0.6452950493  0.5944554537  0.4321916354  0.4441809133  0.5033564971  0.2271420837  0.1295452566  0.0696557171  0.0853945352  0.1089885831  0.1581256285  0.0827760022  0.0610052150  0.0834639346  0.0716873545  0.1021310366  0.1999217397  0.3081995508  0.2867211470  0.2658773654  0.2794714980  0.3348793051  0.2876231024  0.2663373748  0.2413157332  0.1910137794  0.1527477737  0.1764263961  0.1136763336  0.1189275192  0.0792858656  0.1548677230  0.1897173633  0.2576914488  0.2859942572  0.5163011040  0.5888295644  0.9941243149  1.0077220619  1.4799284383  1.4497603435  1.2968135094  1.1200808129  0.9629458029  0.7809205952  0.9566869094  1.4355930469  1.3778330906  1.0227887313  1.0524172744  1.1868599116  0.5637624881  0.5645817054  0.7784439797  0.7761775333  0.4832070224  0.8130634962  0.8505798766  0.8159449805  1.3094220336  0.9665448723  0.9756598970  0.5264118809  0.3998211616  0.4850502993  0.4648228975  0.3843754132  0.3565185900  0.3259967870  0.4075455656  0.5476057236  0.3271155943  0.2487625071  0.2473933618  0.3178237649  0.3066810687  0.4317105731  0.2489641285  0.2688176404  0.5286729121  0.5336252602  0.4746547155  0.5684607504  0.3337073549  0.2509775268  0.2803710093  0.3285844038  0.2698064575  0.4130614382  0.8518740131  0.9176575787  1.0341608361  1.3563792984  1.4488015626  1.0753212177  0.9794620618  0.8745495641  0.5718987263  0.5338751927  1.0634455862  1.0513256291  0.9566901287  0.8730857331  0.7671635123  0.8593944232  0.8630359160  0.4429640004  0.3209185882  0.4539095635  0.7587102518  1.0532652367  0.7059429476  0.9035915603  1.1038447129  0.7301529697  1.2687007371  0.9746496457  0.9178540075  0.9287467093  0.7286033793  1.6698257043  1.6118842633  1.2246454035  1.2014611197  1.5480987428  1.6272576269  1.2569492610  0.7736897746  0.7451350115  0.6854108988  0.4532733100  0.4432058906  0.4635435868  0.8125032778  1.2760034551  1.9373306591  2.6085948037  5.7967280072  4.0109801199  4.7310318599  4.9761515515  2.8386948626  1.5584353162  1.8094553127  2.7031591291  2.7290173170  3.4658112712  3.3272551353
  3.8717142684  3.0032488119  3.8240011480  7.0022071145  4.9457676933  4.2710874534  3.6458566527  6.1937456602  9.1487839462  12.5217201820  8.5637818603  6.9227948546  4.8714257105  3.9591218630  10.6900073804  14.0772800926  11.3838978865  7.0572586440  4.2248138282  2.1398264128  2.7019914857  2.5606717454  1.9417094490  1.9168806577  2.5972671984  2.4497899728  3.8955483001  2.1926275094  1.8692347807  1.1634001368  1.4849906733  2.0213732438  2.1274190819  2.5800282153  1.8970152022  0.6127107126  0.8234896634  0.5539705277  0.5704450113  0.7102715201  1.2658374164  1.6583335037  1.5325358873  0.6626772076  0.6114517856  0.7248564136  1.2097518603  1.0288668081  1.2134500605  2.0327537985  1.5297647013  1.2138555971  0.7486315410  0.7345607500  0.6660425612  0.5896971748  0.6066559260  0.3215207722  0.1637169970  0.1341861652  0.1026389178  0.1099094151  0.1250880552  0.1372669860  0.1035788618  0.1079110763  0.0803194272  0.1191211792  0.1763500793  0.2751624686  0.2829726855  0.2236715593  0.2164509828  0.2632189722  0.2290804230  0.2856987057  0.2911603425  0.2081796924  0.1375915136  0.1668508660  0.1294601361  0.1489626955  0.1699349837  0.2054253025  0.2446025576  0.3666858363  0.3093892230  0.5293714499  0.5099333092  0.5357908645  0.6748401465  1.3131525657  1.2606615660  1.2285991679  1.3264056863  1.0283893366  0.6793865187  0.9808575680  1.2991440870  1.5820693448  1.3129448831  1.1977846972  1.3766065969  0.7288763309  0.9674397510  0.8193481633  0.5630435398  0.6494069596  0.8880057268  1.0836716628  1.1004829486  0.7236270603  0.5185732596  0.7062268612  0.5847197450  0.3003719000  0.2546708199  0.3674467919  0.3871935395  0.3102957356  0.2641843488  0.2759800234  0.3509668173  0.3302507041  0.2024899940  0.1925217020  0.2843286657  0.4683948329  0.8026946720  0.5378813907  0.5859059956  0.4639621877  0.4526561182  0.3345459492  0.3959032845  0.4445920181  0.2144825795  0.2377430478  0.3052245016  0.2076173224  0.3342003401  0.4289543629  0.8591435932  0.9064981267  0.7137066022  0.8095457968  1.2391737861  0.8600276979  0.9517183999  0.9677551008  0.8230697384  0.8876926561  0.9536094180  0.7297285415  0.7458120580  0.7017040361  0.8972259290  0.5823487349  0.5617240741  0.3958450681  0.3774553675  0.6372439087  0.9560125453  0.7814162137  0.7050238206  1.1415530016  1.2362309724  1.3830759191  0.9519628669  0.9522454137  0.7159203443  0.8384504153  1.3275344503  2.1453955870  2.1413920072  2.2811993765  1.5262672236  1.4883128064  1.1721045095  0.9004762122  0.9166004834  1.0280408567  0.5239313054  0.4413022155  0.7636813659  0.8754422056  1.5122979823  3.0685547768  3.5895139871  4.7356066222  5.1479296562  6.7662558141  7.9730299582  4.0356671127  1.9806952476  2.1866880452  3.4852201251  3.3662891849  4.1823688272  5.6202832572  3.4322367368
  3.8944262941  4.8859333466  4.9840792932  4.0211316613  4.3109244028  5.0585914180  6.8194704835  9.4658458993  7.7721409938  6.7018457972  6.4455781006  7.1171137525  7.4032772965  10.6442668124  11.2701826887  8.3922007482  4.9063378841  2.4683903392  1.6181573671  2.2725795489  2.1748663395  2.4051958675  2.2158507481  1.9854997113  1.9102336098  1.8984884964  1.8628571755  1.1266867763  0.7324294608  0.7854565131  1.1430391425  2.3197463682  2.5803573484  2.1136480189  0.9732456824  1.0902872081  0.7070905617  0.7063388129  1.0466060813  1.2389927640  1.4548884596  0.9268976996  0.7497370300  0.6153339275  0.8150186650  1.0237156397  1.1083990238  1.3905881594  1.3905832341  1.5700067465  1.2524091734  1.2477999495  0.8638552041  0.7345737776  0.3277816464  0.3384039641  0.2569785088  0.1823314026  0.1542907961  0.1273408318  0.1954761081  0.2107482314  0.2578377073  0.1510846838  0.1624068470  0.0892253595  0.0927845037  0.1914376345  0.3185276771  0.2062705854  0.2864279439  0.2018809950  0.2418814898  0.2607420900  0.3211220030  0.5069709310  0.2350857468  0.2204626628  0.1952345582  0.2405337597  0.3164528013  0.2581111762  0.2479306195  0.2563346490  0.4160400614  0.3614592607  0.4027035769  0.3812754716  0.2778265751  0.3593763011  0.5643019552  0.9262313825  1.0977089703  1.2171894624  1.1995980576  1.0512854263  1.0128200824  1.4680667418  1.2508542496  1.2461718369  1.7362019549  2.1742594160  0.9811360480  1.1939965878  0.8371535647  0.7931346981  0.7930689640  1.1338949668  1.3472275187  1.2787179370  0.5522903731  0.3697788172  0.2962596447  0.5021125279  0.3289335504  0.3000887974  0.3799470043  0.2011063236  0.1365910824  0.1751600013  0.2240181252  0.2656879702  0.2383346595  0.1609420547  0.1620760051  0.3072180328  0.3224468188  0.4440947773  0.5887805645  0.6901440841  0.3957290714  0.3703860287  0.2405462137  0.2447470161  0.2614584854  0.1672484895  0.1585045728  0.1561405654  0.2050819651  0.1971360018  0.4547578848  0.5153040534  0.6247287962  0.6006840744  0.7014122345  0.7046154414  0.7657766405  0.7594883529  1.0371511478  1.0034343391  0.7509860607  0.7893935682  0.5102769221  0.6308600466  0.8427680378  0.7761345769  0.6694622188  0.5742378809  0.6972809005  0.8190217258  0.7360328522  1.0330750283  0.9563395038  0.8703512598  1.4395990884  1.8677264821  2.0634498480  1.9108414007  1.4002617124  0.9822450833  1.0926510851  1.8593146334  3.9368257697  2.7674361921  2.6984895063  2.5573184934  2.3101590643  1.9358274590  1.4436551877  1.4531661514  1.1335429404  0.8938775772  0.7900670422  0.8625967965  1.2441208168  1.5650852130  2.5069991274  4.0913800154  4.3954017431  6.3792812579  5.9338030726  8.0208239230  5.2264677740  2.3023456273  2.3500806348  3.9111058660  4.1688316746  3.5804372123  3.8277160664  4.2869837988  5.1027935446
  4.9802910434  4.1390211165  3.2771332454  3.8226765795  3.2168273612  4.2436629170  5.9795347444  7.9740705655  8.5164421434  5.7078645539  5.9571898301  6.9760081492  8.2126607099  8.0357817383  5.9612338467  3.1476418157  1.9194283103  1.8290140266  2.9630897742  2.6980220490  2.5089019028  2.4283218837  2.3147286415  1.9597872849  1.4109729460  1.2077802653  0.8633205364  0.5338396776  0.5497181534  1.0628200716  1.4917436213  1.8556218550  1.6125272606  1.6570869062  1.4503928368  0.9832364128  0.9022561489  0.9870684122  1.3560395110  0.7270466046  0.6859964292  0.8650605614  0.7596170977  1.2151830874  0.9858000971  1.6111451059  1.2264886789  0.7327489796  0.8167144857  1.0523335769  1.4491885545  1.1928588588  0.6409401997  0.5216559571  0.2738902496  0.2427501247  0.2416276088  0.1427634238  0.1668954700  0.1927518394  0.3112623733  0.3021623204  0.2630683846  0.2309309093  0.1373979892  0.1368690264  0.1995159501  0.2493567166  0.1795264405  0.2606507622  0.3257306406  0.3102397032  0.2114664522  0.3225699389  0.5726689463  0.3241142100  0.2343440986  0.2316314425  0.2779765955  0.2524720943  0.2600541747  0.3250502402  0.3227313845  0.3763232230  0.3652351186  0.3198184953  0.3441250889  0.3076163158  0.4019039345  0.4569719154  0.6715382961  0.4933592845  0.6287224228  1.3254020248  1.0233738935  1.5522675817  0.8919139237  0.7580644835  1.1371725886  1.5818633654  2.6693934680  1.4654242109  1.1550978776  0.8355222625  1.0079655366  0.8869872446  0.9228569950  1.0669776613  1.3049196394  0.7778159023  0.4156915479  0.4171474165  0.3731789215  0.3273392999  0.2650620362  0.2454633941  0.1994031328  0.1573847164  0.1979440352  0.1911065954  0.2296922017  0.1842601654  0.1789740149  0.2558547472  0.2516065585  0.3083668443  0.4063366245  0.3348994165  0.2787587701  0.3020370331  0.2526061441  0.1793275050  0.1599962147  0.1837888503  0.1622552507  0.1299634512  0.1483287895  0.1621411207  0.2483727730  0.7239880648  0.5374201393  0.4261306565  0.5985432255  0.6549777860  0.5869548793  0.5760963534  0.5834813940  0.8932976860  1.0781394898  0.7322845246  0.9600986723  0.5889680809  0.6128638396  0.9115357119  0.6695858087  0.3657557510  0.7886088667  0.9845131427  0.9465318223  1.1034174454  1.0028580693  0.8815482530  0.9280497601  1.2139019327  1.1564209151  2.2474230414  2.3346558283  2.0237615997  1.6510599660  1.5089060934  1.5004163447  2.8775937887  2.6477873238  2.2851408321  2.2486421055  3.2557172892  3.3468250458  2.3238729475  1.6360409235  1.3470190570  1.1895377543  1.0962567994  0.8656604348  1.1547766284  1.5486302171  2.1468197737  3.5012838572  5.2990226417  5.0687595006  4.4230748665  4.6833129117  3.7241149865  2.5537523740  2.4421102891  2.6504485051  4.0576687240  2.7917327829  2.6886015223  4.4138332891  4.1481778889  3.6360165292
  3.7114597301  3.5511838864  2.8095629408  2.0413550733  3.3565361420  4.4432644437  6.0248021519  7.9401116667  6.3260721030  4.4127602193  5.3801940391  4.9571670882  4.0305979771  3.5723379972  2.2994121979  1.7823688955  2.3017444283  2.8374781656  2.6594951720  3.0088448486  3.9672597874  3.0555006231  2.2151182035  1.3609297533  1.0056918288  1.0318583230  0.8034800662  0.8901659748  0.9113250282  1.1170512235  1.2131749969  1.2731962435  1.3791135396  1.1825813315  1.0855964636  0.9394260588  0.9451019488  1.1437005412  1.0195507967  1.0361031437  1.0132467940  1.0838291350  2.3118327673  1.6485279097  2.0190656646  1.4400485587  1.0145889706  1.1692328137  0.7673665118  1.0271832108  1.5851964585  0.7788136666  0.4649313491  0.3044651182  0.3241785587  0.2799015371  0.1911888085  0.1997240990  0.2820865018  0.2609793710  0.2649186024  0.2678993721  0.1987192424  0.1523187587  0.1933261853  0.1320878234  0.1485990907  0.2748783261  0.2721870725  0.3778754338  0.3746871463  0.2337328270  0.3199399288  0.3091578727  0.2634574229  0.2562349737  0.2173658801  0.3066656133  0.2364437931  0.3163821047  0.3164268407  0.3093549156  0.3885087327  0.3879954650  0.4273054367  0.2922241897  0.3134745479  0.4950932634  0.4492596308  0.5369919007  0.6245743976  0.5720591847  0.9051089514  1.0258843467  0.8671030532  0.7944536123  0.4685313904  0.7563520820  1.0771389519  1.2160197595  1.0495619313  0.7699519276  1.1280632598  1.2482946349  1.6478342809  1.1268058395  0.7720026262  0.8526322807  0.5634189106  0.6250345724  0.6268508079  0.5707218065  0.5336441911  0.3029211809  0.2046494729  0.1671585783  0.1690458793  0.1742325858  0.2088066081  0.2102641647  0.1569195231  0.1677559153  0.1768525730  0.2298684014  0.2594109002  0.2425142391  0.2357848525  0.1506782848  0.1283980521  0.1684288746  0.1794358305  0.1203571687  0.0781512769  0.1498539907  0.1294452783  0.1115783159  0.1395571971  0.3144314690  0.7288656270  0.6785972193  0.6382151282  0.6832855319  0.8159207979  0.9102726042  0.7587407590  0.7468981514  0.6676724353  0.8077761431  0.6169208618  0.9074196338  0.8393080776  0.6186693714  0.5664504526  0.4768001277  0.3365003467  0.6507890029  1.0708142631  1.1033344394  1.0781006322  0.9868975692  0.6756176276  0.7709125707  1.1974768481  0.9525765164  1.0665160444  1.6310027527  1.7204047640  2.5546114497  1.7424283506  1.7820240262  2.4124239959  2.3755734635  2.0824702618  2.2024855995  2.9741881005  3.7339889677  1.9917102871  1.4274854876  1.0340716531  1.2302277913  1.3961783745  1.6478665474  1.6008294099  2.3335202526  2.7398629553  3.4080280849  3.6208930525  3.9786829198  5.7073461725  3.7730271960  2.2486243346  2.9932640817  4.1385829812  4.5315128469  4.3955881867  3.5844016702  4.3201732800  3.1618082413  4.4389964918  4.1744002882  3.2532226999
  2.3414272337  2.3971030589  2.5656253113  2.5255622446  4.4700401437  5.7303109015  7.1160125875  6.4705773341  5.8820569738  2.9106332276  2.1829500001  2.3994228989  2.3538472953  2.1238701788  2.4543965564  2.1276503898  1.6481650015  1.7400942788  2.3465271111  1.8391974994  1.9617639647  1.6978431278  1.4591689243  1.0977101415  1.2821702744  1.2007225055  1.0182038642  0.8062502925  0.7872507796  0.7131956350  0.9505748040  1.1070263016  0.9725325859  0.7732553834  0.6351743008  0.8002110191  0.9539755372  1.0347422215  0.8037235642  0.9424961381  1.4328441590  1.9330730121  2.6794570010  3.5533884835  3.9835857152  2.2103449957  1.2784385138  0.9114088508  1.0281256090  1.2749064133  1.0296032309  0.9139226534  0.5212843137  0.4343840664  0.3205789681  0.1890160394  0.1854999637  0.1709527325  0.1977520547  0.1709479353  0.1738612365  0.1626232024  0.1560121558  0.1695625237  0.1162751568  0.1082163281  0.2141346301  0.1815986331  0.2572586637  0.6313893537  0.4059791193  0.4664036498  0.3083330757  0.2606457146  0.2377542329  0.2161760534  0.3500118358  0.3224787533  0.3301930095  0.2493067072  0.3405801610  0.4341184000  0.6247720111  0.6142877721  0.4385528609  0.5867465009  0.4680329304  0.4199738182  0.6098398506  0.6752837949  0.5905574191  0.6988686685  0.9164191087  0.6522849964  0.6275826268  0.4978109030  0.7669644024  1.0194728062  0.9710952903  1.1458014645  0.9283806833  0.8227677648  2.1741976032  2.2978951888  1.4540026488  0.9223642674  0.5963404006  0.5238964134  0.6731977963  0.4636305314  0.4167143125  0.5352163539  0.4108902074  0.2149169172  0.1354599410  0.1078238283  0.1281404466  0.1533846628  0.1273766120  0.1570359252  0.1969799259  0.1803594968  0.2224436783  0.2044752245  0.1392359341  0.1387902897  0.1049450293  0.1198564397  0.1451011333  0.1510092657  0.1147856334  0.0982252125  0.1082269068  0.1089244317  0.1539455196  0.2271426062  0.2820297791  0.5872395821  0.5887782915  0.7060164562  1.0893505267  1.0627991281  0.8126147841  0.6957319434  1.0249248426  1.3305041436  1.1423409142  1.1937446771  1.3906645348  1.2598525667  0.8599806499  0.6352911729  0.9410937792  0.9372470951  0.5983704060  0.9168636885  1.0413032497  1.1283786480  0.9758549233  0.6175287815  0.6172632060  0.7271764388  0.8110490570  0.8659314205  1.0167957089  1.5317766637  1.6877979909  1.1570869232  1.1674105884  1.2786814228  2.2973299365  2.6436702973  1.9850165814  3.2718222031  3.3225489599  1.6003408899  1.3202170071  1.3147969727  1.5211008458  1.2113502862  1.8171676973  2.1991775891  2.5163747296  3.5472228534  3.4155163030  4.5907468989  4.4070271072  4.4591146840  3.7569195784  2.5166065918  2.8492753989  3.2049795963  3.4930378273  3.2954692498  3.8332273095  3.8494742440  2.9621464317  4.5910047823  3.4990429393  2.8084169094  1.9132706940
  2.5565525949  3.3828929722  3.4009206382  3.4865960974  5.4122930850  5.6278308043  8.2388467281  5.8618411630  2.8492533466  2.4889180486  2.6476747006  3.0476401788  2.4054808216  2.8027136229  2.2082694419  1.5517385482  1.7589497126  2.8588676726  3.1515248792  1.6511492359  1.7549219612  1.8666393119  1.5101374423  0.9289341237  0.9468739275  0.8815947414  0.8141072045  0.5253570419  0.4211270843  0.5873960617  0.6718529981  0.7212997498  0.8681384843  1.1202885158  0.8897792734  0.9853193257  0.7586508791  0.7202621597  1.1606223093  1.6233486882  1.3874793401  1.3927589880  2.1669218926  2.1669420956  2.3808459765  1.3751241249  1.0395559809  1.0248827469  1.2859972857  1.2170602115  0.9836505721  0.8225588381  0.4246892382  0.3126755930  0.2173181950  0.1276420889  0.1211920105  0.1279713209  0.0754905461  0.0838949668  0.0779767441  0.1241511377  0.1338007660  0.1248488378  0.1020401573  0.1402160133  0.1498239123  0.1983270270  0.4727917264  0.4644377257  0.5335080373  0.3695048416  0.2115949063  0.1443046604  0.1889873114  0.2849603785  0.3673565572  0.3781268529  0.4097743772  0.8183960400  0.6365822190  0.5938541471  0.5448620951  0.6749180769  0.6446967156  0.6148979937  0.4446631661  0.5154629077  0.6004680913  0.6269326879  0.6272399362  0.6338247911  0.6304695744  0.5967798629  0.8447775662  0.9738165871  0.9466044933  0.9182873878  0.8418189344  1.9642414946  1.0706284561  1.5812115823  2.3823184970  1.1772939525  1.4375379769  0.6934918550  0.4767256520  0.3994988192  0.2737648372  0.4286539067  0.4559527839  0.4159702066  0.2901760679  0.1749086130  0.1222457684  0.1254468515  0.1088038698  0.0842869427  0.0966242311  0.1100286845  0.1398174642  0.1926186901  0.1396191958  0.0827273620  0.0749340485  0.0831016564  0.1256829467  0.1138724835  0.1044143805  0.1270069774  0.1027973085  0.0949611679  0.1224645080  0.2052027928  0.3683098693  0.4338224904  0.6280176100  0.6241488093  0.5604031844  1.0859463534  0.7494174794  0.9847604461  0.9409896894  0.7461959672  0.9581879174  1.0244476752  1.7235515309  3.3381822643  1.7053583865  0.8842513691  0.8792458029  1.4214756218  1.2504677068  0.7391290444  0.8785932329  0.9937951497  1.1257037591  0.7948585284  0.5989736702  0.6393725585  0.5569301531  0.5129664628  0.6211376674  0.6972850400  1.4100171568  1.2982044424  0.9412093552  0.8530428730  1.0522500897  2.5024281219  4.0257489734  2.3608193157  2.3830978034  1.8645685873  1.1902079589  0.8604863919  1.3636921374  1.6109828010  1.5090570883  1.8310071828  2.1586774536  2.5247450581  4.2812315903  4.7323152743  6.1783010616  8.8989271383  5.0870265117  3.8326582955  3.5174621370  2.6783427170  3.1601707707  2.9295360230  2.5747335471  2.9844161105  5.2528276681  4.8000001536  2.8981237534  2.3529602394  1.5780889529  2.0629534093  2.6087171916
  4.4075803780  3.2046395496  2.8549397110  3.7536561060  3.2594887679  5.6243463314  3.3389469820  2.9005441961  2.9665327264  2.3093891628  1.6224878306  1.5986274900  2.3251337194  2.7577045169  1.7909564102  2.1215027329  2.7551782660  3.2060910067  2.1655660271  1.9583572553  2.1393530586  1.1790278595  1.0016234275  0.8977011214  0.7008195573  0.5793882061  0.4346398551  0.3629045451  0.7211058166  0.4357632362  0.6340967793  0.9598986269  0.8982472580  0.9515921803  1.1759284479  0.9688533931  1.2623608601  1.6848967473  1.8315501291  2.0781091845  1.9520110639  1.3764239828  2.2625854142  2.7833099983  1.3211510845  1.3567997105  1.2639145230  1.3397793764  1.7243978435  0.9763831149  1.0962836510  0.5104977958  0.3109253673  0.2604867601  0.2083088284  0.1583663825  0.0908543754  0.0651632232  0.0635251394  0.0794937893  0.0848957563  0.1214526032  0.1233576749  0.0979075282  0.1017030977  0.1826700039  0.2559327026  0.3682164207  0.3444759272  0.3483192191  0.2537665827  0.1925383329  0.1600092520  0.1791616315  0.2975102587  0.3436039962  0.3553954010  0.5395677798  0.9788922364  0.7306587431  0.5204809215  0.4879438516  0.5765267559  0.7504686375  0.6757387546  0.6941092755  0.6087401402  0.4632445601  0.5695548998  0.7997453486  0.8829953762  0.6150603208  0.3999902004  0.5039333710  0.8376311889  0.7350182579  0.7832700445  0.8786717519  1.3614791031  1.0145382384  1.3201613973  1.0909298359  1.1935236263  1.5580392151  0.5553998169  0.2876017507  0.2207909261  0.1680728614  0.3581943578  0.3936486901  0.4620294363  0.8302001253  0.2552704348  0.1602705787  0.0970749687  0.1021365655  0.0960073177  0.0682324511  0.0418702986  0.0985110708  0.1092410625  0.0966338177  0.0505213574  0.0531177943  0.0617620423  0.1216716332  0.1495804085  0.1698083499  0.2100707436  0.1499808416  0.1093178085  0.1266569821  0.1336033983  0.2164126016  0.4328224646  0.5629056090  0.8281239864  0.8176228462  1.0951986619  0.9117120640  1.1835917001  0.7810893308  0.6319811530  0.5692525263  0.9135350210  1.5606879900  1.9740127867  1.1651010310  1.0402749837  1.5742270406  1.4988890532  1.0377197356  0.7511270233  0.6491697931  0.7881773398  0.8244890146  0.5861100063  0.5490004322  0.4435775026  0.4609693750  0.3410385681  0.4074389708  0.5727110939  1.0608131362  1.1103072975  0.7493849641  0.9018375815  0.8822109654  1.8576085001  3.1303276803  1.9099023613  1.3213348382  1.0458499140  0.7926076012  0.8511806394  1.0132162760  1.2828055003  1.9369865708  1.8619693394  1.2594441275  1.8853841759  3.2405491246  4.5668103975  7.5144481809  9.0372156719  6.2103651161  7.4221698509  5.2716342184  4.1470699426  3.7578383242  2.7379385108  1.9828545763  3.1518754378  3.9417249363  2.9975539151  1.6809016899  1.4979544364  1.6707585226  2.1873112131  1.9803368054  3.4717376545
  2.1197895265  1.5995188207  1.7975829494  2.0193969453  2.8946646309  2.7089274599  1.7190001825  2.6693681991  1.3632834584  1.4709367753  1.4557299327  2.1430551011  2.8529752293  2.1474444790  2.0236017429  2.7378860330  3.2012155880  1.4239114473  1.7195484483  1.4129967074  0.8851766215  0.7394189366  0.6024014165  0.5506980213  0.6117981974  0.5543211644  0.4603455906  0.5147112845  0.6013454227  0.6089221884  1.0696041942  0.9221452923  0.9603796528  0.7591238845  0.9448413732  1.4832229551  2.0373796204  2.4193542926  2.3453758537  2.0305523982  1.8376799028  2.7759343774  1.5628376543  1.3637406535  1.7931191182  1.2436370329  1.1050627143  1.4773629583  1.0530084887  0.9130891511  0.7317234827  0.3736541534  0.2146482257  0.2468353704  0.1785925689  0.0762566856  0.0521580867  0.0684463875  0.0963708259  0.0948475643  0.1030000092  0.0834349307  0.0941060782  0.0896551168  0.1525260291  0.2954318716  0.3242518631  0.1933883256  0.2292457597  0.2400550918  0.2404463276  0.1959750343  0.3067676142  0.4867466935  0.4786821958  0.4889411837  0.6532531371  0.5585813445  0.7600835214  0.5457250460  0.4513755725  0.5830383077  0.5806824261  0.6949173162  0.5495802458  0.6519723057  0.6039214518  0.7502964162  0.5782251509  0.6530014608  0.4243933204  0.3726643903  0.4932725144  0.5956021466  0.9483411163  0.8508264196  0.8308823171  0.6163468566  0.5687974648  0.5881443652  0.6401133323  1.1386368997  0.9217340172  0.5423466167  0.2921001236  0.3039098232  0.2509237529  0.2999166895  0.3488378749  0.4513487902  0.5504220297  0.3375093764  0.1958336493  0.1217794870  0.1322117245  0.0794088671  0.0842414815  0.0579744079  0.0776666977  0.0988672739  0.0723487651  0.0479000004  0.0472876428  0.0871579397  0.1510006273  0.2557136551  0.1842143983  0.1351338741  0.1536192144  0.1935766248  0.1833313223  0.1516770839  0.2177484058  0.4887955930  0.6865860381  0.9370561328  0.9270991651  1.3367302556  1.1828322085  0.9262316226  0.6580071798  0.5792005536  0.6012633246  1.1501503119  1.4306522280  1.1601589348  1.2106843952  1.2760906358  1.9215627026  1.7201587982  1.3059695420  1.0705065330  0.7916569897  0.8406908011  0.7822265980  0.5779259435  0.4465435249  0.3618783938  0.2374992774  0.2332149424  0.3646650620  0.5405302527  0.6170408027  0.4790664895  0.5216907502  0.6605219513  0.5937966856  1.5875434419  2.2236119924  1.6456443477  1.0393624954  0.7236930653  0.7137175929  1.1304173769  0.8753136077  1.2350586788  1.6056764999  1.5296828272  1.7729526652  1.6866098057  2.0831056007  3.7255840178  7.4757827696  8.4807708982  6.1807758103  4.9048471116  3.9979307844  3.2268050102  2.5933300076  2.3813760155  1.7131520173  1.3444083893  2.3754141899  3.1151562326  2.3595900255  2.3386924212  2.1372797233  3.2691353077  2.2467559942  2.2164010154  2.0143043321
  1.0664945957  0.9893090959  1.6895908276  2.0160516439  2.2692874607  1.1891136837  1.1818575640  0.9092528208  1.1051858756  1.1028275970  2.1206783849  2.5279855059  2.6647141984  2.3288946256  3.4718229255  4.0328919357  1.6627329884  1.2777306568  0.8919888268  0.5632532825  0.7350268891  0.7375039301  0.6356485763  0.6696587481  0.6236759949  0.4063955856  0.3551885518  0.5364464612  0.6101480351  1.0971508167  1.3191656799  1.1502852853  0.9002466419  1.3344957069  1.6507408199  1.8652449172  2.0791793213  2.4362291308  1.3151332066  1.3377192511  2.0277238591  2.1726749002  1.8812490129  1.4623495776  1.1575075405  1.6394021298  2.0109809496  1.2896488219  1.0789527000  0.5172044005  0.3254635959  0.4227846925  0.3781615954  0.1569783857  0.0760017922  0.0947118013  0.0856106993  0.1344777978  0.0785917972  0.1156752287  0.1285455424  0.0964291846  0.1112360477  0.1760112936  0.3534771961  0.3508682739  0.2848651089  0.3439812703  0.2952540120  0.2799026169  0.2375088987  0.3377052518  0.3908405161  0.6716312039  0.7719767547  0.9043484733  0.7410504917  0.6514012340  0.6815025900  0.8494726300  0.6256283667  0.6296034250  0.5890509715  0.6510665809  0.6295855541  0.5599242544  0.6706887915  0.5041863757  0.3443409090  0.3144992588  0.3980567768  0.3621822205  0.5448047237  0.7727781383  0.8146560997  0.6810169974  0.3573477446  0.3825581252  0.4474018071  0.6319832262  1.1831200939  0.9761895926  0.7611080515  0.4353640636  0.2609921472  0.2393871784  0.2963891184  0.3637983614  0.3829145417  0.3038983179  0.2540143337  0.1439619193  0.1221723934  0.0819848628  0.0915812065  0.0794736581  0.0614210075  0.0645845673  0.0569273155  0.0441283644  0.0440052212  0.0484962038  0.0749821584  0.1387270594  0.1700841164  0.1969776857  0.1359727283  0.1736873431  0.2704222260  0.2777398263  0.2464466307  0.3223432179  0.2893862347  0.5361596067  0.7760793438  1.4192333444  1.8353388870  1.4994069337  0.8113537455  1.0680212035  1.1212507952  0.8363005837  0.8457366692  1.0768165891  1.1551192980  1.1259107920  1.2492142957  1.6238131559  1.4868017031  1.1376664054  1.0147762233  1.1901077348  1.2311581525  0.9548104830  0.3982272878  0.2899439086  0.3203527472  0.2607661477  0.2890303971  0.3428301111  0.2918263150  0.2517207628  0.2704070382  0.2984894103  0.3070374792  0.4363658962  0.8461203620  0.8094004853  0.6210539228  0.5086906881  0.4852857254  0.6211661411  0.8142336172  0.9066594275  1.0243988598  0.7883123827  0.8062161761  0.9188757762  1.3780338159  2.7321317162  4.4175129350  6.6117401294  6.7098593176  5.4230043186  5.0559749972  3.0116240266  1.9075034846  1.6290515995  1.5381953662  1.3594628913  1.0082576665  2.0511170255  3.8916484951  3.2606054343  3.5582666145  2.4763630294  2.1661855985  1.5957862857  1.7339900975  1.7145811457  1.3941169403
  1.0570856348  1.7283979128  2.1395977569  2.4016415997  1.0000659583  0.5799065030  0.5335923787  0.7591819925  0.8823206701  1.3285565722  2.2276471808  2.8372066650  4.2892715942  3.7434308845  3.9861492497  1.5326895584  0.8928110183  0.6120383390  0.7136254659  0.5743874820  0.8678286694  1.0207364441  0.7394818278  0.8144521696  0.4427594596  0.3411574888  0.5050773248  0.7241625441  1.4295828360  1.7236231030  1.5394852405  1.2839852510  1.2155525558  1.8898629912  2.6231609513  2.9942272941  1.6755868260  1.7749514295  1.6765542121  1.9591194181  1.9284386656  2.2409805404  1.3267207771  1.2512781323  1.7264197029  2.0395373931  1.4086542294  1.0927448269  0.5005747126  0.4898124194  0.5845347608  0.4700385228  0.1873207708  0.1106892383  0.1175935335  0.0849521374  0.0924711844  0.0998139180  0.1561945232  0.1660812223  0.1693763467  0.1080542355  0.1166915910  0.1705417953  0.2461257852  0.3706735784  0.3408930778  0.3159160852  0.2880111902  0.2197142754  0.3711788114  0.6433890084  0.6756806783  0.8356554098  1.1004446329  1.4597885438  0.6795744058  0.5982021329  1.0615551802  0.8062822857  0.6248939484  0.9271275966  0.7159527609  0.5002752843  0.4970061653  0.4087267347  0.4450019213  0.3881908730  0.3984442352  0.2892950519  0.2433904951  0.3804955340  0.7799248801  0.7856066880  0.4967817177  0.2777339717  0.4882673104  0.6869683400  0.7756823534  1.1203816189  0.6782118595  0.9575758999  0.6218327913  0.3763496578  0.4617748377  0.3702132704  0.4312906777  0.4233051261  0.3975089950  0.2884163784  0.0984840218  0.0714270571  0.0866652205  0.1164058952  0.0814322276  0.0503079028  0.0384945318  0.0440458086  0.0250026296  0.0372970017  0.0383348180  0.0417754474  0.0640483516  0.1084689866  0.1522040721  0.1728599611  0.2000827568  0.2737997319  0.2478134511  0.3190699662  0.2655771609  0.2822630708  0.4885117900  1.0340153886  2.0378920393  1.3335297115  0.8918900327  0.9520437060  1.4830059971  2.1175148219  1.3917215949  1.3016393806  1.1202752943  1.3079765054  0.8082281726  1.3307607441  1.2834924712  1.7465012355  1.3602385635  1.5300741551  2.0511712220  1.9408704194  0.9226043918  0.5548770265  0.3811188613  0.3277737853  0.3507857452  0.3622559908  0.3223229818  0.2552997623  0.1633973280  0.2077634791  0.2635524964  0.3401590589  0.4103027328  0.4813251764  0.3888299892  0.3242819975  0.3490436817  0.3914569205  0.5161546021  0.7191578636  0.7025511759  0.5658550102  0.5608389814  0.6024245985  1.2345209463  1.7437490565  2.8142141260  3.9608146869  3.5757695825  5.1709499746  4.9046138641  4.0583027102  3.2394526170  1.2712978515  1.0721941028  0.8653801868  0.8972621532  0.9481695775  1.4805854994  4.8146123302  4.6476052520  3.7775496398  2.9387965270  1.1830553431  0.7044779961  1.1221366159  1.9219884183  1.4279424007  1.1222825727
  1.9060664493  2.1060678479  2.1466778323  0.8250424485  0.5192697963  0.4881106751  0.6517622560  0.8461737553  1.4048427479  2.8277560527  3.6722332016  5.4778365333  3.6737231026  4.0859435769  2.6258843720  1.5083288209  0.6827012529  0.9799074808  0.6928033052  0.8566186643  1.4013930978  0.8545359120  0.7688647829  0.5045602704  0.4744084592  0.5835572857  0.5562147254  0.8338962891  1.1433389228  1.7990209263  1.8343939024  1.4844395198  1.3313200596  2.2558101650  2.2195369079  2.3135184439  2.0891154336  2.0338875746  1.6968626252  1.6859236968  1.7594111621  2.4285854916  1.3700347290  0.8011561306  0.8062398064  0.6243429936  0.5041913515  0.4614995692  0.4126915355  0.6476841251  0.4244066707  0.2078765136  0.1220429738  0.1215377755  0.0961343657  0.0929875817  0.1459669433  0.2633696808  0.3023693664  0.1926936479  0.1176248390  0.1083214705  0.1839985311  0.3311116014  0.4978647125  0.3207896737  0.4100497677  0.5195064768  0.3789243088  0.4392755863  0.5441528679  0.7416874803  0.8519926449  1.2679216464  1.3368602121  0.7417434321  0.8285990918  0.8287492842  0.9308952950  0.8660396128  0.8188886465  0.8453362908  0.7058287738  0.5777876644  0.5748555686  0.6747848943  0.6160851411  0.5271377231  0.3438096354  0.2256968084  0.2912652352  0.4243279372  0.3421439257  0.2789046150  0.2308696285  0.4644977510  0.8651216418  0.6628283436  0.6326971815  0.7952735024  0.9540972755  0.9721689526  0.6064492473  0.6496875365  0.7735694488  0.8155250159  0.6015175709  0.4428592057  0.2942474588  0.1089051367  0.0818365770  0.1013023680  0.1191918870  0.0769665987  0.0418134121  0.0309264936  0.0300647587  0.0282801629  0.0415976162  0.0443635488  0.0343341780  0.0443285058  0.0842929830  0.1294231193  0.1167765328  0.1339771840  0.1565135676  0.3186364580  0.2982649585  0.2532033996  0.4124526164  0.5339639457  1.0503680240  2.0191438440  1.3503563743  0.9308272612  1.2275484643  1.7830334320  2.1263675788  1.8991660986  1.6139348104  1.1347118189  0.7763846143  0.9585034389  1.4491521695  0.8141077512  1.4045714921  1.9284010649  1.8799621640  2.3512638574  1.8227245112  1.3814560793  0.9299209454  0.5632180434  0.5139559376  0.3484830782  0.3203292565  0.2826305042  0.1806823965  0.2140423641  0.2711248420  0.3757833776  0.3341122908  0.2950625175  0.4212685486  0.4242601648  0.3738776527  0.3428305705  0.4135023367  0.5031401895  0.5620464527  0.5314583602  0.4008727689  0.2681966406  0.4235850458  0.9608907206  1.4778839307  1.9316965980  2.4495594741  2.4269524266  3.0578629685  2.7155671148  2.2569684090  2.9344380772  2.4995679269  1.5804112401  1.5022855530  1.7208377246  1.7237458671  2.1138104360  3.0988012017  3.5008620793  2.6025299961  2.4489549184  1.2106331174  0.7335343288  0.8554599098  1.4374243584  1.3121242725  0.8123252163  0.9796754360
  1.2219439316  2.0234827144  0.8900945382  0.6030065851  0.4758363252  0.5270615928  1.3095795403  2.5552629258  5.3594760489  5.9588032511  7.0536148269  4.1188123411  5.1822924501  4.5839887621  2.6968851008  1.4207593964  1.2768977152  1.1817759181  1.0930163219  0.8909968264  0.7343929178  0.9673469087  1.0767632102  0.7233203207  0.9768829301  0.7928016171  1.4154288811  2.2132343332  2.3711953606  1.3221154112  0.9832304721  1.3286452498  1.6082449864  2.4432329708  1.9006865975  1.7144752389  1.8312181153  2.0437220245  1.7064170435  1.6000819442  1.4350091873  1.0307158954  0.7898903599  0.3814438325  0.2994679812  0.4406833215  0.5785661402  0.4448238643  0.6494403138  0.4540378954  0.2822172334  0.1565437639  0.1286799363  0.1438821654  0.1058138287  0.1593414330  0.2092691616  0.2454282832  0.1955736745  0.1207078164  0.1629071572  0.2241389085  0.2144093873  0.4937547286  0.4168002772  0.5446429810  0.7471644298  1.1565295838  0.8026505448  0.5555493801  0.6059667544  0.8921641807  0.9108345759  0.5140736350  0.7519251516  0.8022300152  0.8698567190  0.8420365998  0.5354492979  0.4577284257  0.6262576522  0.7975027156  0.6827232238  0.4847237225  0.5808531217  0.5914871042  0.4867125615  0.3465210674  0.2067714944  0.1973004618  0.2287776567  0.2149099711  0.2763343828  0.3593021391  0.4934544346  0.5806223248  0.3334187886  0.4487526790  0.6246137449  0.8365679885  1.0362886077  0.8755312429  0.8939369101  1.0677860323  0.5317008455  0.4805416425  0.3674399272  0.3576706660  0.1854896702  0.1167939151  0.1135972156  0.1262363092  0.0669534579  0.0481532168  0.0327443798  0.0233581919  0.0267630966  0.0407304293  0.0648210274  0.0407795453  0.0554641408  0.1107943467  0.1433266320  0.1235734552  0.1232936191  0.1776936746  0.2662452502  0.1963716675  0.2109497554  0.3623449298  0.5588007727  1.0636545495  1.8801239346  1.1276001841  0.7654788618  1.1241943234  1.5598197493  2.5737290904  3.8977087659  2.3225673528  1.4003438591  0.7321384557  1.1889730707  1.8349073366  1.0029365741  1.1110004442  1.3570826802  1.7841753897  1.4551949801  1.1982636203  1.3422455609  0.8589290801  0.5258211004  0.3922112832  0.2988371000  0.2837113840  0.1970350650  0.1960622811  0.1577179709  0.1471219403  0.2351341675  0.2068762470  0.1848300271  0.3121047829  0.3890454776  0.4917410428  0.4561640555  0.5140075438  0.3657942370  0.4594177519  0.5016357267  0.3988781421  0.3960805608  0.6745367531  0.8615819177  1.3369064443  2.2641059553  2.0743994255  1.8462982560  3.4940776327  2.1434013829  1.7696942631  1.7739039951  2.8964645605  3.5337493933  3.2280222441  2.9334363609  2.4556497704  2.4069244834  2.8312364452  2.3869165202  2.7684110295  1.6909657443  1.3575157190  0.7851427984  0.6758278075  1.2988432363  1.2173259884  0.9611588080  0.7248552687  0.8899254723
  1.4594050207  0.9772474658  0.7475581788  0.8760255594  0.7392615838  1.6516085959  3.9357688884  6.9301470429  7.7333135978  6.2871417077  5.7596192028  4.3575869636  2.4650770429  2.3272886196  2.3602660194  2.0639726901  1.2646621271  1.3461430421  0.8639252054  0.8120101737  0.6662772763  0.9637031437  1.2828688514  1.2323692422  1.6222445256  1.7428246244  2.6326548896  2.7977250688  1.2273628495  0.7321019506  1.1678917518  1.2223927294  1.8921228889  1.4385214360  1.1570134831  1.2714458884  1.7539396992  1.7707226827  1.3909055696  0.9950974544  0.4898478758  0.5526567331  0.4641453503  0.3254145083  0.3947840707  0.5993745019  0.4892729389  0.5137707515  0.4086056441  0.2772632385  0.1721772093  0.1769876858  0.1936476662  0.2178910137  0.2113575017  0.2340263712  0.1612208075  0.1981316826  0.2311314191  0.2500235340  0.3632381227  0.3136693352  0.3355684708  0.4559258772  0.5473127635  0.5458640378  0.9952754897  0.6586148876  0.3808682685  0.3995855869  0.5661755149  0.4852416730  0.4095944375  0.5266230333  0.4027916019  0.3986225666  0.5919647268  0.6197217186  0.5391154061  0.5435439126  0.7652356934  0.6600659763  0.4701362716  0.5651285424  0.3765358295  0.3529510518  0.1692772445  0.1562465143  0.1971859183  0.2259917368  0.1621697547  0.1883565899  0.2538570124  0.4616881144  0.3734912811  0.2502306199  0.3596711519  0.6862331340  1.4789193020  1.4153216008  1.2191443876  1.1631480106  0.9000688009  0.4179050658  0.3636019803  0.3154574244  0.3742674113  0.2480738502  0.2134339993  0.1816431256  0.1067131473  0.0569571715  0.0584557940  0.0526537227  0.0394257578  0.0360540056  0.0520246684  0.0600132965  0.0549903807  0.0840515922  0.0744696376  0.0808482449  0.1236869075  0.1138785971  0.1355966113  0.1305294792  0.1351969285  0.2251895758  0.2094532382  0.3153937828  0.6103446448  0.7984145918  0.9680747605  1.0677600697  1.0360270100  1.8970491275  3.7176704085  3.5482124054  2.3305401375  2.2653477747  1.7198808991  1.5805890426  2.1931010918  1.6314930024  1.1454166108  1.2872091824  1.3726893369  1.0670844201  1.1059373562  1.0726579478  0.5611219535  0.4772016259  0.2557091879  0.2465100984  0.1931595215  0.1784108590  0.2845081861  0.1825251365  0.1221012885  0.1399896528  0.1856069020  0.2755203902  0.4197744832  0.3845750346  0.3912796035  0.3976309295  0.3910873926  0.5182736852  0.8266538753  0.4310109649  0.5484971066  0.4507462325  0.7169381614  0.6572138442  0.7537991156  1.1296485993  1.1333093771  1.3054284434  2.0802354825  1.9978443650  1.4209331027  1.4633396509  1.4839084665  2.1967615510  2.1127335512  1.9322047452  2.1295741497  2.4308483004  1.6712292014  2.2441552129  1.6506069837  1.3377664026  1.1839230307  0.6703399140  0.5367303706  1.2143389201  0.9824919710  0.7226045596  0.8397291378  0.7746401122  1.2789061051
  1.2982463057  1.0982791605  1.4934043029  2.2465096706  3.2105001262  5.2628488445  11.6736427430  5.9402381521  4.5251098975  6.0552847494  4.4627442148  3.2981106877  2.6385344668  4.0246889866  3.0546770451  1.8113851653  0.8781463193  0.5828636854  0.5449531793  0.4960032676  0.5279291109  1.1824036498  1.3268918989  1.3395051208  1.6080827370  1.7004693899  2.0956571984  1.2827596645  1.3078839881  1.4002250476  1.1311555886  1.3824554251  0.6296659771  0.7954882074  0.8289871440  2.0304950272  2.0445047326  1.1349273870  0.6737257808  0.4427104708  0.5561321814  0.5132645054  0.3536659505  0.3827569898  0.4858259678  0.3996461590  0.4658494241  0.4753373676  0.3256151429  0.1855459911  0.2003419498  0.2203726967  0.3891062422  0.4495968219  0.4753987345  0.2881390178  0.2550476447  0.3123088693  0.5166678662  0.5209471457  0.4894819183  0.2864225206  0.2625905247  0.3279065092  0.4043587464  0.5214044450  0.4138092219  0.3506945204  0.4552786870  0.5018805023  0.4655016685  0.5654563503  0.5437881179  0.4208362039  0.4032755451  0.4476898514  0.5793929788  0.3609251391  0.3529235500  0.5024437250  0.6070710966  0.4510071706  0.3769352097  0.2886905471  0.3009350393  0.1796311536  0.2231870885  0.4945803752  0.3634422291  0.2427113970  0.3719271969  0.3259299350  0.3909500921  0.3809102403  0.3396465136  0.3656497864  0.8076644719  1.2264790455  1.3927897199  1.1827939970  0.8868067857  0.9929067076  0.5250623077  0.3224899309  0.3658079552  0.3492049605  0.2600136232  0.2128897201  0.2014551131  0.1008115239  0.0573920764  0.0438372852  0.0768087964  0.0455387278  0.0440292167  0.0655874050  0.0706459076  0.0867271499  0.0977821131  0.0563505148  0.1050955374  0.1587875177  0.1436972001  0.1080307659  0.0823528281  0.1139308628  0.1964291986  0.2980159238  0.3163217551  0.6172694088  0.8309546743  0.7307998142  0.9150308348  1.0842738160  1.5621283795  2.0266886308  1.7325164348  1.2523301490  1.8590555138  1.8928513989  1.4927210830  1.7059756323  1.9052315408  1.5733918491  1.0745688378  1.0332573659  0.7952945774  0.7269260166  0.5778607014  0.4591130130  0.3451615328  0.2770999676  0.2358788205  0.2172851869  0.2036616218  0.1890756856  0.1680096018  0.1952458026  0.1863246938  0.1368356291  0.2179491717  0.4666587348  0.4192895880  0.5870906243  0.4307684885  0.4854242605  0.5876549868  0.9710007689  0.8113668547  0.5559275229  0.3189255668  0.3069298989  0.3894804124  0.5121488885  0.5287298814  0.7823447766  1.0304018635  1.2727613177  1.2480635982  0.8445710399  0.7047256950  1.1013512599  1.2162424928  1.2222651553  1.2638287276  1.6466921250  1.5580912289  1.7830840686  2.2883139852  1.6242499806  1.2187512944  1.4576713546  1.1299977426  0.5697855054  0.7071423335  0.6244929273  0.7748462867  1.0085746519  0.9302891251  1.3368313815  1.2696401411
  1.1569169643  1.5296897746  2.9199589693  4.8550431989  5.5725620238  5.7246442536  5.4788026895  3.5449427573  3.0438052776  2.2503815099  2.5516297073  3.7639209879  3.5368101847  4.4310793043  2.1533891637  0.9027625568  0.4723456584  0.5166819773  0.5211331944  0.5439816399  0.7991216165  0.9811119200  0.8846048444  0.9961237809  1.1361909066  1.7880138320  0.8383039171  1.1301478744  1.6083255023  1.0097483880  0.6583434143  0.3318724388  0.6792020196  0.8382784744  1.6688149671  1.1568994368  0.6582611626  0.5325547550  0.4331171453  0.4846029222  0.4513938153  0.4549106497  0.5930132049  0.4841278599  0.4223932061  0.5413163125  0.3990350803  0.2811179382  0.2044356078  0.2224339965  0.3518021324  0.4760951513  0.4033371181  0.6130347582  0.6231258201  0.3245114824  0.4492809908  0.6376485796  0.6855455034  0.4728879248  0.3005271200  0.2248149470  0.2514139426  0.3585525778  0.3644444408  0.2457826106  0.2785716172  0.6743479850  0.6744858270  0.8475635719  0.8337876117  0.7803402263  0.3977688275  0.4001730711  0.4154059664  0.3826177702  0.4543334475  0.2146383876  0.2239395382  0.3016478527  0.3556029204  0.3473369269  0.4388940280  0.4288738343  0.3477162096  0.5123481663  0.6761120978  0.7180205303  0.6304249618  0.9727354862  0.6123403791  0.6384613216  0.6382585330  0.5658651516  0.5792520512  0.5397352632  1.2698775203  1.8649638265  1.1726030944  0.6286366345  0.6012680988  0.7317337530  0.6198006022  0.3181748085  0.3227081731  0.2149133803  0.2049136816  0.2468423782  0.1350915140  0.0894537983  0.0775361732  0.0668764239  0.0533601173  0.0577800272  0.0561300017  0.0557885491  0.1003969572  0.1156588078  0.1009501725  0.1607538977  0.1508979376  0.1333436342  0.1243754425  0.0903361451  0.1185451267  0.2296481405  0.3419571049  0.4443980467  0.5644987494  0.7386459299  1.0201610789  1.2615545323  1.0012136726  1.4137363792  1.4802105264  1.2413482990  0.8758802809  1.0028852514  1.0999337424  1.5939322219  1.6541712050  1.5842627308  1.2201458663  0.9509394222  0.9065292625  0.7621567017  0.7020264357  0.5022237284  0.4993985647  0.4166375725  0.3316948203  0.3506507544  0.2393248924  0.2108140670  0.1704491148  0.1459690494  0.1225544374  0.0880336536  0.0794365228  0.1873374644  0.2799939318  0.4514690135  0.4964323580  0.5302077697  0.5480547762  0.8989593186  1.2083038999  1.3960757887  0.7410701932  0.4488076980  0.4829308804  0.5013341360  0.5148758480  0.5353270337  0.6282060754  0.8079010111  0.8417032365  0.4936484586  0.4458879246  0.4085395398  0.4527363755  0.6915293837  1.1873945987  1.6657842245  1.6641949669  1.4669435176  1.1980143114  1.2574636279  1.1261055020  0.9374032894  1.0801666153  1.0217564146  0.7061116116  0.3644692124  0.3770935320  0.4841448420  0.9217581551  1.1135140847  1.1260978337  1.0846385372  0.9009810735
  1.2778307386  1.9545096543  2.5634041861  3.2495564806  3.4141076336  3.3907042013  3.2725224394  2.4499712104  2.0293026467  1.8501890582  1.9303276877  2.3138921498  2.0378777624  1.3162664515  1.0476471183  0.6889039885  0.7974309421  0.8148784915  0.7973325925  0.6527955254  0.7815442545  0.7097093637  0.7695496431  0.7505589020  0.8135727520  0.6877273304  0.9122263844  0.6516207549  0.5713194650  0.4442576670  0.5211962446  0.7103615799  1.0913405659  1.6593747809  1.4672317547  1.0522240598  0.8075782058  0.5473760234  0.5257970252  0.5048598793  0.3532288641  0.3365693863  0.5422775190  0.5565879044  0.4702966177  0.4067635207  0.3039690936  0.2338524710  0.4435508302  0.5258659372  0.4298425782  0.2554502428  0.3247344386  0.5301522821  0.2740548060  0.3266757128  0.4760394895  0.5933818083  0.3889715940  0.2235789642  0.1558971210  0.1665085794  0.3172219189  0.4959153884  0.3708183725  0.3868567741  0.4484901293  0.5969985930  0.8305775381  0.6674235487  0.7088423046  0.3591330025  0.3164399981  0.3754386935  0.2961929442  0.3356064005  0.2508781718  0.2871843010  0.3050605581  0.3426876230  0.4263598893  0.4601705424  0.4666673780  0.3190238018  0.5099805116  0.4717209831  0.7457603381  0.9911760196  1.2705302037  0.9300462917  0.6273667982  0.8223899450  1.1644606838  0.9208598619  0.9991014282  1.5001756588  1.6113257579  1.5713632040  0.9731496159  0.6452113545  0.6898334034  0.5754638159  0.2812660644  0.1983429808  0.2550309860  0.2663650957  0.2510603204  0.2705199222  0.1841013947  0.1020734204  0.0677985849  0.0753982390  0.0529362189  0.0401345978  0.0671253435  0.1139161582  0.1271595472  0.1704218802  0.1295935166  0.1434565120  0.1262309084  0.1338056039  0.1530181218  0.1606432039  0.1909667363  0.2124477834  0.4464339989  0.5173522436  0.6110003252  1.5968090248  1.4059623518  1.6020879447  1.8456226904  1.5322801262  0.8401875039  0.5873515610  0.7100074076  0.8651332742  1.1229873154  0.9910118945  0.7770119161  0.7660210820  1.1142011654  1.1106190230  1.0262807644  0.8658456959  0.4857243246  0.4522865105  0.3001222435  0.2261548605  0.3256681727  0.3542978454  0.2473412336  0.2566906422  0.2114733914  0.1734467015  0.1001633317  0.0926274345  0.1764444073  0.2102130384  0.3214138591  0.4294971285  0.3986555430  0.5837551798  0.6513189691  0.8989368440  1.2806986148  0.6352912943  0.6001966145  0.7988484645  0.5027467852  0.5917006034  0.4615725992  0.3441029632  0.4632063637  0.3205260267  0.1609014627  0.2667619361  0.3071752364  0.4173221945  0.7157163335  1.1900659037  1.4436882219  1.5759402434  2.6530129966  1.9937264962  1.2730598058  0.8329207154  0.8526676888  0.8111040097  0.7698449481  0.5591394096  0.5038174785  0.5093482915  0.4175672688  0.6167459557  0.7184154701  0.9168760636  0.6857221728  0.7216740307  1.1292355911
  1.8868451109  1.2606871579  1.5075677581  2.2088903657  3.2967130484  3.2122790762  1.7863509059  1.8746884569  1.4178839434  1.3600166077  1.2235755347  1.1459958745  0.7903701905  0.5842705367  0.7515356904  0.8002558703  0.5606793665  0.6526053609  0.5667337863  0.6807150290  0.5935997282  0.5364245591  0.5419319089  0.5534121199  0.6510765813  0.4486499191  0.4332579061  0.3975589558  0.5878117487  0.9311142543  1.8001341376  2.2954697820  1.9481128830  2.3245657435  2.0461142847  0.9398821118  0.7389417756  0.5908920669  0.6779841528  0.4836236830  0.3944424608  0.5853531179  0.5271350947  0.4090497848  0.5016841895  0.3264599516  0.3352230432  0.6092490961  0.7008705982  0.3812124862  0.2403423777  0.2459971116  0.4481400133  0.2620862064  0.2865815016  0.4927418477  0.6145730605  0.3697154800  0.1823234671  0.1291023760  0.0980931017  0.1460068900  0.4064418310  0.3545117826  0.3848042103  0.3182102288  0.3644873435  0.5281695871  0.6763204174  0.4361371068  0.2066209879  0.2935764366  0.3334278111  0.2163699189  0.2279000014  0.2689401505  0.3056438122  0.3044873966  0.3188571890  0.4675995751  0.4265576951  0.4272200598  0.3903017668  0.6625739551  0.7438235409  0.5156982233  0.6435846020  0.7160245311  0.7862553009  0.6220328832  0.5987998739  0.5643426431  1.0482504671  1.4950500260  1.2856559545  1.4878151593  1.9255278606  1.8243711421  0.9230284038  0.5349705724  0.5108784720  0.3487997119  0.2488164346  0.2129892760  0.2228286527  0.3388750052  0.2198921428  0.1561628698  0.1210612065  0.0742541840  0.0763096351  0.0524632655  0.0448201121  0.0690743207  0.1054499010  0.1126822535  0.2179270819  0.2066344310  0.1520632718  0.1278846195  0.1162299940  0.1787414344  0.1497884414  0.1802634915  0.3122508032  0.4634186107  0.4959062247  0.6881222279  0.9786762480  1.1604129048  1.7464048838  1.9837182285  1.4237656954  0.8681435650  0.7967874651  0.7105593338  0.6004607648  0.5101380851  0.4747437238  0.5462714743  0.7251663625  1.2591811555  1.3300767896  1.4905200299  1.5704792925  0.7585633493  0.6237365333  0.3732691459  0.3120003171  0.2836824612  0.3032133306  0.2272269900  0.2229267221  0.1912561002  0.1406840835  0.0951422642  0.1628720620  0.1459238730  0.1650273014  0.2535905460  0.2642807335  0.3266788084  0.5214267322  0.6849457292  0.8581557324  0.8261603812  0.6407549399  0.5605438003  0.6821069962  0.6056557119  0.7208707349  0.4392121096  0.3712355005  0.3112338139  0.2318281038  0.1130713654  0.1189125317  0.1863819634  0.5785626432  0.8069989875  0.8317369453  1.2485897972  1.5046256482  1.5668093931  1.6133457341  1.2181437488  0.8964059104  0.3631770058  0.5027165109  0.5038287761  0.6149326056  0.4784866764  0.6317305060  0.6775102591  0.7067251246  1.1547251143  1.2841263077  0.6784492638  0.9285382887  1.3032753556  1.6095883300
  1.2662413436  1.0847415052  1.6333577967  2.4922917965  2.8198204280  1.5501971390  1.1730122477  1.0131000793  0.8481614248  0.8662620839  0.9185293428  0.5102911826  0.4682875955  0.3707378591  0.5216058813  0.6197785949  0.6776515498  0.6800206446  0.6511582731  0.6520003035  0.5204732532  0.6095782598  0.6329107163  0.4366047784  0.3915184467  0.4433735723  0.6008859572  0.5730753875  1.0293025097  2.1510326914  2.6217528781  1.8847968232  1.6781988988  1.3421593357  0.6899270032  0.6347055603  0.8598306297  0.7188649767  0.4058651187  0.3669163365  0.5178462469  0.5557082222  0.5548886032  0.7393759991  0.5425645497  0.4724582749  0.5216648868  0.4838967933  0.4165451220  0.2736091193  0.2312355287  0.3835654848  0.3255542721  0.3588003301  0.5311773783  0.5503516174  0.3532730707  0.2102263796  0.1589117341  0.1211082134  0.1878120348  0.3212276635  0.3278945880  0.3813574444  0.3975663219  0.4503514854  0.2921607684  0.3769378730  0.2404776119  0.1966685796  0.2168951688  0.1750306790  0.1352504111  0.1886729316  0.2001853760  0.2554927561  0.2943118263  0.2286064410  0.2779536598  0.4140438725  0.4858662255  0.5224717666  0.6344879639  0.7257883287  0.4984356384  0.6472321137  0.5605121019  0.7537002808  0.6089070946  0.5251101913  0.5821566113  0.9283065424  0.9984869971  0.7556896905  0.6268342700  1.2783062933  1.2261925318  1.1527452714  0.7543231837  0.5215812068  0.4528284926  0.3010132649  0.2989837635  0.1625677944  0.1791282167  0.1745999610  0.1425542058  0.1410520452  0.0926028367  0.0790314316  0.0666271704  0.0693078185  0.0611767667  0.0795120358  0.1231719155  0.2328171778  0.2691880141  0.2305064482  0.1684002221  0.1844672257  0.2303522430  0.2034585712  0.2672478082  0.3805781355  0.3560461067  0.4278414932  0.4148610926  0.4958302358  0.6835557027  1.7273298241  2.4591661867  1.0291296469  0.9553011463  1.2648964997  0.7228922697  0.5986105898  0.4856870504  0.3952989714  0.5531721831  0.7022640591  1.0111122877  1.4253625311  1.9477341607  1.3110159129  0.9150660166  0.5188171511  0.3278900802  0.2965067798  0.2769828838  0.3266492027  0.2805982540  0.2764761898  0.1792918993  0.1074102003  0.1254495316  0.1692553390  0.2159828056  0.1658443213  0.1607757908  0.2039460366  0.3105467294  0.5396778791  0.6389717550  0.8671692787  0.7407131899  0.6302406881  0.7323448643  0.5567589874  0.7212426884  0.8604673539  0.5188618476  0.4207299250  0.2921229057  0.1937774606  0.1445548094  0.1562047542  0.2792208672  0.3521244898  0.6646161486  0.4982690341  0.7454578170  1.4688431064  1.2973353886  1.4403570829  1.0974246792  0.9259741628  0.5257941752  0.4050255678  0.4574129803  0.5762577714  0.2754096942  0.4533823593  0.7382123499  0.9404236056  1.3846767586  1.2191433656  0.8087524907  0.7110826672  1.1107527757  1.4201301444  1.4716720407
  1.2869898646  1.7873779965  1.6537349497  1.3406479240  0.9291944738  0.6867700407  0.4826592925  0.4267315996  0.7885477976  0.5348314434  0.3043352895  0.2888358695  0.3772994445  0.3460034679  0.5752028034  0.7954188672  0.8231734152  0.5506012406  0.6461894827  0.7505581719  0.5278564712  0.4084439010  0.2873255182  0.4929446694  0.6049885832  0.9538834895  0.9164077402  0.8518517121  0.8795660292  1.8633801100  1.8426702961  1.0777207812  0.8345243503  0.5412703241  0.6275163495  0.4450784093  0.4113762221  0.3884058566  0.3277068778  0.4479289801  0.5392344395  0.6772386462  0.8702696811  0.6608808874  0.4253221681  0.3101281702  0.3359549644  0.2717921065  0.2303688737  0.2693262366  0.3030255166  0.3494041575  0.3858230786  0.4321394518  0.4163465792  0.4398906103  0.3010237084  0.1518608618  0.1279170735  0.2472663245  0.4509260855  0.5204662990  0.4674830679  0.5714516033  0.5205985430  0.2850567367  0.2831845776  0.1946581212  0.1292666754  0.1394517330  0.0980481009  0.0843547804  0.1506148971  0.1221722263  0.1456145440  0.2741082778  0.2465704107  0.4064076192  0.8839999123  0.9052282080  0.9511504822  0.7904519715  0.6563405136  0.6977302522  0.5325298941  0.6014708237  0.6258208856  0.6078877933  0.6167131680  0.6479478968  0.9983145683  1.2873113989  0.5916517017  0.5415106509  0.7614922411  0.8761492321  0.7356707874  0.6934082076  0.4377374744  0.4322994003  0.2221815520  0.2639806979  0.1845778442  0.1751109039  0.1971447221  0.1593379529  0.1423788445  0.0949160049  0.0848050712  0.1020599885  0.0740570330  0.0712474357  0.0664543737  0.1475598202  0.4694386066  0.3339565623  0.3543124724  0.4353091566  0.3621398005  0.3761596385  0.4136866840  0.4057691608  0.3667494169  0.2966858844  0.4653206081  0.3554699110  0.3636065342  0.5018667352  1.2501865120  2.1365716360  1.1738037679  1.0851981555  1.0018428990  1.0545542519  0.6773991623  0.5202317513  0.4747744133  0.6621931681  0.8018312516  1.0758453176  1.5932361039  1.0911062026  0.7182789006  0.6271290929  0.4764372209  0.3352695574  0.4237508414  0.3510691571  0.3090039260  0.3355027386  0.3537627765  0.2639088551  0.1750334636  0.1985358315  0.2002093585  0.2266957269  0.1697246855  0.2054676576  0.2005818480  0.2232280417  0.2982989088  0.3348839796  0.4993843320  0.6335318973  0.9372591936  1.1404022305  0.8345276080  0.8275312384  0.7981107172  0.7502568364  0.5143844615  0.3506981903  0.1628851481  0.1188923716  0.1657124453  0.2173378091  0.2842178732  0.5798343573  0.8506466853  0.9349560072  1.9673934925  2.2103356240  1.3697891368  1.4203050759  0.9405923804  0.8167760730  0.4228908280  0.3189482906  0.2385610492  0.2153617770  0.3484290930  0.5145710971  0.5847799143  0.6804069802  0.5754857150  0.6386837233  0.8904762646  0.7156109993  0.6080574671  1.2652585986  1.1932824948
  1.0544134047  0.6765952860  0.5892320387  0.6952288416  0.7736207858  0.5375076190  0.4178691281  0.4478255323  0.4559193315  0.3626760172  0.2802577461  0.2640945308  0.3357137147  0.3170680884  0.6223689984  0.4072858924  0.2970429891  0.3900036742  0.4614183611  0.3988150375  0.4155450215  0.3767595059  0.4537129740  0.8826950696  1.5531909810  1.3878526190  0.9562910116  1.0736027902  0.8654480393  1.1033707110  0.7805564058  0.6918884966  0.8082061296  0.5578450321  0.4062854409  0.4527339483  0.6037675969  0.7805473620  0.6622171197  0.9019487561  1.2570277131  1.3930259442  0.8084222775  0.6999397956  0.5006273276  0.3805039265  0.2755547537  0.3070805388  0.2795835581  0.2495940176  0.2442997296  0.3532054748  0.2399407346  0.2652621983  0.4045883721  0.3222854242  0.2037413226  0.1315040114  0.1996294834  0.2567948263  0.3501717805  0.2618426048  0.4267102708  0.3475574157  0.1889303936  0.1879819530  0.2902970629  0.1886483057  0.1414635084  0.0920717227  0.0892902780  0.1257961745  0.1064645717  0.1470311279  0.2764975555  0.3170515727  0.4157304901  1.0515815526  1.2166159189  0.9459601450  0.9897184771  0.9899175070  0.5919173921  0.6567675446  0.5631733706  0.5134727131  0.5149583563  0.5990613520  0.7530597649  0.9244689487  0.8830944549  0.7387059203  0.4930824523  0.3928802733  0.4133545083  0.4730952332  0.4411670218  0.3019575115  0.2824890012  0.1537642450  0.2059881571  0.2626782928  0.1554427962  0.2349679623  0.2170992249  0.1098051987  0.1225186218  0.1651295834  0.1151696146  0.0862067912  0.0859552324  0.0809901093  0.1327862658  0.3186237785  0.4402134910  0.6315570889  0.6742210895  0.5325523929  0.5959282904  0.5004901819  0.4267314719  0.3658851186  0.5705747901  0.8243487134  0.5352265003  0.3350332271  0.6494505749  1.3512247487  1.4152180541  0.9907448800  1.0491256061  1.1564233400  1.1774685006  1.0417276350  0.6942604979  0.8462820262  0.8396984766  0.8537568032  0.9927558097  1.1857377757  1.3712594107  0.8033206049  0.6590954284  0.7138743166  0.2974944034  0.4281746493  0.3153783989  0.2250485000  0.3072225416  0.2911725432  0.3133273616  0.2553769223  0.3507138062  0.4717600891  0.4305025999  0.3034968489  0.1841599279  0.1831464973  0.2392338950  0.3813290878  0.4343252554  0.3578489012  0.4669433958  0.8915040306  1.4388250966  0.6422933175  0.8400058014  0.6705459522  0.6676219674  0.5905629464  0.2810465630  0.1798401829  0.1808897112  0.1632092368  0.1253578201  0.2207111828  0.3604373106  0.7624988171  1.4320136251  2.1470121196  1.7333398157  1.6082361291  1.4659320465  1.1494400184  0.7935202514  0.4705128332  0.2441769648  0.2007702792  0.3124337731  0.1968626102  0.2358021876  0.4217287760  0.3656794517  0.5024330205  0.7332907860  0.7654869089  0.5889302180  0.5173995960  0.7690255700  0.7464910428  0.7899497624
  0.5488749062  0.2877731840  0.4290556219  0.4863567537  0.6033045668  0.4885422179  0.4278842851  0.3349248550  0.3399848476  0.3218228872  0.3054821648  0.2374456246  0.3014206524  0.3637771855  0.3317112254  0.1851583950  0.1600537340  0.1841600482  0.3387925130  0.3512896047  0.2715940915  0.2730682909  0.6468554682  1.3657745870  1.3745548711  0.9466388901  0.5974535754  0.4989628612  0.5501446220  0.5044204403  0.7697224428  0.8009936561  0.5619660846  0.3445101586  0.3938328535  0.6034715046  0.6892869412  0.8131965670  1.1376423662  1.4459283576  2.1475373777  1.6776789973  1.0934026445  0.8341782392  0.5279699075  0.2831061039  0.2324677037  0.2199811635  0.1549445045  0.2277656172  0.3335071804  0.1799524052  0.2582090239  0.2554065087  0.2196362064  0.1602563333  0.1196949285  0.1606609490  0.2318284837  0.2804833545  0.2579186506  0.2817256070  0.2368400780  0.1739752967  0.1133988270  0.1781978364  0.1710751036  0.1418885381  0.1100942689  0.1113318850  0.1897191780  0.2277560649  0.1695158314  0.2329263500  0.3281940688  0.5587264445  1.1465633191  1.2263456664  1.1585108808  1.1241132711  0.8743776944  0.7310181025  0.8725562398  0.6389541682  0.5104238694  0.5183118759  0.8715177806  1.4110701329  0.8851221819  0.6203175105  0.5234501212  0.4471020367  0.2798439283  0.3192166438  0.4119144883  0.3031982781  0.2705128283  0.1943633812  0.1810566393  0.1651335754  0.2591317940  0.2593826583  0.3108321641  0.2704677694  0.1602931144  0.1406477513  0.1315205508  0.1310510969  0.1191863771  0.1349157524  0.1138350146  0.1536260386  0.2595226473  0.4529538264  0.7482891777  0.7184986673  0.9038668059  0.9710404484  0.9345038726  0.5849635803  0.6632586944  0.9153844159  1.1669983276  0.8643931004  0.4593406861  0.7534630504  0.8580613183  0.9432474215  0.6436235175  0.6845294905  0.6485684654  1.0596492996  1.4577702974  1.3812486777  1.6397742203  1.9505270618  1.9344789769  1.3773454970  1.3292259603  1.3499064161  0.9391938739  0.6367564560  0.7847497855  0.3478116421  0.2263812176  0.2058797450  0.3018732670  0.2442766915  0.2174545242  0.2280394825  0.3578319399  0.5219107215  0.6228073132  0.6709678664  0.5797381472  0.4294097111  0.3286137255  0.3449209816  0.5267713511  0.4064731360  0.3697260718  0.3178597924  0.4334037194  0.8098235814  0.7013099943  0.9190288997  0.9486580171  0.7011081323  0.4444375300  0.3010046816  0.2889552917  0.3108206234  0.1779736198  0.1269999383  0.1234226926  0.2228341552  0.4078661986  0.7908663492  1.1428117620  1.0722824476  1.3193470037  1.5004615132  1.1617147753  0.8508362541  0.7656510824  0.5237353210  0.3413946915  0.2650528829  0.2329779136  0.2108053589  0.3533233226  0.3855726415  0.4939132267  0.6888719807  0.8215335315  0.8231311143  0.9058770110  0.8604036726  0.5737319405  0.4585486603  0.4373695180
  0.2994931458  0.2864191067  0.3276614329  0.3741691913  0.4785228639  0.3168261413  0.2990770942  0.2938799238  0.2610358521  0.2442961539  0.1955710158  0.2307566855  0.1966368592  0.1658612681  0.1731416934  0.1925983071  0.2705445705  0.3240774601  0.3241703959  0.2191375235  0.3588284668  0.8147029175  1.1952371592  1.8742796726  1.1374386522  0.6810153855  0.3759921019  0.4494586758  0.6250617694  0.5824033932  0.3600025619  0.4115685541  0.3627884524  0.5059166214  0.5646832821  0.4729350762  0.6854875612  1.0393197598  1.3266759864  1.8844953228  2.5849312554  1.6808696685  0.8100263718  0.4286071698  0.2201302901  0.2006555259  0.1723116962  0.1482926711  0.2192040171  0.2900318559  0.3647210933  0.4147251500  0.3930534048  0.3434926007  0.1904586413  0.2209204122  0.2203746427  0.1495413714  0.1657720911  0.1874856945  0.1733630098  0.1610710823  0.1233275091  0.1455645362  0.1278595286  0.1214197587  0.1155212242  0.1353984746  0.1704750260  0.2446475710  0.2300316464  0.1629770933  0.1831682203  0.2679671604  0.6539581305  1.0916103686  1.4700167579  1.9919278092  2.1606542595  0.9560082512  0.6335999899  0.8896187323  0.9123735925  0.8146323047  0.9347063174  1.0675568264  1.4663115330  1.5222177396  1.0154994989  0.5379918438  0.4131193797  0.2824382505  0.4056360984  0.5760348028  0.3923999500  0.3236471560  0.1988836302  0.1681058272  0.3011141058  0.4802705046  0.3776643272  0.2806167090  0.2232287823  0.2112384340  0.2173636349  0.1659637050  0.1831839949  0.2211240665  0.2625527282  0.2032212559  0.1435660796  0.2221120209  0.3852647448  0.6628211659  0.9041411853  1.2668878211  1.1334731174  0.8669865910  0.6004061998  0.5308653031  0.8000584805  1.2323197534  1.2030826347  0.8204417924  0.7288676078  0.7557592047  0.6095000431  0.6112818903  0.3878430801  0.4532236112  0.8333402608  0.8021437106  0.9639064077  1.4159245790  1.9678724947  1.3951843682  0.8863497388  1.0476215518  1.2540070821  0.8518562267  0.7182409085  0.4842664615  0.2872527581  0.1834249413  0.2185578023  0.2039755101  0.1666615067  0.1948185356  0.2835717351  0.4644022508  0.4074564720  0.7883929368  0.7173622602  0.5951319057  0.4821721611  0.3339906071  0.3215368845  0.5345805432  0.4232074536  0.3978711204  0.3246360856  0.3188646399  0.4758997426  0.4965093179  0.7216667475  0.5619027990  0.4979897654  0.4410457969  0.2475908732  0.2678771500  0.3781413473  0.2538182420  0.1701405335  0.1373595918  0.1690798145  0.1909735530  0.2987996719  0.5438305804  0.9648770925  1.0800929945  1.4945315585  1.1506027807  0.6523753710  1.1281026310  0.8757810989  0.3933686452  0.1735924892  0.1837819959  0.2888311558  0.3200009144  0.5052990983  0.4897106309  0.4531519658  0.6613975533  0.6138927023  0.7507075164  0.4697926491  0.4592947016  0.3491280767  0.2891028614  0.2510727573
  0.2232600844  0.2795255843  0.3086124367  0.2223377274  0.1991039214  0.3556346956  0.2520095605  0.2592191258  0.2470549863  0.2165537711  0.1894469922  0.2656595325  0.3435059959  0.3356352102  0.2341498916  0.2363268407  0.2616904127  0.2418146401  0.2931695283  0.3355206709  0.4746498169  0.7489304030  1.0332580449  0.6592537816  0.6020015345  0.2980882039  0.4312782098  0.5382842568  0.3530421077  0.2447659648  0.2913868556  0.4255399146  0.6403387264  0.4840338589  0.5123024216  0.5842767696  1.0037736376  0.9673241756  2.2526100623  4.2297874811  1.8736048201  0.8723243608  0.4753702638  0.3451235850  0.2409615787  0.1703406137  0.1498477393  0.1251599270  0.2937821523  0.3980456346  0.5067200501  0.5390073188  0.5055434763  0.2914685198  0.3567354176  0.1688714045  0.1225728976  0.1446388996  0.0961024237  0.1085407097  0.1102382132  0.0784969781  0.1040032513  0.1167025675  0.0786160957  0.0925960641  0.1305409192  0.1234589195  0.1302796740  0.1859866517  0.1743299974  0.2272437041  0.2906541018  0.8038859869  1.2068118597  1.7545584688  2.2163631697  2.3954804052  1.1144310297  0.9218963042  1.0921472706  1.0408936422  1.2945398969  1.2858552013  0.8934133681  1.0730978189  1.5155822306  1.0883746367  0.8266633394  0.4656587474  0.3333824929  0.2926074494  0.4676578867  0.5373523427  0.3471859547  0.3351510187  0.3009158571  0.5491253174  0.5575562149  0.3163299269  0.3286093939  0.4337911072  0.2758678825  0.3004521615  0.3208045289  0.3177438421  0.4155253473  0.3886676510  0.2665008784  0.1153869218  0.1665219797  0.3290628323  0.5304649355  0.8441835145  0.7337822407  0.7787053090  0.6249804713  0.7981126605  0.7826749134  0.6798106984  1.3379974939  1.8268461449  1.4286847368  1.2988884763  0.8665158069  0.5366146190  0.5212861669  0.3983608973  0.6683074389  1.0377539859  1.2393850370  1.2770747849  1.7965582425  1.8765228459  1.6310213305  0.8898510916  0.6772155444  1.0737168621  1.2922497524  0.6632799497  0.5234549002  0.5412968516  0.3634638116  0.1909907033  0.1248510225  0.1344458360  0.1694073026  0.2457357360  0.2352322214  0.2442855801  0.3878044117  0.6213935227  0.5538476820  0.2924160598  0.2257504571  0.2897370144  0.4615816033  0.3192139634  0.5377685694  0.6966916672  0.4005464860  0.4654022024  0.4853232225  0.5709050920  0.4964018327  0.5394452754  0.4244690330  0.2164568711  0.2817511129  0.4138879480  0.3530322677  0.2699899847  0.1641482746  0.1481685974  0.1605580236  0.2730265091  0.4014605242  0.6934654893  0.9117345732  1.1676198236  1.1321900225  0.9428587161  1.0168069957  0.9776745377  0.7604053235  0.3657169899  0.2813449453  0.3231759708  0.3209932067  0.4992441782  0.5525080629  0.5035335986  0.8728452736  0.6708305795  0.3946680308  0.4092298463  0.4523833037  0.3543481148  0.3610501997  0.2548561581  0.1707792560
  0.2157357780  0.2016631792  0.2278513220  0.2016637788  0.2097774307  0.2785117038  0.3223893559  0.3458312505  0.2438466526  0.1654855237  0.3069924761  0.5679161520  0.3505936418  0.2703388337  0.2587582036  0.2234619170  0.2242339871  0.3526069100  0.3764441383  0.3365361276  0.4487468739  0.5942044715  0.4576313192  0.5448675224  0.6116234922  0.5618048064  0.4492994453  0.3212267184  0.2115671221  0.2425219258  0.4772267930  0.5550521200  0.4463600934  0.7341755219  0.6731128063  0.9867983488  1.2609764997  2.9282852900  2.3515401592  1.1561889660  1.0664787085  0.7752864494  0.4414346135  0.2639259149  0.2230702409  0.1670302832  0.1459646642  0.2993140363  0.3947181225  0.4205179225  0.5218745381  0.3773049721  0.2381572721  0.2034342823  0.1397639395  0.1238134377  0.1884235040  0.1863325516  0.1142493399  0.0801407956  0.0608797735  0.0612063016  0.0617520308  0.0836419266  0.0879318260  0.1520320734  0.1315519309  0.1158320148  0.1013892608  0.2136683521  0.2494991520  0.3493472919  0.7383293225  0.9598397369  0.9968755473  1.6284691539  2.1386783295  1.3400518358  1.3161456022  1.2653158250  1.2857141505  1.1024378117  1.3755880730  0.9938822754  0.9951558983  0.9211874404  0.9532379086  0.7050935602  0.6289518315  0.4463326278  0.4978843690  0.5308640624  0.7542600259  0.8689266009  0.7700763945  0.5942010565  0.8672353093  0.5881080773  0.4429811438  0.3579330024  0.3954022849  0.3172403945  0.4185888236  0.4005937031  0.3487737493  0.5765179871  0.4369015076  0.3900088035  0.2792050819  0.2546294366  0.3819516473  0.3719868775  0.3099462708  0.3483597743  0.4570776092  0.5080003891  0.6530753928  0.6339398028  0.8147177815  1.3860411142  2.0216798809  2.3910500732  2.2627682346  1.4976796459  0.9662321085  0.6855688811  0.4805100748  0.7912039106  1.5256272997  1.9246915363  3.1812202485  3.1657760822  1.8971515614  1.9536547235  1.0784962197  0.7736483173  0.7760889153  0.7942835489  0.9869976461  0.5221270943  0.5258151687  0.3244922625  0.1774695564  0.1638317321  0.1287000318  0.2330962772  0.1552883836  0.1903257802  0.2593469012  0.2887325237  0.3142190778  0.3906001732  0.2265254757  0.1751246866  0.3311822426  0.3594743807  0.4841486731  0.4368549001  0.4083429764  0.3478414904  0.2995884035  0.3470411561  0.5456600153  0.3989475251  0.4042718681  0.3133667971  0.2420120115  0.3370615755  0.3550723314  0.3519288055  0.3339108747  0.2302670219  0.1731654171  0.2574535776  0.3417625451  0.2839622776  0.3773184385  0.5866156880  0.8056819463  0.8823107175  0.7498137258  1.0551080351  0.9742293825  0.7628308391  0.5298162327  0.4877626145  0.4576194520  0.4280747531  0.4859243470  0.5103933859  0.4864478719  0.7776349780  0.5450933503  0.3272074132  0.3221154065  0.3410073751  0.3823232040  0.4422779031  0.2431626395  0.1792982807  0.2093730861
  0.2427404066  0.3404651663  0.2679527943  0.3469422568  0.4731513101  0.5201574260  0.5507443128  0.3701850497  0.2423502564  0.3429458802  0.3783073571  0.3271532537  0.2481917998  0.2346829817  0.2340321796  0.2026860216  0.2287333050  0.3041270589  0.3229338862  0.3416946302  0.2940289757  0.4781576518  0.4532183635  0.7395151413  0.7617175968  0.4475530887  0.3868446517  0.2759577767  0.3035454962  0.3159516597  0.2966721263  0.4031671387  0.3430336185  0.7012737329  1.0037762254  1.0205122317  1.8147341024  1.5905134184  1.1071498749  0.8935562700  0.6194640390  0.6372638739  0.5080998770  0.2625500244  0.1799090481  0.3059781150  0.3727573160  0.3292994829  0.5146207368  0.3550710890  0.2682642023  0.1835256924  0.2091753791  0.1303534257  0.1765437909  0.1958506305  0.2347936956  0.0885019821  0.0551699336  0.0597383985  0.0714530790  0.0992826469  0.1736679723  0.1601879236  0.1857860895  0.1493850576  0.1297565965  0.0978097873  0.1261912115  0.1992346511  0.3436470177  0.4353357737  0.4986936840  1.1566342565  1.6193691450  1.8899897514  1.4997909320  1.0591419528  1.2418152929  2.0384076169  1.9528448034  2.1569710243  1.5222194702  1.0701748720  0.5945316244  1.0132873567  0.9915914715  1.2947924851  0.9876215429  0.8354401836  0.8309106708  0.5982881362  1.0264330699  1.8138252445  1.7160791636  0.9986139279  0.7066197374  0.6778799913  0.4516178655  0.4663481669  0.6228094816  0.4798526231  0.4340188695  0.4832860474  0.4152966987  0.4197429832  0.5262602083  0.5405743454  0.5183486783  0.5356599679  0.4033879488  0.4595417955  0.3314116966  0.4194659901  0.4239002836  0.8042872782  0.8223473047  0.7230939201  1.0762066763  1.4369686837  3.1593606522  2.8333345067  1.7841193122  1.2019841203  1.0329783362  1.1518434515  1.6406052697  1.5997260901  3.1220104849  5.3920640470  3.7293074755  1.9005857589  1.6083728860  0.9576698934  1.1583801580  1.0074614944  1.2467884756  1.2692246460  0.5661670373  0.3690794666  0.1839668602  0.1672184423  0.1678548144  0.2003261188  0.2226742522  0.1598121747  0.2124222753  0.1776823998  0.1544699387  0.2061441499  0.2319458228  0.1833923009  0.1784969609  0.3549735682  0.4173151713  0.3612812818  0.5334475701  0.3889132525  0.2579900944  0.1588980959  0.1748704204  0.2759978830  0.2919125301  0.2206691369  0.2050567558  0.2650215322  0.4828604686  0.4123359270  0.2891667997  0.3021730467  0.2827215467  0.1992407195  0.2495281172  0.2974075673  0.2378538596  0.4584874461  0.6698441762  1.0615974335  0.7754393619  0.7500091206  1.0930897969  1.0369725791  0.4991433820  0.4365951923  0.4685226297  0.3546221445  0.2856483997  0.2920359556  0.2936251763  0.3906124003  0.6457015138  0.3479177396  0.3000851361  0.3671380785  0.3378765143  0.2687767544  0.3696995991  0.3149064976  0.2914281420  0.3148529606  0.3489241143
  0.5524127106  0.6650654594  0.7815233145  0.5738585601  0.9452994018  0.8135552672  0.7441075544  0.5426515243  0.4284835655  0.2667563002  0.2024597798  0.1593700635  0.2493624020  0.2226627120  0.1852651418  0.2970472041  0.4157330079  0.2167877796  0.2847144389  0.3153262100  0.5592833540  0.3578010007  0.6196123627  0.5945734627  0.3919142856  0.3862162816  0.2695948023  0.2100391976  0.1944468222  0.2293018138  0.4704295711  0.4451996157  0.6499651518  1.1379029936  0.9994994523  1.3403680554  1.0437065352  1.0711950126  1.0140687830  0.6954513026  0.6928122005  0.4457056164  0.3860250807  0.3978919624  0.5356390860  0.6169454261  0.5553926276  0.4367369481  0.2196101751  0.1997387455  0.2201793367  0.2039424866  0.2493532616  0.1557007690  0.1376966105  0.2206176071  0.1353404235  0.0538859161  0.0569185863  0.0732841186  0.1214542194  0.1612804242  0.1183983225  0.1246243199  0.1111275077  0.1104685851  0.1533938473  0.1387073088  0.1859744947  0.2130472118  0.2227798992  0.4157346404  0.6845085598  1.0269977902  1.4880158830  1.4127244540  1.3883827391  1.9527930118  2.7336108791  1.9647760807  1.5201036775  0.9314782765  0.9158615785  1.1203844011  1.0405877420  1.1759381362  1.0798214713  1.3396963506  1.0218523295  0.7781635282  0.7510976335  1.1112474874  1.5341867931  1.7151444511  1.0884107679  0.9974604713  1.0103334829  0.8581226935  0.9797062182  0.9845601295  0.8105992020  0.7767326186  0.5888571697  0.5738347955  0.5934203064  0.6077060924  0.6190266026  0.6272483241  0.4829702402  0.4402779085  0.3997682081  0.3276610152  0.3709693700  0.5325174447  0.6939551436  0.9758166573  0.9029958414  0.8914167659  1.6696122672  2.7064233473  2.5365177833  2.1769920068  1.9423953475  1.9457894310  1.8436399764  1.9920147486  2.7375558962  4.4110584945  4.8775820234  4.0656937676  2.9128462765  2.1121162702  1.1802661080  1.2973474397  1.1289011745  1.7404846636  1.4261216631  0.6071339644  0.3676773840  0.2530437425  0.1965730665  0.1930233267  0.2026874841  0.2383333113  0.2119211079  0.2078278321  0.1654645013  0.2106549509  0.2257876266  0.2576837254  0.2139834895  0.2163561676  0.2378203503  0.3278561719  0.3179014418  0.3712936537  0.3462327245  0.2908310824  0.1868914659  0.2482648487  0.4354863530  0.4227638638  0.2560031908  0.1623274196  0.2120293032  0.4016509175  0.4306031084  0.4113479704  0.3671740135  0.3352849803  0.2328334393  0.1773676794  0.2499893482  0.2836224906  0.5347177069  0.7463595304  0.7891585959  0.6127839079  0.6278891479  0.6984726029  0.8116175607  0.3903901187  0.3264284748  0.4181592982  0.3480134931  0.2350095807  0.1623464475  0.1994655651  0.2551658117  0.4109996116  0.4916194398  0.4703829665  0.3785258613  0.3213050639  0.3204500419  0.4943581760  0.6767387598  0.5569735056  1.0045058101  1.0795020750  1.0810589009
  1.4064421121  1.0610633421  0.7934867252  0.9781430739  0.8637376884  0.6413990460  0.5379959162  0.3675065469  0.1717451069  0.1129920928  0.1751937847  0.2806480472  0.1908347092  0.2356827268  0.3944401974  0.5240649116  0.5186957913  0.4687744152  0.4291982717  0.3279468830  0.3493325971  0.5294645421  0.3979944673  0.4083068876  0.3086303069  0.2729346513  0.1494165800  0.1520976140  0.2285978017  0.2922432079  0.4115955891  0.7230014638  1.2975051243  1.4462491191  1.3768073109  0.9848537013  0.8332129547  1.2604736411  0.7881193417  0.5831779861  0.5805554473  0.4190559343  0.7050818998  0.9391470868  0.4202901588  0.6763548367  0.7263343270  0.4005177695  0.2582021649  0.1694039197  0.2360497154  0.3112673039  0.1657635818  0.2057462256  0.1737358552  0.1272345807  0.0832073222  0.1034397360  0.1130617306  0.1365614005  0.1319333809  0.1677258205  0.1641596013  0.0984946524  0.1259746211  0.2052490891  0.1978138348  0.1791248001  0.2787540888  0.3111499619  0.3902747322  0.5060275666  0.9066640972  1.0970050480  1.1603798845  1.6214545510  2.4923528842  2.0961453982  1.7922122826  1.8328335307  0.8772084679  1.1301585097  1.5867532435  1.0717158361  0.8232125261  1.0328056909  1.7033074433  1.3940899065  1.3552598597  1.5071894612  1.1756745640  1.4354326535  1.5649082194  1.3641723715  0.9499210505  0.9188264684  1.2660080896  1.4424216943  1.4874490365  1.1915575053  0.9277720213  0.5704850058  0.7123840278  0.7385396793  0.5506597699  0.4808042998  0.5838186755  0.4529485791  0.5747654079  0.5555505646  0.4453326811  0.3895611118  0.5381006919  0.7255101329  0.9661077894  0.8424095378  1.0187102320  1.2284151889  2.0759836252  2.3525236004  2.7933749046  3.0820912724  4.6313846988  3.5224776469  2.3221351131  6.0203578283  5.3809619346  6.6211744465  6.1092097212  3.2065789507  2.7123996527  1.3570617415  1.2086433918  1.1968325299  1.7074976096  1.6299307333  0.8621059355  0.6950316699  0.4933952192  0.4537052355  0.4125785406  0.2687697144  0.3614159015  0.3777808448  0.2531122608  0.3355607727  0.3421917954  0.2706619270  0.3005774585  0.3100822619  0.1621364939  0.1674103781  0.2701222645  0.1951099216  0.2200213033  0.2203957938  0.2521640768  0.1644947289  0.3310918147  0.3629453637  0.3610965589  0.2349555397  0.2563522582  0.3973024929  0.2977571925  0.3856036370  0.4216209573  0.3992864424  0.3485286334  0.2189753334  0.2029206551  0.3298647335  0.3221757443  0.4855795768  0.6787092652  0.6187173926  0.4542289202  0.4214859454  0.3688356671  0.5267908085  0.3157562599  0.3833536822  0.5377716846  0.6658719465  0.3420308887  0.1848215867  0.2959679549  0.5288008220  0.6257472957  0.4349870444  0.4761471862  0.3861405219  0.4908225729  0.6325940207  1.3699940881  1.4776409670  1.0388084645  1.4377405113  1.4581653817  1.1436803816  1.0921642738
  0.8014467408  0.8505886874  0.7975461814  0.6313449849  0.5238971053  0.5114288727  0.3085347895  0.1470447594  0.1095488122  0.1698584039  0.2384454036  0.4081761112  0.3575393932  0.3489100364  0.4693642370  0.6621646926  0.7037704915  0.4547384207  0.2570196829  0.3821014913  0.3637952962  0.3130664494  0.2357822734  0.2097091476  0.2011962888  0.1561263412  0.1450091668  0.2343316774  0.2864063716  0.2392865503  0.5038542065  0.8461027308  1.2251205770  0.9853702885  0.6808793597  0.7061926093  0.9401564368  0.9563645828  0.6403409163  0.6008990313  0.5667334949  0.8228467658  0.8208724149  0.4520722443  0.4860389432  0.7450220898  0.4898298111  0.3313927816  0.1467590614  0.1869364218  0.1840437074  0.1973294591  0.2071874073  0.1484310113  0.1327715585  0.2193974835  0.2183285296  0.2094752851  0.2141222077  0.1817219581  0.1905977038  0.1794093313  0.1433377389  0.1673107564  0.1844276283  0.2788654002  0.2422928675  0.2604677546  0.3291549670  0.4741655986  0.5461859142  0.7998781076  0.7398986573  1.2161911799  1.8998660575  2.1403650675  1.8391481259  0.9558574653  1.0818240764  0.9223904110  1.1173903993  1.5750288187  1.3152301883  1.2445995021  1.3800420555  1.5533056660  1.0724993078  0.9707770923  1.3173068291  1.5868328147  1.6947488516  1.9454207650  1.4200658172  0.7918842748  1.0459101800  1.3748931459  1.3988741288  1.6422026423  1.2051481980  0.6305894619  0.7000563970  0.9053648282  0.8150035750  0.7471950176  0.3566995556  0.2698794512  0.5582221557  0.7070084031  0.6105118461  0.5112207927  0.6869557699  0.6658022006  1.1500825378  0.9367358207  1.0756258336  1.9640963294  2.1504895380  2.8892553766  4.3900063505  3.1838336986  3.2780155031  3.6255738270  4.1993052679  5.3542895858  9.9054738132  9.4023683098  10.9177798646  9.2717931047  4.6911212252  2.7985516331  1.5366671528  1.0443765100  2.2532615631  1.9198473420  1.7547845346  0.8995070748  0.7992402983  0.6621515490  0.8002189129  0.5439302937  0.2991541576  0.5152286587  0.5010060410  0.2261397671  0.2145109825  0.3214096832  0.2345797702  0.2059458755  0.2099351838  0.1822166092  0.1957172455  0.2258619573  0.1617431849  0.1844017655  0.1681275521  0.2138493237  0.2059124696  0.3368186953  0.4216457435  0.4213315451  0.3976551202  0.3850020743  0.4667320791  0.4043054003  0.3905856241  0.3777412334  0.3922217811  0.4697736040  0.2796597269  0.3301720406  0.3928682299  0.3676155902  0.5637572673  0.6605453457  0.5615964653  0.4194789743  0.3719745837  0.3246012628  0.4541723765  0.3391288674  0.3540655612  0.4779073982  0.5950777200  0.5694780508  0.4540129015  0.5084887230  0.5598273349  0.6063147792  0.6050675684  0.5966054753  0.5367753513  0.8051063180  1.9110746340  2.2620197589  1.7993181173  1.4960578974  1.0356565657  0.9837534801  0.8161474310  0.8675368298  0.8395044280
  0.8792775865  0.8291230322  0.5159975679  0.3380243543  0.2158534942  0.1458240231  0.1435859620  0.1116968284  0.1070770628  0.2302196317  0.2961447922  0.3699441391  0.4447807868  0.6073869094  0.7417007458  0.5397732763  0.2990017097  0.3458185330  0.4700795965  0.4375628498  0.2690016058  0.1898791129  0.2190005479  0.1993454313  0.2713022015  0.1947710842  0.2300900745  0.3863632645  0.4076396565  0.5012752814  0.5516465660  0.6397818543  0.7907401601  0.4764035573  0.5155840455  0.5427335899  0.8267869273  0.6774835072  0.5069315799  0.4527042716  0.5991159210  0.4361005589  0.4389266886  0.3628405864  0.4491692971  0.3607920688  0.1777681568  0.1094285839  0.1035904820  0.1359939292  0.1794783522  0.1663380992  0.1462795591  0.1488800787  0.2436603013  0.2762266372  0.3262636058  0.3250356161  0.2327401720  0.1780034331  0.1693134219  0.1162524752  0.1096857453  0.1511591542  0.3349712785  0.3111384725  0.3818924979  0.4865867751  0.4346384248  0.5539689759  0.6908548100  0.7719214563  1.2587577551  3.1920593666  2.9893666155  2.1051939046  1.0581332741  0.7755493952  0.9874597104  1.4728999374  2.0099253998  1.7428471620  2.0982685854  1.9447800080  0.9777704456  0.8964355076  0.9301546434  1.1445821537  2.2023573558  2.2815949903  2.1888865321  1.4739177455  0.8457172191  1.1204335061  1.2482213169  1.2576023897  1.3639475176  0.9813349222  0.7988244708  0.7135482358  1.1998864526  0.9359263348  0.6290420101  0.3189384754  0.2697773748  0.4283608646  0.6723596136  0.5219041818  0.4830544234  0.8535321388  0.8264008529  1.1392940027  1.2240721150  1.4165435526  2.4423740131  2.0864833482  3.3767922373  3.8151707139  2.5377184792  1.5939640587  2.1980158383  4.5812516008  7.6457918413  10.1899747666  16.6158265886  7.0691285194  4.2915947385  3.1404726806  1.6068526205  1.2985231129  1.7873714836  2.2594367275  2.7265454824  1.4669063131  1.0303213799  1.2813742750  1.0917411452  0.8008185557  0.5331280887  0.3263130816  0.4578872122  0.4912666936  0.2469750640  0.1724434384  0.1782921771  0.1433983937  0.1132977701  0.1257117335  0.0831874455  0.1238972131  0.1546244576  0.1969339926  0.2217569424  0.2268932611  0.1832639289  0.2916724674  0.3766150124  0.3751671176  0.4638833502  0.6489681817  0.6584662099  0.4627160788  0.5073312157  0.4860179207  0.5047131214  0.6324446461  0.9014143234  0.6110127936  0.5283194863  0.5692850999  0.6274598007  0.6838373527  0.6256864153  0.6670599080  0.4927910234  0.4065161201  0.3439878123  0.3603886381  0.3918889363  0.4648671187  0.5229760312  0.3901752006  0.5412921799  0.6348191336  0.4479001255  0.3638341139  0.3571661456  0.4824089301  0.5171054193  0.8181579440  0.9087053207  1.8704286333  1.8096494685  1.9140767589  2.1707644055  1.2744107286  1.1052319255  0.7969491272  0.5737367369  0.5795534680  0.6354936319
  0.7787030435  0.3945986435  0.3394700129  0.2212084965  0.1766195199  0.1312116336  0.1461646871  0.1017489320  0.2073676281  0.2325098692  0.4058807054  0.7442851257  0.7012425503  0.6323911794  0.6327982607  0.5365450059  0.5228401134  0.5144864822  0.4812655301  0.2789046078  0.2049235850  0.1994161342  0.2406289868  0.2804178416  0.2825294263  0.2538718134  0.3602406663  0.5624586605  1.0517244088  0.7311011706  0.5301779909  0.6154036368  0.7335986421  0.5903105045  0.6601336408  0.5311932528  0.6661670417  0.5441928121  0.4127648455  0.4345939666  0.3587643454  0.4821853563  0.3721327090  0.2678782676  0.1769202668  0.1758145391  0.0865582747  0.1102182668  0.1607451155  0.1741421348  0.2127046330  0.2292037750  0.3564454094  0.3885350385  0.3789787981  0.6087795799  0.4301327877  0.2207535255  0.1786750272  0.1455627288  0.1082740144  0.1269267907  0.1410842030  0.2157729079  0.2879162151  0.4624672941  0.6060339529  0.6150335593  0.6885457575  0.8702081898  0.9866299390  1.8078240809  2.4149969144  2.7340573235  2.0259269174  1.5794180939  0.8778690874  1.0743953857  1.3519476660  1.3221208343  1.5332137955  2.0813160359  1.5149514505  0.7013026787  0.4812323119  0.4709215730  0.5261300097  1.0480070016  1.1918438595  1.2820651504  1.0863435712  1.2302890869  1.0576472383  1.0035033906  1.3792020569  1.0397452100  0.7394101005  0.9686244551  1.1745581578  0.9250484031  0.6195540998  0.4662916560  0.4180721246  0.4527555315  0.4697325450  0.4489155928  0.5699424303  0.6268887320  0.7167987633  0.6830481769  0.9423076909  1.2309267188  1.9841729119  2.2270300121  2.4514070078  3.2427241684  1.9771572226  1.9572437605  2.0037089546  2.2516366032  4.8915910296  4.8717706454  4.4625353759  7.4777146385  5.9522002878  3.0228247334  1.7477177501  1.7994645155  1.1275508186  1.4774389582  1.9003465791  1.5815580706  1.9216514496  1.4342283636  1.8106854609  1.6542760869  0.7636121712  0.4671518073  0.4110879574  0.4646472796  0.5272881361  0.4046841833  0.2855916393  0.2320924034  0.2086898098  0.1278139709  0.0893635529  0.0630599279  0.0868561818  0.0679932027  0.1196659108  0.2048993118  0.1888821497  0.2248704171  0.3304769992  0.3764038985  0.2713489080  0.3087757638  0.6376167616  0.5638042027  0.4894976286  0.5239022602  0.7803488415  0.4721425214  0.9965555631  1.6949681767  1.1614672587  0.8532766103  0.8052951556  0.9275344740  0.8753265762  0.6618009287  0.4646779667  0.3224801326  0.4026320357  0.3706837123  0.3407165762  0.4880105542  0.4939594265  0.3668481356  0.2775289595  0.3777798572  0.5796441871  0.4266562697  0.4559369385  0.4245341432  0.5019639932  0.6178381028  1.0242406163  1.9009081074  2.0309452069  1.6636715097  1.5567624111  1.7686923456  1.5429552882  1.1505845155  0.5803422331  0.5640192503  0.6152745540  0.6115710353  0.8286891009
  0.4962401116  0.3358100169  0.2292960318  0.2612384430  0.1837637863  0.2162838333  0.1341463297  0.3481379472  0.4191502137  0.5714969074  0.7415475843  0.6811581867  0.6721812703  0.6746579361  0.9855650953  1.2554685931  0.7585341444  0.4318238920  0.2581333981  0.1949298249  0.1888426339  0.1682759830  0.2594954498  0.3111515577  0.2359919859  0.3514094842  0.4356332777  0.7795546230  0.7746212533  0.6138366087  0.7728383881  0.9520095968  0.8316736450  0.7578966635  0.7839164233  0.6462798527  0.6313427227  0.8227961674  0.9077978233  0.6383909138  0.3804187319  0.3702233264  0.2053260421  0.1477247812  0.1661689376  0.0889159566  0.0906306259  0.1572137317  0.1467916432  0.2304794735  0.2267966145  0.4844251624  0.5807267967  0.6762670766  0.8289342303  0.4682255951  0.1795385425  0.1763242209  0.1494519976  0.1202734459  0.1051929181  0.1531906439  0.1287357712  0.2807942691  0.5009236883  0.9133920615  1.9530090363  1.7509509145  1.7087009692  2.0829510363  2.4260293554  2.3081352235  2.3175135343  1.7525348492  1.6396947531  1.2127550040  1.0293906170  0.9523671496  0.8849632302  0.6447944605  1.2188747998  1.0282539334  0.6138859797  0.4484744146  0.3823398911  0.4406592482  0.7959184345  1.1904717491  1.0020478638  0.6593764105  0.7098613619  1.0289755515  1.2262734711  0.7698971862  0.9728323195  0.9561220803  1.0223957924  1.2907307438  0.7820957268  0.5867966797  0.5085816392  0.3980182962  0.5305197904  0.6987252869  0.5728526941  0.6100550367  0.8232729860  0.9296233055  0.5353903077  0.6662926793  0.9053474131  1.7842552860  3.4863480292  3.0156217872  2.7028847737  1.8581741581  1.7075891313  2.2718563617  2.6094770410  4.1245641238  4.7658789201  5.0945734428  6.6369191341  2.8565210970  2.2693555117  2.9436605279  2.1391863025  1.0674314191  0.9709790603  1.2943983893  0.9602842725  1.4898545045  1.6692097387  2.0133639537  1.9519959860  1.1941120120  0.9802234735  0.6782891953  0.5095217170  0.4353626956  0.2465920144  0.2311325929  0.2134356903  0.1599680826  0.1452003153  0.0831829862  0.0800610942  0.0636585848  0.0804627467  0.1184318350  0.1902495998  0.1785711830  0.2340240253  0.3075093373  0.2940314281  0.3318583824  0.3494545576  0.4682925771  0.7514084972  0.7586430619  0.5319014229  0.4398427996  0.4586851136  0.8483449961  1.4374021536  0.6211027727  0.7629955155  1.4784607504  1.1327710847  0.7614107392  0.4783923073  0.3444682735  0.3231505092  0.3653570587  0.2965338829  0.2714565333  0.2914470189  0.2996282155  0.3607581015  0.2537049836  0.3117438676  0.7115115146  1.2334839866  0.7119387289  0.5557399611  0.6322622446  1.3579360504  1.7609412864  2.3287775035  2.1862591495  1.2910876075  0.9579901109  0.8243868847  0.7545928361  0.7787918251  0.6272004573  0.4894311755  0.4972722859  0.5450791345  0.7930970052  0.8031026703
  0.4689203258  0.4923583798  0.3614906167  0.4311220758  0.3162718615  0.3002089869  0.4620989022  0.7300948192  0.9388491416  1.1472579273  0.9193950507  0.6439769203  0.8092960847  1.0904597083  1.2731179469  0.7887966232  0.5696406666  0.5218602550  0.3362941555  0.2629485734  0.2024386314  0.2435444956  0.3383737940  0.3581043293  0.2484045587  0.4667884705  0.6043767132  0.4616686544  0.4606605780  0.7201086032  0.9200989047  0.7386851994  0.8685501105  1.1318229274  0.8741491598  0.7256562499  1.1932391526  1.0873902636  0.7166151448  0.2729321110  0.3218454773  0.1767016024  0.0971089432  0.1157726691  0.0625416560  0.0547490846  0.0824937511  0.0949089871  0.1919204264  0.3198161818  0.3290261311  0.4165215824  0.4097628833  0.4117369268  0.2958922932  0.1674877063  0.1405474145  0.1447197923  0.1827916036  0.0948131704  0.1064306052  0.1475602095  0.3968188593  0.6546702363  1.0409413197  2.4846560632  2.8604469603  2.4577981495  2.4106559950  2.8541237247  2.2589418942  2.1864094526  2.2336579612  1.5506647515  0.6489963740  0.7574993192  0.8995728988  0.7411165520  0.6197389456  0.9326026553  0.5396177181  0.4556101088  0.3385565942  0.4120005735  0.4642861385  0.6736261899  0.6785284581  0.4999694393  0.4477629519  0.7265860221  0.7329885063  1.1471359429  0.6765378765  0.4142794903  0.6095519444  0.8497666585  1.2628417938  1.0074857562  0.5937444458  0.3549702458  0.4027240781  0.4474994141  0.6085162729  0.6262032757  0.6524731792  0.6487333502  1.0008733349  0.7327233311  0.7567404783  0.9385069125  1.3252584064  1.5690831611  1.9416090376  1.8897198681  1.2313307470  2.0769609182  2.8009548893  3.9242242699  3.8758010957  4.4006932905  5.8168660366  5.5820685459  2.8325009586  2.4760094291  2.3454273899  1.4487803832  0.8038598010  0.8619873926  0.9980799854  1.3009012853  2.2577960191  2.1156316866  2.8411893753  2.7659149323  2.4855396186  1.3365596491  0.8849954225  0.5088327299  0.4165242164  0.3448631763  0.2973273268  0.2203037348  0.1645089427  0.1365588339  0.1116794981  0.0764984431  0.0704724630  0.0684865906  0.1004160794  0.2077831693  0.1939029016  0.2382340523  0.3159383128  0.2471460193  0.2212581485  0.4693670806  0.6498527461  0.9272649231  0.7031234109  0.5651057819  0.5625495249  0.6502370570  1.1062109545  0.7715844360  0.5736491167  0.6803351806  1.1022868180  0.9065763853  0.6586409043  0.4623454759  0.3118931712  0.2396860137  0.1424179819  0.1974054647  0.2882507682  0.3886711142  0.5807660537  0.4333593926  0.5790116810  0.4585627642  0.5292669814  0.8744080407  0.8182810022  0.6939268549  0.7578367575  0.9973666556  1.8524004790  2.8214028459  2.0859696593  1.8436134007  1.1128688570  0.9124050097  0.6559730124  0.8677385298  0.8469155667  0.5085947217  0.5335920913  0.6612332051  0.6992751829  0.5590411679  0.5967939862
  0.6518761732  0.4897167367  0.4579101380  0.4615707902  0.5147295383  0.6230362620  0.7230621141  1.4078905896  1.6877240871  1.4330871529  1.1256826092  0.8333752790  0.9877107853  0.7149798136  0.4975145737  0.4781270412  0.5514933830  0.6108977586  0.4977519503  0.4100531471  0.2414178498  0.4402118225  0.4422229174  0.3523227921  0.4855358149  0.6279219268  0.4971839810  0.5089796989  0.8583710837  1.2402531485  1.0026774584  0.9404440253  0.7676341492  0.6476671789  1.0253290036  0.9332355861  1.2088547591  0.8454252055  0.4136651252  0.2930729417  0.2107853099  0.1066430621  0.0939096854  0.0846060912  0.0587501359  0.0530760074  0.1192252361  0.1540991623  0.1857881125  0.1913082397  0.2611434220  0.2296105390  0.2597167278  0.2724783239  0.2489526167  0.1707469036  0.1790553770  0.1513700007  0.1192049420  0.1479426581  0.2295839842  0.3415757151  0.7677714043  1.5288461960  1.6996563109  2.2595667457  1.5210144501  1.4432954532  1.2619391658  1.5650721559  1.4597482593  1.2807285149  0.7343276047  0.3401413786  0.5550887270  0.7569693087  0.8861736966  1.0140011403  0.6318546755  0.5180332080  0.5957336434  0.4411723588  0.3810311258  0.5727068533  0.6408471985  0.5018713574  0.3432169754  0.4954154099  0.8141615743  0.7806069774  1.2539017041  1.0031774822  0.7151798645  0.7595262048  0.7749867042  1.1257038120  1.3184100523  0.7348830040  0.5207198951  0.3399581515  0.6056185324  0.6324316490  0.5418240062  0.7939789113  0.8688674947  1.2145282543  0.9028550250  0.7998324623  0.8652141191  1.0337925736  1.0725864652  1.3942982255  1.4368362620  1.6083785684  2.1295827576  2.4330875449  3.8150424739  3.0902365983  3.8877872045  4.3530732481  4.9677736364  2.4177572418  1.9687447426  1.6126612526  1.0062224462  0.6992024547  0.5900226030  0.8200956342  1.2814754574  2.9849378997  2.8344860825  2.3412812922  2.1259003625  1.6225103242  0.7864922910  0.8110625582  0.5165096364  0.4267522367  0.4482134104  0.5174745771  0.3793008239  0.3209803373  0.1649511285  0.1001766344  0.0719320844  0.0582622081  0.0597428250  0.1051760754  0.1466629730  0.1965288480  0.2853216266  0.2792077772  0.3207764609  0.3519588652  0.5234574440  0.5397890229  0.7658593779  1.0924791712  1.1299910968  1.0823011169  0.8533320940  0.8890656740  0.6691833936  0.5558335468  1.0993168278  1.6260146994  1.2053241336  0.6531502380  0.7147309258  0.5326355007  0.3936493588  0.2978431109  0.2333395958  0.4112469646  0.5759143109  0.6262564605  0.7539106280  0.6213373523  0.6028480610  0.8436006486  1.0792390664  1.1745839761  0.9125835678  0.8352007391  0.8791832145  1.5503028074  2.8976468738  3.7386578080  4.2361611498  1.7459566154  1.0229364579  0.8188001777  0.9427594719  0.7039801701  0.3618352829  0.4825808930  0.5118975848  0.6543534915  0.7413639774  0.8353977649  0.7183452679
  0.5427806574  0.3637143480  0.4466960260  0.6159759041  0.6485682293  0.7387255478  1.0923032447  1.4187617766  1.5276099636  1.5292635661  1.0781862640  1.1541298170  0.8113955358  0.5245735000  0.2721311188  0.3158741342  0.3427606763  0.5125296199  0.3876052182  0.5277979204  0.7234886988  0.5002196953  0.2828395746  0.2952198402  0.4761289482  0.5193824958  0.4979892960  0.7881901654  1.0055287371  0.9936491802  0.9009156558  0.7326789599  0.7063706096  1.0269996425  0.9255670854  0.7023771672  0.5931878836  0.4020341661  0.2821957657  0.2232373920  0.1296088766  0.0848007008  0.0932686642  0.0608974470  0.0457284921  0.0684193987  0.1445055552  0.1354216243  0.1658002427  0.1647956714  0.2698089364  0.3242243794  0.4595467833  0.2323309587  0.1485352486  0.1814840968  0.2554733613  0.2274195256  0.2635140281  0.3227295927  0.4642677312  0.4695664378  1.0289738547  1.5019909280  1.8080364408  1.3784579059  1.0767018713  1.2956431125  1.2472064046  1.0588569400  0.8131464254  0.5510899792  0.4009414601  0.4588863382  0.4687717003  1.1396335303  1.8067888623  0.8332905112  0.6216358752  0.7709058244  0.6889221774  0.6053829881  0.7084110178  0.5923789867  0.4711977888  0.4191438913  0.6237377158  0.7967366799  0.6507749727  0.7971749608  0.5512832857  0.6100327679  0.7506805149  0.5068985862  0.9213613755  1.0537346848  0.8658264761  0.5755143500  0.3377411238  0.4472437546  0.4636351202  0.5854383464  0.6692334934  0.7133635332  0.6642589147  0.8095699627  0.7291451975  0.7383795907  0.7139260650  0.8271635467  1.2446598878  1.4457907533  2.2628335400  2.7328001997  3.0965516413  3.9918984249  4.2320324334  4.2097972525  3.7957222681  4.6704149587  3.2182888137  2.1500941353  2.1802260310  1.0799379836  0.5971408082  0.7938700586  0.8275761142  1.3560545106  2.7033791080  1.7942257258  1.3993513440  2.0970544255  1.4386378061  0.8928275417  0.5616946264  0.5247471693  0.5247658996  0.5198974541  0.4335758487  0.3688936619  0.3337064211  0.2536247820  0.1199417422  0.1233496924  0.0695570749  0.0789124356  0.0805089858  0.1723537709  0.2784571517  0.3511995688  0.2625232039  0.3629408172  0.3626171929  0.3535728794  0.5381101622  0.5067009909  0.7354825226  1.0543401447  1.1300468391  1.0688894051  1.3583329794  1.0329780324  0.8160211466  1.2748953952  1.2741558075  1.5828867492  1.1121128912  0.6631667517  0.5855994097  0.5775541509  0.4263441487  0.4913018015  0.5152583663  0.6358859453  0.5854583401  0.6983630802  0.5099880330  0.8147659004  1.1913538502  1.1398750894  0.7115248512  0.7723288604  1.2948596258  1.0298091682  1.1392113550  2.5701884760  6.4904925623  5.5775014802  1.8750839057  0.8898399188  0.6690038682  1.0061303942  0.6360414178  0.3745147357  0.4869814233  0.4399074948  0.7190713342  0.9416117021  0.6498529253  0.5120998697  0.3977845459
  0.4014905138  0.4632336963  0.9589022568  0.8057456121  0.6228484586  0.7032436353  0.7101290102  0.6890680361  0.9040279995  0.9402386401  0.6365961985  0.8073705469  0.3545051917  0.3078980750  0.2865006898  0.2294018418  0.3490809528  0.4907195616  0.8648112001  1.0446873210  0.6327170952  0.3267362608  0.3100291444  0.4591965137  0.4813592274  0.6580764430  0.5082131162  0.5383374003  0.6112274787  0.7224929246  0.6876438361  0.6508884486  0.7668397320  0.6997651616  0.3884707173  0.3102922804  0.2716696869  0.2239421680  0.1447897254  0.0918120912  0.0748632850  0.1015538370  0.1073125995  0.0749705615  0.0733532366  0.0995439124  0.1068825343  0.1645085951  0.1548385482  0.1660700897  0.2669581843  0.2582297010  0.1520203468  0.2140049753  0.2447746979  0.1916410234  0.3081301683  0.4173384871  0.3757904147  0.4289479851  0.3684388391  0.6466544520  1.0906640876  1.1264767170  1.0413621585  0.9322547981  0.9913400786  0.6680978610  0.8202973718  0.7366636186  0.7859016009  0.7738241247  0.7432850115  0.7686257684  1.2890439044  1.5374188246  0.9772909094  0.6683956759  0.6738185396  0.7177380704  0.4840341264  0.6262330779  0.6329686017  0.8080072080  0.7482548053  1.1207109548  1.0196973498  0.7400555514  0.6934553407  0.7935350298  0.6047602541  0.5287361623  0.3795943506  0.6893749391  0.6609575068  0.6877514345  0.5023647350  0.2544709659  0.2816793853  0.3752124669  0.4689638374  0.5247526697  0.5031513131  0.3777486236  0.3508952728  0.3979994807  0.4964854819  0.4402117913  0.6387789211  1.0669476318  1.1666400022  1.6481702711  2.7592049437  3.1321328445  3.7548525377  6.1457574394  4.0911702170  3.2430959084  2.4032760764  3.6539760073  3.8825452842  1.9696134879  1.0101011391  0.7030102839  0.6933629102  0.9296586022  0.8436384644  1.3281940347  1.2039066673  0.8154368831  1.0787732240  1.2588743468  0.5466831726  0.4507584109  0.4854806291  0.4853735779  0.6119350770  0.3889325114  0.4201546510  0.3852140561  0.2495904524  0.1805562132  0.1815747265  0.1170231886  0.0791272670  0.0860276292  0.1435966043  0.2210925330  0.3462168687  0.2212410768  0.2126181958  0.2916755803  0.2725771621  0.4601565369  0.6252505938  1.0470913301  0.9821607815  1.4076053407  1.9603348461  1.4575800191  1.1067330372  1.0921816702  1.8118704799  2.8875869169  2.3053837765  2.6120142638  1.0837496338  1.2175660408  0.9701957111  0.4836778617  0.5595791900  0.8278663734  1.0098004121  1.0753994936  0.8841842699  0.9604717686  1.0391852363  1.3004815158  0.9314651679  0.6537777795  1.0728192743  2.2498553992  2.2592325211  1.8033539951  3.6910550006  3.6298710412  4.1911233108  2.1169233184  1.4333180669  1.3562105681  1.2520832061  0.6916876079  0.5927325578  0.4772755906  0.5013767195  0.5886271380  0.6982403347  0.6152564259  0.4909292593  0.4024965672  0.4662285778
  0.7132909889  0.8978439530  0.6491290054  0.3846861265  0.6260960597  0.7283057490  0.4727151858  0.8185083027  0.6345185163  0.4954009806  0.6011957114  0.4588798714  0.3778239474  0.3217395301  0.2682227003  0.2588434888  0.3666841006  0.5912586449  0.7725130919  0.5884971546  0.5661142512  0.4126239306  0.4012753363  0.6524384396  0.7926294746  0.7013569300  0.4319986994  0.3739441207  0.3210861497  0.3504793138  0.3884672087  0.8694336188  0.8762216836  0.4343722232  0.2767518109  0.2399319974  0.1651972119  0.0900852249  0.0912406816  0.0553978603  0.0682561349  0.1306516820  0.0942328189  0.0691546655  0.0846227948  0.1347709127  0.1548952745  0.1319153837  0.2064736041  0.1965419474  0.1504303260  0.1328556487  0.0979131014  0.1410869790  0.1240641964  0.2321323293  0.2973076364  0.3993779349  0.5206444551  0.5210367129  0.4550865979  1.0081227118  1.0932528856  1.0016474283  0.8417557050  0.5485846052  0.4062202639  0.4556481536  0.4811270747  0.7657519319  0.9037440254  0.8541651520  1.1200894800  0.8381746884  0.7396776560  0.7468747187  0.5998415868  0.4322984449  0.4655260572  0.3884362320  0.4764658462  0.6378624471  1.2968035721  1.4652169961  1.0865318021  1.1487173726  1.0674028755  0.7889182387  0.8577802037  0.7668344997  0.7521002154  0.6222605225  0.9611368126  0.7950320242  0.4636855131  0.3903728966  0.1979351342  0.1903880202  0.4272679044  0.4991653413  0.4121312655  0.3661103733  0.3098974539  0.3127517094  0.4560536795  0.4348278173  0.6180079763  0.8350175445  1.0396981808  1.5683785124  3.1286540364  2.6828058143  1.7265952542  3.6394921815  4.0190833134  3.7264900276  2.2363671707  2.3508029331  3.1582331293  3.6832990927  2.2605753773  1.4164962203  1.0192053546  1.0905626086  1.0414211210  1.3081096221  1.1140680722  0.9276330931  0.8397653263  0.6150548373  0.5754847584  0.3860746186  0.4303438664  0.5860974026  0.3440330495  0.4758429945  0.3399115276  0.4871418374  0.6611813178  0.3916558119  0.2874443576  0.2592591014  0.1351783188  0.1107411741  0.1224739719  0.1423278466  0.2003589668  0.2796366581  0.2172897386  0.2114134238  0.2978709377  0.3076394807  0.3875169275  0.8077646674  1.1465234248  1.4029703044  1.8465075792  1.9375397418  1.9392960161  1.3982246358  1.5517687037  3.5134435408  4.2490751424  2.6433785565  2.9216982684  1.7133361500  1.4914683404  1.4859285662  0.8438866603  0.6872857528  1.0321302786  1.3343832014  1.2441114199  1.0702372073  0.9647127633  0.6101071457  0.6755463553  0.9103621265  0.9500804400  1.3381389888  2.4797870078  2.2837934597  2.3829656034  4.4503485777  2.2695861345  3.2646158981  2.9729597271  2.3498404774  2.4859268102  1.6304510171  1.2659852130  1.0007476265  0.7530061875  0.4855855896  0.4634066925  0.5350538161  0.7292816953  1.1607122424  1.1987030345  0.8330403998  1.5415030477
  1.3651904548  0.7123115216  0.8317254839  0.7460908863  0.5873776720  0.4683968860  0.5031174742  0.4035290708  0.4371083824  0.3231907289  0.3795790088  0.4257822478  0.3064747051  0.2700440335  0.2526043997  0.2996667735  0.6603430115  0.6997123639  0.5071969692  0.3622476218  0.3594836798  0.4012768416  0.5081354200  0.6366680441  0.6341875753  0.4480816608  0.3742175515  0.3685641183  0.3016182824  0.3528458523  0.7662430081  0.6481017828  0.3266995688  0.2216758540  0.1948454195  0.1117278598  0.1263614676  0.0890454448  0.0719493169  0.0718186524  0.1190081288  0.0760512638  0.0480165293  0.0594125745  0.0966067584  0.1141242651  0.1705880958  0.2158030422  0.1401033197  0.1094452503  0.1414385995  0.1109331846  0.1651277203  0.2089176588  0.2191475252  0.3140942483  0.5155950774  0.3360350448  0.2692254797  0.3540722156  0.7458282365  0.6836269977  0.9948115311  0.7218618228  0.8231428223  0.4533233352  0.2756250190  0.5042805630  1.5264085775  1.6823103312  1.2600085580  1.0894528903  0.5671293466  0.4989817370  0.4951893428  0.4893850774  0.4080765452  0.4378133075  0.4567646307  0.5480132836  0.6786953487  0.8895801772  0.9647277669  0.7799619324  0.9568361108  1.0365471317  0.8443982803  0.6038697985  0.9274586939  1.0566348129  0.7446140982  0.9992203088  0.8040336461  0.4654226271  0.3740936580  0.2594145311  0.2250046600  0.4170467088  0.6424753524  0.4089396489  0.2988414809  0.3524001337  0.4081031803  0.6108646377  0.7944795619  1.4509415141  1.8451546117  1.7533740845  2.1875773581  3.5763711662  3.7387379063  2.8666654398  3.8887610502  2.7487923694  1.8489382350  1.5486077825  1.9919537837  4.3818885787  4.0791112024  4.4429638703  3.0037362710  1.9739598907  1.8189195728  2.3345035519  1.4407126883  0.8327554057  0.5943728009  0.6073765231  0.5872168278  0.5583214262  0.5448818981  0.6876718827  0.5832476764  0.3584517173  0.3739063815  0.3859593440  0.4928786934  0.7923641410  0.5707589592  0.4941415724  0.2321459627  0.2079740916  0.2318519401  0.1778819650  0.1558785022  0.2072281263  0.2731883704  0.2889770417  0.3991191970  0.3955578580  0.3224011639  0.3522273285  0.7663292110  0.7550961211  1.6815970855  1.7803635309  2.4104043033  2.9810233963  2.7993830061  3.3556115438  5.0857098305  6.2249389211  4.2860016372  2.4809714888  2.2712246051  1.9676514543  1.3773302821  0.9840113790  0.8995132066  1.8804398518  1.2961315007  0.9555591577  0.9807881187  0.7331941435  0.7375282360  0.6149885481  0.9998032709  1.6293224290  2.0788796775  2.9341703384  2.6887408212  2.2339181764  2.7196246785  1.9928967814  2.5074707905  2.8911807465  3.4355693599  3.7615454192  2.1849240715  1.5756456915  2.1228130441  1.2660965015  0.6046774901  0.4154744945  0.7848118600  1.2536242529  1.7887464499  1.9053596218  1.7031879525  1.7561559881  1.7053436696
  1.0663776717  0.6781275566  0.8524025483  0.7733755113  0.7620947682  0.3432244165  0.2809637836  0.4175314724  0.2720760266  0.3326972839  0.3421202263  0.3371901446  0.2590619209  0.2861805579  0.3386636543  0.4640795880  0.5566050691  0.5946399062  0.3532799610  0.2578926815  0.4057696457  0.3417070023  0.4144427270  0.5292455208  0.4545342754  0.3110470167  0.4065655724  0.3185490249  0.2470274944  0.3956974562  0.4868412275  0.3593310616  0.2627227987  0.1437987051  0.1406012749  0.0842592727  0.0639063371  0.0737971135  0.0628209554  0.0679267243  0.0931924502  0.0670740353  0.0636354933  0.1145138278  0.1403478166  0.2119771588  0.1901263131  0.1486249994  0.1427297073  0.1480760414  0.1440235154  0.1997061194  0.1715126793  0.2400890251  0.3669239742  0.3224406934  0.2208262151  0.1922374906  0.3466012949  0.7937591699  0.9059453492  1.4235790122  1.0950248476  1.0636017671  0.3826260213  0.2883147525  0.5201552881  1.2742212394  1.2165481761  1.5810680070  1.8239268474  1.5940906268  0.9271638746  0.7025236465  0.3876610316  0.2857628251  0.3898337319  0.5192188493  0.6197676230  0.7016660411  0.5361382872  0.6415928087  1.0053231938  0.8662926738  0.8401732937  0.8824979911  0.8802704455  0.9734298584  1.3619736507  0.8416114257  0.6734199957  0.8774697702  0.5281642172  0.6278387827  0.3332370145  0.2595125431  0.8279744969  0.8866680306  0.7041517970  0.3666100564  0.3004712330  0.4856259073  0.7009802209  1.7532315347  2.4403641809  3.3921448575  4.7191253932  4.7547620480  5.2305696710  4.7320242000  3.8300322538  2.8035220144  2.4399668563  1.6794050883  1.5861898877  1.6872514538  3.4874687366  2.9312745110  3.1881161100  2.4899402706  1.5382718031  1.3308187614  1.7469090961  1.3294830448  1.0249723314  0.9365587702  0.6825408899  0.8801352215  0.9616285681  0.8070198133  0.8502330074  0.5976858693  0.4429503388  0.6589845635  0.7197944097  0.5777805912  0.7939980933  0.5813947396  0.5162185214  0.2964354003  0.2545163343  0.3552854440  0.3064172477  0.2664338030  0.2619278529  0.2793192551  0.3353846345  0.4112309341  0.3722285087  0.4217359669  0.7461157866  1.2037303315  1.1267135942  1.3143773644  2.1156118472  3.1911605328  3.2974403034  2.7119283850  3.2893129242  5.4168116779  6.6983918202  3.9579653097  1.9436075024  1.3100360987  1.5843929906  1.0340744652  1.0710698701  1.2197528200  1.1173948797  1.1804865750  1.5030154601  1.4222893547  1.8752203564  1.1452746280  0.7612939582  1.1236355487  1.5191851436  1.7132194843  3.4386131183  3.5911625347  2.7108872457  2.3298132067  2.6197749991  2.3326015774  3.3621701711  4.2336716609  4.7813684775  2.8320806670  2.2934963105  1.7805106771  0.9000267879  0.7512580692  0.6967051098  0.8842598580  1.2909945773  1.0391041633  0.9531963479  1.5753279264  1.2304425664  1.3604704990  1.2427556617
  0.6830051554  0.6580579315  0.5699761686  0.4634968422  0.3149628383  0.2201316514  0.2813783715  0.2390115881  0.3645738794  0.2241718513  0.2541157098  0.3285910268  0.2387976642  0.2427995815  0.3658780834  0.3938231456  0.3978902629  0.5303818731  0.2915837521  0.2353621836  0.3184238035  0.4465153760  0.3968102429  0.4351973481  0.4993996084  0.4619256639  0.3196411497  0.2593855629  0.3918601571  0.3397573274  0.2733847163  0.2061893850  0.1209470395  0.1293656389  0.1178093954  0.1009383545  0.1473179963  0.0937471494  0.0614331730  0.0653684982  0.0974546156  0.1097013080  0.1414940634  0.2070502634  0.1757669899  0.1383184340  0.1223779168  0.1246469292  0.1035193311  0.0920151726  0.1455792708  0.1798250240  0.2219556161  0.1851642988  0.1942497077  0.2423763866  0.2855050449  0.3294186033  0.6326974724  1.1396139706  1.7712092162  1.8782653289  1.1037591044  0.5714769612  0.3737844638  0.4012264262  0.9851616964  1.2825003144  3.4569025571  2.5142779164  2.5090298768  1.7282330308  0.8035388781  0.4082691252  0.2292674187  0.2322461102  0.3074244374  0.4234267381  0.4987211418  0.4347158462  0.5448018695  1.1772923167  0.9518073262  0.5726895291  0.4733614857  0.8782960555  1.4845532843  1.7912603023  1.2473950545  0.9212481798  0.7480710861  0.6063235223  0.6510267301  0.5608254159  0.3776939438  1.1478569450  1.8472085736  1.0305235350  0.9047435593  0.8844647190  0.9271914250  1.3000722902  2.0327127114  3.3770091940  4.3573220721  5.9809815317  7.6735662394  7.1963932455  6.1600509890  4.8023654162  3.1802635611  2.6210351085  1.4613562929  1.3232475758  1.2648187583  1.8280866773  1.8892206283  1.6612041394  1.8223896930  1.3505835092  1.3318683339  1.7665584935  1.6776520274  1.0376266088  1.0790437422  0.8100200880  0.7364395414  0.7744335050  0.5937845341  0.6100967202  0.7630626711  0.7410350928  0.6952345107  0.6800551385  0.5945288930  0.7695191375  0.5253299265  0.3798364977  0.4038925386  0.3340195554  0.4890946660  0.2929681553  0.2888402610  0.3439787884  0.3381899247  0.5276053364  0.4201732493  0.4361365415  0.8413719126  1.1791484727  1.3015904727  1.4667416295  1.3833327068  1.5267085572  2.9105381754  3.9546308427  2.4819137559  3.2639088840  4.3173105718  4.4396188148  2.5716705189  1.4292097979  0.9965536070  0.7386471322  1.0859885697  0.9243110771  0.8153634821  1.2578867081  1.0190754056  1.1991157241  0.9467038505  0.9880859004  0.7380069994  0.6649082244  0.8454503931  1.1621072426  1.7968654268  3.2077604186  3.9082696261  4.6477333100  3.4705150001  2.9275530695  3.3496136774  3.4578758248  3.6610365297  3.7472765824  3.8292871990  5.3139049920  2.1012330226  0.7506193190  0.7500769347  1.1321559313  1.3532941880  0.8953797980  0.9303853722  0.6203057093  0.9362310366  1.0482038802  1.0765987979  0.9442918106  0.6383543602
  0.5113123907  0.4917259174  0.7199689606  0.3593227431  0.2592779332  0.3369744394  0.3341983355  0.4056453052  0.3594015746  0.1734981702  0.2029388968  0.1823167301  0.2175500276  0.2336752649  0.2180238733  0.2626231563  0.3669877558  0.2621517268  0.2065111367  0.2175657085  0.2705163223  0.2843110302  0.4035971565  0.3911381046  0.3283417513  0.2676060855  0.4852372344  0.3154938859  0.2084221071  0.1935789325  0.1499680670  0.1261297430  0.1077883547  0.1210831210  0.1057075822  0.1493797812  0.1096926238  0.0938019520  0.0769385160  0.0889658807  0.0932851896  0.1603208422  0.1529945201  0.1894405228  0.1235827284  0.1010529375  0.1340314480  0.0997375801  0.1210467447  0.1135471269  0.1210155183  0.1371904844  0.1473929747  0.1125616911  0.1231119844  0.2042188625  0.2342764915  0.7777748378  1.1418930392  1.7204788950  1.2585733482  0.7793514830  0.6080963251  0.4595975524  0.4852053228  1.0619360989  1.4726658056  3.5693905004  3.7706191252  2.8162283668  1.5770252351  0.8339394697  0.6367993431  0.3170446942  0.3587253192  0.3983995081  0.4732461543  0.6728103768  0.6102157151  0.8114618768  1.1922605675  0.9441759289  0.4143554450  0.3031102867  0.4846596361  0.9246961639  1.2301312940  1.0210771772  0.6388626336  0.7987098483  0.6646849330  0.5303871822  0.4435788842  0.5017954019  0.8614933423  1.3492923246  1.0042447538  1.2704798244  0.9045245022  0.9649010845  1.6149002456  2.4128221939  4.0735456522  5.0314263803  6.5046506935  8.7926308224  7.0223908198  4.9751498376  5.6085340090  3.2118320122  2.2040068353  1.2875838492  1.1895472397  1.1124551299  1.1499002584  1.4110790051  1.1263704800  1.8546502545  1.9410239576  1.4411156718  1.5847014654  1.2174883614  1.0677040331  1.1114372606  1.0487420203  1.1232531824  1.1101268137  1.1515819255  0.8589569333  0.9096136188  0.7290918841  0.6145835825  0.6661180699  0.8603498591  0.7329495666  0.6334415805  0.5678569667  0.7507852772  0.3752644876  0.4527628493  0.4474384804  0.5055720122  0.5007883346  0.6917325197  0.8146485022  0.6451583955  0.7375822876  1.2638621678  1.5921927921  1.7631681182  1.5132031961  1.2804633427  1.4243452927  1.9347976626  2.6291280500  1.8486105699  2.0294530609  2.2814449355  1.7539812774  1.2058166045  0.7221218945  0.8094618266  0.9491848882  0.9305914811  0.9491368352  1.0200529541  1.0975455224  0.7735623586  0.8449114519  0.7696230255  0.5169418799  0.5754718764  0.5129019280  0.5829025529  1.0384585180  2.1913322645  2.5208641547  3.3644143795  3.9167116908  3.6987765266  3.1284946115  4.0288621166  5.9024747079  5.3617149923  3.6636322074  3.1214746870  4.0686690284  2.6633051144  2.1275271831  1.0149670356  0.8036938061  0.8557317145  0.6906078501  0.7927545945  0.9933217100  1.1664049567  1.0095259113  1.1867251443  1.2351873986  0.7167309046  0.6596454808
  0.7469229961  0.5972321667  0.2629189681  0.2511531495  0.3720194423  0.2754619897  0.1969107428  0.1823270571  0.1410471156  0.1913268844  0.2062132297  0.2176283872  0.2652768488  0.1517514903  0.1691906045  0.2312909325  0.1919912285  0.1409401352  0.1147026791  0.1669128721  0.2568851664  0.2962455806  0.2751864147  0.1784610862  0.2362399232  0.5102219224  0.3217354527  0.1316352163  0.0887865681  0.1011588333  0.1161289481  0.0881605126  0.0990755507  0.1539429396  0.1545933995  0.1203471554  0.0975671358  0.1006727798  0.0814793930  0.0765585494  0.1061761498  0.1239467387  0.0996015736  0.1059189780  0.1557015060  0.1468837887  0.1493905055  0.1023204640  0.0658210506  0.0871970489  0.1356019963  0.1002145566  0.0784433869  0.0976102510  0.1218001489  0.2490815307  0.7120818783  1.0856543043  0.9186430037  0.8451874915  0.7319647306  0.5733679812  0.4658704773  0.5666547588  1.5777460558  2.1699700999  2.7339689219  4.9291781522  2.1356245819  1.6681653150  1.2372038385  0.7848250607  0.3845720301  0.3234284598  0.4572634917  0.6970982658  1.0377621986  1.0534991105  1.1441616399  1.0300676756  0.9924386874  0.4812890080  0.2992500338  0.2830161862  0.7174905187  1.0124449277  1.4449764820  1.1113886484  0.9116990176  0.7196211238  0.5389040502  0.6054576780  0.4955557917  0.8417450771  0.9767717395  0.9676990556  1.3782583727  1.2326050579  1.3518688073  1.5140641330  1.8338066236  2.9461876366  8.1315981899  12.9805044656  18.2225017303  9.4476059991  4.9772619083  4.2989099243  3.4162988356  2.1370075879  1.1950074640  0.8732598772  1.0450341657  1.5192934833  1.2967123528  1.2545500353  1.1330186261  1.2716417438  1.5202397752  1.0644363288  1.0768802110  0.8428221747  0.9812954486  0.9070171772  1.3117007308  1.0043154520  0.9354380035  1.0753409116  1.0970970956  0.8742478682  0.7861262896  1.1109911365  1.6356072763  1.0689889913  1.0818488852  1.1162885945  0.9345991269  0.7219533465  0.5457411662  0.7774597814  0.6073837301  0.8208002665  0.8577645283  0.5962977484  0.8623283164  1.1608515379  1.2674765028  1.9354515397  2.4950823891  2.7678542661  2.2923961317  1.7838993730  2.3991448433  1.5883517914  1.2710684341  1.0831328907  0.9886567919  0.8434165388  0.6432774456  0.7760555529  0.8612047701  0.7952740097  0.8920463270  1.2746262780  0.9750680464  0.8611380656  0.5613127552  0.7126193038  0.5566571542  0.5601072126  0.7350849409  0.5657287980  0.6242409670  0.9781709625  1.2328563356  2.4210013316  2.5643378224  2.5514309104  2.7261866809  3.6406196893  4.7624051676  5.0004814735  5.5358632846  3.9254713475  2.7905815096  3.4791939429  3.1426021235  3.4650520114  1.3322258166  0.7140018102  0.6138670624  0.7968528606  0.6610978152  1.1842946576  1.3885656847  1.1660411019  1.3506631012  1.3565008442  1.0286465496  0.6732335411  0.6822929463
  0.4921980343  0.2684229152  0.2228990153  0.3568840290  0.1664045626  0.1017390364  0.0774840302  0.0867315337  0.1740980879  0.1159785080  0.1983267585  0.2364899994  0.1361571477  0.1607294833  0.1269204968  0.1518682438  0.1115879681  0.1127877519  0.2464744597  0.3531727799  0.3573327491  0.3005034596  0.3071724259  0.3231255910  0.4287725063  0.2959047229  0.1278227886  0.1090365545  0.0936242073  0.1588662102  0.1816818816  0.1893075144  0.2163090670  0.1263407303  0.1121593572  0.0872600683  0.1027619178  0.0763790110  0.0507558028  0.0668422530  0.0855411469  0.0819101667  0.1029953130  0.1391801948  0.1209399788  0.1032049841  0.1029800988  0.0786213076  0.1036502040  0.1004458735  0.0913596985  0.0952946266  0.1431944576  0.2146963530  0.4107658282  0.6363429894  0.8931546626  0.9010934226  0.5246567969  0.4836189824  0.5179141673  0.6130194544  0.5100825601  1.4930669024  2.3237480595  2.8431472353  2.6608859118  1.8208177113  1.7269657442  1.4095680851  0.9829469711  0.4232407158  0.4405416336  0.4494915737  1.3047035419  1.2762251570  1.2229418426  1.1909443906  0.8971717612  0.9326266290  0.9646835296  0.5243134999  0.3902943701  0.6864291745  1.0260165598  1.1003560856  1.5225188137  1.7439930654  1.1270058689  1.1779233876  1.3536928085  0.9932675088  0.7718689185  0.6983250911  1.2739416612  1.3283238128  1.8692359226  2.1563814467  1.8923490409  2.5954215622  4.4267035687  9.0006418827  9.5307013179  15.9224709914  12.4876678720  6.2815191641  5.8530323099  3.0108164738  1.7372960889  0.9278330766  0.6811199572  0.8650139023  0.9838479652  1.4060628282  1.0448844039  0.7547074847  1.1559276023  0.9032527480  1.0083821987  0.8846554980  0.9068294454  1.1624534062  1.3843684805  1.5380619401  1.4758173189  0.8477056568  0.8687687831  1.5372667110  1.1592337875  1.8214423696  1.8560868580  1.8338754879  1.6458297986  1.4212062192  1.4717932054  0.9290135967  0.8905120431  0.5904993081  0.4748170495  0.4904203098  0.6544817386  0.6001196517  0.6978177010  1.0929496786  1.1077545755  1.1089080427  1.8353307582  2.8508642203  2.6073483280  2.6977419798  2.8342446277  3.8845114957  2.8668282796  1.5181903014  1.0413300887  0.6920018776  0.7834383165  0.6446260201  0.7074642562  0.6391137850  0.6100912309  0.9677085754  0.8648634249  0.6473909594  0.6179468863  0.4761884921  0.4642792763  0.3601412608  0.7702338184  1.2510771917  0.8476513423  0.7325896365  0.8734325056  1.5791177397  2.1967856315  1.5705317046  1.7203615985  2.1965267630  2.4210260439  4.7016580415  5.2753901211  5.7354419069  4.3388688475  4.7731991574  3.6727890004  3.8496119074  2.4276718838  1.4967669438  0.9253517708  0.8354738617  0.8111232565  0.9148842093  1.2011828617  1.0167830218  1.2748885372  1.3047069777  0.8485328235  1.1271587590  0.9293117987  0.9845192866  0.8213339325
  0.4010858960  0.3407678739  0.3514435701  0.1408984942  0.1159904360  0.0903033032  0.0880749960  0.1608748517  0.1675834507  0.2343934664  0.2146509184  0.1836613697  0.1090402699  0.0675068807  0.0794631706  0.1202151341  0.1760404613  0.2149187289  0.3041223260  0.3057240545  0.2343949190  0.2144107047  0.2147630159  0.2038121278  0.3117574628  0.3046193299  0.2817608486  0.2577826420  0.4060330445  0.3327312595  0.3479542713  0.1981715764  0.1281330279  0.1164763579  0.0665079916  0.0407914721  0.0472640612  0.0522500745  0.0538542768  0.0696508432  0.0682408657  0.1322221451  0.1044702362  0.0925254343  0.0866946499  0.0503185579  0.0601962478  0.0996858631  0.1300434862  0.1591168703  0.1318057120  0.2295795942  0.3847070392  0.6265480443  1.1048793122  0.9353234489  0.9245044366  0.6419707775  0.3281705894  0.3174089460  0.3912278654  0.4380191804  0.7062723702  1.4365110174  1.5258332346  1.7576660196  1.7332313200  1.7250714364  1.5983616410  0.9908938553  0.6329518735  0.5781179282  0.7830958270  1.2924399341  2.7758131404  2.6095996731  1.6187661318  1.1732451471  1.6414073008  0.9130793729  0.8776951218  0.8322557057  1.1250735684  1.0636939053  1.2132185550  1.3603733916  1.6655623716  2.2236625123  2.3552192636  1.9950868159  1.4759267393  1.2072569608  1.1899086834  1.2484450926  2.1086001622  4.0546773158  3.7225006659  3.2576570178  3.9787285918  3.9308115237  4.9043879925  6.6845647803  9.5162812461  10.3437041340  8.2412980312  4.2376489892  2.0898994348  1.4632711969  1.6897051172  0.9738959632  0.6851967573  0.7453432231  0.9799227146  0.8736462762  0.8352251252  0.8772657179  1.2201979113  1.4695379467  1.3739448543  1.6722461773  1.4625813450  1.7644921021  2.3734236397  1.9028686193  1.1384550429  1.3967473566  1.5946881453  1.5783206556  3.1889247358  2.6775783996  3.4083541178  2.5711273447  2.0082083468  1.9773902235  2.0702281892  1.3411531720  0.4675222992  0.3188199472  0.3917999114  0.8166785632  0.9752182916  1.0718618447  1.3538888568  1.2753186080  1.0861816338  2.3739237443  3.7943999736  2.8148514806  2.4394751842  2.1888810609  2.7629947734  3.2967693548  2.5403483635  1.1981731396  1.0685836230  1.0475393100  0.6212172225  0.5133345284  0.4900419673  0.6730239882  0.9323742396  0.8801750051  0.8546253782  0.7716505932  0.5958249622  0.4700658509  0.4030954517  0.5095403268  0.7990841170  1.4143675650  0.8595984081  0.8966228743  1.3567581278  2.0594614756  1.8479382078  2.5000579514  2.2133033076  3.2438620531  5.4917067688  4.4596052969  2.9857044386  2.7324555393  3.1129365113  4.0255719643  4.5160033775  2.9091876505  1.7168409572  1.6358251698  0.9733920653  0.9104876243  1.2359899039  1.0601914014  1.2727401763  1.5712675757  1.4224844428  1.2534513775  1.5262964373  1.3215261694  1.2106779370  1.0374245321  0.6652165985
  0.4372978052  0.3938727432  0.1903641512  0.1614243685  0.1645329431  0.1041482758  0.1347947007  0.2334958368  0.2746147757  0.2435586575  0.1011038383  0.0821408531  0.0573119539  0.0808114113  0.1181275994  0.1523614836  0.1670215839  0.1776129106  0.1552397630  0.2487137839  0.1400197874  0.1232582433  0.2670479386  0.2631767357  0.2570580410  0.3234688411  0.6260897603  0.3500073035  0.3092894258  0.4454749888  0.2653126016  0.1331849126  0.0907551450  0.0607093064  0.0448317491  0.0694125982  0.0584803628  0.0352793703  0.0442865327  0.0574076096  0.0976542408  0.1147886235  0.1087116120  0.0984140080  0.0663565639  0.0618633207  0.0888509490  0.1004683465  0.1582210128  0.1962790084  0.2586480204  0.3729061342  0.5751192294  1.1582546690  0.7752418811  0.5577285470  0.3966135276  0.1866938487  0.1788480384  0.3433397898  0.6262222473  0.6184153584  1.0471702858  1.1610800647  1.7994004172  1.3116444266  1.3687496861  1.3946167946  1.0852032779  1.1653142319  1.3056272451  2.1549750799  2.6787430605  3.1650261297  1.8185524641  1.5483393116  1.5368990855  1.4221317684  0.9440582722  1.0688084860  1.4291662084  1.2872117930  1.2217195503  1.1415207514  1.1785534458  0.8336260944  1.4455238086  1.5746068354  1.3756679593  1.2410253229  1.3746904763  1.0251624494  1.1428595654  2.3963352902  4.8095341502  3.7598914397  3.0057737902  2.8901509818  2.4608092724  2.9190937229  5.0199534522  6.6148600863  4.5708422546  4.8584100477  2.7654525061  1.4959488020  1.5256545757  1.1519560522  0.9015447398  0.6787092239  0.7459105498  0.9764035666  1.1789106401  0.9520180965  1.3593765620  1.6656846095  1.3107457728  1.7548848708  1.8310734616  1.8494961659  2.4872936091  4.9814858261  3.3827793909  2.9789847142  2.7750468802  2.7126467485  2.6938537989  4.3443137694  5.6699267931  5.0453487723  3.4893734254  2.4840363585  1.8202276269  2.2811848521  1.0613610032  0.6417380508  0.3957110765  0.3948779238  1.0462136300  1.2435817796  1.1664256672  1.2564833985  1.2753990585  1.2379438901  1.7071597266  2.3780686146  1.6745203928  2.2157860174  2.9864967212  2.2341039525  3.2135468780  2.1759011959  1.8153491241  1.6384829758  1.2810113981  0.6116109770  0.6707910136  0.7276300535  0.7076055186  1.3342452990  1.0764872316  0.8586654443  0.7655828532  0.4913842492  0.6702344676  0.4286468226  0.4470007883  0.8482191130  1.0941349546  1.4771015188  1.4746122230  1.6506559210  1.9544248692  2.7754307795  2.2689737496  2.1206568120  2.7764027184  5.0119837824  3.2518441494  3.3038102085  2.9265636691  3.2290566647  5.8623334521  4.2099122182  3.3688285613  2.3104843793  1.6953522493  1.1843077226  1.1093402775  1.5661890292  2.4261326663  2.4375799155  1.5977455228  1.7851815243  1.7237347971  1.5658734170  1.2598299993  1.0367415711  0.5806144953  0.4461161874  0.3399138092
  0.3381112096  0.1652531942  0.1335146076  0.1269693707  0.1010793828  0.1347938985  0.1065220100  0.1097734110  0.1890192972  0.1584118018  0.0925676657  0.0497830811  0.0616694660  0.0987771160  0.0854481917  0.0867835646  0.1154609650  0.1028272409  0.1551464609  0.1036701692  0.1060557595  0.3261555810  0.2592586933  0.2622388360  0.3816925716  0.5688870348  0.4172606444  0.3355595701  0.4000835015  0.2581078013  0.2806099066  0.1035354414  0.0534203747  0.0497368223  0.0818461279  0.0676392500  0.0345151586  0.0392216173  0.0493458315  0.0964460986  0.1569705272  0.0923831524  0.1150114912  0.1175804731  0.1073678328  0.1220779891  0.1002974169  0.1497489920  0.2919310169  0.2785862090  0.3384556192  0.3680636130  0.4220959362  0.3695438999  0.2829521587  0.2385039428  0.1959478903  0.3599587892  0.3904318400  0.4914217092  0.6400064968  1.0815446642  1.4424235190  1.7625876074  1.3486484464  1.3233239605  1.3013015175  1.2818045976  1.2201595991  1.4585536898  1.8363657773  2.0742693989  3.0458770213  2.5874614765  2.4985918445  1.9148519990  1.2557160054  1.4766262525  1.5303760601  1.3592625376  1.6599751948  1.7705672655  1.4634320845  1.2754211647  0.8007353182  0.8066010562  1.1562031123  1.3169746449  1.5131606948  1.2440897967  1.3476878941  1.7092161179  2.2575001630  2.9456310543  2.6893609714  2.3087138399  1.9002323836  2.4064214449  2.9171104299  3.1319486075  4.2482588454  4.4693141824  2.5141151954  2.4909629519  1.4681291276  1.1105817449  0.8020628572  0.7695329922  0.7746086562  0.7734732498  0.8537991694  1.0477517159  1.4250397079  1.7439074351  1.3338131235  1.6121559707  1.6557055000  1.9636013362  2.2792337368  4.3955671206  6.5179910204  5.1907504894  4.0226910678  2.6343817528  4.7492553493  2.5418290812  3.3674354085  5.0353215170  4.4000125131  4.5277195789  4.0085057043  2.2488878800  1.7797060293  1.9647152305  1.0671421323  0.5164373622  0.8178483561  1.2717215784  1.2906000337  1.7912347760  1.4374008731  1.6154983153  1.7895729790  1.8303089843  1.4630204197  0.9769342414  1.8229599061  2.6916867143  2.5001736688  3.4394834137  3.1700198772  4.3765554199  2.9454440190  1.4392461176  0.9877497049  0.9507451426  0.7369130612  0.4472392629  0.5701462899  0.8205759014  0.9878845114  0.5444397273  0.3107782659  0.4434957935  0.5265589552  0.4140161134  0.6575463919  0.9490201360  0.7402628681  1.1762974497  1.1899955686  1.7652258717  2.5913040856  2.5257212301  2.0942660151  2.8255980934  4.2293899157  3.3685673180  3.0898338609  2.8198817852  3.8368417052  5.0076643512  2.6804012243  2.3835051622  1.6246278534  2.0653667502  1.3062596763  1.1437426656  1.5555940384  2.7549292404  3.2351734152  2.1827625908  2.2468128882  2.0430674558  1.5893329541  0.8914426934  0.5976863155  0.5422855472  0.3314184021  0.1838649510  0.1940943825
