  0.2532573770  0.2647172564  0.2140820155  0.1971364591  0.1898514328  0.2210170399  0.2529902584  0.2862482186  0.3982889458  0.2404675071  0.2150723496  0.1651928956  0.1508889969  0.1648866518  0.1548989346  0.1372234234  0.1955190530  0.2199753111  0.2429611155  0.3079902769  0.2314478659  0.2191322360  0.3699395527  0.4250657314  0.5677701741  0.3699193503  0.3604402728  0.4023957040  0.3470796322  0.3390548702  0.3489901085  0.3457180357  0.2581731340  0.2367985036  0.2168504273  0.1532941578  0.1313932596  0.1638889750  0.2080966742  0.2711799530  0.2862047401  0.2174874907  0.2945408194  0.2407174891  0.3205775355  0.3556078174  0.3814740326  0.3875484745  0.3948833006  0.2612578274  0.2103131952  0.2433530448  0.3766956654  0.2974562388  0.2620487722  0.4207238781  0.6098400781  0.8704157604  1.1321417763  1.6926063471  1.3620900800  1.8549215686  2.5879168176  2.0881332156  2.1069564390  1.4089226162  1.3459716133  1.5079492579  1.4353831255  1.3273095167  1.3058126844  1.5958441134  1.6169198781  2.1783860507  1.4585151880  1.0368883021  1.3851046884  1.9224034300  1.9607205283  1.8288833947  1.7578933921  1.8428228583  1.7662260443  1.4024341473  2.1152319624  2.2795638057  2.1402697580  2.1605805280  2.7117987811  3.2733011912  2.0331909171  1.9391542948  2.2606751400  2.2149120140  1.7434123048  1.7878728605  1.7309001010  1.3751056393  1.3111593510  0.9859508319  1.5302832375  1.9969234368  1.8968319495  1.0468348480  1.1739857732  1.1978564448  1.2402787626  1.0964287560  0.9471911163  1.3188036500  1.4787594165  1.7278507872  2.3001694315  2.2009602883  1.8095972255  2.7239790622  3.0030555814  3.4652493486  3.1523413062  2.9266027078  3.6532073049  3.3450279846  2.6960614461  2.9654583162  2.0591053701  2.2005812039  2.4606739197  2.5036034343  2.2711229922  2.0982736678  1.8344099111  2.2889027500  2.4780128183  2.0508304396  1.7243826635  1.3023120110  1.3812700752  1.4768106738  1.1195925732  1.1963682890  1.9936334232  2.3892550474  2.3074509167  2.3221757285  2.3936480711  2.1188067602  2.0102715947  2.2963787895  2.4505052235  2.3239102795  2.4499828219  2.4955428744  1.7929801229  0.9506514938  0.6726129935  0.5712070359  0.5875573433  0.6728555666  0.6432732078  0.8301348895  0.7134292487  0.6433530887  0.6515868604  0.6992779553  0.7511791868  1.0338887604  0.9526716128  0.8037908279  1.1633715346  1.0591565695  1.0506062920  1.4250265571  1.7817671828  1.5143094335  1.6245586032  1.7197752170  1.9627725353  1.7505417342  2.0188093924  2.4110059840  2.0005751755  1.8277430068  1.4466501031  1.4427233149  1.1819606170  1.1293661517  1.2271343866  1.1666343883  1.2760035928  1.7313658440  1.5515738990  1.6555250001  1.6445737189  1.1591525598  0.8780060970  0.7919272656  0.5834543371  0.3464501275  0.2802193338  0.2151583021  0.2621240330
  0.2483620371  0.2108835776  0.1634413326  0.1448326435  0.1567932784  0.2777624979  0.3903835620  0.2872372146  0.2228145646  0.2070049915  0.1752363721  0.1183523938  0.1310605796  0.1199424438  0.1310158682  0.1459587619  0.2070264459  0.2623587935  0.2414407444  0.2044874998  0.2487742121  0.3577796480  0.4797820997  0.3606389534  0.3034743841  0.3570538247  0.4041051782  0.3266251569  0.2772641930  0.2901542771  0.2494361888  0.2199622213  0.2567807680  0.2654712099  0.2363896582  0.1983277344  0.2354843135  0.1848559010  0.2430520036  0.2789081910  0.2233932851  0.2677288539  0.2370686718  0.3297800093  0.3223460781  0.3347564156  0.3914686602  0.3555655744  0.2884642608  0.2479361317  0.2896319726  0.3195588737  0.2697541442  0.2890418345  0.4218627679  0.6103248000  0.8575631559  1.1439873274  1.4858943140  1.2993109685  1.8738971145  1.8422301545  1.5988926423  1.6706847981  1.6256261275  1.7271463521  1.5189762796  1.1505784288  1.2968185099  1.3120632679  1.8835325416  1.6514754753  2.0716793182  2.3163238907  1.7143829301  1.2580081824  1.3512990914  1.9102989704  1.7812413634  1.8940329804  2.1280606844  2.2975658342  1.9142349457  1.9896027720  1.9807344459  2.5495093484  1.7114230856  2.4545469712  2.8077943467  2.7476810134  3.2199354156  2.8907355647  2.7921012687  2.9795713269  2.3954173604  1.8402532982  1.7060386178  1.4054015919  1.1615718985  1.8107254654  1.7969319960  1.0768257769  0.7488828271  0.9440541141  0.9794525809  1.0111806729  0.9375817245  0.8225185451  1.3126708584  1.4533823103  1.5891235086  2.1184405408  2.6867945229  2.4210127678  2.7137528967  2.9903937919  2.9674484239  3.1885464856  2.4109571689  2.7809511298  3.7248132232  4.0200667244  3.4162492922  2.2701672893  2.0174614063  2.1891198027  2.0168707289  2.2640732237  2.6375329425  1.9105134082  1.7404632146  2.0581551755  2.1291692031  1.7538139120  0.9806559718  1.1967424052  1.1957183452  1.7047915215  1.4483750392  2.0681235466  2.6157671588  2.5015338945  2.3450972454  2.6551696462  2.2938595073  2.0235255527  1.6901702839  2.0159370365  2.5241264674  2.7745603296  2.9903524963  1.9379300540  1.3531860262  0.6573722822  0.4142790289  0.4153244571  0.6011560064  0.7164481064  0.9438960740  0.8577724856  0.8653421551  0.7764179475  0.7194099117  1.1977214344  1.2244357496  0.9635019634  0.9361963963  1.1054150508  1.0522563706  1.0288442679  1.0907408884  1.2852649711  1.1337332378  1.4898579028  1.8305363073  2.1137070246  1.4533430530  1.3889710438  1.4538117776  0.9652409494  0.9064390052  0.9248251239  1.0557291581  0.9533540298  0.8213168184  0.8735908591  0.8232227159  1.0184725424  1.5477451285  1.6074784614  1.6230027287  1.7966616179  1.0329152182  0.8397355837  0.7348355947  0.4645401745  0.3911804422  0.2551452893  0.2584859928  0.2241412188  0.1718491306
  0.1745979995  0.1425613132  0.1648281662  0.1769324892  0.1913734669  0.2751093491  0.1920535204  0.1687883520  0.1665448811  0.1493067612  0.1107664727  0.1143975309  0.1521324257  0.1583216256  0.1625950022  0.1694824969  0.2327567744  0.2341449854  0.2070463591  0.2651299325  0.3496606826  0.3955867313  0.2878629651  0.2414566936  0.2910504057  0.3720136103  0.3077561564  0.2992741812  0.2372131789  0.1777493574  0.1854385453  0.2403025567  0.3125721619  0.3091035304  0.2851019505  0.2184838816  0.1953668440  0.2654615736  0.2996528239  0.2869147187  0.2885207962  0.2683392903  0.2818031586  0.2960805957  0.2665743876  0.3099506343  0.3105535402  0.2447984506  0.2331124860  0.2642823816  0.2166160623  0.1869454380  0.2121553200  0.3418560289  0.3816509628  0.7009640838  0.9361478491  1.0841031251  1.1913797679  1.3528572584  1.7243176032  1.4580842695  1.4600050377  1.7793239418  1.5949856601  1.4614744375  1.1445149106  1.2133965913  1.3310401365  1.6538524408  1.8097235145  1.8568871645  1.9781583181  1.6859835797  1.4452634170  1.8150779128  2.7084627619  2.9518420643  2.9465201115  2.4744515234  2.5437675742  2.5452113644  2.1160677843  2.0461510735  2.7969566868  1.3281066670  1.7282221129  2.0803731837  2.3428354790  3.3808014325  3.6790430311  3.4706891502  3.5394096527  3.3398879302  2.3535276836  1.8549347356  1.5845135966  1.5746007137  2.1021527887  1.9975213257  1.1770117931  0.8236225098  0.7372856406  0.9782340167  1.0499336573  1.1057965898  1.1370623888  1.2543383184  1.5631977731  1.9403974685  2.0639953936  2.9290469979  2.7929351630  2.5447309631  2.5895007260  3.0016543951  2.3743501328  2.1993766327  2.8132209725  3.6594074731  3.2799016722  2.3601829235  1.8997621979  2.0368890982  1.8321589694  1.7787323280  1.6897721187  2.7740976159  1.9330934357  1.4410100243  1.6745048254  1.4895819070  1.6877200835  1.5663117311  1.3545626338  1.2536214794  2.0241113801  2.2363223193  2.0582214410  1.7190739150  2.4481631187  2.5326166487  2.3664871174  2.4088986301  2.0183113611  1.6304641876  1.9212103604  2.1077375408  2.3355228336  2.6071882168  2.0042721767  1.2616491982  0.7073046185  0.3883918171  0.3704175680  0.4976530378  0.5348426018  0.7834868190  1.0780344072  0.8330054344  0.9318392781  1.0952613619  1.3691222101  1.5508093555  1.2454506891  0.9031372411  0.9294219489  1.2749301221  1.3201426359  0.9931348438  1.1801168936  1.3123710644  1.7166793428  1.5673882912  1.9189797434  1.6823169114  0.9705662149  0.7418816279  0.7684466749  0.7597166019  0.7104520882  0.6508091102  0.7045583001  0.6562712982  0.7075096424  0.7771314091  0.9327210247  1.2247451273  1.1712050698  1.4436613864  1.3184455903  1.0656017799  0.6835639257  0.5690931980  0.5385197799  0.4106984201  0.3147733511  0.3082503013  0.1719128866  0.1493163286  0.1723222360
  0.1653405134  0.1780176281  0.2028136942  0.1469717288  0.1556511862  0.1898466155  0.1864940010  0.1850034979  0.1328364718  0.1431588220  0.1341273750  0.1425110815  0.1700248265  0.2157558190  0.2000765003  0.1886708721  0.2091661916  0.2573838294  0.3249532197  0.4153001242  0.4256510845  0.2745826067  0.2969621692  0.3129438008  0.3379337181  0.4134671542  0.2715714793  0.1797512642  0.1589212502  0.1754709182  0.2271150886  0.3610726963  0.3582040579  0.3508578061  0.2720214809  0.2548019081  0.3246860110  0.2695022713  0.2556076519  0.3058362961  0.3303151729  0.3533103185  0.2984522854  0.2777263693  0.3070565587  0.2783950945  0.2464895667  0.2075400885  0.2083290437  0.1940087564  0.1923483037  0.2040872546  0.3422727998  0.3617753633  0.5118423098  0.6929470997  0.7622776165  1.0417276520  1.1336839747  1.9627172267  2.5734360588  1.9050041316  1.4707976165  1.1103735724  1.3373496573  1.0673624868  1.1999541647  1.2243785564  1.2368313914  1.6216266784  1.4058920680  1.3532537592  1.5997856342  2.2688825812  2.5920219304  3.3778372319  4.7305114803  3.4526340069  2.6353689120  2.8018493605  2.1441201935  2.4981532570  2.7230321196  2.1217157204  1.5711543772  1.9418023152  2.1765613961  2.8519552606  3.3883617702  4.0332512114  3.9527048950  3.9985617628  3.6694074982  2.3088983732  2.0688793049  2.3973023689  2.5799412387  2.1459914527  2.2555660133  1.5827032564  1.2484656380  0.9869910523  1.0103055821  1.2195358314  1.0271738744  1.1495254319  1.4293191395  1.9116439482  2.3971318646  2.4115422324  3.0429536392  2.7022931881  2.6858835655  2.9616470808  2.7447751023  2.7948279133  2.7071186355  3.4640878919  2.5835668210  1.8304451585  2.0495688665  1.7133484949  1.3707194035  1.2321086705  1.1039929069  1.0258572951  1.8172431299  1.3996998696  1.4234635558  1.5504211904  1.6187262637  1.5671242820  1.6749453353  1.6007240688  1.6924177340  1.8970770023  1.9476840836  1.9833386689  1.8273829203  2.4041219246  2.1897914771  2.3244237782  2.0862143978  1.6588487245  1.5845631329  2.1378772469  1.9178165302  1.9571425727  2.5634741744  1.8194717844  0.9265761909  0.6970520704  0.5900108361  0.5104492949  0.5540801450  0.5950388881  0.7252658928  0.9088946728  1.0612703575  1.2585316779  1.1871201820  1.2399490900  1.3348357607  1.3173209438  1.0503680657  0.9526738729  1.1963269902  1.3095516314  0.9125697157  1.0342219219  1.4375478440  1.5172112190  1.7054639968  1.7857330274  1.5473914662  1.2361082361  0.6123076304  0.5362527245  0.5953743971  0.4508359677  0.4776850184  0.6819473440  0.7252380004  0.7557388860  0.6809396932  0.7385454645  0.8201399285  0.9593841835  0.9799058992  0.7916975905  0.7207090915  0.5855996339  0.4123254347  0.3819299356  0.3112117304  0.2436152693  0.2842555651  0.1964480152  0.1433121408  0.1796251687  0.2164056487
  0.1914756950  0.1678240919  0.1442274626  0.1529628887  0.1370535048  0.1947616173  0.1856143637  0.1702780934  0.1522004520  0.1449378140  0.1510116872  0.1843023561  0.2012414693  0.2329012954  0.2159509821  0.2015242855  0.2929077179  0.3243293848  0.4846008396  0.5500439027  0.3692358219  0.4224181820  0.3883876934  0.4470771086  0.3782195660  0.2968573638  0.2251364041  0.2117589622  0.2077494634  0.2140078900  0.2943910287  0.3444199886  0.3760602906  0.2911936705  0.2849918077  0.3146036078  0.2887498201  0.2810198239  0.2625243900  0.3798210092  0.3312569685  0.3225511178  0.2945703432  0.2439109510  0.2684522510  0.3041304129  0.2206743156  0.2120037679  0.1635523175  0.1834748907  0.1907444401  0.2572287794  0.4383687968  0.4519426014  0.6754045952  0.8436554634  1.1594721729  1.5404040331  1.9453870645  2.5360363746  2.1464330288  1.5785139087  1.2411316496  1.3600465420  1.2963551318  1.2283157231  1.0175239235  1.1954211399  1.7924863106  1.6036959834  1.3387724370  1.1290880594  1.2877928719  2.1984996547  2.8796460647  3.2033752487  2.5465811007  2.3521594173  2.0445034395  2.0060455185  2.1707957273  2.7765624884  2.2595450786  2.4951132494  2.3532640889  2.0362971591  3.2084278782  3.6830071920  4.5955022797  4.6226459428  3.6511454464  2.9631023972  2.9370115503  2.7734590579  3.0397822713  2.8068858793  2.5372510563  2.3876376568  1.8260773055  1.7857430013  1.5943844100  1.3975995504  1.3383651238  1.1660090584  1.2757423396  1.8593153188  2.5161426152  2.6620599780  2.3328033210  2.9114216760  3.1903808734  3.9193470970  2.9547160377  2.7044592653  2.9658487914  2.9138128635  2.9088240461  2.2928613169  2.0202252743  1.9371062838  1.9061933589  1.4556796560  1.0610856656  0.9721665672  0.9387544094  1.0192110277  0.7930037098  0.8496080091  1.2705151519  1.6223367699  1.7616391808  2.0720886715  2.8620611748  2.5311589119  2.2490926404  1.9612442261  1.8896640768  2.4391294077  2.3160300868  2.3257547801  2.0569276236  1.9557319526  2.0196786872  1.8958584150  1.5599626848  1.7660790690  1.8492952634  1.9395802575  1.3751280310  0.9188291242  0.8218994626  0.6508157298  0.5628538720  0.5264191831  0.8390573103  0.9747384012  0.9653822791  1.0600593063  1.0201488578  1.1492768050  1.1344178493  0.9076576431  1.0940329423  0.9848348335  1.1325281797  1.1933070653  0.8255863046  0.7764646913  1.1216329476  1.3002892972  1.5240711749  1.9416831926  1.8855638577  1.5471561796  1.0356656031  0.6301950696  0.6602596993  0.4830926611  0.4407460303  0.4250575835  0.5262988329  0.8183783856  0.7322060408  0.8446687379  0.9255193067  0.9500971167  0.9047706639  0.5891256031  0.5668662173  0.6589376657  0.6221429202  0.4844818250  0.2895701606  0.2505040795  0.2143453038  0.2083808059  0.1992876896  0.1877695383  0.2085998209  0.2089064435  0.1874837998
  0.2070097331  0.2070958090  0.1547833690  0.1346812586  0.1801088550  0.1969414654  0.2039613776  0.1882707530  0.1524223143  0.1305728103  0.1446525166  0.1713715323  0.1864808377  0.2367099130  0.2696846464  0.3379145568  0.3615621895  0.3803549651  0.4619572128  0.4563119633  0.4172346181  0.3341124970  0.3533378842  0.3396570286  0.2952880452  0.2242454071  0.2634373858  0.3004382851  0.2399690559  0.3222201964  0.4493454896  0.3922863457  0.3504395237  0.3126653248  0.3043237322  0.3588703613  0.2761412018  0.2633504170  0.3407098877  0.2687196215  0.2297798607  0.2534104828  0.3165241998  0.2736217952  0.2922919304  0.2466535422  0.1543122369  0.1660134051  0.1875624306  0.2177325461  0.2793764793  0.4292724042  0.4856263699  0.7641286246  1.0207089892  1.4461412343  1.7763348408  2.3137110595  2.2310119568  2.7645696148  2.3526271356  1.9646801482  2.0210055534  1.8159246130  1.6836230665  1.2588003149  1.5785305132  1.6551695081  1.6933598841  1.4852311191  1.3504988456  1.4069835733  2.3542205973  2.6719693083  2.5883923447  2.2612226365  2.1584096800  1.9324137621  2.7061732774  2.7432181722  2.2840459021  2.9073290386  3.2448121387  3.0167396666  2.4436916287  2.8959315310  2.9599326524  4.6910121051  4.5762649915  4.5286853614  3.1490451437  2.9181770458  2.7900228892  2.7798811370  3.9879254392  3.6597422799  3.2621057388  2.7414423813  2.3452989022  1.8162209857  1.6142252960  1.5630408375  1.3721346478  1.3715634695  1.6717317458  2.1796717060  2.7161153251  2.8837187636  3.5739653995  4.3465778796  5.0706289457  4.9175746703  3.5354707867  2.7637567545  2.6774587778  2.4005905351  1.9774724050  1.8780738182  2.2892414952  2.0256571359  1.2545194211  1.0292783062  1.0513120957  1.0296812399  0.8689952972  0.6617533116  0.8274519066  0.9277270031  0.9450282956  1.5970134211  2.7220979404  3.3394297896  3.3294763138  2.3707970027  1.6878671425  2.0747507965  2.2201055167  2.1968750970  2.7052056032  2.2811114465  2.8949847096  2.3593869240  1.6590314288  1.5820705932  1.3766384776  1.2582870122  1.2098229260  1.0447857492  1.1021237241  1.0679495434  0.8806770877  0.6549015234  0.7327164188  0.8141479338  0.8500538059  0.9684639700  0.9077190787  1.1892369111  1.1903716081  1.1465860617  1.0075108709  0.8849562039  1.2623499547  1.1666164256  0.9337868884  0.7316419282  0.8135978922  1.1431576809  1.2104846613  1.9092556327  2.0551056075  1.9026946544  1.5705352230  0.9206020474  0.6692495278  0.7757811645  0.6526309125  0.4361776545  0.5301385597  0.5710418075  0.7112437132  0.7596391116  0.7412168596  0.6561774726  0.7415124671  0.6132848430  0.4528676597  0.5989831104  0.6281425648  0.8161614389  0.6592589628  0.3578623227  0.2747115369  0.1836031712  0.1628553088  0.2705210791  0.2383942645  0.2085765826  0.1911859973  0.1626134139  0.1372379649
  0.1632437936  0.1728493403  0.2033520895  0.2461889608  0.2218062669  0.2346545954  0.2349946975  0.1508121484  0.1230144493  0.1240069777  0.1692838131  0.1839336539  0.2184693619  0.2000242160  0.2208869111  0.2916271460  0.2936802892  0.3439674877  0.3437361042  0.3680054915  0.2142991927  0.2113598086  0.2400878832  0.2874598900  0.2508360121  0.2613005823  0.3152047630  0.3620398272  0.4821723581  0.4400122438  0.2822628682  0.3039111227  0.3689723657  0.4285807738  0.4777046775  0.2219495139  0.2466257760  0.2967268807  0.2562013457  0.2435595153  0.2191468144  0.2521021676  0.2202958246  0.2487306391  0.2473060444  0.1568433213  0.1810598934  0.2139950042  0.2390175985  0.3183788089  0.3680890805  0.4865925633  0.9857552904  1.8372167467  1.8550654265  2.1584589936  2.6429722083  2.2623961287  2.4362583039  2.5719295354  1.9500965564  2.3002643914  1.9446399299  1.5529773351  1.4608333809  1.3643508325  1.3243036008  1.7537014117  1.5662171057  1.6733715357  1.8566009012  2.4193511024  2.8563871727  2.7938907379  2.7802786087  2.4120326549  1.8803138673  2.1794478155  2.6467224626  2.2980030351  2.7585818698  2.9651868851  3.1835788771  3.1424491294  2.5469815289  3.2677590399  5.0931265649  5.2347043227  4.2925568242  3.4716479359  3.4200922543  3.4229390785  3.2841085812  4.5053262669  5.4172026535  3.2740744014  2.9711794009  3.1655480663  2.1178557645  1.6644194906  1.6136431131  1.7074691544  1.3821055046  2.0341798142  2.8337501607  3.0038370848  3.4965719989  4.2088030894  5.3893480544  5.2579554200  4.6612488408  3.6467333606  3.1808506395  2.4356994652  2.1866538515  2.2887650359  2.4609541807  1.9931700909  1.5200982231  1.1481396292  1.0683917603  0.9368869845  0.7766460381  0.6617678425  0.7027142815  0.9004519337  1.0701870903  1.2748750139  1.4751844688  2.2260579743  2.4297296868  2.7431474268  1.6231255140  1.3824347790  1.6677013931  2.0150732777  1.8559984429  1.9272551754  3.1144281006  2.7307491179  2.2685400711  2.1563951248  2.0700095095  1.6320271356  1.0650350066  1.0941135121  1.1810800148  1.0736311684  1.1553440224  1.3122268330  1.0636481029  0.7720702590  0.4844619467  0.4995214176  0.8452608643  1.0453951158  1.2127894676  1.2457994559  1.4514643513  1.1720825050  0.9173007533  1.1466700610  0.9964840043  0.8901747103  0.9028165228  0.9664234825  1.2067453510  1.3261502881  1.5927421771  1.5299393816  1.5693242175  1.2495988948  0.9563674410  0.8239587729  0.9482631164  0.7962430454  0.5803606899  0.5385498335  0.5687320465  0.7417690235  0.7402747971  0.5145541678  0.4967877334  0.5858183295  0.5437770025  0.5026513160  0.8331322274  1.0224413745  1.1001539414  0.8068263274  0.5097936600  0.3799795408  0.2995424272  0.2051402143  0.2438950300  0.2516823561  0.2154710618  0.2351021712  0.1570831644  0.1239044854  0.1360019917
  0.1567704318  0.2166666223  0.2227989056  0.1923350167  0.1763409611  0.1933904333  0.1729178834  0.1515046669  0.1847002113  0.2155833464  0.1996114837  0.2077371187  0.2060882982  0.2083494767  0.2092105668  0.2518928963  0.3005602783  0.3974258244  0.3375979470  0.2506634110  0.2044657870  0.1929011113  0.1968130744  0.2282906542  0.2455006033  0.2354250194  0.3236593249  0.3335229082  0.2695943832  0.2417624255  0.2825782515  0.4329631686  0.3697640211  0.3316450244  0.2031712117  0.2239823222  0.2683551115  0.2327442062  0.2117471945  0.2129731981  0.2214560735  0.2378429587  0.2519009043  0.2103142424  0.2079017954  0.2175262629  0.2445582430  0.3965294500  0.4552782652  0.3788148111  0.5114324078  0.9448650883  1.7137539777  1.7208625434  1.9073837962  1.9167725606  2.2209613455  1.8307648995  1.6625434454  1.9204673832  2.4130349718  1.7328849364  1.9218024590  2.1447241970  1.5439167540  1.1523847197  1.3299324202  1.7288935666  2.3648756996  2.6115145419  2.2866198323  2.6842788039  2.3578109744  1.9213245446  2.3458403144  2.4813545256  1.9123523668  2.3960375903  2.6785279860  2.4942479220  2.5155171565  2.6124267401  2.2974681245  2.7523368516  3.1307355442  4.8877040948  5.1149638660  3.3741089982  3.1069842567  2.9547986647  2.9937447209  2.7905883684  4.1086221330  5.6663580806  3.9202225083  2.6800171854  2.5103128287  2.0905062936  2.0646386628  1.9731437400  2.0161838758  1.9058809885  1.7841993685  2.0692101234  3.1123692810  3.5585089735  3.6053510294  3.6244331493  3.1257566765  3.3056646029  3.2639927471  3.5156777763  3.2379574277  2.1453051571  2.4422514875  2.6275427892  2.0245894659  1.2964190270  1.1158618986  0.9871159800  0.8665629171  0.7520193120  0.7780112466  0.5879525842  0.6081498143  1.0365822767  1.2684854263  1.5463478180  2.1685690758  1.9487969174  1.9836885904  1.6720699192  1.3035357484  1.4426217369  1.5330816020  1.9328395041  2.0347617363  3.0209628066  3.4805627952  3.4447902332  2.8468236714  1.9885216650  1.7280675473  1.4545054350  1.3980455619  1.2705285657  1.0819532438  1.4859052393  1.3889395027  0.8125941821  0.6216318142  0.5434001085  0.5682754328  0.6985459094  0.8191347538  1.0119448886  1.2801865595  1.5057511990  1.5211472664  1.1991100432  1.1340400199  1.1354298442  0.9142917562  0.8934521268  0.9927821269  1.1582706542  1.4465022765  1.6360356257  1.4677489543  1.4456351869  1.4415175435  1.1156194821  0.8539197323  1.1137185061  0.8869029022  0.5074685160  0.5290908097  0.5252782323  0.8209448503  0.8729457061  0.5207605297  0.4172999853  0.4397660340  0.3597751237  0.3936159120  0.6451972550  1.0230391832  1.0585362376  1.0281356635  0.5788434429  0.4234776702  0.3933072435  0.2781428583  0.2492053991  0.2332707380  0.2197112902  0.1636291287  0.1480169397  0.1217251747  0.1028788545  0.1452606404
  0.2378356785  0.2724986310  0.1980547743  0.1929341470  0.2015418057  0.1797111469  0.2287564336  0.2741576204  0.2645237329  0.2335530108  0.2297130957  0.2637774769  0.2583580903  0.2544959418  0.2240646535  0.2465641668  0.3099014713  0.2850713872  0.2158486906  0.1782335109  0.1414565932  0.1102647686  0.1216290039  0.1482605787  0.2146359174  0.2436276582  0.2547474670  0.2411348077  0.1877287139  0.2309471022  0.3133729898  0.2814289435  0.2868923957  0.2684916880  0.2532939618  0.2251501491  0.2423764395  0.2242146282  0.2687697465  0.3146247834  0.2242977326  0.2258472517  0.1690173417  0.1673639169  0.1949126705  0.2465251113  0.3696312107  0.3994135744  0.3864228967  0.4482159339  0.7991313975  1.0447327992  1.2999894692  1.5597811885  1.7685687455  2.0220112637  1.9970853770  1.7896128905  2.1245046464  2.6192090166  2.5564212980  2.5038228670  1.9386181332  1.5838323750  1.2041108880  1.4111023003  1.8493755109  2.4132338555  2.9459513683  2.6953591737  2.5412826102  2.5493648428  1.9664231981  2.0684861247  2.2085949569  2.2282536365  2.2654694996  2.4184572912  2.3455263684  2.1392288216  2.0079672442  2.4025198224  2.9523923665  3.3634702551  4.0043726156  3.5234782689  3.2623129846  2.8005392723  2.2064407279  2.6449291790  3.3238508107  4.2597110992  6.3686646001  5.2105207364  3.8709389052  3.1446436275  2.8447027825  2.1138146359  1.9898906469  1.4734179243  1.4257060031  1.2927530013  1.6267052980  2.1283101284  2.2987567767  2.2957368622  2.2157576501  2.0498254895  2.6161697612  2.1585831224  2.5698484413  3.0409099628  2.7227828426  2.3276384525  2.2776982968  1.9604999972  1.2116965865  1.2188063484  1.1217730402  0.8056484614  0.7701662055  0.7602546869  0.6326453930  0.7759025830  1.0666645618  1.0561864752  1.2438482169  1.8158132409  1.8649235759  1.3764590689  1.2143397356  1.2653960585  1.6243951707  1.6096744596  1.7892580033  2.2773373033  2.9084629414  3.2042862508  2.8518869130  2.3377560816  1.8037599917  1.5518779813  1.4518896032  1.4558938520  1.5899924400  1.4858747630  1.6195394344  1.2313981743  0.7450691581  0.7065741779  0.5191599781  0.5850975840  0.7292568515  1.0160531599  1.2213203614  1.0900600136  1.3810629941  1.8533639235  1.9264388747  1.9715777515  1.4228961454  0.8064868788  0.7153504708  0.7674396918  0.7714925193  1.1747035968  1.2823695747  1.4427564070  1.5122184011  1.6551395724  1.8414439909  1.3367272492  1.4876527039  1.1129133250  0.6540857428  0.4674898714  0.6322553388  0.8032192742  0.7939666583  0.7115185482  0.5833101118  0.4187383890  0.3499302166  0.4575564240  0.5692706107  0.8286390917  1.1475510976  1.0275985794  0.6575729699  0.5214367769  0.4276978772  0.2577269099  0.3482213174  0.3164310544  0.2343194193  0.1601244952  0.1323099230  0.1338718077  0.1244211371  0.1437709969  0.1809011454
  0.2283278137  0.2256537594  0.1956946387  0.2062092330  0.2081016730  0.2005906166  0.2103814219  0.1771182269  0.2003148076  0.2226698091  0.2871602718  0.2912061822  0.3132047330  0.2581198836  0.2539232388  0.2796809297  0.2282456632  0.1419285001  0.1471438587  0.1178807010  0.0862835127  0.0799112559  0.1577795029  0.1995851496  0.2128932392  0.1904942714  0.1564041856  0.1660741786  0.2276067777  0.2654078626  0.2808535062  0.2274773910  0.2269870118  0.2530347958  0.2771068048  0.2783684078  0.2479956067  0.2876513211  0.2289842708  0.1760817517  0.1796364929  0.2140971914  0.1827339060  0.2256192890  0.2834986035  0.3822987655  0.2997071561  0.4064434344  0.4754611631  0.5564956368  0.9110611012  1.0640763545  1.1842530232  1.5412694206  2.1766992430  2.2082144513  1.7648022183  2.0685833784  2.5841750475  2.7828122293  2.2446884029  1.9228555835  1.4282658541  1.2316511032  1.4698460295  1.4994878120  2.0635371658  2.3188191131  2.4699344642  2.7408738051  2.7110199400  1.6278350941  2.0587875640  2.0455316036  2.0990220675  2.1332615756  1.9792061147  2.2671483584  2.0798526211  2.0188048978  1.9405191234  2.3108000927  2.4854394794  3.1657786484  3.4454839371  3.5686824062  2.6893222458  2.7156290358  2.6211279950  3.6389520330  3.6343159148  4.0277166400  3.9311106907  3.6408622217  3.0842872789  1.8978310009  1.8025011663  1.8218716627  1.1796504931  1.3150793838  1.1525231922  1.6722043924  2.1265965578  2.0050141925  1.7670159178  1.5089624437  2.1867412130  2.6459499212  2.2262691591  2.5696419455  2.5762601706  2.4332603914  2.2427944294  1.3662827783  1.0217959561  1.1721465431  1.0861817631  1.3578224793  1.4750044552  1.3234553110  1.1716999975  0.9442035902  1.1487715780  1.3382880224  1.1362047724  1.3995523376  1.7816414269  1.7671099242  1.6055256623  1.2116493964  1.6672124453  1.9148790557  1.6171922298  1.9018017594  1.8129529232  1.9730040659  2.0222799294  2.0174167328  1.8944348995  1.6302497492  1.5789786434  1.3075862538  1.5275927023  1.7046861869  1.6351523250  1.4517101466  0.9867110961  0.5677309898  0.6365743574  0.5614926782  0.6018244736  0.8251210392  1.0865655741  1.1666849284  1.1321624722  1.6919323094  1.7019456929  1.6373874595  1.8023200301  1.3130141195  0.6845172912  0.5439206744  0.6730319506  0.7371972725  1.1609401382  1.2249079001  1.3997144813  1.3104610061  1.9292379213  2.1034572855  1.4366978140  1.6426633747  1.2113177706  0.9581231805  0.6222377633  0.6224678011  0.6768652880  0.5978407553  0.6401153767  0.5688909919  0.6031159294  0.6155777971  0.6277178190  0.6501907020  0.8514349478  1.0811442897  0.7901407357  0.6248797689  0.5145867195  0.3530353381  0.2683306267  0.3539630731  0.2958358842  0.2426914378  0.1390208984  0.0886359907  0.1086471154  0.1094183880  0.1251080870  0.1821322525  0.2286878361
  0.2170757550  0.2016425951  0.2385697649  0.2253734188  0.1602834879  0.1524623958  0.2072843215  0.1985186535  0.2146831175  0.2903581188  0.3141668199  0.3345500560  0.3022398830  0.2617079371  0.2278024228  0.1978823977  0.1288218128  0.1299625007  0.1259875237  0.1008003306  0.1023403502  0.1557057689  0.1267740351  0.1230431131  0.1429692928  0.1338315019  0.1450990507  0.1805508470  0.2549113623  0.2210692076  0.2113154156  0.2072767505  0.2416843122  0.2699398385  0.2280039375  0.2022286995  0.2132814348  0.1799810469  0.1831966718  0.1823214262  0.1804544308  0.2087322282  0.2887320961  0.2987043013  0.3417488134  0.3118911534  0.4732233262  0.5075087558  0.5367666848  0.6833076921  1.0089707797  1.2618960941  1.3496517300  1.6697887489  2.2119654516  1.9157463591  2.4546771906  2.2041912833  1.8705682563  1.5696095962  1.4142770135  1.1249872804  1.0055346569  0.9454616419  1.1647057135  1.6263369533  1.8747244768  2.3175305234  2.3821564199  1.9073864999  1.6622083674  1.8908684394  2.3003074360  1.8251369104  2.1686803838  1.7471865190  1.9840938723  1.6296262177  1.8991873364  1.7847630216  1.6722956081  2.0591908524  2.8410803484  3.5000828228  3.2016109032  3.1288317997  2.8844901647  3.1367590474  2.8381729370  3.1748378727  3.0579005995  3.0510280658  3.6524408923  2.5953875974  2.1448350958  1.7631505397  1.3643775488  1.3610101085  1.2814490665  1.9935760310  2.2266997602  2.7445851138  2.3417049443  2.9178455770  1.4796500346  1.6640006878  2.2884950521  2.5885365893  2.0253451402  1.7690383923  1.8484512475  1.9018932850  1.4490520816  1.1657895095  1.5623014682  1.2649101648  1.3893396514  1.3870649719  1.6165207105  1.3753901361  1.1508195963  0.9661395522  1.1659810879  1.3341554721  1.4049270132  1.2006283145  1.6366526884  1.9726269515  2.0590429591  1.8221941755  1.5901847365  1.4631740295  1.8357961627  1.9445746419  1.2523647497  1.3217049790  1.6261409358  1.7309426453  1.6315015013  1.7392423999  1.5004086081  1.5299455630  1.8863686168  1.7720924839  1.6346517408  1.0571699805  0.8205224892  0.8220826431  0.6874082557  0.6717665601  1.0684540001  1.0672840426  1.2011223955  1.0581661427  1.3292809187  1.5402178729  1.4821645589  1.5559542049  1.1158360225  0.6207542745  0.4356404007  0.5335472043  0.8769551246  1.2078841700  1.1817472490  1.7616445285  1.3040872946  1.2163830381  1.2566875925  1.4644662861  1.4753292409  1.1481397294  1.1609956106  0.7259886077  0.7142691403  0.6529268988  0.5128367031  0.5509110401  0.7850519916  0.9157685618  0.9480122291  0.7851598204  0.6830258873  0.6132685136  0.8478264398  0.9190300095  0.7032982432  0.5009808283  0.4024429138  0.3324499804  0.2496395716  0.2102909254  0.1737359081  0.1336680169  0.0780329346  0.0780235750  0.0914251316  0.0977185887  0.1396567576  0.2129638373  0.2173880406
  0.1693676489  0.1633634970  0.1993220446  0.1996788854  0.1759878350  0.2021787622  0.2206186297  0.2439096520  0.2701850692  0.3194058985  0.3077900821  0.3923550939  0.3270373559  0.2173588539  0.2046321187  0.1908898527  0.1715079244  0.1371397520  0.1370515673  0.1509268963  0.1800086467  0.1185090231  0.1406622388  0.1483844922  0.1555088175  0.1697000191  0.2014354349  0.2007930761  0.1385862355  0.1646394022  0.1898082152  0.2518689420  0.2899194415  0.2542387345  0.2090109288  0.1697014358  0.1834705366  0.1539088381  0.2638471197  0.2784195373  0.2059851529  0.2707571479  0.2610055361  0.3003812334  0.3804827846  0.4026867616  0.5560830693  0.4689311375  0.5672772101  0.9525301674  1.1678094075  1.0202090782  1.4221448026  1.7070493581  1.8832188960  1.7573373984  1.4005457179  1.2059934839  1.4776478166  1.2731528467  0.9638666236  0.7132755461  0.6722468079  1.1467479603  1.3468721287  1.5512236757  1.8143299905  1.7065580640  1.6660434586  1.5567236368  1.6344148675  1.7696039973  2.1652687932  1.9564066201  1.2814238373  1.2452095209  1.3559877994  1.5310992683  1.6090964937  1.5513674409  1.5529312018  2.1533943289  2.7033694336  2.9465869198  2.7462925125  3.5075372903  3.1456076075  2.7088965871  2.6723866454  3.1959758756  2.7526213953  3.1428651245  2.7188172354  2.0478624291  1.6676203390  1.2512499488  1.2687307799  1.6045974386  2.1100080218  2.6343482731  3.3653153773  2.3166409332  2.1709412051  1.6088676059  1.9393823204  1.9563288496  2.3375005302  1.9769294291  1.5039519193  1.8806628496  1.9595641991  1.3420029816  1.1276623865  1.0667026089  1.1704665031  1.0744321897  0.9122873755  1.2655975868  1.3784869782  1.2128516235  1.0150141738  1.3393164948  1.0456077659  0.9474457492  1.2108763076  1.3590791833  1.5444685478  1.3181943233  1.1716056260  1.6819546673  1.6271888405  1.6799598466  1.8356740081  1.2748333103  1.2959023553  1.8385546599  1.4747191269  1.2243754101  1.0312147798  1.4817855682  1.5466248363  1.8832970571  2.0940288154  1.8387296590  1.3033277143  1.2309262614  1.1775842936  1.0730871356  1.0039356498  1.1172694453  1.0672602320  1.1124506672  1.0461499742  1.4126680121  1.4634527086  1.2899990242  1.0725022093  0.7825045832  0.5859271491  0.4951792498  0.4884590882  0.8823388989  1.1598476554  1.0252400944  1.1100979693  1.0482925489  1.1603524958  1.0708459673  1.4259094121  1.3281380627  1.0551657301  0.8962056955  0.7161422877  0.7159861144  0.7162244864  0.6932065023  0.5882622483  0.8023305446  0.9820546185  0.9897221790  0.8173846463  0.6528328665  0.6870200658  0.5945665046  0.8016672342  0.7230732288  0.5547896324  0.4854682840  0.3171215205  0.2427959933  0.2167626332  0.1464176430  0.1213900861  0.1085377606  0.0909557129  0.0760082173  0.0861981805  0.1396787419  0.2639656858  0.2490407104  0.1866157494
  0.1709925459  0.2324285667  0.3054720931  0.2114780167  0.1830429342  0.2278469662  0.2550322460  0.2184780923  0.2269144687  0.2787887004  0.3987777816  0.3634371928  0.2330457543  0.2110215234  0.3155738666  0.1821924017  0.1441950064  0.1684776923  0.1694235297  0.1860825492  0.1795327462  0.1537474648  0.1257231727  0.1424151761  0.1677945983  0.1932365246  0.1769746871  0.1449226752  0.1446875484  0.2258542591  0.2585126067  0.2992750298  0.2231355748  0.2153869201  0.1633377248  0.1863715934  0.1863220973  0.2021481750  0.2755198626  0.2500367332  0.2643306279  0.3219568042  0.2528723592  0.2984995902  0.2981732165  0.3146563787  0.3987854919  0.4620013876  0.6694492836  0.8902766715  0.7260611944  1.1183917596  1.2036837404  1.1083270662  1.3554586672  1.2614441433  1.2566056818  1.3899686173  1.0631198104  0.7022646903  0.6603786899  0.6351104642  1.0749778995  1.2841980239  1.1733317272  1.4893742913  1.6987187325  1.3933564251  1.4133964153  1.2858036441  1.6051684412  1.7833296683  1.2753829364  1.1095465048  1.3203546450  1.0633589025  1.0167280664  0.8438241592  1.3527314152  1.6387351968  1.8609455361  2.2048988283  2.5174291061  2.3029161893  2.3558475293  2.2502718534  2.0269611429  2.5882738196  2.9900400254  3.1148460005  2.3087808903  2.6138633565  2.4525338665  1.6857091688  1.4119434337  1.3835589500  1.5660345163  1.9433986346  2.6636670006  2.4373618928  2.0290504881  1.6327093877  1.6768570938  1.9476389382  2.3555874306  1.9701967092  1.6504901522  1.6359647965  1.5833231788  1.5776167773  1.1491632997  0.8669483346  0.8608507949  0.7705923983  0.7774601066  0.8522181757  1.5580995739  1.7312212680  1.1313013222  1.1889424414  1.3858916111  0.8845226968  0.8967064732  1.0436834795  0.9945974558  1.1655915075  0.9457429567  1.3129346574  1.3571603623  1.2049118654  1.2714580775  1.7974539932  1.3727167487  1.3883562543  1.5348647103  1.0603487225  0.9953673460  0.9922821859  1.5277646392  2.0575877409  2.2248588880  2.3787978842  2.4123549730  1.5070561320  1.1328684922  1.2398897714  1.0699139100  1.2359380888  1.6216416247  1.3417636995  0.8300133031  0.8884729434  1.0818112474  1.2503321612  0.9764738674  0.9694736364  0.9065828300  0.8606559808  0.6512921611  0.6758138781  1.1159445907  1.4481261807  1.2705325691  1.1077303474  1.0193962713  1.0046984756  1.3629338232  1.4432478381  1.3200581953  1.0661786129  0.9542022944  0.8653608410  0.7942394183  0.6477983282  0.6727260564  1.0207461157  0.9997552447  1.0494117364  0.9577612219  0.8705922428  0.7506282547  0.6858135691  0.5571345968  0.6654558991  0.5582603155  0.4367259269  0.3767204055  0.3537535369  0.3089002011  0.2494825055  0.1435927944  0.1458282415  0.1318677194  0.0752661220  0.0731298814  0.0909010901  0.1662518674  0.2273224050  0.1860351520  0.1906054745  0.1859125764
  0.2107451944  0.2259746227  0.1989188317  0.1801324771  0.1764259674  0.2296922641  0.2246456134  0.2266868425  0.3402236404  0.5082758666  0.3491441917  0.2773443294  0.3000495956  0.2443078388  0.1916591206  0.1643396000  0.1954531236  0.1435959751  0.1555426435  0.1636182710  0.1504713198  0.1235802639  0.1382830437  0.1665381580  0.1565975435  0.1592961162  0.1732114127  0.1622899012  0.2215043847  0.2596812032  0.2440146599  0.2036129760  0.2125637624  0.1784155742  0.1244301178  0.1557470424  0.1782520839  0.2284135519  0.2483523556  0.3196597638  0.2866664244  0.2440367474  0.2052044985  0.1996227815  0.3053338276  0.3750765747  0.5969233957  0.5654941786  0.6623494065  0.7174689242  0.8796279441  0.9679283700  0.9913356548  1.2329390869  1.4934568291  1.3367976615  1.3461101856  1.1136420265  1.0435815917  1.1147502734  0.7805687897  1.1394045178  1.4507255135  1.0663010112  1.0379583459  1.3752119820  1.2464623521  1.3397978640  1.3095683088  1.3029628441  1.4205223764  1.0349865067  1.0746657891  1.1809397818  0.9344005860  0.9625318636  1.0122729543  1.2954952895  1.2775587916  1.3110399361  2.2373639406  1.8707387655  1.8668804927  2.2356627324  1.7174254990  2.3533971811  2.5344445419  2.6628754534  2.7139373842  2.0959646411  1.9014579045  2.3122389826  1.6060350402  1.3204923822  1.1832120217  1.2407343518  1.4814735693  2.2627488072  2.1741588124  1.5540038079  1.4836937260  1.5872675999  1.5097122966  1.8451516928  1.6712723986  1.5516121332  1.9748696758  1.4719016858  1.1455673034  1.0240950623  1.1050729371  0.8859197090  0.7097351602  0.7514300755  0.8653167582  1.1983862026  1.1612492154  0.8920709024  1.0625688339  1.1254720439  0.9242986516  0.6788320549  0.5786247391  0.7114216516  1.1535096362  1.1466612434  0.9995028372  0.9112852840  1.2472294153  1.5054098343  1.1073591425  0.9766620662  1.0534833358  1.2216361330  0.9538997915  0.8203207673  0.9976927356  1.2064807045  1.6447547270  2.5394862503  2.5298673469  1.8643373220  1.6374464267  1.4371970395  1.3722850271  1.1436307579  1.1525747022  1.2583832234  1.1994466104  0.9457084215  1.0532130114  0.9970270520  1.0401715192  0.9564590461  1.1203365236  1.1578781164  0.8632223168  0.6112337634  0.5490803164  1.0103263092  1.4197773106  1.0273656049  1.0169992820  1.1252862226  0.9851114936  1.1704361832  1.2348865920  1.1973667440  1.4110686524  1.4509439398  1.0791390944  1.0485569657  0.8119136786  0.8467016059  1.3805891447  1.2420110890  1.0120195674  0.8812855280  0.9570305178  0.9365574037  0.8559458388  0.6575761193  0.6207916756  0.4403333831  0.3883015138  0.3225039734  0.3001934323  0.2756871226  0.2820483213  0.2187812850  0.2204047977  0.1643962591  0.0855461478  0.0697713110  0.1069314269  0.1505997096  0.1456060070  0.1457298202  0.1480098232  0.1867928460  0.1664127249
  0.1177666697  0.1519845400  0.1916639382  0.2230023542  0.2188107735  0.2336117224  0.2546879263  0.4114599755  0.6297111299  0.5582953424  0.4393430546  0.3620654586  0.2537588812  0.2259190890  0.1998461904  0.1738405806  0.1334157138  0.1594469743  0.1572243844  0.1616393011  0.1285804247  0.1270585608  0.1621785009  0.1382126197  0.1321470422  0.1511574586  0.1972767242  0.1935789582  0.2377995418  0.2209926175  0.2751443297  0.2245068238  0.1680420170  0.1162471804  0.1215812446  0.1583839974  0.1937768252  0.2244223744  0.2918685063  0.3001962435  0.3041216025  0.2074518310  0.2522666252  0.2822407137  0.3897450700  0.5403936611  0.5614810902  0.5883768697  0.7667804016  0.9907571360  1.1314463203  1.2543730530  1.2020694201  1.5682451566  1.5487097004  1.2582371429  1.1602314573  1.2366543838  1.4316845580  1.5670641198  1.9285208600  1.9539952001  1.3470965472  1.0523187592  1.4266661836  0.9807692366  0.8732186432  0.9191511715  1.0228789392  1.2815205129  1.3141537419  1.3584366620  1.1614539885  1.0579186433  1.0843572467  1.3084733135  1.0753453137  1.0565382067  1.1819882248  1.3468839236  1.3055625096  1.5686825444  1.5508272253  1.8912530141  2.2648124160  2.3392540850  2.2014432937  2.2081674135  1.8956569866  1.5599311667  1.6158758893  1.4249435777  1.2472612554  1.3457915811  1.0039798273  0.9667826743  1.4983801328  1.4174058142  1.3318638461  1.2262572065  1.8828648572  2.0905949856  1.6820794652  1.9937921635  1.6954009985  1.5304929500  1.5832761528  1.5874623863  1.2442699173  1.1480172364  0.9361504299  0.9984422722  1.0475132585  0.8506662906  0.8468900643  0.9463609817  0.8002981542  0.8400388142  0.6652091341  0.6980046547  0.6991458944  0.7267148949  0.7832192160  1.4347039107  1.5284487226  0.9236955974  0.9192350813  0.9331366685  1.1102757379  0.8486188621  0.6879823749  0.7918364581  0.9498380626  0.8295651702  0.7009144271  0.6983985831  1.0660419264  1.3930505197  1.8975548767  1.7429284474  1.4554537291  2.0702229731  1.4620173295  1.3168975245  0.8965121447  0.7000416822  0.7431160150  0.9416661016  0.9368106350  0.7976531929  0.8961461416  0.9240713724  1.0537260565  1.1018741535  0.9086519028  0.7877375031  0.6640173812  0.6668060420  0.8249484779  1.3687908612  1.3482940510  1.2127321360  1.4289342066  1.2852838074  1.3979034387  1.5069951301  1.1905552597  1.5086873733  1.7582481673  1.5854877320  1.4603971037  1.0160959396  1.2799417954  1.4229213866  1.5573394478  1.1501951312  0.9839769163  1.2562950004  1.2743968117  1.1337717109  0.8842377430  0.6984192593  0.4526010833  0.4788990076  0.3622712899  0.3189692679  0.2857060711  0.2365733452  0.2017571091  0.2268576221  0.1592726872  0.1202070943  0.0967454383  0.0874730890  0.1030149821  0.1277540334  0.1323597294  0.1500386170  0.1681399083  0.1146692676  0.1087816004
  0.1271734622  0.1354996995  0.1545862239  0.2436615257  0.2298563262  0.2680641468  0.5454655345  0.5675565017  0.5026934702  0.4843420248  0.3799430061  0.3439347950  0.2695337636  0.2612677588  0.1902832139  0.1448489500  0.1940732135  0.1759471851  0.1928007802  0.1577368430  0.1453759034  0.2010883186  0.1577367359  0.1433614146  0.1359052993  0.2050917383  0.2386549805  0.2186760231  0.2999685004  0.4012502421  0.2931822336  0.2059791692  0.1912463639  0.1463679200  0.1620087284  0.2293092267  0.2223300672  0.2602905445  0.2278817640  0.2493776072  0.2517047485  0.2696196644  0.2447687812  0.3578806449  0.5101793141  0.6127023433  0.6537199874  0.5781012462  0.7857076900  1.1640787243  1.3789775131  1.6937184833  1.6406221608  1.7595998916  1.6284319633  1.7549051309  2.1046169001  1.7077715502  1.9028459449  2.2313178581  1.8921290023  1.4085333702  1.1321782765  1.0845142823  0.8999523704  0.7797082059  0.9260671571  1.0139217573  0.9142531649  0.9966563827  1.2752214682  1.3860871540  0.9222861525  0.8814789031  1.2581367600  1.3235925603  1.2764001462  0.9587327417  1.0159742590  1.2750817975  1.6677753387  1.3922932120  1.2940094181  1.4020932095  1.5068366659  1.6148966478  2.1839121639  2.2404513567  1.9772300404  2.1503260953  2.1586036310  1.2904162124  1.4621258483  1.4937658551  1.3531074654  1.2208424187  1.1714331092  1.1723639866  1.0957807338  1.6033308675  2.3294090998  2.3152175770  1.8156824359  1.4325843105  1.2684910937  1.4327968695  1.3487304196  0.9221219386  1.2485476143  0.8985632053  1.0580779316  0.9036495996  0.5973068559  0.4976026867  0.6149856713  0.6447195012  0.5878302450  0.8037248251  0.7145896478  0.7843541662  0.9460812867  0.9817509378  1.2403038661  1.1903563365  0.9965259093  0.8919915187  0.8254346545  0.7062730997  0.5177902160  0.4371826990  0.5355180148  0.8623242986  0.7173299096  0.6514607467  0.7909174143  1.0769516327  1.3227156662  1.7008970534  1.7096686597  1.7547358265  2.1272718590  1.3614352393  0.9059824192  0.6376497994  0.4844888581  0.5697153916  0.6717198431  0.8764260655  0.9632804763  1.1038417299  1.1429819282  1.1199929912  0.9064176080  0.8859834678  0.8375698453  0.7435475708  0.8078727977  1.4177267488  1.7856771663  1.8277151187  1.7066995994  1.4866557678  1.4238678427  1.3672523574  1.2812126191  1.3452888733  1.4020426616  1.3999391737  1.1955598121  1.2449637870  1.3824270095  1.6829760333  1.7213430957  1.5458901150  1.9203487506  1.7236781467  1.1610288896  0.9628360777  0.8678684725  0.9652143170  0.5784053835  0.4929444602  0.5172048687  0.3284690749  0.3109417477  0.1968763721  0.1580032450  0.1430357030  0.1629330782  0.1704422478  0.1511644159  0.1224486294  0.1225442751  0.1060090753  0.1099290999  0.1205099270  0.1525393745  0.1614142382  0.1502002090  0.0976922755  0.1298383644
  0.1326825602  0.1358568639  0.2578893191  0.2562513815  0.2786561134  0.3865704039  0.5189880633  0.6775274202  0.5191216191  0.5111593303  0.5001346619  0.4029559780  0.3059390432  0.1479786928  0.1695235356  0.2119915716  0.1938434020  0.1321512474  0.1471054675  0.2090026812  0.2338713829  0.2198707274  0.1776694143  0.1718514956  0.1723265794  0.1963875175  0.2118972786  0.2930011891  0.3463882395  0.4101110791  0.2862752347  0.2266514197  0.1462887992  0.1393568596  0.2123779781  0.2587013143  0.2971551894  0.2674367473  0.1952891466  0.1922746985  0.2110093169  0.2662502161  0.3507287044  0.4920961006  0.5710511776  0.5293632753  0.4715093286  0.8531477158  0.9478717346  1.6230352454  2.2871485120  1.8600657707  1.8848381863  1.6486567902  1.4769793812  1.6963196328  1.5280712424  1.2990170797  1.5523408609  1.5392972844  1.3146783410  1.0985744161  1.0185314441  1.0474706545  0.8765875716  0.9426939569  1.1184701722  0.8398634677  0.6698928455  0.8337331257  1.0394355197  0.9780450348  1.0010959933  0.8724275625  0.9989830861  0.8070581909  0.7899121921  0.9206134194  1.1798357534  1.4581168059  1.2852879684  0.9193872168  1.1728672482  1.3363941312  1.3046059946  2.0965752644  2.8469214069  2.7027088820  2.7075736394  2.7569993521  2.3281447329  1.6932121607  1.7254472433  1.2019395420  1.1503606801  1.0810807626  1.0057937193  1.0234875639  1.4303886652  1.6273143948  1.9886311295  1.6985048925  1.3872879333  1.4182688919  1.5091981645  1.6774916397  1.3733785664  1.1524028883  0.9770960394  0.7537775348  0.6916545893  0.4287203468  0.4300034294  0.5121956990  0.6697214814  0.7696415347  0.7544522770  0.5940606048  0.6483657138  0.8461028404  0.9223529611  0.9381015347  0.8695294412  0.9811105865  0.7050944792  0.6043322306  0.5510813970  0.3597488907  0.5207691623  0.6856559672  0.7789030426  0.7279119934  0.8439344257  0.9653792707  1.0535523299  1.1090770111  1.4442713506  1.6067500362  1.9849395231  1.8892870618  1.2587703562  0.7129635957  0.5350705496  0.5304739299  0.4849370040  0.5248918422  0.6961110944  0.8778031169  1.2690062752  1.2893718179  1.1216411658  1.0196031003  1.0274768598  0.9908406377  1.2089923659  1.2848594837  1.9224270536  2.2130544532  2.1026696247  2.2377491820  1.8516335308  1.4512458561  1.5609367068  1.0793408738  1.1695979508  1.1381134189  1.1051583045  1.2169454418  1.0939391371  1.3249666282  1.9969293321  1.7272791142  1.6810486057  2.1011428247  2.1273765589  1.7376159470  1.0119726608  0.7585016129  0.7849795721  0.4974830579  0.6007917502  0.5283818351  0.3663625474  0.3234615828  0.1648247161  0.1234795973  0.1484186980  0.1700930301  0.1817944186  0.1501411068  0.1466624104  0.1391336069  0.1181683263  0.1262109582  0.1489586287  0.1637822973  0.1393536343  0.1566160951  0.1712236692  0.1621381574  0.1716967632
  0.1329223786  0.1712290451  0.2071472365  0.3589827313  0.4372055175  0.5167356872  0.4967792538  0.5258907294  0.5712659911  0.4771188427  0.3109536375  0.2727522519  0.1576269111  0.1671006473  0.2282596232  0.2641938811  0.1740638683  0.1936500741  0.2576893294  0.2501298687  0.2145449838  0.2443799370  0.2622478649  0.2219241897  0.2029175856  0.2251432233  0.2490037369  0.3220569940  0.3813589339  0.2463530879  0.2331416724  0.1645275377  0.1282611072  0.1800768768  0.2475165477  0.2928922142  0.3273957093  0.2201293459  0.1648011359  0.1856785822  0.2377192963  0.2674340403  0.3435286889  0.5560817964  0.4993514045  0.5134853244  0.7610517675  0.8710988428  1.1472701757  1.0478355300  1.0341114289  1.0744354849  1.3955013551  1.2276676402  1.1188466492  1.4423203900  1.5340958807  1.6789883874  1.9084437937  1.7595956818  1.7268842752  1.2536800771  1.1876227257  1.1173782970  1.1170891960  1.3648481914  0.9260467461  0.8754795055  0.7680825779  0.8592927477  0.8291647656  0.9887568339  0.8804750650  0.8931050138  0.9031470740  0.8819191448  0.9088482692  1.3059629315  1.3001898134  1.3558812102  0.9697573681  1.6361222017  2.1975251858  1.9468875534  2.0571714185  2.3417794275  2.2334374125  2.7612723055  2.4576519124  2.0285725705  1.7664519916  1.8096269030  1.7445418587  1.7440538720  1.0219122266  1.0148286994  0.9183600364  1.3596509019  1.4359578927  1.3915757759  1.1911252588  1.2766103774  1.7961787157  1.6691085747  1.9977488657  1.4261758654  1.0592876479  0.9631674914  0.7820756575  0.6724745248  0.4139695202  0.4397807644  0.5904152172  1.0640364286  0.8070400588  0.6839197970  0.6289653351  0.6482698233  0.7691345865  0.8292304080  0.8693693749  0.8499947511  0.6125637453  0.5225686729  0.4757253103  0.5623813029  0.4242885076  0.4233701628  0.5374173365  0.5858904525  0.7536647991  0.9587560311  1.1891611237  1.2240304576  1.4302017219  1.2707145618  1.1354136706  1.3502527215  1.3431221270  0.9843695460  0.6247410828  0.4929755032  0.4600468432  0.5751241554  0.6486258423  0.6516723245  0.9641120914  1.3993000549  1.1635691387  1.0267853398  1.0163975890  1.3426427858  1.7867756366  1.6953804579  1.6824960545  1.5357626614  1.9984551204  1.8641518404  2.0268809718  1.7950743627  1.5137853557  1.2855022975  1.2168515255  1.0235209390  0.9754098686  1.4060593998  1.3892974735  1.4018516525  1.5733018707  1.7302386228  1.9418406726  2.2381802757  2.4110599952  2.0468084813  1.5308431436  0.8679245885  0.8633826664  0.8623163459  0.7083685080  0.5566129796  0.4108188359  0.4064814109  0.2541722327  0.1842588239  0.1203562686  0.1073032046  0.1236623949  0.1271666404  0.1395569677  0.1539859073  0.1140955295  0.0762339267  0.1111835752  0.1856021293  0.1665450839  0.1749868370  0.1487592990  0.1570364514  0.1492390507  0.2005843682  0.1654516129
  0.1854777438  0.3874259101  0.4190447188  0.4883588105  0.5849996057  0.4312950460  0.4455990911  0.5014504814  0.4162080133  0.3315184271  0.2735860260  0.1949374163  0.1951190709  0.2375752639  0.3004871965  0.2581614853  0.2599373022  0.3112460682  0.2425560031  0.1752146202  0.2005725578  0.2355964989  0.2275086422  0.2366368038  0.1939085281  0.1885250740  0.2344707880  0.2484927001  0.2269988711  0.2023065929  0.2082113994  0.1839314663  0.1779660541  0.2850097287  0.2978015413  0.2900669548  0.2013300400  0.1634508385  0.1649722747  0.2280011716  0.2592997373  0.3431887769  0.4566821592  0.4722913944  0.6298003340  0.6881393560  0.5764258740  0.8666186464  0.7575239382  0.7340994918  0.8425945374  1.0397478715  0.9275646073  0.9695476275  1.2439235752  1.3358936039  1.6207508241  1.6495167109  1.3796406152  1.2377382366  1.3643316684  1.0702574057  1.1678966004  1.4559344596  1.5716340943  1.3401129876  1.1048778538  0.8901490878  0.7388222448  0.8551555707  1.2744540664  1.2583531000  1.1370308358  1.1360387999  0.9339890959  0.9630237323  1.3953086480  1.3218620525  1.4301495274  1.5971837504  2.2033022769  2.6092400639  2.4883415765  2.0597812853  2.1333641032  2.4020270893  3.0054429142  2.8030380161  2.2530271698  2.2858218249  2.0231078566  1.6574478604  1.5739481444  1.3723091991  1.2090499261  1.2878480983  1.0227883018  1.1832241918  0.9505266813  0.8367937682  1.3378953241  1.9831931556  1.6686464700  1.5256009993  1.3624573044  1.2461407686  0.9121860410  0.8588204007  0.7216262753  0.5013996549  0.5056896631  0.4910991338  0.8439088088  1.1162189335  0.7474944264  0.6569177043  0.7813481044  0.8488266368  0.7194369776  0.6634397191  0.7542448784  0.3901731743  0.3521166510  0.3544802415  0.5217084984  0.5220258835  0.5314175479  0.5765451473  0.5824179058  0.6577218131  1.1347583857  1.2166810991  0.9239603261  1.1225386923  1.1048124758  1.2809121754  1.1912038387  0.8612705428  0.8785436174  0.7091826411  0.4801598350  0.4528648702  0.5546916142  0.5661066102  0.6544949338  0.9314803604  1.1572503340  0.9783906619  0.9119433469  1.0106104059  1.2365106359  1.8940395210  1.9407734797  1.4788693263  1.2208662867  1.4206360402  1.3938593025  1.1697620899  1.5210546464  1.5522660754  1.2165986725  1.2765487847  1.1230423890  1.0956487269  1.2072246618  1.3728207832  1.3946371690  1.6768439122  1.7671331062  2.5404215689  3.1273546285  2.3306832877  1.7496470699  1.1279310338  0.6521304508  0.7111171763  0.5313024263  0.4526828976  0.4201999572  0.4112679334  0.2738127875  0.1937956566  0.1333360778  0.1232703611  0.1159085118  0.1086302219  0.1250719638  0.1232037522  0.1377441163  0.1283198115  0.0870229394  0.0992859390  0.1402261224  0.1674703152  0.1627301204  0.1402455414  0.1601647098  0.1478021500  0.1935333343  0.2022151670  0.2527521648
  0.3701705038  0.4475061452  0.5066313429  0.4576127014  0.3661021752  0.3766711853  0.3556661542  0.2523071250  0.2893712093  0.3658134679  0.2988553924  0.3304118325  0.3025861027  0.3534389114  0.2765653747  0.2512191585  0.2353751177  0.2121853888  0.1813223227  0.2799620782  0.2740190008  0.2238467807  0.2473585563  0.2374639783  0.2425162221  0.2392299115  0.2386787770  0.2161110867  0.2166904028  0.2201085672  0.1708673838  0.1671065782  0.2168678206  0.2090499259  0.2138668345  0.1805760808  0.1910574607  0.1643619771  0.2337080580  0.2945243490  0.3354791326  0.4383343003  0.3959977782  0.5836784516  0.7452389238  0.7046739402  0.8687920417  0.8098782774  0.7633073028  0.8851723766  0.8288028309  0.8453010269  1.0830957594  1.2514074091  1.1165065622  1.3321560144  1.1792052666  1.0192332850  1.1378087857  1.1852435548  1.2803810721  1.5072898609  2.3942770393  2.2082822402  1.4368063600  1.0402000093  0.9258459746  1.0407641570  0.9036086652  1.4231700762  1.5734924726  1.5838135858  1.7032647038  1.4694684843  1.6004819535  2.4416337701  2.1602035514  1.3723788443  1.9783892668  2.2620760520  4.0789398973  4.9777527870  4.0948820203  3.2770300623  3.6851875502  4.0196416047  3.9030036828  3.4800069284  3.0195963944  2.7064562195  1.5798908720  1.0636958466  1.2753014452  1.4996590251  1.3566358000  0.8079352525  0.8588447517  0.7841736952  0.9922741809  1.6145344077  1.6925240620  1.4913337882  1.6128742608  1.8478054550  1.6772514897  1.0193085243  1.0358441659  1.0427162741  0.6238396269  0.5127595356  0.4746945226  0.5795106910  0.7737616714  0.9039172309  1.1056245482  0.9850371920  0.9171210257  0.6423008253  0.5371838552  0.5905032370  0.5533584739  0.3558360115  0.3261449027  0.4122220760  0.5012221085  0.4991977320  0.7420687346  0.6574832417  0.6579412119  1.0911019773  1.1171111065  0.8278216939  0.9309241829  0.9259694541  0.9544338535  1.1276539166  1.0573443055  0.9977073282  0.5755659048  0.3391884490  0.4516141583  0.5284725716  0.4979196224  0.6261094041  0.8635025066  0.9644681157  0.9879826428  1.1854559309  1.0612082591  0.9520443902  1.1350942831  1.4854789149  1.8061887744  1.6459282172  1.5287052763  1.3342227823  1.3897664666  1.0882974701  1.2112860324  0.9351432854  0.9120651703  1.0754449182  1.1719388242  1.1013414324  1.1540051796  0.8765074682  1.5644680351  1.7280524159  2.0338196562  2.3078683787  1.4632325062  0.9007104241  0.6339300599  0.5928181398  0.6070233436  0.4785281211  0.5331176305  0.5647167967  0.3988617605  0.2710962108  0.1849893424  0.1232240733  0.0995149974  0.1282769589  0.0977604018  0.0957698485  0.1085029245  0.1618681002  0.1411020493  0.0949099212  0.0981392613  0.1181857031  0.1369566865  0.1674057516  0.1496820750  0.1270397337  0.1513418559  0.1681435198  0.2080406654  0.2524693390  0.3117296408
  0.3848174927  0.4557635594  0.5072829485  0.3596936372  0.4374028255  0.3482451704  0.2879879908  0.2927904759  0.3041936902  0.3589062456  0.3133670949  0.3730951956  0.3950488598  0.2453388758  0.1669077949  0.1247308721  0.1560385726  0.1703652115  0.2952691647  0.2491885554  0.2594806008  0.2881024732  0.3023925733  0.2759193527  0.1979301932  0.2580269097  0.2885527615  0.2403529206  0.2055155721  0.2094614199  0.1940668232  0.1663067686  0.1796160880  0.2197306913  0.2403844807  0.1725339424  0.1898973645  0.3053735344  0.3250042812  0.3027659780  0.3768992791  0.3515338199  0.3737154881  0.5508628493  0.6595344501  0.8485963826  0.7672315107  0.7045737216  1.0119639076  0.9893185464  0.9341815452  0.8945755887  1.3469331146  1.1246793149  0.9485120765  1.1219381295  1.1437434554  1.3222036612  1.6403410316  1.8338806533  1.8126342139  2.1110446339  2.1355332273  1.7141589399  1.2281347869  0.8296695829  0.7924443653  0.6431306056  0.8819021419  1.3553288116  1.4944537354  1.6164398348  1.5605647447  1.6234575463  1.9779705296  3.1244423752  2.0862886059  2.4090297262  2.4705048271  4.0703617781  4.6622693242  3.4745251737  3.8445342444  4.1320860503  4.0403417548  5.2050807223  5.2413856173  3.6083829049  2.5825683110  1.4850910153  1.5931379604  1.4470143553  1.8888988917  1.2611861922  0.6760311603  0.8123517664  0.7169078242  1.1121639145  1.2218125847  1.3768066260  1.9025667420  1.7055779468  2.1004605925  1.5881806038  1.3944502070  1.1980732856  1.1840449541  0.8892923599  0.5573435232  0.5652336651  0.7312236005  0.7524136467  1.0663825141  0.9847475545  0.8050032139  0.5867282749  0.4586696606  0.4636687741  0.5400040649  0.5596512343  0.3954473728  0.3775136818  0.4033743055  0.4065795236  0.5128797393  0.6321876826  0.5100165696  0.6502161569  0.8909686803  1.0190810673  1.1710226171  0.8908912641  0.9764117816  1.0965247583  1.0663218428  0.9124094721  1.0633564114  0.6701563295  0.4033353374  0.4093562035  0.4652763010  0.4990704813  0.6188214711  0.8689707083  0.9868191437  1.2309860783  1.4474620925  1.1303122497  1.0649432921  1.0539342519  1.1658085343  1.3632676887  1.4814350960  1.4257718670  1.5085728480  1.2859799790  1.1868165443  0.9044051717  0.8417207415  0.7703932979  0.7419650710  0.9398113935  1.0953565214  0.8062117706  0.9594561629  1.2622183104  1.1757663406  1.2859496145  1.4100548805  1.2610274933  1.0690864890  0.7051077415  0.5197812746  0.4653667450  0.4827907431  0.6382958982  0.4926205532  0.3440555320  0.2553587590  0.1840426789  0.1237485968  0.1340686759  0.1051578021  0.0960554312  0.0847294473  0.1106616889  0.1493313505  0.1515806169  0.1061697131  0.1360767224  0.1391147444  0.1218720410  0.1621864269  0.1321970917  0.1238084823  0.1717650254  0.1783508179  0.1562997146  0.1931077154  0.2458669931  0.2934427039
  0.3401448365  0.4561593356  0.3890416958  0.4779862468  0.4550707178  0.3876622092  0.5035659286  0.4983064291  0.4354416949  0.3574554050  0.3514519003  0.2874225710  0.2306887138  0.1492697237  0.0818820054  0.1002111213  0.1412994746  0.2277708308  0.2501021757  0.2702269814  0.2680850944  0.3559875942  0.3134177522  0.2759527289  0.2881668672  0.3099380474  0.2262809709  0.1785373971  0.2249895237  0.2290270762  0.1798190941  0.2283108969  0.3003042434  0.3235652115  0.2722029507  0.2729327585  0.3357916537  0.3256500896  0.3086551835  0.3055147151  0.3458289686  0.3901032506  0.3919078768  0.5701936726  0.6559130425  0.5208110750  0.6327464299  0.6771055943  0.7649104898  1.1032678029  1.0192846548  1.0472035470  1.1226200601  1.1100801317  0.9965043642  1.0939706730  1.7132503255  2.3648093541  2.5395315969  2.1792687103  1.9588614385  1.5661577629  1.3048406912  1.2299535814  1.0279138864  0.7904602919  0.7934882288  1.0260291917  1.0939021754  1.3999329085  2.0883951376  1.4678886657  1.5080673456  2.1147948549  2.4622069277  2.5549260063  2.7358176219  2.2266263359  2.7166389288  3.6007632462  4.1480556347  5.2969715462  4.3036887781  3.7628186489  4.3999119985  5.6792293427  5.7159258564  2.6363715611  1.8932412565  1.9220735432  1.5765447720  1.4838185916  1.0543152851  0.7642575035  0.8370518232  0.8303656092  1.0037416180  1.1567588764  1.4568534705  1.7195289880  1.5059157586  2.2251329925  1.7321337992  1.4957347066  1.6672771707  1.1786044466  0.7434544359  0.6049300073  0.6518428881  0.7242659832  0.8216896616  1.1978582048  1.0053832981  0.7625725055  0.6352215556  0.4776195939  0.4193517104  0.6149728633  0.6282957805  0.3634244164  0.3136285909  0.3704628250  0.3858880433  0.5058912143  0.5497899738  0.5316706965  0.5393215590  0.6357879834  1.0340943703  0.9126429950  0.8155692714  0.6810419204  0.8602300920  1.0621891107  0.8736435311  0.9998129028  0.8577059206  0.5216755066  0.4088908066  0.4422759913  0.4494851915  0.5742416454  0.6515552237  0.7402813970  1.1060965087  1.5689170365  1.2250158723  1.3617689775  1.1569113983  1.1416418003  1.0697081056  1.1974665549  1.3716676822  1.1600704235  1.0058369640  1.1151656072  0.9921513922  0.8278942047  0.7259362971  0.7083308745  0.7760678096  0.8251621904  0.6533620248  0.8519705712  1.0739390821  1.2228829621  1.0082526518  1.0443227140  0.9542118363  0.9624795687  0.8954812916  0.7948343944  0.4983537422  0.4130303964  0.4461884024  0.3587532018  0.2878870066  0.2041934862  0.1349271236  0.1439860590  0.1659226947  0.1050527606  0.0955508098  0.0964661857  0.1424130348  0.2088197091  0.1708972037  0.1259974568  0.1379525792  0.1282501108  0.1339004972  0.1352108506  0.1205345236  0.1211454968  0.1517004392  0.2193015312  0.1984377126  0.2271140273  0.2943625870  0.3177765792  0.3170413427
  0.3679317633  0.4343547342  0.3747406708  0.4615272664  0.4609118122  0.5342944465  0.5340796752  0.4521915932  0.3364648514  0.3537569476  0.3182318112  0.1988248266  0.1120473113  0.0898602897  0.1158690514  0.1687292914  0.2328050415  0.2698422912  0.2445379996  0.2634148190  0.3004738466  0.3539935165  0.3225478932  0.3976331655  0.3142680498  0.2110302583  0.2203515234  0.2131783867  0.2216750682  0.2038826228  0.2484031636  0.2765132562  0.3219508645  0.3863640117  0.3331230501  0.4337504585  0.4039565758  0.3100008935  0.2985520367  0.3517249583  0.4319672451  0.4525810475  0.5306937239  0.4906002667  0.4564786549  0.4955916295  0.5975301477  0.5587808684  0.6912603243  0.8903049942  0.7915558454  0.6673797759  0.9012212610  0.9774009637  0.8667037243  1.6460181513  1.8028554049  1.8440864550  1.9364854881  1.6329817005  1.6711909209  1.9566933003  1.7754509487  1.1794554808  0.9352636322  1.0395375150  1.2267309753  0.9338357178  1.6438328309  2.1704497330  1.7025447711  1.5221144561  1.6563123249  2.4809335534  2.5744502147  2.3732885539  2.9751264445  2.8460373276  4.0193765574  4.1635236077  5.7958121123  4.9515905379  3.6923247650  4.4076359084  4.0291294802  3.5413699148  2.8443781939  2.9807410601  1.9142386197  1.3538074575  1.8040821854  1.3656682324  1.2162269831  1.0907084832  1.0637852725  1.2840880840  1.2110451859  1.4739703544  1.4985591888  1.2921675465  1.6389257743  1.3497009388  1.2211830441  1.5810655038  1.1046328815  0.6657622515  0.8839478221  0.6867718576  0.6364427516  0.7064885013  0.5909716378  0.8558039228  0.8620636524  0.7342046239  0.7884101466  0.7299039974  0.5495570006  0.5493375934  0.3757823041  0.3444722111  0.3607711087  0.3385882558  0.4939375525  0.4713700047  0.5074333375  0.5862857569  0.7320497931  0.9623148747  1.1522355131  0.9502325403  0.7790695823  0.9457900429  0.9545642958  1.0681589102  1.1883976024  1.0045763385  0.4798299993  0.3835186537  0.3481692793  0.4789863279  0.5129656991  0.4860303898  0.6619175640  0.8246737278  1.2733070622  1.1269128362  1.3757292815  1.5477559169  1.0951944750  1.1457349962  1.5065355553  1.4457976940  1.0078122701  0.9464778050  0.9192886826  0.8739226922  0.7740575448  0.6172464347  0.5179940605  0.4995272453  0.5562957085  0.6017370036  0.6027759402  0.9273021487  1.2583143335  1.2285681015  0.7189651544  0.7831234665  0.7903627937  0.8020479023  0.9020812149  0.7024183617  0.3864624778  0.3339895765  0.2511670361  0.2159184132  0.1838764952  0.1322327125  0.1919346276  0.1741756393  0.1242501004  0.1128892169  0.1057549647  0.1550646102  0.2321679118  0.1969053937  0.1265045541  0.1476557067  0.1487930347  0.1364907958  0.1261173939  0.0996605938  0.1113473695  0.1185799709  0.1637012408  0.1885420808  0.2677668426  0.2713357963  0.3013821042  0.3400554888  0.3543847578
  0.3700188602  0.4178308053  0.4535587050  0.5083691695  0.5293375740  0.4506177810  0.3187733192  0.2844474056  0.3217141974  0.3439564505  0.2313664805  0.1728026439  0.1756398179  0.2111102390  0.1753511158  0.1937171445  0.1833339370  0.2086514461  0.2451743044  0.2890045993  0.2680198248  0.2789539276  0.3736898752  0.2934459150  0.1837487730  0.1670865671  0.1781200370  0.1681050853  0.1954843344  0.3253027889  0.2567231584  0.2185296870  0.2824941405  0.3421559273  0.3268559218  0.3966993723  0.4361556295  0.3199558610  0.3278925800  0.5390282172  0.4779330880  0.5530427792  0.6538378703  0.5239486517  0.4481077362  0.5322010588  0.5626660685  0.4999038902  0.6564987085  0.8498576586  0.8303212522  0.9760724358  1.0515982341  1.2063091075  1.3617857822  1.3397132695  1.2467412803  1.7576022489  1.8783692995  1.6092646909  1.7839467507  1.1697990443  0.9561811504  1.0252487284  1.3362363903  1.4090200162  1.2773521700  1.5832684085  1.9736050583  1.8612155344  1.2695632334  1.2650496283  1.8853483091  1.8911256165  2.4614258980  3.8123187939  4.1416050235  5.3968281435  5.5205937796  5.1695309165  4.5144534488  4.0822304470  3.6882072930  3.0192944940  2.3701228142  2.0295816031  2.7651675508  2.1609337520  1.8580745423  1.7387899447  1.4312245565  1.0443507867  1.2055532944  1.2291914816  1.4799250889  1.4469609206  1.7029885086  1.3749329481  1.2323727212  1.3189298533  0.9661505545  0.8957006957  1.0429535145  1.0530385043  0.7566398051  0.8394395578  0.7129177740  0.5610436092  0.5257869168  0.3833050023  0.5945000488  1.0689849273  1.0729390044  0.9017444970  0.8101457831  0.6297420821  0.4724020822  0.3774027187  0.4112802272  0.3345364402  0.3822596646  0.4700553231  0.5680193261  0.5070189126  0.6403938008  0.9184491737  0.8696732293  0.8868688550  0.8801748979  0.9062565980  1.1407174834  1.1500871825  1.2151838059  0.9532058968  0.8471694183  0.5310157407  0.4920848263  0.4235305972  0.5724478340  0.5717037302  0.6321370532  0.8335620292  0.8824069293  0.9984330730  1.1936241954  1.2161401098  1.1919928360  1.1846343374  1.1564303570  1.3999052370  1.2135952368  1.0956003601  1.0133635971  0.8318287877  0.7398787474  0.7498038879  0.7525048627  0.5744252083  0.4939735347  0.5335333622  0.4821736280  0.6333827337  0.7227470149  0.9423592243  1.0946427298  0.7588953729  0.6422380745  0.7211759590  0.8135985682  0.9476300836  0.6490930760  0.4546559138  0.2914224919  0.2045032047  0.2256075866  0.2213172158  0.1837992601  0.2974125690  0.1723654277  0.1612922566  0.1185203766  0.1486508830  0.1683326510  0.2065458467  0.1865089071  0.1613960355  0.1840742189  0.1281918666  0.1446222719  0.1206126548  0.1082185762  0.1300849495  0.1407344989  0.1318091067  0.2156305191  0.2992243927  0.2194050908  0.3002622459  0.2750684664  0.3254398507  0.3221079149
  0.3756865425  0.6532362425  0.7092554202  0.6642680929  0.3981396307  0.4091404892  0.3636482189  0.4431159069  0.4382718558  0.2888328843  0.2891262983  0.2501475029  0.2728272147  0.1888904331  0.1405556199  0.1780535315  0.2341847487  0.3162285331  0.2334319721  0.2422172763  0.2855642377  0.3345288784  0.3017417046  0.2909887072  0.1980691890  0.1855301406  0.1919818049  0.1832407619  0.2936207590  0.2962299606  0.2894219827  0.2698198401  0.3410726795  0.3798014632  0.4323810495  0.4880556138  0.4180850175  0.4045960416  0.4938582875  0.4950310501  0.5543295399  0.7845099126  0.5995747523  0.4667556237  0.5724194794  0.4650504756  0.4914409301  0.5930597992  1.0706740857  1.0649237967  1.0186768930  0.9488499943  0.9134236194  0.9645494693  1.1684403671  1.0397129053  0.9841395927  1.4048213154  1.3740853564  1.3489326173  1.2479571414  0.9306494993  1.2334668734  1.2866360830  1.1395078486  1.3111972989  1.7398059098  2.0660351823  1.7207798114  1.6396918519  1.6713731806  1.5025688803  2.1853587128  3.5337510877  4.4998671321  4.7768599828  7.3432904390  6.8756764729  4.7638630262  4.7611354447  3.8200598316  3.5661589780  2.7891451739  2.3529944942  2.0509505676  2.3173756671  2.3907256405  1.7297565598  1.6348193369  1.2870500919  1.1809343645  1.2963053470  1.4034227260  1.7622690619  2.0414685151  1.6918316696  1.3422715511  1.4158069006  1.5093906184  1.3549676395  1.1947822372  1.0245607853  1.0135767721  0.9249157111  0.6744168015  0.6770399964  0.6505955221  0.5444575051  0.3907144601  0.6178914336  1.1504211626  1.0008123894  1.0254381891  0.9378333527  0.6868481785  0.3798144474  0.4242558901  0.4379662769  0.3697013428  0.3496356835  0.4398258624  0.6238744077  0.5207350187  0.7027980609  0.7745741619  0.7468049428  0.9866626152  1.2534157108  0.8497895855  1.0426623522  1.4470156889  1.4126360255  1.1095779498  0.7368399065  0.4853102575  0.5053852160  0.4966270255  0.6946997880  0.8023216207  0.8786306524  1.1490906403  1.1594824794  1.1023764471  1.2140652969  1.2110568771  1.1329918886  1.4813692773  1.4651172496  1.1263908306  1.0061324586  1.0589863139  0.8751168740  0.7457829373  0.5923736365  0.5091002223  0.5303897287  0.4289336462  0.5315248416  0.5531206810  0.6431731582  0.8027722391  0.7006083376  0.7520721771  0.7899349102  0.7564600292  0.7837813690  1.0757421871  0.9704440969  0.7716841274  0.6762745286  0.4581189307  0.2773484512  0.2126934969  0.2326786740  0.2339468761  0.2688800586  0.2699895838  0.2060774979  0.1709431082  0.1307632198  0.1920265013  0.1579958416  0.1892998961  0.1960667694  0.2015950403  0.1847638159  0.1584093986  0.1316097301  0.0892784664  0.1152453038  0.1300276598  0.1493143020  0.1618246419  0.1594268580  0.2067344746  0.2056989247  0.2287692084  0.2170511982  0.3117144081  0.3044664004  0.3311022619
  0.6208522582  0.7303277224  0.8562111169  0.6654585166  0.4969490811  0.5308479353  0.5859881825  0.4398508040  0.3017629195  0.2718476001  0.2861863705  0.2608084657  0.2066133539  0.1767584335  0.1656040949  0.1597164148  0.1926748855  0.1973960638  0.2048408099  0.2583357747  0.2982861841  0.2495809322  0.3099624631  0.2459819324  0.2174260230  0.2103628546  0.1972986960  0.2112653697  0.2768454977  0.3407394632  0.2727621358  0.3423533435  0.4976094473  0.4864188729  0.5218369827  0.4125904832  0.4833808243  0.5155111364  0.5498376392  0.4999117592  0.6224969559  0.5852434933  0.5461137735  0.5292417188  0.5995883456  0.5480422501  0.5999802397  0.9193846139  1.0590069309  0.7805141030  0.7698410225  0.6655349393  0.6347835697  0.7908480772  0.9135851229  0.8684233787  0.9887505621  1.1064663107  1.2223823979  1.2136857231  1.3351595592  1.4493963164  1.4352675668  1.3233012775  1.3526770517  1.7863038544  1.9953965026  1.7460391345  1.9718815498  1.9152742650  2.2279657339  2.3852676565  4.7397261559  4.2032228418  4.6536116348  7.7831231651  8.8493887376  6.2991825461  5.0737616827  4.0120992408  3.4714500623  2.9523313966  2.4798904762  2.5733855684  2.3266113218  2.6892658651  2.2616674361  1.7998930265  1.7389835697  1.4737254377  1.3197472406  1.5867583865  1.7846127780  1.7198370144  2.1074287537  2.1140795984  1.6807100763  1.3217294032  1.5311794798  1.8300049437  1.6032233990  1.2891702801  1.0295421265  0.5664392026  0.6262792836  0.5877933355  0.5879087148  0.5349123058  0.7345020519  0.9631123006  0.9905765750  1.0428508811  0.7491515003  0.4424215279  0.3309273941  0.4297363301  0.3923327279  0.4247719822  0.4735058422  0.5617088195  0.5627370955  0.5498383784  0.9406446096  1.1557462137  1.0893555493  1.1770981058  1.2194068127  0.9825024485  1.3209365856  1.5634347305  1.6043078890  1.3995215361  1.0795575999  0.6920010590  0.5581067357  0.6441065424  1.0028749831  0.9125884102  1.1563128223  1.3277706778  1.5297046219  1.3854338319  1.4522826421  1.7082786398  1.7888980469  1.6939943666  1.6547313526  1.2511172032  1.1147204200  0.8810228742  0.8307450098  0.6718541693  0.4543847890  0.4459461903  0.5289015142  0.3591814443  0.3383536806  0.4516136379  0.5490818538  0.6225096801  0.8082877152  0.9549194624  0.8860055109  0.8987835792  0.8438140317  0.8308530286  0.8217789244  0.6995624938  0.7657280186  0.4309388378  0.2573388316  0.2516599035  0.2214143774  0.2723429285  0.2421745881  0.2499354424  0.2001488577  0.1542362032  0.1407463699  0.1719270806  0.1619949758  0.1453346761  0.1711108576  0.1701836092  0.1676271702  0.1978675895  0.1231001400  0.0985794074  0.0984755801  0.1010795225  0.1389469904  0.1602295207  0.1321438218  0.1612909941  0.2068567294  0.1782979852  0.1788907464  0.2536951467  0.2650040369  0.3542069589  0.5084253970
  0.6855605360  0.6578253791  0.6030427111  0.4987445102  0.5402671734  0.4635751073  0.3638881107  0.3053741393  0.2519544959  0.2748714972  0.2889762028  0.2649077932  0.1932787913  0.1619034526  0.1402200530  0.1718130826  0.1695207962  0.1602254232  0.2364435696  0.2695312596  0.1940705858  0.2579321055  0.2106768074  0.1636248786  0.1828241326  0.2268834517  0.2383925309  0.3347831797  0.4663104736  0.2908116843  0.2783877787  0.3914236671  0.5892382775  0.6989187730  0.4393552785  0.4427190457  0.5422046667  0.5285974455  0.3809821929  0.5048715708  0.5967878081  0.4795742748  0.5667976742  0.5777976789  0.7851833327  0.7338549330  0.9107477347  0.9181968698  0.9491893285  0.7132757469  0.6258616315  0.5305414854  0.7490882289  0.7400050637  0.7027222751  0.8547266840  1.1934634432  0.9627953654  1.0587491909  1.2951967339  1.4614771808  1.3524493847  1.3736348958  1.1559396505  1.3960780233  1.3906087774  1.7518117246  1.8791866583  2.8812517572  3.1934150504  2.8934271925  4.3642040965  5.3660771492  5.8502402248  7.1234622192  7.1313655909  5.8917859586  4.6970300828  3.8961718171  4.1013785324  3.6451308879  2.5118088411  2.3854589659  3.1265751215  2.5902413674  2.4378721328  1.9546653626  1.5195580787  1.6747356380  2.0863326486  2.2744468674  1.6477663241  1.4986032000  2.1007339273  2.5412101740  1.8862099967  1.6356040466  2.1092458858  2.0875063661  1.4225119483  1.3051597592  0.9443778168  0.7052200495  0.5754830264  0.5491175389  0.5160193705  0.5172473792  0.7666122107  0.9339317834  0.9111267091  0.6311498791  0.6010429344  0.4508778155  0.3515271815  0.4546425847  0.4544379932  0.3912897516  0.4862138149  0.6256035354  0.5643491181  0.7829090524  0.9424641034  1.1382854805  1.2352510198  0.9491075571  0.8356822973  0.8645088132  1.3562150412  1.7692982637  1.6238561116  1.2798536025  1.2704967752  1.1067137908  0.7804692911  0.8412563619  1.0385547260  0.9010533700  1.1401695345  1.4376172893  1.4119702329  2.0464348967  1.7624944937  1.7297167859  1.8049766178  2.0610883814  1.9013122226  1.4748468544  1.3053967620  0.8173636128  0.8898885656  0.8596836229  0.6830093825  0.6034556275  0.4945617378  0.4241414201  0.2882647414  0.4074731699  0.6389353429  0.6648116404  0.8485667756  1.0184749776  0.9195630404  0.9564760602  0.7934946383  0.6001920071  0.5358533420  0.5890610085  0.5468627326  0.3074154039  0.2374214020  0.2675699631  0.2148470258  0.2384022280  0.2836096545  0.2757675408  0.1992353951  0.1327232931  0.1576588623  0.1751764441  0.1615752996  0.1585178315  0.1330648122  0.1373239859  0.1382518364  0.1522228829  0.1085144867  0.0976594813  0.0980429151  0.1193454592  0.1430333755  0.1330426621  0.1154295486  0.1688800519  0.2035451527  0.1637275829  0.1803655379  0.1808249415  0.1789828722  0.2269962012  0.4162322222  0.5891875858
  0.4363038703  0.4451293236  0.5750531619  0.4800387101  0.4444912785  0.3697056326  0.3113531902  0.2827639300  0.3077495945  0.3036683297  0.3225770848  0.2251276936  0.1718658391  0.1826910409  0.2058714232  0.1827928469  0.1917197879  0.2066428279  0.2024241175  0.2087542067  0.2247658099  0.1960345487  0.1870865836  0.2133353355  0.3231263643  0.3117016933  0.4603261091  0.6461135902  0.3986785272  0.4098215331  0.4186756467  0.4943168955  0.5590287048  0.5858798652  0.6195484488  0.4636753045  0.4907878733  0.4690169654  0.6460271970  0.7509174699  0.6959035910  0.7388837514  0.6619080497  0.7616699677  0.7250288838  0.9023424323  1.0309865581  1.1762230753  0.8315828801  0.6538681948  0.4377962124  0.4749032550  0.5440624970  0.8742051745  1.1165154863  1.0159030278  1.0146348752  1.1755524418  1.3620261106  1.5047744772  1.2546110224  1.3984245086  0.9520690696  1.2838811173  1.7791118692  1.6566048393  2.3327115288  3.2513175025  3.1539793586  3.5124545863  4.1840478748  5.8494464868  6.5161012839  6.9433602947  5.8279548577  4.0437699213  4.0682897151  4.1980139283  4.2848850798  2.5489299498  3.0175024652  3.3192128576  3.0267079853  2.5831479738  2.0877818354  1.6445824984  1.5301322448  2.0079432498  2.2604074367  1.6625731809  1.6149839688  1.6673907911  2.4182827080  2.5809809744  1.8582071822  1.8182397803  2.4315490030  2.8374416641  1.6376200907  1.0917102713  1.2249044066  0.8146079939  0.9387390839  0.8563348584  0.5112500900  0.6286229743  0.7137522317  0.6805599749  0.7058365111  0.7039150162  0.5857335039  0.5822990651  0.4638366456  0.6358101337  0.6758842115  0.5197163799  0.6154208440  0.6220801046  0.5877557517  0.7690418516  0.8047479553  0.8741303128  1.4120339199  0.9223086386  0.9177785338  0.8470073272  0.8555704280  1.2983212624  1.2981722879  1.3459106751  1.2863440871  1.1485111128  0.9689348913  1.0531194986  1.3700027787  1.4267173746  1.7772080845  1.2565335920  2.0356115794  3.1838103895  2.2867024892  2.3569415593  1.8991359651  2.0386035475  1.6482014757  1.1243594490  0.9470211833  0.8886683834  1.0372776102  0.9710002439  0.7400702334  0.7120369555  0.6083697295  0.4936654587  0.3836062231  0.4968336842  0.8456565576  0.7801388848  0.8284539302  0.8242351952  0.6354257433  0.7841032108  0.5387638293  0.5959890555  0.4877608800  0.4182455288  0.3649049284  0.2864080062  0.2436236780  0.3103099220  0.2629988222  0.2317316718  0.2803703853  0.2478916023  0.2263532054  0.1565029707  0.2237280468  0.1727903638  0.1684624414  0.1666033323  0.1438113042  0.1251630980  0.1070508604  0.0951877287  0.0683933340  0.0639377097  0.0964349651  0.1211289263  0.1338967247  0.1192062381  0.1072980640  0.1188520950  0.1428157290  0.1672968850  0.1391139163  0.1736662845  0.1553073678  0.2017627428  0.2730950177  0.4506133684  0.4418933894
  0.4584018278  0.5171858666  0.5142050770  0.5083668825  0.4393702751  0.3494858475  0.3023829956  0.2577668919  0.2979932004  0.3000966249  0.2675210689  0.2816977498  0.2532242888  0.2435904836  0.2317698250  0.2859166942  0.2803669173  0.1991749516  0.1873794438  0.1817485793  0.2408336369  0.2203757313  0.2203927848  0.2364840384  0.2900035038  0.4207294434  0.8076246168  0.6279088190  0.5347374268  0.4052283252  0.3844006089  0.5456939213  0.7578755386  0.6189770770  0.5961542189  0.6835194982  0.5705299063  0.6210363714  0.6597188685  0.7583977132  0.6968413682  0.7236909006  0.7123175759  0.6021061017  0.7472667767  0.8197784245  0.9855627290  0.7249325303  0.6941496332  0.5042151446  0.4443377783  0.4961257522  0.7648317187  1.1302480565  1.1467146776  1.1188492127  1.5167257796  1.2774564236  1.3094534002  1.1321718456  1.3513128946  1.3042897166  1.4110140793  1.8859633131  1.5140044881  1.7608404690  3.1194254486  3.7049546652  3.8788087385  4.0892684112  4.8992796706  6.2944003507  5.3976100996  4.7889256649  3.9709915775  3.0722711208  3.9490384089  3.4743320202  3.0832785892  3.6175361684  3.4172993232  3.3288601237  2.7935261730  1.9486041076  1.6820235856  1.7039767236  1.9171616494  1.9854188609  1.8498618634  2.7997854744  3.0742359097  2.9487349128  2.1574880242  1.8091322817  1.5001335340  1.4237021440  2.0245708947  2.1176170535  1.3420506580  1.3572150502  0.8841510127  0.9563396198  0.9248600739  0.6038575967  0.5928406708  0.6748864436  0.7080741347  0.7687859004  0.5940493285  0.6434353872  0.6557496718  0.5360035336  0.7767355313  0.7406598601  0.5374529345  0.5424089227  0.4849408379  0.6783033249  0.6636602076  0.7463214243  0.7187043302  1.0577711783  1.1259565544  1.0482081285  0.8265680919  0.9704291154  0.9714791425  0.9655072495  1.1350454082  1.0252687216  0.8003428519  0.8641244024  1.0923352149  1.2767735980  1.7868135202  1.9613712968  1.5780489980  2.2265212653  3.2885326934  2.4080135569  2.0596485237  2.0539983710  1.7759751779  1.7094047191  1.3885366277  1.1521358619  0.9500998969  0.9234762796  0.9912723597  0.8431633919  0.6924140771  0.5614522297  0.5865673192  0.5365466181  0.6079766134  0.9778452214  1.0636998991  1.0493685837  0.8275501967  0.7708041423  0.6487409968  0.5856629398  0.4444682565  0.3866979318  0.3252585825  0.2996461957  0.3323009705  0.3713894309  0.3158611003  0.1948234901  0.1935223994  0.1967092193  0.2233011245  0.1824942849  0.1221747714  0.1587339759  0.1895631540  0.1319483143  0.1273856105  0.1051474917  0.0854266370  0.0731980241  0.0466117322  0.0423631613  0.0549593097  0.0789417226  0.0780525572  0.0977663671  0.0838706001  0.0836958414  0.1122234059  0.1214324137  0.1687382530  0.1231607161  0.1217334456  0.1410870886  0.1522191254  0.2174019011  0.3336804739  0.3300219005  0.3664261908
  0.4862541872  0.4851505832  0.3633391078  0.4001678688  0.3544937033  0.3365512780  0.2791180070  0.2789726016  0.2602106992  0.3476443423  0.3732625973  0.3976770309  0.3779786328  0.3510940649  0.3759166483  0.3121665105  0.2567775517  0.2313557312  0.2077146137  0.2669725762  0.2751228611  0.2643230737  0.2796124041  0.3085797756  0.4059928479  0.7479146078  0.7861134974  0.5973069480  0.4419932778  0.4589637515  0.5914482987  0.6173018986  0.4891854453  0.7020358778  0.8235127371  0.7040836384  0.7326957492  0.6885289507  0.6896395608  0.6359674674  0.7654938528  0.7061359009  0.7433191365  0.7220497602  0.6444253870  0.9137994875  0.8142334858  0.5807304777  0.5843298616  0.5750411910  0.6132324347  0.8858744311  1.4145256858  1.4139126676  1.2324129695  1.5462573663  1.1322082396  1.2963779975  0.9160430473  1.0045502144  1.2958865504  1.7148360785  1.4981054538  1.1447363733  1.5573394047  1.8182763719  2.5425635476  3.4411901324  3.2223075277  4.0947885298  5.5006364560  4.5457753167  3.8052320057  4.1373270640  3.2085469206  3.5159829429  3.0833654893  2.9912154985  3.6580347840  3.5571251725  3.3276964924  2.6274652509  2.3214035702  1.6428562454  1.2334978683  1.3335960070  1.6213190369  2.3780177474  2.8882506597  2.3967358891  2.3009755413  2.0452513054  1.7062287625  1.2955375435  1.3353389910  1.4000566970  1.5932664433  2.1595154197  1.6469352784  1.1179324260  1.1932447543  0.9691039978  0.8560955518  0.7720832568  0.7623886073  0.7351175775  0.7171737022  0.6417723828  0.7005806589  0.9180794901  0.7825641330  0.9786425779  0.8401013637  0.6971049969  0.5098909465  0.4159003716  0.4858105663  0.4829504244  0.5483053301  0.6524640700  0.9389028590  1.0522059789  1.2983927621  0.9101977886  1.0554962458  0.9631056596  0.8654458181  1.0138143867  1.1323660575  0.7576594996  0.8708759464  1.0199011181  1.1708700424  1.5112753296  2.2219132164  2.0944303258  1.7823512897  1.9623033112  2.1402567146  1.7057985410  1.6821266730  1.5038760567  1.3361493730  1.4908912369  1.1643966405  0.8218283634  0.8279374359  0.8246595231  0.6223919281  0.7281487804  0.5197616691  0.4615226663  0.5385741252  0.5998616497  0.8485419261  1.2291320214  0.9816147974  0.7876229724  0.6692864053  0.5286803002  0.4504786794  0.3173903377  0.2690575449  0.2003276524  0.2109169019  0.2731829948  0.3343197101  0.3381107808  0.2853213352  0.2479764215  0.2707669824  0.2052657533  0.1463027529  0.1443088529  0.1349744998  0.1198569473  0.0752666384  0.0768286664  0.0734638495  0.0758328333  0.0561632397  0.0417412135  0.0326628504  0.0486560526  0.0597895926  0.0540477751  0.0556365799  0.0668853505  0.0587791323  0.0891931242  0.1047090335  0.1261248146  0.1426536185  0.1604518204  0.1580728975  0.1527730745  0.2218707042  0.3806971943  0.3918255782  0.3671932321  0.4160938040
  0.4614881495  0.4608889878  0.4628748701  0.3916395046  0.3967315195  0.4003825567  0.4350837611  0.3303099005  0.4602716755  0.5077368168  0.3683593102  0.3966521317  0.4784096638  0.3562797993  0.4023067270  0.3154204479  0.3433694958  0.3155980788  0.2921006244  0.3005532429  0.3274838840  0.4260308386  0.4572121458  0.6120423898  0.9042970025  0.8306181110  0.6300089133  0.3923417729  0.3494274098  0.5287556490  0.7449409352  0.7255052094  0.7741857437  0.9802385899  0.8461036720  0.6847949378  0.6469053860  0.7266732170  0.6897695580  0.8160941563  0.8826348427  0.6212529770  0.5775008199  0.7845031770  0.7079320844  0.5896875300  0.6434904731  0.7891573822  0.8007443199  0.7151711284  0.8983696072  1.2840344065  1.2952265872  1.1997291701  1.1286183807  0.9983375949  1.0481450900  0.7177912422  0.6898831566  1.0644195588  1.2239004455  1.2043042396  1.1937654493  1.3786043315  1.6009846457  2.4060460498  3.1668428315  2.7019488446  2.8709957753  4.3642532156  4.1710085850  3.3588457361  3.0318919503  2.7531207923  2.8611581670  3.1050191612  2.9932408844  2.5159918595  2.5898554054  2.5344949998  2.4255832908  1.9873895755  1.6206418036  0.9744009054  1.1954752039  1.9871257787  2.4805554099  1.9519782622  1.8616751553  1.7570340513  1.7360541887  1.4040502370  1.4477106327  1.3211909284  1.4870725462  1.4530883029  1.8388575049  1.1689642121  0.9453657251  1.6060988125  1.4580239736  1.2644744292  1.1005146755  1.0566552443  0.8907834449  0.8264756624  0.9786168378  1.0118359035  0.7896647565  0.7456512897  0.9237827334  1.0979566083  0.8333917271  0.5851995066  0.3461445642  0.2844067134  0.3398920216  0.3666464732  0.5052967784  0.5805801526  0.8230963746  1.3615577126  1.0265622519  1.0965815148  1.0431490856  1.2282256711  1.1710645136  0.8923320961  0.8444077083  0.8956168075  0.9510500278  1.1296847049  1.5385185131  2.2827834837  2.4166313399  2.5557060481  1.5819847448  1.7827966714  2.0743863681  1.8063612167  2.1859588055  1.3025490122  1.0707256495  1.0726980084  0.8299546249  0.6789042491  0.6075501199  0.6101986087  0.5887804259  0.6021319056  0.5497810523  0.5564840986  0.5069875978  0.7393033024  0.9594842887  0.7939850083  0.7255792224  0.6804454014  0.4676836977  0.2958380184  0.2083983200  0.1907024386  0.2179758525  0.1405758497  0.2464821984  0.3121624455  0.3825629179  0.3208338765  0.3137014752  0.2791515503  0.1986863936  0.1393943346  0.1118183419  0.0850863668  0.0691049242  0.0722633506  0.0667009950  0.0738954317  0.0793761667  0.0660642136  0.0556019429  0.0434750803  0.0658753962  0.0754435501  0.0765726060  0.0701385990  0.0619190914  0.0586618384  0.0998261395  0.1112853905  0.1287918997  0.1677562171  0.1590085402  0.1864627555  0.2415908058  0.2451206398  0.3301316602  0.4268728171  0.3836887050  0.4467549403  0.4590413647
  0.4529734129  0.4686602606  0.5058972912  0.5854236073  0.4913835820  0.4986137315  0.4142330921  0.5133242380  0.7312466631  0.5854657863  0.5064168640  0.5112564336  0.4957265192  0.6197745961  0.4698856436  0.5538091747  0.5307039224  0.3799309537  0.3555453183  0.4326218994  0.4668512429  0.5199595843  0.6294495276  0.8233564421  0.6920886815  0.5898502304  0.3554830352  0.4707716486  0.6394014259  0.7273263721  0.6629987355  0.7943516491  0.8709480654  0.6067964987  0.6979658352  0.9438535182  0.8237148406  0.7985704846  0.6915274027  0.4989645776  0.5185619080  0.5730914195  0.6889390832  0.7640070507  0.6556994952  0.6670414499  0.7822063607  0.6527417774  0.6148237656  0.6958692717  0.7597417478  0.8655008596  0.8943574690  0.8461135786  0.7394615598  0.6500880580  0.7279025863  0.8066485930  1.0857353237  1.1327141248  1.0673463342  1.3666911559  1.6810280893  2.0824263530  2.6596168194  2.5750863285  3.2448337977  4.2169296431  4.3064233694  3.7598405373  2.9145394551  2.9342762517  2.5154029155  2.8696643195  2.9134905651  2.2302637574  1.8668730901  1.9824785067  2.0023951114  1.6177935077  1.3104437794  1.3648647210  0.8806803935  1.0801973635  1.9159628358  2.3427564514  2.2915581270  1.7453391787  1.8949693273  1.1872628345  1.5186394930  1.3491288489  1.2680631028  1.6337570856  1.4300806119  1.1927345863  0.8855577475  1.0113096738  1.3056575634  1.3512361855  1.3430901412  1.1034698650  0.9711645625  1.2258788729  1.0541421669  0.7631572786  0.6590978427  0.6326587810  0.8267262784  0.8785766470  0.8016347274  0.7828533412  0.5792349286  0.3088276504  0.2543145397  0.2112452734  0.2649121785  0.3515033166  0.4952928700  0.7042487304  0.8557334242  0.9067177713  1.0982739198  1.0484733579  0.9567387943  0.8530227855  0.9387912272  0.8888634584  1.0147965181  1.0238831188  1.2010958564  1.8271469732  1.6960515901  2.9959266312  2.7952572443  2.5341682849  2.0637726282  2.2133736801  1.6844431008  2.2712038952  1.4981694286  1.0806105089  1.0580292644  0.9776292346  0.7329210917  0.9066798971  0.8151875348  0.8890221928  0.7005101740  0.5478924651  0.4632049854  0.4589586242  0.5794111110  0.7907946341  0.7946121098  0.7844641755  0.5329171474  0.3770695977  0.2971742980  0.1967874520  0.2146910011  0.2238816403  0.1784209084  0.1857052285  0.2788296196  0.3068905334  0.2738951815  0.2775761240  0.2411504259  0.2132429331  0.1458846026  0.0844273275  0.0622129541  0.0542957303  0.0682769121  0.0683618028  0.0861841403  0.0814014773  0.0726482189  0.0719298404  0.0724441653  0.0785994191  0.0736150878  0.0724821989  0.0759198632  0.0809533308  0.0703920677  0.1016403169  0.1180864631  0.1145597552  0.1145320439  0.1648781462  0.1783118239  0.2046412970  0.2305712320  0.2755016429  0.3744215222  0.4284345373  0.5153815918  0.5036905146  0.4969172579
  0.4993869663  0.6086046517  0.6014260307  0.5344124617  0.5279689988  0.5051854841  0.5655880338  0.8130416377  0.7687268855  0.6996587840  0.7969659055  0.6423998059  0.6958765582  0.6272784251  0.5762770100  0.5571194097  0.4507417010  0.5355212446  0.4525954472  0.5065085329  0.5392522766  0.8072100885  1.0470719413  0.9548065043  0.8231156666  0.6021208427  0.5622348542  0.6004862414  0.5243695012  0.5004795901  0.4486495636  0.5124156410  0.4939798160  0.6612500526  0.8704467268  1.0908848517  0.8404887209  0.5313661153  0.5415668126  0.7666742526  0.7697055054  0.6819724600  0.8903341898  0.7889625713  0.8261339974  0.7964103453  0.5776253961  0.5645498712  0.6252951270  0.4965100832  0.6276045625  0.7674648788  0.6711465106  0.6969880900  0.4860900208  0.7205103254  0.9716065436  1.2743296644  1.1305236905  1.3993465604  1.6012277284  1.8398109147  1.9941367184  2.9005440091  2.9703423220  3.0636409864  5.0554601729  4.0476261648  2.9824403640  2.7107890217  2.7588987731  2.6110989027  3.7024054253  2.3762913945  2.1158973889  2.1175709639  1.6944792456  1.5347112415  1.1665074244  0.8743656358  1.0192868091  1.3708763983  1.3862716232  1.9967775511  2.5246680186  2.5219966831  2.3601355800  1.8321147148  1.1937788970  1.2678800518  1.2507105545  1.4160767473  1.3971604249  1.1980464103  0.9851814306  1.2190343892  1.3026441172  1.2914851305  0.8047239512  0.8997945372  0.8223099448  0.8133048665  1.1016666330  1.0966893107  0.7742915566  0.5536387905  0.6358367088  0.5032825656  0.7562459581  0.6282534286  0.5955021312  0.5137005168  0.3874880374  0.2696412855  0.1880740854  0.2520301413  0.4036420450  0.5656956103  0.7614663928  0.7847046058  0.7043509752  0.9968697658  0.8274210046  0.8055884326  0.6669641742  0.7812541936  1.0578219487  1.0988418059  1.5384746231  1.4286457262  2.1317718002  2.1850028680  2.6688285216  3.1285366580  3.3270813769  2.9840334671  2.6435976713  2.2560338310  2.0101999670  1.5263094738  1.2850179551  0.9562953061  0.9411935555  0.7896898381  0.6329637624  0.6881002353  0.5845598649  0.6866552451  0.4592675478  0.3750565938  0.3515509449  0.4563288389  0.5897267647  0.6556635601  0.6693698959  0.5014674181  0.3988984519  0.3484826136  0.2295229983  0.2077984284  0.1983122258  0.1343164161  0.1430544188  0.1567850018  0.1598377079  0.2236581578  0.2116246259  0.2633151722  0.1869568223  0.1524392079  0.0869817317  0.0764918296  0.0634918299  0.0783532605  0.0879022292  0.1430610241  0.0899986924  0.0934241076  0.0711572964  0.0690803772  0.0692824762  0.0710339535  0.0612645225  0.0812587880  0.0914212633  0.0835881241  0.0808368026  0.0932477407  0.0940501912  0.1403618312  0.2139410937  0.2238898758  0.1993611961  0.2547672717  0.2768618589  0.3558724553  0.3608306416  0.4939443010  0.4040980258  0.4532353764  0.4904513081
  0.6091179555  0.7767500286  0.7698011806  0.8377814202  0.7214459266  0.6395675393  0.7943559524  0.8184067682  0.6214653535  0.6265046659  0.7864148541  0.7230240252  0.7184893505  0.7516681816  0.5625675819  0.4168992454  0.5713875893  0.5567233892  0.5855055770  0.5592515268  0.7657102453  1.0747380356  1.3390294686  1.2217273224  0.8554632227  0.6428415459  0.5893802910  0.4714266914  0.5295146232  0.4510103933  0.4122511982  0.4717810718  0.7740852393  0.8750614852  1.1793781341  0.9876888655  0.7992970492  0.6956331769  0.6847167122  0.6416853643  0.7779075426  0.8897857024  0.7840777008  0.6383205278  0.6168772137  0.4526681366  0.5007606173  0.4811476237  0.4875786176  0.5366663038  0.6078406688  0.6269811773  0.6700826203  0.6111033711  0.7479243427  1.2275382251  1.7157504627  1.5133220391  1.7113479314  1.8968271619  2.4541094690  2.4596431944  3.4404851407  4.0211951387  4.3489594569  4.7262422085  5.7231088388  3.4103905598  3.3547421888  3.5791431378  3.5694710484  3.1203083578  2.1357858969  1.7008172901  2.1272836574  1.8834060726  1.4669514373  1.1021413576  1.0975676381  1.2009256715  1.7825231639  1.9838964012  2.4215640461  2.8499944784  2.5657155663  1.7635188249  1.5557906645  1.6063228202  1.4228954304  1.3155518907  1.4201486117  1.5374956185  1.6263607849  1.7099814997  1.5327436932  1.0559400561  0.9839480981  0.7048042756  0.6944121710  0.7691346766  0.8648722852  0.9008579563  0.7520083036  0.5050565959  0.4718562541  0.5040785695  0.4874996217  0.6161242294  0.9003678794  0.7077720250  0.4765664078  0.4713156160  0.3122838512  0.3028695896  0.3787490294  0.4948592699  0.5337128527  0.5501686274  0.6630013749  0.6280757709  0.6042399961  0.5446288453  0.7987260886  0.8989202913  1.0176109525  0.9798848473  1.5401598366  1.6149978008  1.9323152764  1.5069380024  1.8406262796  2.6189913659  2.7332070940  3.6014280623  2.7556870588  3.0571597702  2.7206828040  1.8686347287  1.4863098103  1.0997683287  1.0311468438  1.1092375335  0.7430963569  0.5210551488  0.5481308843  0.6170083193  0.6572605569  0.5616722101  0.4912094256  0.4635497008  0.4444008936  0.6279489386  0.7452373868  0.7192130912  0.5606630422  0.4151858743  0.3247233252  0.2495988299  0.2016430598  0.1771470943  0.1394890093  0.1135537201  0.1069101575  0.1539220563  0.1565683678  0.1846462047  0.2114780293  0.1427737173  0.1100951372  0.0975759454  0.0705625887  0.0822835246  0.1227915800  0.1241707419  0.1489200614  0.1184155277  0.1226626596  0.0870588639  0.0653724380  0.0673817962  0.0801117969  0.0759430186  0.1012333860  0.0895870209  0.0760007631  0.0781826388  0.0760442708  0.0958753528  0.1481123549  0.2855826659  0.3254135495  0.3425636496  0.3018178824  0.3021294163  0.3309272525  0.3321066260  0.3927561791  0.3120373469  0.3659950885  0.4437156145  0.6813430106
  0.7255875851  0.7308519925  1.0371994562  0.9942237801  0.6421831008  0.7622593559  0.7592792779  0.5542036054  0.6792198565  0.8110188755  0.9273678336  0.7439958368  0.7050475585  0.6534330015  0.5494236403  0.5711047576  0.5102921341  0.6139714455  0.6148764507  0.8355778782  1.0918607127  1.2267588557  1.2233872454  0.8033702806  0.6347250077  0.4934033811  0.4918447547  0.5023749806  0.4950034603  0.3159458207  0.3069469013  0.6945251150  0.8284942309  0.8871152493  1.0161758876  1.0010632546  0.6907755829  0.5455391921  0.6102014130  0.8155268239  1.1077446172  0.9212401853  0.5834073938  0.4633409720  0.3551246092  0.3788879053  0.4198770003  0.4563532812  0.5096191024  0.6166171644  0.6827565334  0.6547872418  0.7017773797  0.9610680526  1.0048056301  1.5606488539  1.7935876357  2.0969633545  2.1234329518  2.3864628855  2.4649264266  2.8917528455  4.0967545751  4.9333174604  4.4151865650  5.0775595825  4.3707264949  3.4788465269  3.9383401464  3.4558051100  2.4173757445  1.9159283788  1.4816338919  1.9445204199  1.6321600671  1.6527526139  1.2119703594  1.0604648793  1.2616056206  2.0720697149  2.7205502454  3.3254855168  3.1429943740  2.1441817898  1.5058524095  1.9439357699  2.0482262925  2.0628713655  2.0192111993  2.2833245027  2.0861559880  2.2192926153  2.3272589479  1.7928856711  1.1449426465  0.8990116706  0.9221193232  0.7043778386  0.6655311006  0.7667153507  0.8318035673  0.7853581571  0.5608253903  0.4502488510  0.5309057287  0.6203305672  0.7509859001  1.1061921558  0.8063391989  0.5728644024  0.5708921555  0.3585883915  0.4813356147  0.5485032170  0.5477741072  0.7632574676  0.5840037970  0.5312264133  0.6233565850  0.5669209391  0.7027151571  1.0569699658  1.1314362720  0.8585929043  1.0284878189  1.2353430467  1.7618000404  1.7132556926  1.5645246425  2.0244891700  2.8911252082  2.8394555028  3.1244912873  2.6750347053  2.8027446080  2.1849078057  1.8409616857  1.2060535186  0.7704333612  0.8787550277  0.8483358569  0.7557367302  0.5678876206  0.6028404513  0.5537915035  0.7703112056  0.7682078010  0.6417058011  0.5867932552  0.8044934528  0.7561540880  0.9211159365  0.6055582708  0.5446544944  0.3364948605  0.3095595267  0.3751138527  0.3020750478  0.2519072977  0.1934411956  0.1804017984  0.1484373910  0.1376855363  0.1188602374  0.1517171303  0.1446251425  0.1400757895  0.1276384471  0.1048669524  0.1048446619  0.1293861705  0.1369642059  0.1238532552  0.1483312695  0.1691103998  0.1339213134  0.1002753654  0.0835719650  0.0760215875  0.0977630311  0.1167443733  0.1026936319  0.0725956624  0.0684642732  0.0718091244  0.1202792673  0.1383972259  0.1562607569  0.2724741250  0.4002087716  0.4457826898  0.3318595082  0.2980159970  0.3306485264  0.4137390675  0.3140294013  0.2421070669  0.3053174909  0.4531999047  0.5267138989  0.4874949824
  0.6886585221  1.0696653246  0.9247428736  0.6779274573  0.7155797080  0.8968261336  0.6470404988  0.6146683467  0.8805525112  1.2353717906  0.8095603990  0.5403630300  0.6866575614  0.6083918189  0.5678965289  0.5746839227  0.6479172966  0.6307515049  0.6945691181  0.7651387873  1.0238053488  1.1139852141  0.8718621880  0.6291793058  0.3837314465  0.3630795462  0.4246208821  0.3773540048  0.2841109961  0.3382494287  0.5602088952  0.7679101217  0.6155737823  0.8399791619  0.6446606522  0.4410593965  0.4035717645  0.5972588996  0.8425831488  0.9307467275  0.6268663498  0.4304528495  0.3741966287  0.3797132065  0.3561893269  0.4169369435  0.5370148234  0.6198741354  0.7317418694  0.7117419268  0.6464180616  0.7719179027  1.1381378344  1.1360735453  1.5586095356  1.9403187041  2.1714559759  1.7363617337  2.0293612357  2.7541119464  2.7179064403  2.7589326372  3.5505715943  3.7369391148  4.9635434063  3.6720798342  3.7524431908  3.4673459449  2.5871315749  1.7306151478  1.4238406566  1.4004188472  1.8446879500  1.5587882697  1.2585830601  1.0991769598  0.8595643571  0.8149296897  1.2395395057  1.8612109083  2.6841509089  2.6769626012  2.5744411377  2.0160810321  2.3534786167  2.9871727272  2.2494691974  2.9597414483  3.6903725792  2.3391737569  1.9645943239  2.0494787482  1.4438372936  0.9303404823  0.8829737472  0.8829019347  0.8256188125  0.8396217239  0.6831594754  0.6951475324  0.6980781577  0.5653180174  0.4924704978  0.5987837227  0.4565266472  0.5505509317  0.8356357950  0.9035368165  0.7121397139  0.5767245615  0.5409062801  0.5623318462  0.6069668385  0.7725153127  0.8764547354  0.7574923708  0.7169768707  0.6007270398  0.9275453426  1.1630175583  1.2793708101  1.3901951086  1.2029339187  1.5069488832  1.4203748709  1.2952191529  1.4036303665  1.2849793888  1.5326246600  2.5588070473  3.1370077504  3.1410328542  2.1651907025  2.0160119605  1.6470732227  1.3880554820  1.0010006219  0.8187754705  0.8384200815  0.8337443173  0.6781823824  0.7660477399  0.6718727701  0.6888167048  0.8986896040  1.1191023959  0.8904802438  0.9034640302  0.9960005292  1.3742605686  1.1505180654  0.6106643134  0.3860610177  0.4043735786  0.4317406592  0.4539286246  0.4365424745  0.3182242064  0.3014190623  0.2544062760  0.1469405421  0.1438859310  0.1374074792  0.1273085170  0.1313694474  0.1528674047  0.1396875495  0.1393594734  0.1461574803  0.1455128388  0.1081010441  0.1177885368  0.1705676444  0.1813929336  0.1939123512  0.1348745019  0.1045194640  0.1112851336  0.1263082696  0.1651762497  0.1470199197  0.0936094185  0.0760054192  0.0662987268  0.1182802736  0.1498050480  0.1738800731  0.2671223227  0.3599930097  0.3603410653  0.3215978792  0.3067102118  0.2264401178  0.3151270814  0.1913248580  0.1849193263  0.2813639486  0.3080658927  0.3681484455  0.4641684391  0.5223062089
  0.6485925837  0.6380917470  0.5324061722  0.5066616000  0.5536606556  0.6263806058  0.5560424587  0.8296682497  0.8819413550  0.7506154707  0.6348898288  0.8893486072  0.9322257576  0.7892377750  0.8233247185  0.9192760265  0.8738436694  0.7141921405  0.7098048450  0.7819335229  1.1918087683  1.0703718088  0.5954881676  0.3231103231  0.3737393107  0.4194012046  0.3988843432  0.3516377326  0.5112130575  0.5674222544  0.5874094634  0.7808150247  0.9718879470  0.7713550440  0.4681568178  0.4106191047  0.3436152277  0.5280990875  0.6542537625  0.5296645482  0.3813104414  0.3690451932  0.3694299774  0.4422751101  0.5204940352  0.6054112849  0.6502119232  0.9327359118  0.9324475607  0.8186924328  0.8057689536  1.1467967318  1.0965566616  1.2431127829  1.5869820545  1.9513594289  1.9597517132  2.6687442597  2.9514400759  3.0497108848  2.9862952145  2.6277025407  3.3576729985  3.5199375340  2.8780579025  2.1126184035  1.9344189357  2.1783909059  2.4251480853  2.0533206180  1.2764332009  1.3092869957  1.5301361255  1.1689995825  0.8660477744  0.7089583609  0.7788777609  1.1359076227  1.7650332508  2.0268503799  1.8484009004  1.7002633990  1.9469859708  2.4186992560  2.4695426042  2.4678611393  2.7361985234  2.2251313647  1.7370493397  1.6873056401  1.4073400742  1.1361135956  0.9208347182  0.7471497096  0.7688962873  0.7784401283  0.8055821099  0.8479352925  0.6610729624  0.5351174160  0.4914121733  0.4897670501  0.4646932453  0.4079185085  0.5566376928  0.8046569919  0.8461071928  0.5759465310  0.4555034880  0.5343662725  0.4707235300  0.6388447124  0.5177294056  0.4920471770  0.6819984357  0.6208811246  0.7573830941  1.1486053040  1.0291954912  1.2121559300  1.4203877352  1.2234359202  1.4487032610  1.2640662980  1.0997579021  1.1986159837  1.2031394294  1.2229888097  1.6619318594  2.0489227587  2.1495397414  1.9245417171  1.6455980634  1.4637674119  1.1126245682  0.8643780040  0.6275810213  0.9452931485  0.7499460109  0.7202529568  0.8035084639  0.7637345791  0.8359158339  1.1601969558  1.5448877921  1.4381061911  1.0480669043  1.0935044606  1.6387401264  1.0136107937  0.6879679411  0.4452415935  0.3716675811  0.3633904417  0.3788826290  0.4527563919  0.3619541632  0.3545977505  0.2617423369  0.1962807678  0.1838639497  0.1540051166  0.1703620885  0.1472001991  0.1373550632  0.1420912355  0.1797788298  0.1519087353  0.1708209670  0.1090179508  0.1152422948  0.1516876505  0.1949544317  0.2302079001  0.2042957204  0.1951513693  0.1311734592  0.1362907436  0.1782267133  0.1975104830  0.1172646024  0.0770343922  0.0773950780  0.1001635582  0.1341772859  0.2135738746  0.2496201199  0.2730789811  0.2992837932  0.2790577336  0.2395393225  0.1932596130  0.1680443361  0.1747936320  0.1652513671  0.2023934003  0.2364998156  0.2353970567  0.2949381195  0.2882305697  0.3207718075
  0.4359278351  0.4359582640  0.4224035216  0.4202434192  0.4579410903  0.5798277686  0.8331580273  0.8151711080  1.1488160954  1.0720099134  1.0229091626  1.0658516909  1.0644717166  1.2827449994  1.1898999468  1.2564138715  0.9106801512  0.8363227971  1.0916488048  0.9629089092  0.6581059495  0.4832147612  0.4085570546  0.3238201304  0.3436496638  0.4270503927  0.3893851206  0.4745361674  0.4978813022  0.7166765334  0.6880014452  0.8136787197  0.7282795270  0.5828738241  0.5641361933  0.3851414496  0.4650220035  0.6666709392  0.4786926441  0.4348649451  0.4440229983  0.3687660391  0.5711895949  0.6915802413  0.8316071364  0.8282968167  0.7793351444  0.8142273821  0.8459826590  0.7944634964  1.0128324196  0.8591161578  0.8635750663  0.9260517960  1.1764337685  1.3493578292  1.9326316404  2.1397402195  2.1011285699  2.5447006280  2.8037246958  2.2749123748  2.5446718449  2.2968430713  1.9443715265  2.2263276194  1.7863519568  2.1520549443  1.9872343683  1.4029377495  1.6661885309  1.8054869376  1.3197421257  0.9454703349  0.7797761033  0.9536959770  1.3033173017  1.2247291174  1.1552960785  1.3563351621  1.7083657065  1.7036733438  1.9868973982  1.9538730382  2.0415296481  2.2672439118  1.9198326949  1.3386807913  1.5809953625  1.3849030345  1.2897503393  0.8578430643  0.6586747897  0.8578993809  1.0565075994  0.9249378991  0.9490767012  0.8419992483  0.6442907448  0.4369788575  0.3463326418  0.4509201812  0.5120556792  0.5630146414  0.8259079910  0.7671013137  0.4456571932  0.3481374884  0.3782959528  0.4520794616  0.5535727495  0.4884512384  0.4108250945  0.7448826321  0.7074795299  0.9436611667  1.4802102395  1.2568196908  0.9538022725  1.3230121983  1.4214734260  1.5375542558  1.5388492941  1.2870013575  1.2606166412  1.6366060592  1.2698190306  1.2623976732  1.4694026710  1.3469406411  1.3552974051  1.4081219465  1.4114395825  0.9658162776  0.9623490686  0.7787792818  0.8435506640  0.8306550431  0.5591473244  0.5064672198  0.6834002860  0.9585176768  1.2474076626  1.7053733081  1.6627703771  1.4526951483  1.3374768352  1.2159963387  0.7308989115  0.5463708496  0.5164456767  0.5989668379  0.5629228835  0.6007758440  0.5632174373  0.4735174989  0.3226366587  0.2525459375  0.1821294532  0.1727103293  0.1835520588  0.1831106925  0.2015102760  0.1681796847  0.1738804946  0.1461871250  0.1259614994  0.1513143797  0.1066820553  0.1400610139  0.1987354295  0.1971469716  0.1560991879  0.1690147099  0.1887665379  0.1516814167  0.1277764624  0.1712897332  0.1749873320  0.1176946385  0.1171511816  0.1392768729  0.1232818676  0.1392789806  0.1522730432  0.1712778313  0.1721043783  0.2108811340  0.2142934685  0.1559004299  0.1487021818  0.1580625430  0.1488909524  0.1322491450  0.1802741350  0.2195237344  0.1720986762  0.2044252559  0.2907816618  0.2714350163  0.3784061333
  0.4513745718  0.4207490863  0.4462405662  0.4881417503  0.6194865143  0.8912885561  1.1129417833  0.9901003380  0.9433439967  0.9021904003  0.7847272882  0.9850235440  1.5547438408  1.2365391002  1.1277441419  0.9013001994  0.8123451339  1.0389046136  1.0201979144  0.6283819459  0.4584934123  0.3656013809  0.3167193962  0.3140076008  0.3299306135  0.3249693447  0.3953071297  0.4218762670  0.7601748812  0.5539591176  0.6111664884  0.5195164449  0.5556786949  0.4408655093  0.5248268298  0.5197820128  0.5457846797  0.5516766080  0.5523502545  0.6053535572  0.4685096685  0.5447160609  0.8327134479  1.0627369598  0.8605743188  0.7721767981  1.0054491954  1.0046288715  0.9216652637  0.8413987060  0.8711275285  0.9458672105  1.0308822828  1.2323405367  1.3721005459  2.1531710079  2.6189215496  1.6496519019  1.8265135624  2.1510148522  2.4323001343  2.4139362197  2.3891956206  2.5302342706  2.4450777274  1.6595390612  1.4123110595  1.7478812584  1.4212692618  2.0387766153  1.9390479843  1.5895607259  1.2333369304  1.1543903500  1.2365883124  1.2034653404  1.4298417075  1.2043315957  1.3358228869  1.5160356280  1.8274435355  1.9330734540  1.5102390236  1.7953397209  2.3352560738  2.7452516702  1.5488555835  1.4191899675  1.1770358121  1.0997856089  0.8578421372  0.8158728947  0.9029629915  0.9605404940  0.7217202044  0.9065095430  0.9994582325  0.6998336800  0.4960254414  0.3960769078  0.4711404557  0.4928123624  0.5222663946  0.9247102196  1.0427405602  0.6732270074  0.4320896432  0.3754641481  0.5017918482  0.7010627125  0.6666272697  0.5486663469  0.5818694118  0.7643735433  0.8538256332  1.4327867603  1.4609754259  1.1359630239  1.3092385349  1.5065981598  1.3628047311  1.2506238201  1.5434828267  1.4299530013  1.9142463280  1.2148881305  1.5463320310  2.0737336442  1.7138483451  1.1936717870  1.0670587776  0.9516657050  0.8483650678  0.7741829887  0.8835031174  0.8377424093  0.6944410724  0.4731480390  0.5472423394  0.7903888060  1.1244810957  1.5136295957  1.6199588094  1.4338754357  1.3301610083  1.2395999229  0.8355433476  0.5374967240  0.5479500583  0.4974746706  0.6909764650  0.6244672056  0.6326581618  0.5318594940  0.4150970066  0.3122084770  0.2636139039  0.1921493523  0.1708329949  0.1761257924  0.1385991195  0.2044475686  0.1720553195  0.1692710983  0.1525081233  0.0920046428  0.1062631124  0.1510651742  0.2184894721  0.2221220603  0.2024752491  0.1723710519  0.1503508542  0.1397111325  0.1440735148  0.1181194885  0.1438795789  0.1498752784  0.1216028889  0.1303825334  0.1276564026  0.1018059285  0.1336231722  0.1790725381  0.1734657898  0.1553439896  0.1930540988  0.1689665710  0.1856870133  0.1619775796  0.1564922370  0.1760711288  0.1548093327  0.2102307446  0.2523302313  0.2193925791  0.2190324755  0.2086968576  0.2263829136  0.2966243145  0.4276291417
  0.4285934877  0.5784832495  0.5991906657  0.5330081162  0.7121100919  1.0257432070  0.7486519876  0.6167270930  0.7146395137  0.7345266786  0.7725565859  0.9658105771  1.1698967296  1.0426696750  0.9836401489  0.8700323588  0.9121388947  0.9325181580  0.6632101181  0.4390714647  0.3230968029  0.2540463853  0.2119456970  0.3157030764  0.4377175010  0.4382644981  0.6116841470  0.6453777475  0.5108513113  0.4640623658  0.6106010720  0.5408051498  0.4194039865  0.5144554637  0.4852350153  0.4959331372  0.6228525585  0.6510459315  0.6349972964  0.5983814637  0.6640386915  0.8314176410  0.9633612946  0.6906577315  0.5065848802  0.8333200441  0.9069680566  0.9636669816  0.8097279203  0.8242964289  1.2965085248  1.0226634941  1.0079859566  1.1089449606  1.2235237764  1.6673001490  1.7163298953  1.7191033072  2.2381604145  2.5870088889  2.9778912845  2.8030073150  2.7279617530  2.0547048602  1.5319080755  1.7782970718  2.2001549796  1.7977121799  1.6989615499  1.5460127663  1.8393487658  1.4284354975  1.3592516017  1.3900168009  1.4106511978  1.8770298144  1.5911675593  1.2074846800  1.3324498894  1.6326674249  1.5038757937  1.5104056080  1.3467264231  1.7800786939  2.5460815206  2.1572625723  1.5909185758  1.0591947901  0.9725710772  1.0023552672  1.1333133696  1.1966243668  0.9760960271  0.9002229502  0.9927302629  1.1852795599  0.8714811658  0.7209803006  0.5063213999  0.4120564387  0.4615661708  0.5729477566  0.8271213857  0.8924118141  0.7337270451  0.6321440353  0.4875601620  0.5056137306  0.7435325042  0.8779206345  0.6900331128  0.6169907276  0.9992427421  1.2012845161  1.2416980699  1.2413734127  1.1157292463  1.2104114432  1.3270303662  1.1802114780  1.1175900617  1.4952825610  1.7182130295  1.4287818198  0.9843056928  1.3703339685  1.5883725734  1.6614865658  1.1444852782  1.0222983472  0.7844729112  0.6563479051  0.5660727875  0.6218573102  0.7498193201  0.8009686473  0.8624869005  0.9369469296  1.0658128956  1.1058565174  1.4837364687  1.3797877716  1.2251000686  1.1697362588  0.8897405589  0.7978300249  0.4404906172  0.4088343834  0.5150228934  0.4930849754  0.4257564207  0.4675948453  0.4834698575  0.3381225290  0.2427857268  0.2650562815  0.2230260882  0.1568748866  0.1452693006  0.1619639424  0.1641967837  0.2002606400  0.1622975360  0.1832713028  0.1049304185  0.1015624659  0.1775826776  0.2108246680  0.1549843808  0.1937224408  0.1728468417  0.1772957407  0.1205840651  0.1801055577  0.1455278883  0.1321916662  0.1410376679  0.1887771319  0.2102762216  0.1463953740  0.1373180439  0.1301264419  0.1100692855  0.1588469133  0.1830456681  0.2368820933  0.1909282859  0.1533706564  0.1788584126  0.1669145162  0.2154154173  0.1576490283  0.1801796839  0.2280056340  0.2101872455  0.1958374769  0.1602596900  0.1725272445  0.2191728867  0.2444284216  0.4366444466
  0.5179801904  0.5709829626  0.5229737143  0.6550139846  0.8449811424  0.7170289931  0.5574438897  0.5543635544  0.5962934596  0.5429643471  0.6670079377  0.7617553468  1.0629250971  1.1239148470  0.9971529931  0.8205623772  0.8112867019  0.6867867449  0.3214254006  0.2084006498  0.2373368915  0.2326397004  0.3304845708  0.4961580452  0.4615045071  0.4889466452  0.4233372953  0.4869641341  0.4696959904  0.5669378576  0.4687020853  0.4598406954  0.5359971413  0.5661749095  0.5518476360  0.5371161644  0.7121298303  0.6350077798  0.8040850619  0.7195273712  0.7317375661  0.9490635759  0.7118073566  0.5096487909  0.6459471402  0.8871676421  0.9884682162  0.9500414009  1.2315823660  1.7510427667  1.5963801329  1.6329284640  1.4445357917  1.1357166683  1.3748152187  1.6339724967  2.1338621596  1.8008548720  2.3830107672  2.0828043365  2.0113656293  2.1254225405  1.8014069384  1.6999820309  2.2494088004  2.7847492414  2.6055137896  2.3708852949  2.0142597440  2.1029538253  2.4292691211  1.7644181600  1.5478636672  1.8576305311  2.3083566502  2.0923145150  1.2494654709  1.1329569540  1.4068128996  1.6942040297  1.5005359071  1.2057654361  1.2896578574  1.7535298293  2.2450625247  1.6609148559  1.1581696326  0.7812222156  1.1388237059  1.0799562355  1.2470617690  1.2960214802  1.0657180983  1.0447445725  0.9504046067  0.7814366276  0.6654705500  0.4183193701  0.4183539816  0.4928612372  0.6097663040  0.4877658822  0.6390190651  0.5695832186  0.7283066138  0.6757738748  0.6674577687  0.6616271564  0.7490590309  0.7580175010  0.7922545624  1.1708121008  1.3041124227  1.4048512043  1.4288109179  1.4891958201  1.2729398161  1.0104206419  0.8276021754  0.8038916765  1.7317234711  1.6020046628  1.5195259926  1.0922896140  1.0149567829  1.4704841018  1.5510250923  0.9889244981  0.8093110040  0.8051628558  0.6398558612  0.4244913923  0.5322625474  0.7177456409  0.8629787640  1.5084409338  1.6830467006  1.4685821091  1.1435909492  1.2487748906  1.1404404786  1.0001402662  0.6974866243  0.6599459543  0.3707968755  0.2915004234  0.3280063667  0.5139573584  0.3642432425  0.4565049645  0.3745070476  0.2900542246  0.2793696328  0.2584673551  0.2056331988  0.2002191220  0.1383239632  0.2085757293  0.2005457873  0.1846345288  0.2143743206  0.1677655724  0.1532009683  0.1452417949  0.1126927686  0.1894580611  0.2204169551  0.1656826976  0.1584841061  0.1573430960  0.1702314896  0.1739765585  0.1970327801  0.1656398555  0.1709184363  0.1599119899  0.2098383919  0.2097900183  0.1670344428  0.1902753763  0.1736298491  0.1109625167  0.1320583748  0.1969422798  0.2025304584  0.1801876395  0.1375900240  0.1696268676  0.1711352654  0.1702681504  0.1942852309  0.1725077064  0.1688083246  0.1625432143  0.1852605206  0.1458256402  0.1760155027  0.2257324960  0.2254385307  0.3324471011  0.5417982357
  0.5626318946  0.5470901185  0.5264857340  0.5789098618  0.6059780100  0.5682223618  0.5763022369  0.6004069427  0.4947843559  0.4721055888  0.6198960819  0.7766574005  0.9753531120  0.8557572550  0.7366716891  0.6976712952  0.7220198231  0.3238810205  0.2028500760  0.2137372310  0.2444475029  0.2780166036  0.2534662484  0.3521381375  0.3782067963  0.4320295571  0.4058527745  0.5076023385  0.5302751188  0.7472373089  0.5905477961  0.5243067431  0.5803801695  0.6128739246  0.5390395482  0.6232452475  0.7933610172  0.8525304972  0.7833237314  0.7440955270  0.7121782483  0.5719195750  0.5911811161  0.7816129862  1.4104487536  1.7118159777  1.4994121419  1.6118550744  2.2034612886  1.9158342342  1.8477386676  1.7178733929  1.2441377444  1.3055757570  1.2444056290  1.7209121243  2.0535379880  2.2125361789  1.8727335318  1.4066437248  1.6858821094  1.7108978715  1.7606559305  2.0196318722  2.3094052762  2.6359128376  2.4364293031  2.4354690427  2.4766293427  2.5560694639  2.7307903714  2.3033794643  2.4467836035  2.3630852053  2.0855497951  1.0991094584  0.9520105359  1.3218728896  1.2474046856  1.0324315811  1.5139690304  1.4426145160  1.5584702525  1.6784960193  1.4699322390  1.1373474145  1.0055503390  1.1775427350  1.0419437971  0.8804141371  0.9072960203  0.8550731492  0.9104215656  1.0515050397  0.9569335217  0.6403874586  0.5895026075  0.5525557653  0.7366251182  0.7120426736  0.4951056779  0.4685100715  0.5098291695  0.5620463995  0.6997882621  0.9714106442  0.8819151835  0.8046220409  0.9774587723  1.1469964357  1.1953227092  1.5362466425  1.3536322273  1.4088595506  1.4997249291  1.1969903794  1.0037690126  0.7833542863  1.0052076643  1.5498813642  1.6192378533  1.6341480805  1.5595262160  1.3545808276  1.6709520740  2.1315117346  1.4730818491  1.0517448178  0.8239589045  0.7520109456  0.5884964469  0.8284237304  0.9353448471  0.8149726053  1.4755263568  1.6409875129  1.4139678031  1.2346505656  1.3319350477  1.1963039280  0.7758110881  0.6355181086  0.7187463979  0.5104630504  0.3891669437  0.4848715770  0.4972311920  0.3236773560  0.3921331279  0.3337529744  0.2910143564  0.3482343625  0.3555205257  0.2617248733  0.2434209624  0.2246216868  0.2126602501  0.2537264639  0.1978908187  0.2516041161  0.1917730926  0.1423999739  0.1870009035  0.1728424325  0.1754557929  0.1916050671  0.1566799447  0.1840792759  0.1627494653  0.1960339085  0.1743505408  0.2274873709  0.2190896336  0.2845344283  0.2442156619  0.1975889897  0.1751634970  0.1699955539  0.1732116867  0.1388796452  0.1103249658  0.1174240137  0.1599283360  0.2003523417  0.1767542109  0.1805192141  0.2245250921  0.1865994838  0.2006013097  0.1933420724  0.1956998674  0.2278155049  0.1879473856  0.2007146258  0.1667662519  0.2158936347  0.1791070365  0.2135887119  0.2607320137  0.4554266511  0.7042401532
  0.5687899771  0.4869647599  0.4451291496  0.5616157206  0.6011049632  0.6209675885  0.4830448855  0.3460642938  0.3716378863  0.3615284457  0.4764993091  0.5193370133  0.5986577460  0.6858595595  0.5904503381  0.4413401906  0.3000417272  0.2857815919  0.2122513470  0.2539118540  0.2783863053  0.2550124602  0.2704037923  0.2631209651  0.3401585982  0.2633076582  0.3194671383  0.5171917754  0.7518703860  0.7138205313  0.5473207091  0.6697268415  0.7243085890  0.8026674530  0.7413466072  0.8425817366  0.8300068085  1.0530194446  1.1197573928  0.7113134147  0.6468618276  0.6239502174  0.7156832312  1.2670121924  2.3733582424  2.0725606242  1.7942307430  2.1268771756  2.0483206895  1.8963583231  1.4549045730  1.0305460737  0.9574024393  1.0578336444  1.0792679959  1.3710981158  1.7140940131  1.6759543564  1.6467688208  1.4214226807  1.8130393565  1.7705883715  1.7386129454  1.7013735781  1.9507820237  2.2616133762  2.0248276913  1.8839511648  2.0302566198  2.7981471957  2.8562544740  2.7844131222  2.4998343770  1.7069503613  1.1085639579  1.0350506753  0.9978616074  1.0475918836  1.3369679130  1.4268883222  1.7527630335  2.2423932879  1.9800203164  1.0748584073  0.9988335176  1.1323392571  0.8580089511  0.9446558134  0.7757127811  0.6733744384  0.7029249518  0.6949865143  0.6456294703  0.6398531852  0.6440269586  0.6071562467  0.5885114906  0.6357630975  0.4567639531  0.4979143418  0.4263523658  0.4398183914  0.3939912022  0.4920154543  0.6093670647  0.7380916309  1.0393262642  0.8740503566  1.0417044918  1.3320640678  1.6402994375  1.4289330890  1.2705173162  1.3068544265  1.2946917397  1.2136836017  1.1785284112  1.5762125103  2.2025151383  2.2520760501  1.8836795220  1.5968353336  1.9566270508  2.2761109915  2.2283608296  1.6684706909  1.4968929984  1.1259894014  1.0434443299  1.0382614959  1.1591728232  1.0554485009  1.0284273322  1.3390531131  2.0121143802  1.8255636662  1.5130559049  1.8189113360  1.2785122220  1.0310524803  0.9939665274  0.8025692870  0.7047874159  0.6292559988  0.5947253822  0.5341983870  0.4540776940  0.3717833527  0.2612067492  0.2312714326  0.2897401428  0.2258241322  0.2758397122  0.2851861809  0.2942687124  0.2762762230  0.3480268755  0.3032454027  0.2579977446  0.1988849815  0.1693994950  0.1824790202  0.1973720811  0.1654688110  0.1702521135  0.1605712767  0.2115653588  0.1368023810  0.1392382515  0.1612770284  0.2210502357  0.2552827327  0.2591409105  0.2277583848  0.1831174380  0.1501070242  0.1355123210  0.1482666146  0.1494395413  0.1104832415  0.0911450193  0.1048325688  0.1830265210  0.2137675352  0.2335470650  0.2359485082  0.2113261495  0.2730584350  0.2125527237  0.2210069329  0.2334849390  0.2585217753  0.2048167575  0.1562339753  0.1641290939  0.1825078479  0.1851821579  0.3023284509  0.4439188385  0.6888572588  0.6875461792
  0.5627923282  0.4719987347  0.4719709089  0.5242180229  0.5675028862  0.4682120618  0.3474207258  0.2661046277  0.3734185340  0.4809502791  0.5079389327  0.4646557354  0.5183606046  0.4942663999  0.4943714548  0.3929219287  0.2679087203  0.2011205309  0.3017036042  0.3535894996  0.3277313110  0.3287777309  0.2797416003  0.3187040883  0.3081506023  0.3789635777  0.4733024542  0.5142438796  0.4866716424  0.5314393684  0.7783860023  0.8128911256  0.8986737799  1.2684175213  1.2221544916  1.3043288016  1.1896572742  1.3281110863  1.2026141585  1.2736537882  0.9449651526  0.9414728382  1.2139426380  1.7236268862  2.0040861607  1.6911807499  1.8296881714  1.6197381068  1.7050304494  1.4833411869  1.2131708263  1.1462863855  1.3165049534  1.0867350487  1.6654254175  1.5313242497  1.2206083813  1.4324503217  1.4973229628  1.5679143174  1.2633922879  1.7071541939  1.3838201105  1.4793375289  1.7811948275  1.6723053030  1.7119675701  1.7795252525  2.1739969610  2.1412115732  2.5609640410  2.1543306246  2.0538349695  1.4483235553  1.0625464111  1.4347509472  1.2570152502  1.2161339925  1.4342427628  1.5813413157  1.8177120265  1.7778000722  1.1994429101  1.0927859639  1.1212178160  0.9355987256  0.7827250613  0.6219057420  0.5250756057  0.6070044092  0.5078974511  0.4325738129  0.5118642375  0.7758103884  0.6762578362  0.6264748452  0.4437708930  0.4837322093  0.5513637645  0.3949299058  0.3874127668  0.3671022078  0.4073548276  0.4575007984  0.5267908848  0.7934861713  0.7451608458  0.6068328448  0.8572250217  1.0873767190  1.1616763408  1.6526780217  1.5530077016  1.2311945531  1.4866118019  1.4717268426  1.9613963868  2.3895696904  2.6049662308  2.8580433197  2.6583003227  2.2707489731  2.5654636205  2.2499152756  1.7102350576  1.7250699023  1.6354757386  1.4971529764  1.2880078481  1.0726055178  1.0872352092  1.6116701044  1.9111968648  2.0393472050  2.1717364656  2.2333149041  2.1705310123  1.4181998891  0.9967459027  1.0434254987  0.8580677185  0.5924073922  0.5247118143  0.6889179963  0.5718496270  0.6089745604  0.3357155213  0.2364532646  0.2296175871  0.2944572244  0.2443437178  0.2170222847  0.2072924950  0.2152176368  0.1888662671  0.3376990264  0.3233607646  0.1904789187  0.1601376057  0.1336374725  0.1641371448  0.1606527889  0.1325067826  0.1404691553  0.1537463592  0.1553609788  0.1531795586  0.1353324997  0.1460011520  0.2080916762  0.2613622214  0.2249619108  0.1711046086  0.1676953717  0.1300611812  0.1339619331  0.1369600234  0.1424977959  0.1464669889  0.1494808305  0.1294497042  0.1278369872  0.2191404045  0.3329624938  0.2586710305  0.2280527701  0.2748196041  0.2404629358  0.2166504884  0.2287202702  0.2165775179  0.2245958695  0.1931602715  0.2075233018  0.2223169731  0.3498450589  0.3999445062  0.4847904764  0.6268077071  0.6371010306  0.4818553247
  0.4353264514  0.3942590708  0.4196579738  0.3834690358  0.3812882778  0.3365621184  0.3240879015  0.4068782399  0.4659512394  0.6586770556  0.5369564983  0.4822697392  0.5043704574  0.4708061251  0.3804065347  0.2733552022  0.2537974530  0.3349993297  0.3509242719  0.2817617925  0.2907238801  0.2997718012  0.3273418951  0.3929058886  0.4518767073  0.4294339179  0.4087925787  0.4659890664  0.6476260561  0.9527731529  1.3638583062  1.6572923067  1.9890341963  2.0791233917  1.7777505607  1.2558974721  1.2697249907  1.4701969611  1.3236034402  1.0682141862  1.0879912342  1.1181087363  1.2249067754  1.6940855995  1.3013576745  1.2481895454  1.3689194130  1.7829223249  1.4825219993  1.2136450002  1.5319132733  1.6287847730  1.3516103460  2.1753839680  1.8771893600  1.5346253287  1.6183892911  1.5382501195  1.3250520318  1.2300716472  1.6245514052  1.7385909775  1.4889314514  1.5790767030  2.0257345054  1.3586948070  1.1454028039  1.7943082337  2.1425022189  2.3541961795  1.4272208644  1.4410724535  1.4428019314  1.1732167034  1.2992740892  1.0581060101  1.0197831521  1.0024993275  0.8436200977  0.9215662051  1.2063303368  1.1570299596  0.9600483424  0.9832072191  0.9208031409  0.7098245864  0.6317914779  0.6641228034  0.7471048889  0.4849865139  0.3226039364  0.3209253485  0.4646466325  0.4685711661  0.3561502246  0.3145344268  0.3634611142  0.5841137720  0.5112370473  0.4297439096  0.3905890098  0.3703896865  0.4211197371  0.4350754082  0.6271461465  0.5967922846  0.4857914225  0.6159307188  0.9495580574  1.3819099317  1.6059064099  1.5672994152  1.2429376360  1.5275065651  2.1626773675  2.9095754476  2.8525551237  3.2340412678  3.3046260382  2.9359327992  2.5361426773  2.2460286860  2.6176388350  2.2984866135  1.6218062737  1.7700524575  1.6424722454  1.3729711183  1.4757828011  1.7187482554  1.9046036059  1.9088895177  2.2316471374  2.0472077959  1.8917809592  1.6687475216  1.5674195670  0.9893587968  0.8495778384  0.8530933972  0.6609273704  0.6405284594  0.8062874381  0.6968020378  0.5917429787  0.4333336202  0.3293716685  0.2313269050  0.2579983161  0.2451746542  0.1799358122  0.1730530336  0.1631290140  0.1498873747  0.2170869486  0.2300177725  0.1478058336  0.1229351448  0.1373301975  0.1675955200  0.1836811592  0.1419311409  0.1427488575  0.1385206031  0.1528322533  0.1307147184  0.1724377751  0.1943353417  0.2160886133  0.1996133144  0.1990682830  0.1787434177  0.1735434898  0.1457186992  0.1098897589  0.1501414375  0.1545413010  0.1998894501  0.1919532024  0.1825384022  0.1801351053  0.1837333388  0.2476995403  0.2119644693  0.2475661038  0.2539215723  0.2511088391  0.2366762068  0.2634039171  0.2284829308  0.2441765895  0.3032494263  0.2663547594  0.2565687087  0.3114104527  0.4022364459  0.4126159811  0.4681428461  0.5323409739  0.3916260594  0.4169395620
  0.4127035009  0.3079063728  0.3231418176  0.2821939173  0.2592083472  0.2580971288  0.3306330892  0.3362120755  0.3702139453  0.4137390087  0.5196103226  0.5302437516  0.4811125796  0.3206754978  0.2339407230  0.2577328079  0.2006370863  0.2332766673  0.2826831110  0.3059200481  0.2985385246  0.2999598643  0.3280074771  0.4519538770  0.3745742831  0.4433642226  0.5329810894  1.0815937136  1.3441651855  1.6368864287  2.6930140626  3.2217603685  2.5994394666  1.8862078550  1.7492839267  1.8141479722  1.3987008323  1.1191656320  1.4397340651  1.5502280568  1.4219032493  1.4425641343  1.5711295123  1.2401704771  0.9350542646  1.6299669414  1.3591167722  1.2572061009  1.2170731558  1.8402952370  1.9763806661  2.2502750863  2.1626326473  2.0248754762  2.1458447905  2.3164506569  1.4696405539  1.2422136640  1.3951584485  1.4736087146  1.1010561151  1.1511659730  1.2534391226  1.7937096519  1.6762644688  1.4104234475  1.5892840366  1.9145745322  1.5643845116  1.0438842412  1.0195342689  1.1557573577  1.3828137669  1.0533387329  0.8751992213  1.0621174529  0.8791802141  0.7346921325  0.8799252504  0.9631660229  0.8509836936  0.7897518703  0.7887692872  0.7435038702  0.6901801324  0.6796185658  0.5650552908  0.4926159057  0.5542198871  0.3930112682  0.2897670761  0.3167797394  0.2942723666  0.2973169746  0.2797052747  0.3822268110  0.4959125231  0.4915695850  0.6947857948  0.5385901933  0.4111849855  0.4859353248  0.6426435384  0.6552108921  0.5362480459  0.3913067511  0.4744660531  0.9276080046  1.3074088601  1.4150600593  1.7654058958  1.5786004632  1.9086947316  2.3591798932  2.4181445862  2.9316993180  3.4000958143  3.8522104412  3.9027040465  3.2900237029  2.6335387512  2.3824892112  1.7907475536  1.7118327437  1.5245981086  1.6335423718  1.8640415469  1.6147890393  1.9774269520  2.5557332877  3.0171072383  3.5102389705  2.3643395542  2.4336659898  1.7629937672  1.5427390293  1.1099931683  0.9215325324  0.9697941992  0.8103333618  0.7855313111  0.7069563432  0.7311566406  0.5948463132  0.5034764876  0.3464094692  0.2928286137  0.2535643550  0.2228953528  0.1955692124  0.2244994474  0.1836764550  0.1715380277  0.1605394424  0.1884141639  0.1064950079  0.0943947677  0.1279056829  0.1344529527  0.1510026707  0.1287793291  0.1178217508  0.1237359785  0.1549104405  0.1185370159  0.1453916863  0.1687174669  0.1889305792  0.2319657628  0.2441296251  0.2130727878  0.1601778109  0.1889459835  0.1587354003  0.1111801654  0.1079264963  0.1846360977  0.2106256731  0.2855442727  0.3200536243  0.2851237724  0.2601814521  0.2191257890  0.2547474741  0.2367136885  0.2092954555  0.2452049559  0.2474358877  0.3084078211  0.2926079652  0.2582113787  0.2928739502  0.2618837701  0.3191424440  0.5266939696  0.4770621270  0.4048217781  0.3860393938  0.3975107298  0.4608437789  0.3953172895
  0.3237345345  0.3407707192  0.3627838572  0.2824100973  0.2630484356  0.3441110554  0.4175700687  0.3759959078  0.3117248724  0.3614430168  0.3753776598  0.4522126045  0.3519006870  0.2487608924  0.2136243492  0.2131003067  0.2260228097  0.2709052059  0.2956811735  0.3608359207  0.4491800785  0.4569434607  0.5181921070  0.5103774636  0.6802724441  0.8735563015  1.3438246793  2.6741826826  3.0377903552  2.8303241336  3.9728810351  2.8039414324  2.3859453475  2.1766190606  2.0856507594  1.5679302726  2.0278544817  1.8993924980  1.4656927255  1.6072684213  1.4113586566  1.3570782197  1.3154190565  1.0066108498  1.3223702366  1.5126452586  1.5375820514  1.2739912907  1.5847986490  1.8047411540  1.8637232197  1.6448514730  2.5336757131  2.2729893828  1.7325080109  1.3983333194  1.2770985950  1.0878973907  0.9118245490  0.9403610178  0.9651469299  0.9015841707  1.1782928422  1.4349917867  1.2498737634  1.2064633289  1.2877083132  1.3871032772  1.2445406028  0.8939975272  0.8417802594  0.9237047792  0.7880659745  0.7132176531  0.8981939364  0.7936292918  0.8303211886  0.9206071402  0.9830884745  0.9119119089  1.0319459350  0.9562501045  0.8185332639  0.6689088603  0.5538849664  0.4524385207  0.4704621444  0.4801189495  0.4116780751  0.3433542456  0.3126252714  0.3093505575  0.3151733404  0.3410748135  0.3936609377  0.4858199040  0.4060933902  0.5359445904  0.5898272609  0.5247710032  0.6199040547  0.6614023571  0.6296770598  0.5761534189  0.5964908724  0.6197612552  0.9301060330  1.2281079025  1.5514757308  1.9801202886  2.8508350238  3.8221120884  3.6751322317  2.8753941867  3.8215823741  5.5404950185  4.0204370777  3.9631109979  3.6073677082  3.2774651847  2.3642862263  1.9946561574  1.5749642082  1.7369188424  1.8102099873  2.0768790643  1.5171338305  2.1736984608  2.7481503304  3.5980803484  3.0013099975  2.3142597191  1.8678764697  1.5613017485  1.6713332289  1.1566029930  0.8394331483  0.8411800852  0.9309416572  0.8172549641  0.6658667270  0.6271431836  0.5737723951  0.6442670300  0.3663878369  0.2900227271  0.2216805464  0.2270115079  0.2179906747  0.2556039681  0.2155398462  0.1904855672  0.1292747072  0.1229870417  0.1041161281  0.1001846518  0.1155325019  0.1704500070  0.1464500124  0.1417196363  0.1511840267  0.1339937833  0.1411520413  0.1329841539  0.1116145193  0.1374753085  0.1805916330  0.1872871708  0.2175182378  0.2112166039  0.1949966031  0.2312746391  0.2266915274  0.1368596474  0.1076237123  0.1802829169  0.2976478327  0.4004714223  0.4289067144  0.3491423556  0.3162003115  0.2169638879  0.2442059705  0.2391047979  0.2200715151  0.2966165981  0.3850262136  0.3482480126  0.3055198812  0.3021609860  0.2946850096  0.2745809141  0.3415321061  0.4268153187  0.4409596443  0.3638758481  0.2985208636  0.3093549083  0.3469840639  0.4491055327  0.4284720689
  0.3547414079  0.3508109599  0.3062039417  0.3790341193  0.4407261227  0.4097155204  0.3908080920  0.2684310682  0.3026939327  0.2693255338  0.2684045707  0.2500673423  0.2692291161  0.2482925225  0.2336729391  0.2672568758  0.3064098407  0.3772266818  0.4530126733  0.6253036820  0.6438031890  0.5469221444  0.7031654203  0.9666845332  1.0165148856  1.6104447415  2.1603318337  2.2065320677  2.5691439482  4.8673472851  2.9363169674  2.6639543144  2.5581501551  2.0623192694  2.0488586272  2.1636853899  1.6184120331  1.2410276390  1.3298934162  1.3222815815  1.2997238439  0.9338560867  0.9339488301  1.2104362984  1.2755333319  1.5541998353  1.0001075373  0.9639663246  1.2061584062  1.3878570790  1.2099850226  2.2569943636  1.9732859068  1.6099441215  1.4382193372  1.3354790815  1.3609348147  1.0326132189  0.8151952826  0.8749790313  0.7873589496  0.7980176378  1.0511614663  1.0901084834  1.4550225982  1.2411103402  1.1031971341  1.0192373512  0.8254885211  0.5338600996  0.4675077422  0.5519343978  0.6952082024  0.6547761660  0.8309631158  0.6353573444  0.6765311052  0.7836435879  0.8991465967  0.9660326540  1.0623389543  0.7611272037  0.5025093989  0.4403568045  0.4198606403  0.4543589192  0.4990467707  0.4301405253  0.4066786733  0.3534796149  0.3980156463  0.3774359436  0.4216512458  0.4777280027  0.4363222007  0.4301415603  0.4736638702  0.5543268670  0.5606577551  0.6008460613  0.4629166747  0.6476519323  0.5425845052  0.6114351677  0.8545965725  1.3252331981  1.2300160679  1.4345391254  2.5211007834  3.7706722088  5.0640455084  4.8483941021  4.0913373083  5.2774498955  4.5523403372  4.1471342462  3.7665841338  4.2248998411  3.3239697176  2.6934198913  2.1131079142  1.8810696892  2.2156913957  3.2013115980  2.5726759549  1.7816361321  2.4300815588  2.5586357189  2.7856881632  2.3788850929  2.1569364284  1.5343356874  1.3857624254  1.5347846587  1.0316123385  0.8997543383  0.8463787477  0.7133270663  0.7273039818  0.6159496042  0.5992392339  0.4142757892  0.4401811187  0.3693685582  0.2352091538  0.2087907459  0.1910293968  0.1887470125  0.1782025620  0.1742575475  0.1374679262  0.1094918773  0.1128677538  0.1067211279  0.1039083528  0.1351598528  0.1994585380  0.1862553625  0.1488830951  0.1527151837  0.1638287641  0.1730184996  0.1457166923  0.1282193222  0.1443770079  0.1942685702  0.2263452111  0.2862047040  0.2907705535  0.2280925677  0.2191689579  0.2494211929  0.2471367921  0.2117413555  0.2155970594  0.3074975997  0.3674973161  0.3199135477  0.3038428429  0.2736413113  0.1960101420  0.1959898469  0.2094560472  0.2127952354  0.3162286775  0.4002152663  0.3454030941  0.3877932100  0.4444759560  0.3278745312  0.2868913606  0.2987301315  0.3730701051  0.3309598002  0.3066491086  0.3079434217  0.3036166830  0.2973900659  0.2880295774  0.4204510952  0.4746846093
  0.4748014489  0.4297520709  0.4640888254  0.4205620776  0.3838551551  0.3115841935  0.2717369543  0.2616705367  0.2951841793  0.2732361915  0.2213949425  0.3161036941  0.4857376428  0.4755299720  0.3846719685  0.4242823019  0.5452767056  0.5762312414  0.5914200781  0.6794268323  0.7363218346  0.8671785745  1.1495393155  1.3305597275  1.6977301270  2.5570664016  2.4068824160  2.8780833964  3.4561779495  2.4315043732  2.0641801288  2.4612263125  2.2133581658  2.4875448726  1.6763997053  1.1890062537  0.9518075507  1.0355729910  1.0797066257  0.8913144770  0.9952295104  1.2608426520  1.5310469933  1.5245814300  1.6313844265  1.0574712954  0.8397633479  0.9592866305  1.0386732407  1.2160559463  1.3851475209  1.3851960023  1.2140461408  1.0387625294  1.1856001602  1.0550619927  0.7758304818  0.8530732734  0.9393732825  0.8555498729  0.7423218142  0.8860605303  1.0539436025  1.1184539722  1.0529037797  1.0805881484  0.9753446163  0.8123467646  0.4736823081  0.3219409252  0.4151857789  0.5677331484  0.6541744313  0.5367214761  0.6268517204  0.8028941976  0.7261372058  0.7906153020  0.8877088033  0.7470171524  0.7097838772  0.7074405212  0.6823812786  0.4554473800  0.4453163143  0.5107260001  0.4421371918  0.4178351839  0.4224674091  0.4249775848  0.6001534548  0.7353218162  0.6297639031  0.5815289844  0.5793915416  0.6283945466  0.6217773489  0.5923958429  0.4724218077  0.5714695278  0.8790897036  0.6227625652  0.6255614522  0.6527141576  0.9808701876  1.2078504429  1.7617446233  3.9870191336  4.2132994568  4.6118711435  5.3221845731  5.3471920895  4.2479304928  4.2257054015  4.1241843890  4.4177534420  4.2395280434  4.3765526708  3.7446229658  3.6120899662  2.9379945643  3.0371898415  3.2744390085  2.8337556123  2.2019154220  2.8844827871  3.3650357363  2.6268415961  1.7139937185  1.4336864856  1.3679117538  0.9174139906  1.0477030546  0.9534217912  1.1068918791  0.9036965671  0.7405800085  0.8679640156  0.6241028369  0.5746855514  0.4426200775  0.4700345837  0.3765005478  0.3075524960  0.1604220511  0.1685998661  0.1531085577  0.1211497971  0.1379225083  0.1330096218  0.1138177365  0.1399813816  0.1044650868  0.1308730722  0.1659144273  0.2383897391  0.2783577729  0.2137185119  0.2064185344  0.2356671303  0.1943143853  0.1896319193  0.2187235669  0.2403057965  0.3067169386  0.3418652743  0.3814827191  0.3331352272  0.2643118390  0.2709235462  0.3025586318  0.2898690418  0.2232805638  0.2919341839  0.3888146277  0.3522287126  0.2966744032  0.2480096843  0.2016658567  0.1661807812  0.1577462848  0.2344484462  0.2380686515  0.3242069998  0.3509758040  0.2987078311  0.4024675440  0.4612969591  0.4068734471  0.3349160952  0.2663879800  0.2816874405  0.3362801421  0.2507652954  0.2812701033  0.3225412586  0.3577338137  0.3214740367  0.3781062931  0.5164470093  0.6234811671
  0.5890644263  0.4456222972  0.3408031552  0.2996084231  0.2019061437  0.1685338321  0.1987254432  0.2431125749  0.3104599300  0.2873864884  0.2675928702  0.4300336766  0.6311087714  0.6120480006  0.5894177699  0.5957036554  0.5855552595  0.6975734739  0.8035730401  1.0843825016  1.3168928726  1.2458735760  1.3927774314  1.7070441294  2.4183018330  2.2832910320  2.8120927615  2.7436848114  2.9821419393  2.5125369078  2.2154804460  3.5038902250  3.9534411608  2.1354631267  1.2617364807  1.2992669627  1.1086542620  0.9996435035  0.8283904154  0.9440334781  1.1823805230  1.4211397345  1.4119705479  1.6314911103  1.2731563198  0.8624880503  0.9233358368  0.8337660932  0.8690589279  1.0767255039  0.9251831332  0.8996234625  0.9255526104  0.9253275004  0.8275147375  0.6927860227  0.8321820383  0.7078929669  0.7669970529  0.7818833810  0.7811049030  1.0635768885  0.8464974127  0.7499487132  0.7161323636  0.6353709673  0.6606639575  0.3563814776  0.3566423807  0.4446924425  0.4952409109  0.4580074683  0.4433746133  0.5117843643  0.5684775616  0.6089056413  0.7306926073  0.8196242069  0.7143975057  0.6427585366  0.5721467987  0.6862330293  0.6562484151  0.5510413728  0.4751973739  0.4866993598  0.5118018505  0.5356675428  0.5080656357  0.5838192927  0.8416180775  0.8036538224  0.8407154817  0.6399635084  0.6636135500  0.5989685091  0.4926499978  0.4997360479  0.4647727109  0.5891492791  0.8214230868  0.8384900366  0.8081301903  1.0373555597  1.6986946099  2.9534638296  5.0017562211  4.3664159466  3.3871831132  4.1055328462  4.2084580148  3.8369234668  4.2119978906  4.2794289600  3.4876111760  3.6104745040  5.2745795081  4.1713823850  5.3947732634  5.1079631334  4.1363485098  2.7750932092  2.7498196758  2.6619795715  2.1474209723  2.0452433288  1.6102044910  1.0405942812  1.1342349590  1.0772444259  0.9364861098  1.2277774250  1.1530146369  0.9862074598  0.8363954279  0.8073599774  0.7209338841  0.4691325422  0.5185755119  0.4026559889  0.3144829392  0.2963061873  0.2204659540  0.1889830473  0.2504365286  0.2085585385  0.1791608045  0.1370019121  0.1445656401  0.1570087040  0.1319334394  0.0877857067  0.0913659799  0.1037355484  0.1843801575  0.1963197195  0.2630345558  0.2776255756  0.3119154674  0.2622376792  0.1990139047  0.2129207153  0.3395406796  0.3456053196  0.3570334358  0.3002803769  0.3402177628  0.3643587107  0.3547150624  0.2995301838  0.2580938791  0.2904111620  0.3168248512  0.4118313239  0.3423264886  0.2495472844  0.2111217528  0.2218444253  0.1690454340  0.2178480737  0.3159531317  0.3940985780  0.3685836558  0.3389148321  0.4111058444  0.5295666246  0.5324372930  0.4737747524  0.2910622302  0.3054686153  0.3380757257  0.2960419031  0.3192949669  0.3023753264  0.3122188066  0.4046958373  0.3434537387  0.3215874880  0.4058042792  0.5575356760  0.5056580411
  0.4004725572  0.2928005069  0.2174543653  0.1785398368  0.1796525461  0.1796333874  0.2648508097  0.3018546556  0.2454453919  0.2602922999  0.3114321842  0.5210265350  0.7677284176  0.5534178145  0.4913955958  0.5051341444  0.6192265136  0.8022112889  1.1766046654  1.6075738408  1.8002634075  1.2840024170  1.2447072291  1.9711486138  2.9370069750  2.5365730142  2.8669243837  2.4101798495  1.4987551208  1.7762935358  2.7553569743  3.1240935945  2.9705566664  1.6714509867  1.3848278699  1.1201755242  0.8093035704  0.7401111289  0.7530890746  0.9148578909  1.0347601615  1.4280436428  1.4760635357  1.3482306760  1.0460351450  0.9816495202  0.9527639139  0.8551050907  0.9674627274  0.8796133154  0.7945926601  0.8407609860  0.8810774104  0.8583813626  0.4589785218  0.5964794715  0.7290768859  0.9108981700  0.7459703542  0.5987726815  0.6717661571  0.7200313712  0.6203983118  0.5664224108  0.4726996286  0.3979004096  0.3359243793  0.3585383078  0.4938648241  0.4757047502  0.5104138132  0.6656213895  0.5356832109  0.4814390713  0.4609220377  0.6044310438  0.7492791898  0.5291645227  0.4410943149  0.5245569486  0.5018577233  0.6400325455  0.6026286104  0.5541024228  0.5039416961  0.5504633998  0.6552402131  0.6222910852  0.7270888030  0.7219955623  0.7161500635  0.8239125397  0.6666961040  0.5729212960  0.6457734268  0.7207300093  0.6763178438  0.5456656276  0.6953149759  0.8258466320  1.1785206948  1.2085423718  1.6404716167  2.3479918937  3.3788007055  4.7455918963  3.7223901038  3.5936575320  4.3817374359  3.4422506168  2.9677865484  3.2297602463  4.0248588890  3.4168379496  3.0219368475  3.4302264714  3.4306982773  4.2129575672  4.5121705175  3.5464026544  2.2539975394  1.7345992766  1.8925346340  1.6192401077  1.5535901369  1.4987006824  1.0978817105  0.8863307253  0.9525684476  0.7058701611  0.6332013327  0.7657497461  0.6544195475  0.7719677636  0.8126917365  0.7340598137  0.4991912848  0.3695124334  0.3685439083  0.3340576572  0.3942820496  0.1809499895  0.1805312975  0.3310666445  0.2135401083  0.1484254476  0.1278659150  0.1397522946  0.1272921120  0.1154004183  0.1147527327  0.1087033644  0.1344783246  0.1291041421  0.1309380772  0.2100176071  0.2671333210  0.3856973473  0.2885553809  0.3615365284  0.3576753284  0.3423806945  0.3553790715  0.3626596319  0.3428366623  0.3132633311  0.3366399690  0.4002830712  0.3096701466  0.3231653556  0.3886058399  0.3326848660  0.3294467004  0.3593598548  0.2692966204  0.2146480699  0.2712272886  0.2495167395  0.3057042035  0.3204771485  0.4864324326  0.4670001593  0.4773029828  0.5643250617  0.7738755037  0.7271322618  0.4477355274  0.4099389786  0.3146109379  0.2802841662  0.2528886314  0.2831834364  0.3416631414  0.2962509210  0.3989014716  0.3508138702  0.2872273335  0.3028351901  0.3689712525  0.3253711711  0.3687500229
  0.2812804866  0.2127380583  0.2355734010  0.2375385847  0.2300681262  0.2160532215  0.2784725812  0.3447852805  0.2742583378  0.4263218809  0.6664662730  0.7021511091  0.5032705394  0.3893878699  0.5294988351  0.5570007847  0.9149657905  1.3339766132  1.5980423434  1.5878233878  1.1152619070  1.6001643856  2.3381840235  3.1666957364  3.0147282539  2.5884291867  1.6777516546  1.4713868801  1.6668858899  2.1655463596  2.4720010309  2.1493730767  1.7331504517  1.9705368792  1.4756831684  0.8251214866  0.7427143669  0.7025924743  0.7927121604  0.9036934078  0.9801235320  1.2026044828  1.2137802951  1.2554758238  1.0290741283  1.1399096609  0.9324473847  1.0964945899  1.3182090452  1.0128875992  0.9304311554  0.8195434917  0.9059441588  0.6406435417  0.8369991085  0.8148247184  0.8234966642  0.6382161107  0.6287811048  0.6037602802  0.5114558078  0.4894160096  0.5495762600  0.4301171559  0.3480075017  0.3007179117  0.3684542631  0.4148004341  0.5410611176  0.6518525399  0.5313590256  0.4946011752  0.4692869721  0.5340381002  0.5059290208  0.4805630933  0.3191061693  0.3489283100  0.3779120736  0.4248160642  0.5359446501  0.5756523478  0.5249584427  0.4699609070  0.5189391095  0.5398141409  0.4899488602  0.5217636125  0.5580475722  0.6064485801  0.8039562699  0.8903512421  0.7426591313  0.7296241170  0.8705626474  1.0281047393  0.9878351467  1.1901103196  1.2797763471  1.4469778921  1.7337916935  2.0995461409  3.4087712141  4.5122924325  4.3320861441  4.5697511133  4.0298286026  3.4283835336  3.9936792409  4.0105974133  3.7405701674  4.5971852409  5.6002648864  3.7393190659  2.6151711441  3.0212619119  3.4881686660  3.3319114453  2.4405904814  2.0918521261  1.8058115344  1.6174747732  1.2592531813  1.5641500925  1.5320855700  1.1418518746  1.0069075769  0.7657676083  0.7072442848  0.5950939126  0.4947438559  0.4779765968  0.4533309269  0.5260726767  0.4659768780  0.3698617025  0.3728555826  0.3531533932  0.2988896292  0.3108314270  0.1908489935  0.1537647007  0.2902749369  0.1769041393  0.1067351625  0.1292797825  0.1237484492  0.1447102806  0.1233884820  0.1287131986  0.1384182965  0.1783848063  0.1836603665  0.1458310037  0.1226738533  0.2039498437  0.3081048567  0.3943815620  0.4494508613  0.5111954331  0.4852900487  0.4430130553  0.3732358261  0.3209102090  0.3584331542  0.2663027856  0.4494533896  0.4871909356  0.4067349143  0.5010456683  0.3565524844  0.2857296384  0.3939158247  0.2835249092  0.2430525864  0.2154573686  0.2852506852  0.3211753977  0.3544613485  0.4042443248  0.4534608991  0.5875572251  0.6460234074  0.8751168678  1.0051833489  0.7724601123  0.5214982205  0.3450299956  0.2955642122  0.2449482833  0.2486141326  0.2910036869  0.3539902548  0.3282668862  0.3146978079  0.4272247088  0.3279041129  0.2872632085  0.2786364795  0.3535846967  0.2754486611
  0.1923446966  0.2775689946  0.3169339663  0.2938619214  0.1866891320  0.2361331541  0.4132885855  0.3418829663  0.4319520277  0.5965619717  0.6974775844  0.5940305350  0.5221476101  0.6693445292  0.7858798045  0.7125046354  1.1200928782  1.4467307331  1.2198007180  1.0562224760  1.7028217633  2.8406864905  3.4585794810  2.3652551308  1.7649905991  1.6915857317  1.4272991921  1.7964129189  2.5440411070  2.7162243047  2.0689690760  2.1073687420  3.1224506417  2.2309502061  1.2010390335  0.8597799786  0.8413888969  1.2169200570  1.1043003824  0.9353712227  0.9922898289  0.8647147833  1.2812644581  1.1910464080  1.2795772965  1.2971593853  1.1954567789  1.0861284299  1.0336015632  0.8589798705  0.8323144292  1.0171467442  0.7155507588  0.7677120808  0.6313419965  0.9185507856  0.6837099191  0.5374957284  0.5364065308  0.5001144590  0.4339302924  0.4081402121  0.3851728869  0.4123564781  0.2661913689  0.3955151324  0.3757190424  0.3669383583  0.4195619408  0.5397239953  0.5071045035  0.4935462458  0.4148747010  0.3827806035  0.2984508853  0.1967053508  0.2771007120  0.3015884572  0.3801247513  0.5067863804  0.6354937270  0.5377062331  0.3954623487  0.3755085571  0.3681092131  0.4032549514  0.5088324303  0.4614748519  0.4003676383  0.4722786598  0.7765867250  0.6502500366  0.5516606417  0.8653249141  0.9168394141  0.9667486359  1.1919824795  1.5565447525  1.3000811043  1.8529218302  3.2894263506  3.4030984166  5.1240873694  5.8410772901  6.0398623729  4.7693522777  3.9391180525  4.3294602389  5.0438425482  6.2208373796  6.3644958747  6.0984723227  4.3072953949  3.4721665864  3.1436606189  3.1464202559  2.6026964392  2.7815158433  2.3993576144  1.9286567461  1.6821755720  1.3261643100  1.2534911630  1.3316844489  0.9042152001  0.8779176482  0.6417332134  0.6297650106  0.6412693136  0.4763097024  0.4586569741  0.4633170318  0.5204038901  0.3753991255  0.3530417768  0.3522326516  0.3346067257  0.2886558217  0.2731062928  0.2395425802  0.2100274671  0.2511899188  0.1913663322  0.1287646244  0.1568656469  0.1088839029  0.0816545524  0.1033113195  0.1399855689  0.1396534221  0.1742639828  0.2073996663  0.1863366110  0.1291240447  0.1858113465  0.3134006640  0.3485114335  0.4084352865  0.4084585113  0.4760140000  0.3947634903  0.3173440632  0.3651376313  0.3931470077  0.4786477812  0.5846545746  0.5654070116  0.5230152322  0.5186976281  0.3734805523  0.2673255453  0.2937638405  0.3561136992  0.3199042619  0.2469271412  0.3346748624  0.3071392531  0.3183197275  0.4227533827  0.5135507616  0.6185590854  0.5856830101  0.7989498157  0.5727043224  0.5523747533  0.5685723414  0.4639582289  0.3363803227  0.2975575171  0.3498649248  0.2867913921  0.3474535998  0.3622790327  0.3701733835  0.3487273097  0.3527328835  0.3144199625  0.3005201757  0.3020295709  0.2203040559  0.2055099763
  0.2823398297  0.3119374018  0.3535122625  0.2809652089  0.2934585949  0.3895627663  0.3491161185  0.3704562749  0.5193033795  0.4439010459  0.5747940739  0.6632473559  0.7446935727  0.8055302939  0.9592713358  1.2648854318  1.5534647904  1.8610710105  1.7213490233  1.9147279982  2.3067638341  2.1953009171  1.9625665546  1.9958682457  1.9482727455  2.0625777041  2.5970907036  3.2076805996  2.8296574674  2.6378297524  3.2281233503  4.5055563333  2.9112604708  1.4365066495  1.0388062223  1.0076604283  1.2962455796  0.9918246488  0.9583537161  1.0971058137  0.9720926119  0.8634279196  1.1218344839  0.8577268467  1.1000211887  1.2006358433  1.0684543844  1.0774550766  0.9823632184  0.9403382136  1.2169231908  0.9533518994  0.6723006925  0.6450400941  0.6836464804  0.6696357326  0.4296046351  0.4833394681  0.4218146615  0.3168200924  0.3991445629  0.4227428520  0.4802067609  0.3105380233  0.3507369441  0.4005507245  0.4096303452  0.3990700445  0.5167789129  0.4583106606  0.4176975749  0.3214503750  0.3770230795  0.2967222598  0.2029368706  0.2305143681  0.3023854329  0.4386786363  0.5085548411  0.4202584107  0.4046907349  0.4039663629  0.3864879125  0.3442608114  0.3841116913  0.3653290652  0.4422774782  0.4011161023  0.4151734689  0.6098694564  0.5605383601  0.6297674211  0.7653857798  0.8609894536  1.0240992892  1.1596990384  1.4263143632  1.4707276772  1.7741814169  2.4359758029  3.7732274177  4.8762069607  6.0242976136  4.4112189126  4.6794876461  3.9898201311  4.0118133910  3.6589436734  4.4965153355  5.9339753243  6.2097290764  4.6480445868  3.5160313127  3.0876011520  2.5169001940  2.2090399101  2.9860351398  1.6772254856  1.6366575471  1.6928054832  1.5040608117  1.4714536843  1.2751803938  0.8130865836  0.6669647493  0.6951897577  0.5889026330  0.4223168120  0.4796152704  0.4338386448  0.5336366616  0.4738958689  0.3606416203  0.2671989585  0.2596833304  0.3154500677  0.3007679529  0.2880299079  0.2641364915  0.2356376646  0.1929175257  0.2261479834  0.1527481534  0.1480765046  0.1310506669  0.1306974110  0.1292080270  0.1649662078  0.1879222491  0.1825703287  0.1683345012  0.1731273003  0.1842270460  0.2781556723  0.4446687285  0.4764499058  0.4153430176  0.3918396675  0.5791590356  0.4573151454  0.4366152713  0.5271400784  0.4101798327  0.5474981101  0.6996601384  0.7021815669  0.5996261718  0.5638150528  0.4967683413  0.3370937292  0.3760592537  0.4898461930  0.3359455407  0.2886318483  0.3407070148  0.3439285482  0.3657021806  0.4537093945  0.5852889817  0.7178393832  0.7391408619  0.5737093685  0.5083683979  0.5995231736  0.5822008572  0.4293901761  0.3556617463  0.3266467167  0.2958155517  0.2988349386  0.3237594898  0.4423536178  0.4055350983  0.3033445022  0.3358630971  0.3009771244  0.2993966408  0.3673402384  0.2940336765  0.2350941483  0.2882677456
  0.3207212439  0.3732382681  0.3576951580  0.3436049951  0.3829722015  0.3595974033  0.5093305726  0.5257145216  0.5057363935  0.5923370148  0.7363513379  0.7333333761  0.9047818345  1.0891125030  1.3037424367  1.4182774897  1.6699442685  1.9057454414  2.0494092469  2.2669880796  2.5340697960  2.2327948498  2.6300682454  2.3515204549  2.0209888673  3.0699952464  3.4215199922  3.3989907581  3.2127237937  2.8357084365  3.5228920596  2.8530274813  2.8002119985  1.7067870659  1.2096778257  1.1846229032  0.8896846683  0.8651725515  1.0684056821  0.8709115486  0.6169666228  0.8798568521  0.7034406757  0.9235558403  1.0256201282  1.0065617365  1.0786652970  1.1726159578  1.1777800661  1.1642759678  1.0065519503  0.8590545234  0.7927807131  0.6567550861  0.7161777438  0.6174433611  0.5565513028  0.3624229846  0.2854258663  0.3015628829  0.3147186765  0.2885704934  0.2854633213  0.3217616306  0.4937849806  0.5141583189  0.4800098456  0.4952134795  0.4969364821  0.3685358010  0.3839438936  0.4463725434  0.3894906564  0.2390272336  0.3341562077  0.3738547200  0.5090557535  0.5661388784  0.4724023954  0.3541906793  0.4287124151  0.5510226367  0.5370938943  0.4573940347  0.4546789751  0.4504087945  0.4562423909  0.4395644219  0.5845658852  0.5913495622  0.7155123254  0.9771964711  1.3138772001  1.3585896754  1.3108732173  1.5723031941  2.3058531686  2.9633958401  2.5665881983  3.6938324868  4.5975614228  4.7241623347  3.5174259131  4.2323480068  4.6041406601  3.1953311946  2.8952370139  3.4123122909  4.2167528430  6.2372659741  3.5844805169  2.9503214123  2.8958414748  2.8888043963  2.4713199127  2.6536244814  1.6308901083  1.5466456704  1.7753687808  1.5988310727  1.3476531575  1.0003803703  0.8530129219  0.6845537618  0.5791747257  0.3929341861  0.3913854520  0.7206335481  0.5920482941  0.4538090680  0.3326572675  0.2892621705  0.2722697264  0.2602946144  0.3959015088  0.3044108484  0.2357343286  0.2244231185  0.2148673278  0.2479844319  0.3454724864  0.2733642616  0.1682693598  0.1814587022  0.1773673275  0.1658639836  0.1431595166  0.1453294301  0.1484433914  0.2019448138  0.2081964239  0.2737817550  0.3809485225  0.4961482246  0.5665300642  0.5588187818  0.7259851632  0.5836655782  0.5416414728  0.6429171198  0.6066335789  0.5566797723  0.4977886364  0.5534410782  0.5627847448  0.5133446033  0.6353310452  0.5776764778  0.3812180009  0.4251742368  0.5100996445  0.4064514652  0.3427304475  0.4939939815  0.3543794527  0.4014783036  0.5011619290  0.4908578531  0.6752319355  0.6771452078  0.5560307941  0.5968080410  0.5267473936  0.4964929415  0.5371045136  0.3959208349  0.3154531527  0.3170092535  0.2974192306  0.3700143343  0.5311548623  0.4326716362  0.4039659023  0.4040471105  0.4318456288  0.5380879746  0.4351168342  0.3004008112  0.3163118099  0.3116998231  0.3190042333
  0.3379654993  0.2733322110  0.3333026471  0.4784639308  0.4110099982  0.4563794818  0.6705426753  0.7209262020  0.4667258430  0.6416853859  0.8825817082  1.0632437442  1.0899093372  1.1554607394  1.3918749618  1.9346902131  1.9878146843  2.5040122503  2.6082246615  2.8970447285  3.0445115309  2.7743690795  2.7043321429  2.4231037226  3.3536747456  3.4098802179  3.3394804125  3.0734086926  2.1559192483  2.8846383058  3.1239371072  2.2151947578  1.7314586040  1.3549253313  1.1254384483  0.8574368643  0.8051233815  0.7255417146  0.5151157479  0.5681631035  0.9754885631  0.7888571864  0.8808659741  0.9240243676  0.8669493408  0.7574280020  0.8913111728  1.1091227131  0.9619063960  0.9486982042  0.9955838167  0.8687395474  0.8232787633  0.7789950906  0.5952616435  0.4586417474  0.3556357171  0.2480640648  0.2385899467  0.2475462802  0.2718481371  0.3342718283  0.3791802340  0.4943150326  0.6887302272  0.6799799588  0.7388491045  0.5974830658  0.4458068748  0.4423452098  0.4264934778  0.4383579415  0.3348769826  0.4452997762  0.4008880862  0.5337692793  0.3998219601  0.4699485622  0.3739325242  0.5035778944  0.5879490761  0.4991124867  0.5737233192  0.6673112710  0.5992263658  0.4144187470  0.4591608406  0.4679529784  0.6128539147  0.8452626165  1.1329073797  1.2235508491  1.2786523081  1.2581266487  1.3566408956  1.7895621221  2.4443320973  3.6893205527  3.8075299431  3.5190414935  4.4766894115  4.6702463094  3.4088205723  3.8050683126  2.4675030747  2.6179690263  2.9143704338  3.8914039625  4.5143604911  3.2878013427  3.7642339826  3.3555358977  2.4174271958  2.3594417246  2.3297314994  1.6802767939  1.2966760035  1.4419417380  1.1305598602  1.2251727543  0.9457089246  0.6321599724  0.5494811169  0.6356113486  0.4749927194  0.5379654907  0.7351292911  0.7079451590  0.4200936261  0.5215379217  0.4357082872  0.3632115811  0.3234825080  0.3731496995  0.3502840974  0.2649524131  0.2710309863  0.3066261684  0.3895118956  0.4424564146  0.3296278568  0.2267506905  0.1997367581  0.1737665836  0.1564924774  0.1453616311  0.1409355566  0.1452079843  0.2229760208  0.2265021599  0.2947172918  0.3462941719  0.4637624182  0.5151372518  0.9336514888  1.0367386839  0.7188206526  0.6704264980  0.9036389182  0.6671333998  0.5984485905  0.5082762332  0.5185757061  0.5635292914  0.5622182852  0.6075043708  0.5788484691  0.4123034424  0.4237212643  0.6221851761  0.6087643920  0.5533656269  0.4594411724  0.4363252869  0.4736090164  0.4334162259  0.4049609154  0.5301742237  0.4409671407  0.4859946947  0.4792402232  0.5191604745  0.5233730776  0.5314627147  0.5111372334  0.4499625819  0.3705583408  0.4511163149  0.5743366770  0.6345768612  0.4487975994  0.3936669323  0.4889000421  0.6002499423  0.5457890560  0.4023161366  0.3582236717  0.2738269439  0.3725586740  0.4409375340  0.3477591988
  0.3875584475  0.3894887442  0.3906386420  0.6288318740  0.6030847577  0.6027568340  0.6986810067  0.5526931852  0.7439369913  0.9741866997  0.8384175418  1.1635084687  1.0754213669  1.3751639811  1.8900429206  2.3211267389  2.3467138294  2.3110741494  2.5341163400  3.0848490852  3.0169384725  2.4450197825  2.0641665692  2.3477074992  2.6278367547  2.6774514974  2.4660090140  2.1754624240  1.9765042034  1.9542012629  1.5573784493  1.1992537588  1.2778209289  0.9931523442  0.9114656896  0.9008416536  0.7519621903  0.5331166509  0.6763452486  1.0501629352  1.1071640088  1.0719906411  0.7791634581  0.8507836997  0.8812927026  0.9445815069  1.1690985010  0.9045170590  1.0594253580  0.9894061963  0.7022743536  0.7110387694  0.5563417157  0.4247468101  0.4915159465  0.4141511888  0.2599403263  0.2818829931  0.3097717315  0.3419995033  0.3227649005  0.3693752459  0.5292588275  0.5049654848  0.6461165623  0.6271841956  0.5538335990  0.4834491926  0.4112735632  0.4356354160  0.4883228059  0.3866675221  0.3310295058  0.3421809822  0.4802549835  0.3523483142  0.2927178184  0.3674656131  0.4496499098  0.5299495094  0.5429514078  0.6506757995  0.7909404603  0.5218617369  0.4592876803  0.5315526795  0.5523906419  0.7131819466  0.8315134292  0.9001413943  0.9534388624  1.0501034411  1.0436888871  1.0381986987  1.6180793992  2.3833898626  2.8149444809  3.4741681467  3.5634056873  5.2951846462  5.2360842718  3.8059831333  3.3827835537  2.1122716538  2.0690431045  2.6537231527  3.7594890947  3.7445937565  2.9541371608  3.6971671870  3.5175223399  2.3207493568  1.8183311012  1.7844555516  1.6003770873  1.6572093494  1.4135148467  1.3441794037  1.1633655147  0.8784726560  0.6881852416  0.6171257294  0.7629331628  0.6290342590  0.4284625424  0.4751887630  0.4952381139  0.4950321874  0.5402244171  0.5710224185  0.5054687522  0.4120530107  0.3682397701  0.3195213527  0.3111633507  0.2722032144  0.2978699188  0.5098778216  0.4992973011  0.3724586681  0.2746656206  0.2342625922  0.2041863431  0.1729244296  0.2073537478  0.1953140404  0.1677537211  0.2020989429  0.2884574130  0.4004971860  0.3822438736  0.4476548587  0.4211795769  0.7525792273  1.0449520514  0.9652175273  1.1146615528  0.9384359625  0.6539946758  0.4674836533  0.3617040259  0.4322162228  0.5169992902  0.5604342739  0.4800259904  0.5457997700  0.4012778089  0.3737473876  0.4935473643  0.4575196004  0.4574597603  0.2764385323  0.3284745428  0.3998798505  0.3749855605  0.4676845839  0.4417440466  0.4192965291  0.4930130427  0.4807032261  0.5304917910  0.4299861149  0.5617629580  0.4954010212  0.3967231417  0.4341058609  0.4728404874  0.5070851777  0.5714970094  0.3870621551  0.5013678167  0.6124201034  0.7222549802  0.5184812670  0.4006818866  0.3657509496  0.3027057457  0.3484179460  0.4368981498  0.5094314045  0.5120370757
  0.4068021724  0.4435110379  0.6159082827  0.7805476265  0.7748154377  0.7641766032  0.5423339085  0.7252106309  0.9702338774  1.1283962374  1.3257144868  1.1500129945  1.2314822557  2.0316179201  2.4650785337  2.6539889037  2.2266984713  2.5250057139  3.4289773168  3.2979009093  2.4524721523  1.8361026620  1.7379403122  1.9152577545  2.2485964130  2.3063019078  1.4859578479  1.2934068561  1.2406319734  0.9328506463  0.9757313911  1.1767124035  0.9898546687  0.7358065958  0.6621706672  0.5968328933  0.6111471048  0.8806319844  1.1295321525  1.4728826528  1.3918835795  0.8941881419  0.8245911334  0.9370847627  0.9180077304  0.9181332306  0.7628620694  0.9528648311  1.0824032688  0.6805530183  0.7049260247  0.5897697497  0.4417565591  0.5046168771  0.3843352887  0.2814648916  0.3238580915  0.3877214131  0.4615907153  0.3939286817  0.4321510478  0.4350435033  0.4971321830  0.4397844662  0.5050431901  0.4507261840  0.3687035276  0.3307950169  0.3667608349  0.3904802014  0.3602033386  0.3114324649  0.4136055622  0.4280066825  0.3855835257  0.2484235706  0.3189041607  0.4604656702  0.4473281598  0.5080911010  0.6527650589  0.6101319578  0.5596105606  0.5429035130  0.5856995863  0.7096493983  0.6905222513  0.6818488415  0.7128968935  0.6091566193  0.7955626269  0.7168597758  0.8976546477  1.3799026908  1.5880588368  2.2166917558  3.0601076712  4.4775284006  4.8856897836  4.4256531095  3.8301289915  3.0680060690  2.8731076978  2.2331944780  2.3254939750  2.9127404512  3.4908397982  2.9152737615  2.9127321052  2.9512885676  2.3802815419  1.7188333842  1.8443807314  1.5223623464  1.3372708504  1.5194758609  1.0148835139  0.8899258393  0.8288291423  0.5423421592  0.5454584867  0.5834693746  0.5671854059  0.4856521017  0.3385578792  0.3848035265  0.5145945880  0.5011087997  0.6438388380  0.5019535575  0.3946084688  0.3017117914  0.2667010827  0.3094218557  0.3689933587  0.3920880265  0.5688299774  0.6545571802  0.4535684598  0.4460687960  0.3679068967  0.2732955728  0.2489094685  0.3317841265  0.3475197027  0.2708234116  0.2723628909  0.4036487676  0.5181401696  0.5486017194  0.4661393988  0.4528980792  0.7239614904  1.0530851737  0.9723599676  1.1543002864  0.9518457879  0.8800685884  0.5877160870  0.5189966126  0.5147363186  0.4942055244  0.5574734939  0.5633972210  0.5382372671  0.4455460290  0.3433129718  0.3904385504  0.3525604941  0.3278194046  0.3590042399  0.2549799236  0.3114379486  0.2997477946  0.3678726533  0.5005479385  0.5502600168  0.6167887024  0.6035491805  0.5941942666  0.5398609884  0.4207118429  0.5353633271  0.5461320201  0.5084103275  0.5253937329  0.4928009153  0.4204014201  0.3686315864  0.4649353332  0.6303854768  0.9065646874  0.6600397279  0.3994076967  0.3411004837  0.2620737289  0.4169330821  0.5912804132  0.4941499356  0.4746171965  0.4776972724
  0.5195962666  0.5803109612  0.5723534746  0.6746416615  0.6962854130  0.6086998859  0.8537306439  1.0368510944  1.2828404887  1.6679694298  1.6052133568  1.8076729777  2.2482624392  2.4784060489  2.5276311935  2.0869467394  2.1280784762  2.7686547391  4.0977580188  2.5109901160  2.0633527321  1.7540530852  1.4252618118  1.4535234923  1.5100741370  1.0838500806  0.8358401135  0.7746892558  0.6738562372  0.8938734424  1.0315218686  1.0984946692  0.8764698394  0.5923348236  0.5866505656  0.7159024212  0.9422917613  1.2280737134  1.3496033668  1.2462112740  1.0149208818  1.0335304094  1.2254595183  0.9745238263  0.8123438942  0.7120020209  0.9600972435  1.1358886318  0.7821783728  0.6266906508  0.5299989092  0.3678353637  0.4052527675  0.4037501414  0.2910361487  0.3355866420  0.3938151824  0.3696235666  0.4467855051  0.4371011697  0.3571620957  0.3621378408  0.3228567814  0.3607659807  0.3221833649  0.3159763300  0.3070690153  0.2910691525  0.2997097958  0.2889801981  0.2933677922  0.3466109244  0.3292566360  0.3883290296  0.3709236982  0.3738204950  0.4160155897  0.3798790498  0.4775208257  0.7125444454  0.7570663890  0.7988324584  0.6411433170  0.5372970546  0.5969155296  0.6613353154  0.7407006756  0.6654202854  0.5408529188  0.5878094931  0.5476661980  0.8141836088  1.0356261890  1.1646398521  1.7113333004  2.6279731647  3.3177095462  3.7806898049  4.0618922240  2.9407940334  2.7156912743  2.6916133493  2.4379137763  1.9205996431  2.3373985634  3.4846660470  3.0957111314  2.2634950842  2.1407035724  1.9706417520  1.7827002725  1.6305141811  1.5441832087  1.4288952483  1.3584551983  1.0673888096  0.8528554183  0.8481739429  0.5652737524  0.5129413863  0.4048477774  0.3848258089  0.4207688122  0.4471393345  0.4097521277  0.4875547151  0.4987033536  0.4718997836  0.4451328609  0.3535317852  0.3095330702  0.2702379214  0.2930505380  0.4666262809  0.4547778244  0.6859802774  0.6469789869  0.5158306962  0.4916014878  0.3628660264  0.3842271567  0.3578727189  0.3662685890  0.4011031637  0.3379062145  0.3215430664  0.5285314056  0.4933073769  0.4758704458  0.5104534733  0.5922579350  0.7196094272  0.8828315897  1.1755258654  1.0836309170  0.8939113549  0.7365537420  0.6074291967  0.4570996551  0.5040882558  0.3881533246  0.4022550092  0.3853136587  0.3297661343  0.3980540774  0.3483821839  0.4088635671  0.3517671340  0.3906640272  0.2918361048  0.2064151974  0.2493202944  0.3098843911  0.3354366011  0.4031367950  0.5476371105  0.6401523148  0.5637211552  0.5712782049  0.5789341846  0.4986785457  0.5106628117  0.4469132359  0.4801068766  0.5221566846  0.4674609701  0.4172249181  0.4443370744  0.4439274542  0.7121420673  0.6532006137  0.6274704317  0.4458974426  0.4939908230  0.4812873721  0.4963547876  0.4326031140  0.4542761946  0.5339764209  0.4968089196  0.4038258300
  0.5711259980  0.7306912152  0.7500526349  0.6594190361  0.5753993241  0.6339409369  0.9626012244  1.2747338372  1.7834410520  1.9727459246  2.0986762655  1.9240038284  2.2015327122  2.0043794306  1.7812831094  1.7872881905  2.4329053269  3.3984706225  2.4457744433  1.7710592428  1.3097071227  1.1607068341  1.0983383698  0.8160169479  0.9059944464  0.8645000951  0.6782069527  0.6089186532  0.7737984876  0.7061702494  0.5767056964  0.6551554092  0.6773281231  0.5579357593  0.7621328657  1.0935317965  1.0320278688  0.9608597643  1.1867646330  1.4249397684  1.6754802319  1.4895475142  1.1143774575  1.0148043728  0.8675809435  0.9754377227  1.0268147322  0.7902554092  0.5844313198  0.5209804580  0.5426406745  0.4655879748  0.3507958232  0.2637356098  0.3400791785  0.3338392408  0.4029074806  0.5276686059  0.3587354751  0.3422048546  0.3971668135  0.2928754632  0.3106623359  0.2606741351  0.2750498971  0.2749726764  0.2652893448  0.2913898107  0.2367303848  0.2057266777  0.2885259080  0.2880771798  0.3584122009  0.3448469130  0.3660971382  0.3267510243  0.3588928614  0.4218017991  0.7102583036  0.7683215783  0.7717694146  0.6736013701  0.6064969757  0.6739107012  0.6852163534  0.5547523812  0.6264854818  0.5232829976  0.4642893495  0.5327514280  0.7229862456  0.9865942096  1.2189956844  1.4171034144  1.9403292603  2.3816900051  3.8163999922  4.4906918418  2.9666210483  2.9749775884  2.2462022118  2.1097600359  1.8731718854  1.7508260521  2.3464345221  2.7386202712  2.7019098671  2.2872369727  2.3223641584  2.3786302008  1.5911446093  1.2471125245  1.1069793507  1.1991588705  1.0672561603  0.7015651679  0.8612943408  0.7536838612  0.5465263841  0.5380216535  0.5381848828  0.4748220725  0.5064466313  0.4260590757  0.3712132290  0.4685896656  0.4057914576  0.4142786221  0.4106007209  0.3928152512  0.3304747088  0.3448502462  0.3114092157  0.4438076271  0.7209080396  0.8136410067  0.6624596984  0.5866382075  0.6127792727  0.5123053672  0.3386204697  0.3341740840  0.3179906376  0.3408465886  0.3766110419  0.4636126099  0.5058988661  0.4963104353  0.5009135310  0.6608187706  0.7611715022  0.8199886555  0.8120055623  0.8638149914  0.5912453075  0.4926652344  0.5703874125  0.3935006806  0.3995827690  0.4712726031  0.4906551888  0.4226081416  0.3787898431  0.4334233075  0.4382917225  0.4531422823  0.3855079929  0.3359860933  0.3444954491  0.2812123791  0.3018141435  0.2949958530  0.3922067983  0.5351836048  0.5482142952  0.6264726018  0.6759941746  0.7185322034  0.5073700426  0.5224000223  0.5354565730  0.5673727667  0.4671781519  0.4226407058  0.3803813496  0.3724591716  0.3450106189  0.4774112477  0.4994907564  0.5007220046  0.6326047929  0.5176641656  0.6540394712  0.5993435026  0.4651408867  0.4961032617  0.4478795615  0.4737689916  0.4903730217  0.4130066478  0.5386966213
  0.7070160704  0.6949420790  0.6582816610  0.5851946092  0.6329235707  0.6726845472  1.1826296857  1.4570154226  1.8328495807  2.0398094051  2.0299598700  1.6715408423  1.3786913031  1.1894533841  1.2314186942  1.4995847887  1.8670930335  1.6276555351  1.5778487701  1.5924358207  1.4848596138  0.8756968049  0.7944247515  0.9797140774  0.8506659500  0.7634048793  0.6742886252  0.5681419283  0.5547570483  0.4286554252  0.3986673816  0.4520638156  0.5094923235  0.6262107690  1.0672446255  0.9254399044  1.0264699314  1.1949127386  1.7136784712  1.9113685669  1.7192305504  1.0320780164  0.9827278426  1.0992731881  1.0703186764  0.7396441552  0.7701368890  0.7554454263  0.6137878802  0.5798181894  0.5102670045  0.4113087082  0.2709796328  0.2825881455  0.2681741284  0.4581150622  0.5625763315  0.5035077041  0.4541177232  0.3977739194  0.2946636361  0.2780986534  0.3153559213  0.3533646271  0.3178359629  0.3447611968  0.3009384952  0.2844059495  0.2378066443  0.2514901196  0.2963948060  0.2777855946  0.2285672269  0.2614061936  0.3254360250  0.3308997801  0.5049260052  0.7531247658  0.7778287874  0.7830838422  0.8389170186  0.7032824906  0.6850313204  0.6382538305  0.5654487039  0.4839427135  0.3355931882  0.3810538989  0.6794240533  0.7628526903  0.8716817230  0.9250980100  1.2581229770  1.3518744240  2.2750612135  2.7916118107  2.5139290702  2.1381567930  1.9474916421  1.7824608451  1.6257347060  1.6094338713  1.8373300467  2.5490419325  1.8808969475  2.5462214939  1.9081265795  1.9736916007  1.9325026728  1.3186469692  1.2285849435  1.1145341769  1.1879234552  0.8820156878  0.6858820516  0.8510158345  0.7899792116  0.6288960221  0.6655650515  0.8343209688  0.4574426716  0.4073145431  0.3189331401  0.2917104580  0.4203586869  0.4344377668  0.5949176797  0.6250913753  0.5535026839  0.3490984259  0.3704009943  0.4105220027  0.5427459842  0.6669676603  0.8598275469  0.7065495187  0.7533388372  0.8119967215  0.5213964966  0.3544890065  0.4134418508  0.4098059246  0.4558895850  0.3872470339  0.3813255778  0.5434499321  0.5545393677  0.5790459038  0.5327157497  0.5429027389  0.5114735183  0.4234135813  0.3861695375  0.3599131476  0.4202802554  0.4908525414  0.4165581964  0.3656601703  0.4116777683  0.4693565051  0.4200084258  0.3782896351  0.4233613274  0.5341352406  0.6529111233  0.3886685996  0.3527037435  0.3425839584  0.2979253069  0.2748393179  0.2819924548  0.3978689850  0.5413524963  0.5431528498  0.7638982671  1.0137217679  0.8562118786  0.6312655334  0.5646164781  0.5181535170  0.6379367899  0.6201584000  0.4383394440  0.3738735145  0.3445243357  0.4223679803  0.4208418046  0.3693240867  0.4068490684  0.5780314846  0.6171886052  0.5944832196  0.5801984570  0.3889790101  0.4081529079  0.4677197744  0.4395747781  0.4638926279  0.4609278991  0.5625516107  0.6176988013
  0.8484367985  0.7279606838  0.7445896164  0.8552756343  0.7578599116  1.0123487755  0.9932729392  1.4214280781  2.0808886665  1.8493387219  1.4129484747  1.2667090766  0.9652651292  0.6845341880  0.8516077232  1.2761850640  1.1409106576  1.2988934442  1.5121151856  1.1518088513  1.0022564103  1.0851420955  1.3217628192  0.8917018222  0.6099547059  0.5316118397  0.3942836501  0.4466208845  0.4092815257  0.3585066894  0.4310727971  0.5767037060  0.5712171746  0.7562307991  0.8053574911  0.7906070628  1.1770963094  1.5373680551  1.5773163620  1.4905368935  1.6260812451  1.4857909162  1.2430142545  1.6304554731  0.8960974186  0.7023947597  0.8309164538  0.8152699380  0.7983088248  0.6136206763  0.4999035783  0.3200179018  0.3874560766  0.3613030434  0.3571820177  0.4500950697  0.5154203589  0.5295801764  0.3783720245  0.3013984243  0.3402902762  0.3640428453  0.5653707370  0.5274054469  0.3985139574  0.2689415121  0.2876277261  0.2513909852  0.2519601536  0.2875560768  0.2392369063  0.2356020775  0.2328916310  0.2822842060  0.3237156172  0.4406484663  0.5519271067  0.5997418747  0.7429335116  0.8178742951  0.8328552411  0.5924965267  0.5583423996  0.4183535301  0.3843796321  0.3209253999  0.3333469908  0.5881032750  0.6334855230  0.5291644125  0.7800667979  1.0542363333  1.1724085734  1.4909027932  1.6551779194  1.9905384522  1.7566848092  1.4301511493  1.3229915088  1.0358667685  1.1162717831  1.6436136076  2.0146429379  2.0373171440  2.2210330417  1.7037953956  1.3680414796  1.1009904206  1.0761704569  0.9790173004  0.9204315460  0.7107220051  0.7291481230  0.6911554731  0.6179729446  0.6350519504  0.4649602869  0.5574723589  0.5263933094  0.4459044906  0.2950069312  0.2267820241  0.3130143837  0.3510436013  0.4643096816  0.5888153855  0.6390211712  0.5618713477  0.4811463419  0.4487842978  0.5209729413  0.6858138119  0.8631192937  0.9218123915  1.0535013125  1.0844692298  0.9544433657  0.7596780105  0.4971128373  0.4072635263  0.3459697682  0.4598157336  0.4685437491  0.4392662499  0.5023378050  0.5314867527  0.5727741061  0.4498570648  0.3457125514  0.3670763752  0.3548706540  0.3058805466  0.2698838328  0.2847634503  0.3857145746  0.4075871300  0.5598513088  0.3583562247  0.3100895885  0.4069393222  0.4050962794  0.4232072353  0.5717889873  0.8676210667  0.3983214498  0.3982065675  0.3759796738  0.2489441139  0.2508601882  0.3709095619  0.3911855541  0.3753607685  0.4488577568  0.8135815328  1.0073288334  0.8577741700  0.6788983888  0.5205049790  0.4797498353  0.6430558433  0.6153681148  0.6270370284  0.4408942608  0.3892169886  0.3772539457  0.4488722176  0.4159891726  0.3802399415  0.5949709384  0.5148238247  0.5414320231  0.5444430972  0.4821895545  0.4258548360  0.3576664601  0.3658549330  0.5108536073  0.4960801244  0.5890948828  0.5517023748  0.6390398489
  0.8139998819  0.6673322729  0.6811857503  1.0330581109  0.9215542935  0.9511671219  0.9788331995  1.0842810074  1.1068577068  0.9459830668  1.0048456098  0.9307422083  0.7113048401  0.7047641294  0.9772809768  0.9271759673  1.2260766031  1.2168703224  1.0638182148  1.0146156574  1.2095968945  1.5075664448  1.1242974258  0.6146535374  0.4368990168  0.3215073468  0.3642655436  0.4803351516  0.4842815404  0.4779255499  0.5062616215  0.5985475819  0.5289644477  0.6090840398  0.8103365458  1.2636156995  1.3073500071  1.0915386203  1.3744744395  1.6438554955  1.2135293036  1.0545943061  1.1355329408  0.9444005673  0.8784783740  0.9670090231  0.9603027191  0.6049098870  0.4685739949  0.3204036566  0.3196465306  0.3724419952  0.5556232756  0.2962566884  0.3526282796  0.4897544273  0.3826019129  0.4358068211  0.4864973075  0.5076503833  0.6068216907  0.7291930735  0.4939698966  0.4168777448  0.3171787086  0.2969952335  0.3722030758  0.3126024291  0.3277792747  0.2623200269  0.2106384082  0.2177624793  0.2105048869  0.2794450629  0.3280710252  0.4312635089  0.5106479842  0.5125584425  0.5931452339  0.4990685996  0.5031274289  0.3624743808  0.4065619697  0.3459654881  0.3361765117  0.3446677275  0.4727472316  0.5149108211  0.6865420307  0.6710822152  0.6798941107  0.5781689725  0.8426088315  1.2183385256  1.1850035931  1.2521804507  1.1098172393  0.9987143431  1.0191363002  1.1853782036  1.5035289853  1.9005051220  2.1785099986  1.9785846546  1.8130174020  0.9740792766  0.5924020992  0.7705905441  0.8498151954  0.7027636639  0.7797617208  0.6536013022  0.7266603334  0.6376506817  0.5847289384  0.5438708884  0.5275838282  0.6189121240  0.4384288094  0.2939334418  0.2438756610  0.2434516101  0.3455614919  0.3490289560  0.4681574809  0.4162912623  0.4459478938  0.4454708701  0.4906448133  0.5338159077  0.7503479967  0.8171203126  0.7158444042  1.2357270249  1.0639129127  0.9662377801  0.8311010717  0.7095480044  0.4366001784  0.4308041303  0.5119558211  0.6039688033  0.5128671868  0.4303909737  0.5933929240  0.4608661412  0.4295100375  0.3318597139  0.2792628749  0.3955974773  0.3235015593  0.3066134029  0.3531121368  0.4723028149  0.5516384225  0.6485056800  0.4267425080  0.2817422850  0.3787112427  0.4073719259  0.5140752435  0.7227833390  0.7078346531  0.4613641243  0.3613288342  0.3400674459  0.3075617142  0.2812581663  0.3334264174  0.4772200316  0.4900031499  0.5984919825  1.1435033205  1.0080191189  0.7614999419  0.7996787259  0.6672706444  0.7004910684  0.6265495164  0.5575322584  0.4256608684  0.3737223418  0.4139348357  0.5521486431  0.5140259006  0.3219206994  0.3886612390  0.4910244082  0.6507907582  0.4869542953  0.5859839519  0.5116772167  0.3844046641  0.2976492516  0.4629070413  0.5777460632  0.5052225867  0.5516851386  0.6325237630  0.8025136823  0.8404759942
  0.7208322811  0.7276159669  0.6980632737  0.7948688342  0.9877339910  1.0787112484  1.0830896266  0.8968545754  0.6649762891  0.9217057501  0.8930406885  0.6427212379  0.6682199997  0.6989875350  0.8533526515  1.2815493144  0.9558940913  0.8849188184  0.8501685768  0.8831175184  0.8127716477  0.7815717023  0.5389747457  0.3819523945  0.2960414331  0.3382671336  0.4989371580  0.4176260992  0.3798039755  0.3360149082  0.3936701971  0.3248952521  0.5000463005  0.8203258492  0.9940361297  1.2353567671  1.0394352913  1.1577785187  1.2780326712  1.3187116069  1.0801707685  1.4726489186  1.0558985321  0.8174194707  0.9748357609  0.7965334051  0.4418373963  0.4165840616  0.3834301422  0.3548726049  0.5066669128  0.5958154690  0.3229586371  0.3354281589  0.4158152484  0.4000253350  0.4872631131  0.4994179170  0.5260348795  0.5402909054  0.6245955855  0.5099932543  0.3701774602  0.3378353051  0.3261439871  0.4847056288  0.3946480872  0.3399469043  0.3677568130  0.2791723191  0.1783473969  0.2272969822  0.2248037585  0.2839358771  0.3683154487  0.4574534867  0.4720122874  0.4973124772  0.5508263742  0.5295030456  0.4462323197  0.3501579612  0.3767214269  0.3459271532  0.2900569869  0.2638707668  0.3073358071  0.4958276872  0.4249249318  0.4724280359  0.5720326623  0.5733859570  0.7760641110  0.9148243217  0.9615214371  1.1940340750  0.8640212578  1.0403248961  1.0443335007  0.9541889662  1.4799659713  1.8516394539  2.1669849027  1.4110568636  0.8097113848  0.6243536694  0.7558765258  0.6247699619  0.5536277007  0.6101298395  0.6102880133  0.7367708816  0.7069906635  0.5272753338  0.6122761798  0.5538541486  0.5354822608  0.4602215956  0.2943151603  0.1762315484  0.1985834555  0.2980808260  0.3180790693  0.2643921685  0.2861189327  0.3627528575  0.5070271146  0.5050339049  0.4931996179  0.6815779431  0.7583009169  0.6729576656  0.6886591221  0.8485095394  0.6563566277  0.6635463321  0.6444534659  0.4862630798  0.4732128393  0.5287113308  0.6622711457  0.5305569787  0.5601293289  0.6343822922  0.5659906046  0.5393593552  0.3866997369  0.4212181331  0.5289622098  0.4628389508  0.3970715775  0.4682553947  0.5583630365  0.6567544263  0.5637436696  0.3734234481  0.2675776466  0.3441719537  0.3774539213  0.6761847649  0.7110389731  0.5866711127  0.4537289016  0.4039721012  0.4199527607  0.3437386601  0.3040767662  0.4231493234  0.5216570518  0.5996472039  0.7723810908  0.9720591099  0.7310483857  0.7106683757  0.7490770340  0.8814286160  0.7785199603  0.6053737603  0.5661016995  0.4426586134  0.4068150798  0.4039059467  0.4728970873  0.4693929613  0.3947630532  0.5065708666  0.5161275330  0.4892669609  0.3533092199  0.4098508465  0.3308426854  0.3227435047  0.3535958497  0.5513073129  0.5935424491  0.4650832769  0.6439875499  0.8205211844  0.8727718478  0.9457152952  0.9600865947
  0.9238803185  0.6804559939  0.7090681077  0.8202544610  0.8129740756  0.8506746955  0.8431127242  0.8010924635  0.8496733283  0.7510896030  0.5977641106  0.5658453483  0.7897286751  0.7537547903  0.9188289737  0.8616011076  0.7991121220  0.6388213449  0.4613057869  0.4384724261  0.4779082354  0.4989405449  0.3836165906  0.3060455427  0.2741532329  0.3448687393  0.2980160460  0.2940267669  0.3279599174  0.3034639623  0.2805423937  0.5095200667  0.7095938975  1.1050022904  0.9748952601  0.8768803963  0.8474356001  1.1556929707  1.3199738013  1.3674757265  1.9413396905  1.0917884671  0.6877159051  0.7461347027  0.7593218132  0.5086956561  0.4843266403  0.5030823036  0.4734310841  0.4858560151  0.4615046791  0.3503328524  0.3377402273  0.3249074438  0.3546679681  0.3552834393  0.3841951595  0.3842437547  0.4132144819  0.4372719768  0.4509108302  0.3411214295  0.3058796430  0.3898726301  0.3574079411  0.3852066885  0.4092191428  0.4427677764  0.3086325164  0.1662327979  0.1691755424  0.1957080707  0.2676661729  0.3796504137  0.3773827407  0.3980082352  0.4426277743  0.4911041678  0.5128383671  0.3737819586  0.2983135628  0.3485825254  0.3461274819  0.2957957288  0.2413122351  0.2943382864  0.4811550480  0.3490663847  0.4303939897  0.4574225513  0.4696310683  0.4715060118  0.5472031941  0.7303743344  0.9527966230  0.8143751206  0.8266266016  0.7691997449  0.8964747954  1.2228989505  2.0674411587  1.9360511626  1.0320024801  1.0087912513  0.8961388859  0.6204510234  0.5007943395  0.5902968478  0.6321360034  0.6061979755  0.6616663417  0.7144083170  0.4959716687  0.5664089525  0.5568084107  0.4735929227  0.3545748999  0.2121808184  0.2349824573  0.2382760666  0.2740349818  0.2924210129  0.2609279875  0.2195583625  0.3344608630  0.3832956810  0.3873481784  0.5086823446  0.5818986884  0.5810335877  0.5630881550  0.5732372924  0.5886772923  0.4305508509  0.6592356347  0.6519803543  0.4347090027  0.4002189690  0.4884410148  0.5402918269  0.4653090181  0.4807417361  0.4995681458  0.5440420166  0.7116655740  0.6014850244  0.6587682174  0.7203288416  0.6185598771  0.4277745137  0.5036548740  0.5845774813  0.6976765955  0.5138759218  0.5008981676  0.3769086916  0.3350529277  0.4660683321  0.5892523357  0.6525222044  0.5741638951  0.4231343038  0.3788645262  0.3916933635  0.4097707881  0.3052608793  0.3603830555  0.4634548511  0.5545488146  0.5796885756  0.6221619512  0.5798437340  0.6668872208  0.7703107393  0.7182638220  0.7876385187  0.5544836753  0.5525411079  0.5348013972  0.4201243803  0.3820685566  0.4019552709  0.4075158205  0.4330333977  0.5155700562  0.4488268672  0.4261154576  0.2888589023  0.2845616692  0.2494481023  0.3308502585  0.4456579474  0.5289786035  0.5927077482  0.4906973899  0.6874160969  0.7819790823  0.8054017453  0.9344257836  1.0618822551  1.0574517814
  0.8586552234  0.8524517542  0.9099394576  0.7713781465  0.7268202060  0.8855436661  0.8672856164  0.8163624047  0.5575531702  0.6523424467  0.8203157702  1.0314667263  0.9004303201  0.9903298214  0.8827420849  0.6668686094  0.6531160377  0.4050575409  0.4600726599  0.4979530720  0.3759637589  0.2971868493  0.2457682844  0.1994373686  0.1817671288  0.2218403196  0.2430506750  0.2323279362  0.2355194206  0.3451392482  0.4709367754  0.5285053767  0.7491187626  0.9172348031  0.6809490469  0.7127263520  0.9503539601  1.4232562168  1.3789137931  0.9763486553  0.9264248672  0.7906541216  0.6446708418  0.5928609574  0.5981512907  0.5769317048  0.4542638607  0.5359004336  0.4542053167  0.5307922925  0.5393027152  0.5202968876  0.4023293582  0.2774689869  0.2594573798  0.3280428376  0.2770535018  0.3130332007  0.3330637095  0.5105266613  0.4492773257  0.3510441299  0.3548110637  0.2869515360  0.3326801538  0.3219800148  0.4036124825  0.2589493485  0.1584955943  0.1660691021  0.2146585575  0.2198036229  0.2808635992  0.3405664083  0.3679610556  0.3393737164  0.4428368758  0.5124447237  0.3604436932  0.2891364008  0.3454125234  0.3467605821  0.3390851972  0.3227803322  0.2523642298  0.2597235940  0.3668351926  0.3818741778  0.3257627266  0.4913055463  0.3945642385  0.4154037039  0.4590176065  0.4738999463  0.5026495605  0.5872012923  0.5959504545  0.6967202761  0.9761783925  1.4633860655  1.4278222399  1.1608522343  1.1516034104  1.1717440952  0.8434055442  0.5344317840  0.5278877845  0.6487479841  0.6167010115  0.5174942225  0.5223114505  0.5406642477  0.4670078277  0.4741505857  0.3701534555  0.3301477008  0.2169236844  0.2131613227  0.2729149313  0.2952311004  0.3585279271  0.3516022509  0.2516164253  0.2980837637  0.3143266746  0.3621436490  0.5050273655  0.4795543523  0.5465090316  0.6074738122  0.4819743464  0.5402923443  0.5199023678  0.4391919488  0.4779962681  0.3442378060  0.3475848435  0.3960714780  0.4919158174  0.4966479941  0.4659481626  0.5313244051  0.4992374287  0.5375552350  0.6276065570  0.5575753002  0.6832476290  0.5017954801  0.4119706999  0.5374844659  0.5486566382  0.6436261115  0.5214827762  0.4085615736  0.4740197425  0.3898324325  0.3363862847  0.4903491874  0.5176234755  0.4402355476  0.3740477723  0.3371893486  0.3333429422  0.3351014395  0.3471012508  0.3701596179  0.6446870733  0.5673130343  0.5711325819  0.5610607545  0.4798970026  0.5909900272  0.5649133816  0.6330206277  0.7289939251  0.7179366430  0.6629507963  0.5979500422  0.4751283027  0.5048601494  0.3660895385  0.4047895117  0.4355876060  0.4525348612  0.4159777075  0.5381798581  0.4606009158  0.3844277758  0.3319814355  0.3479932822  0.4631316233  0.5287404859  0.4845717984  0.4718799309  0.7678698105  0.8490438816  0.7575676056  0.9254171383  1.4001974674  1.2825031997  1.0198632721
  0.9161859555  0.8302400630  0.8721863749  0.8043276049  0.8341124422  0.5463895432  0.5970360391  0.6409680118  0.6721872181  0.8124256325  1.0194169192  1.1517111634  1.1929229843  0.8209150345  0.7607736708  0.6198403137  0.4174464996  0.4117044577  0.4118214599  0.2960819015  0.2652936621  0.2105928988  0.1885527702  0.1389291317  0.1657171655  0.1527213080  0.2202097046  0.2915238473  0.3427220398  0.4041948174  0.3707266956  0.5019121338  0.5642988836  0.4595086399  0.5482941757  0.7990820666  1.4217502876  1.3979305525  0.9202051127  0.8273291880  0.5876297766  0.5646478903  0.5282290812  0.5141614705  0.4133211603  0.4452197719  0.5229880685  0.4082596620  0.4712137086  0.4266338483  0.3844040400  0.2926306388  0.2524587007  0.1962159643  0.2412299103  0.2712748075  0.2472595328  0.3745294751  0.4960789889  0.5079737422  0.5561517694  0.4496164638  0.3118503062  0.3348558058  0.3147655903  0.3543677572  0.2254566732  0.1602438804  0.1736884385  0.2391244123  0.2088016067  0.2612866670  0.3054024912  0.2903866749  0.3633728234  0.3284334013  0.3254652923  0.2950316308  0.2888988872  0.3624238049  0.3497571214  0.3668985406  0.3116184432  0.2401223251  0.2585182659  0.2665462279  0.2209253506  0.2819019468  0.3455992270  0.3667167523  0.3381045731  0.2748844273  0.3068223890  0.2611672331  0.3812526807  0.6463083053  0.8038321423  1.1228253989  1.1647026816  1.0753342676  1.1418846789  1.1125728782  1.0327905841  0.7857543433  0.6457001525  0.7184553751  0.8511072559  0.6077446075  0.4690513610  0.4112738899  0.5021280950  0.5039418096  0.4252238821  0.3056199923  0.3029072687  0.2891685589  0.2579837982  0.2942241688  0.3329581646  0.4422002393  0.3142867043  0.2789479662  0.2992425130  0.3787514827  0.3879746213  0.3914934584  0.3587249506  0.4773151682  0.4303043478  0.3822590567  0.5733093593  0.4223830898  0.3144870669  0.3797111536  0.2703847125  0.2812295467  0.2482759464  0.2759830714  0.3587350198  0.3235666762  0.3684362077  0.3383084484  0.4586669831  0.3643335609  0.4020562439  0.4292240399  0.3430415217  0.3410500884  0.4273814769  0.4702622267  0.5577761938  0.4869160063  0.4545176926  0.4568885569  0.3738279054  0.3551080751  0.4461966069  0.5608002200  0.4031534619  0.3095314261  0.3435237991  0.4023578024  0.4153111499  0.3793977311  0.3980291269  0.4414029835  0.4718934965  0.6026707299  0.5397779901  0.4479162823  0.4446730658  0.5161361479  0.5316487261  0.6229222579  0.9497266547  0.9744111394  1.0655921289  0.8377533953  0.6574443830  0.5647175307  0.4570781816  0.4330154008  0.3340039566  0.4292430485  0.5496276024  0.5410751979  0.4895219822  0.4270501000  0.3732012681  0.3567559213  0.5327986695  0.5736783674  0.5961340504  0.7160750038  0.7965594265  0.7600324556  0.8093614287  1.2076569325  1.3391921814  1.2990250078  1.0588784267
  0.8370266023  1.0241042093  0.8564403280  0.8860243468  0.5159715025  0.5746566062  0.7479008231  0.8856428420  1.0554553970  0.8867274094  0.6557910502  0.7425075336  0.5128652453  0.5630902390  0.5254596468  0.4963649047  0.3763929680  0.4117291575  0.2863344009  0.2044291219  0.1952244497  0.1464072760  0.1547823695  0.1882975237  0.1238370049  0.1481022862  0.2246506168  0.3322957642  0.3510095611  0.3591262470  0.4370892496  0.3882259823  0.3916532827  0.4829978488  0.6114079614  0.9387241652  1.1226838635  0.9446691765  0.7177753718  0.6673148514  0.5239846259  0.5431327914  0.4062063001  0.3273300008  0.4790705920  0.4318171230  0.3118405975  0.2787812433  0.2594958030  0.2408497243  0.2035505394  0.2090515583  0.1741708215  0.1658884233  0.1706560909  0.2024540877  0.2934277699  0.4453971392  0.5712899085  0.6116189405  0.5346666451  0.4062746741  0.3549766113  0.3849274359  0.3206589786  0.2516908670  0.2158670893  0.2139843804  0.2492908778  0.3255425548  0.3631981236  0.3287634795  0.3084340359  0.2846701037  0.2286666012  0.2982945729  0.3247286750  0.3039215160  0.3027193891  0.2353886128  0.2639598532  0.3188469235  0.3044607486  0.2664609809  0.2688857183  0.2466314386  0.2379998030  0.1832625415  0.2277596440  0.2387321221  0.2289684715  0.2510571381  0.1903968624  0.3305166057  0.5186304594  0.6115036312  0.8741427749  1.1800153838  0.9942482272  0.9911085170  1.0317214399  1.0610252844  0.7842714322  0.6483252279  0.6036796651  0.7388911016  0.7037865628  0.5237647366  0.3889883045  0.4585869991  0.4218349004  0.3845815531  0.2647196721  0.2964539247  0.4377304365  0.3288770677  0.3087067375  0.3637800055  0.3631210702  0.3182191375  0.3812558357  0.4200106189  0.4877521275  0.5200802782  0.3238727491  0.4173419970  0.5618777901  0.5705622661  0.5838388386  0.6636778475  0.5821766359  0.4422314892  0.3471990839  0.2121786242  0.2451048483  0.2429122892  0.2319795086  0.2288512330  0.2289383657  0.2727473816  0.3707341801  0.4763040925  0.3648034526  0.3466263305  0.3647311664  0.3412013702  0.3577659480  0.4278168588  0.5435110638  0.5928821254  0.5304152272  0.5748670500  0.4853363003  0.3380646878  0.3525836183  0.4573687409  0.5367963813  0.4282042382  0.3514606553  0.4002314553  0.4354511538  0.5051174982  0.5263310677  0.3677147153  0.3459596920  0.3480119962  0.3918810043  0.4246366630  0.4339253502  0.4044282360  0.3882443849  0.5446873505  0.7834125689  0.9558082619  1.0435968677  1.0239601340  0.8378353584  0.6657988567  0.5419712388  0.4014111758  0.3427309061  0.2018493619  0.2988550146  0.4617071071  0.4815720771  0.4116789165  0.3917001301  0.3425859705  0.3907294766  0.4456531624  0.4264751898  0.5078570543  0.4892025545  0.5407557031  0.6043188523  0.7974659938  0.8433388463  1.1453984692  1.2468744115  1.0277109307  0.9614613177
  0.8883017149  0.7581528732  0.6654256503  0.6325794604  0.5906465596  0.7223546607  0.6555838886  0.8811673064  0.6110375776  0.5413722239  0.5953005881  0.4551473864  0.5089025710  0.5486337708  0.4921273167  0.4412768437  0.5690847212  0.3879372050  0.2852748958  0.1982923570  0.1410781235  0.1394907577  0.1608014933  0.1617213099  0.1606045908  0.1968652070  0.3016204706  0.3076032563  0.4652510042  0.5394879116  0.3679271455  0.3482204006  0.4956397977  0.5179091796  0.7767273755  0.8559920992  0.7931818922  0.7120161851  0.5783206375  0.6097733269  0.5441494701  0.3827157672  0.3541984601  0.4839470684  0.4678569195  0.4393764437  0.3570532069  0.2242565004  0.2178651782  0.1732936841  0.1832200767  0.2196860214  0.1951332554  0.1818646546  0.1866088323  0.2315813044  0.4069582513  0.5717444428  0.7047200491  0.5236042469  0.4428089544  0.3204931353  0.2470414498  0.2335858183  0.2336100527  0.2309628633  0.2565413230  0.3144894213  0.2895522345  0.3591521986  0.3415198934  0.2316920875  0.2735824364  0.2527003707  0.3009650579  0.2608256623  0.2401740627  0.2097846035  0.2244319988  0.1846734381  0.2123092694  0.3077079051  0.2173029521  0.2405235170  0.2869483013  0.2314951426  0.2091881896  0.2269302557  0.2595739702  0.2361188767  0.2590131035  0.3284674203  0.3745197118  0.5018179617  0.5861116767  0.7390314281  1.1590827560  1.0460408127  0.7738928695  0.6876808770  0.6876733370  0.6849540200  0.6742031520  0.4817230670  0.4874081090  0.5028106945  0.4095222426  0.4466758223  0.4478056152  0.3320982683  0.3017449446  0.2636648425  0.3437578657  0.4802910549  0.4344484353  0.3945219259  0.4049435186  0.4318144359  0.3668328968  0.3944418494  0.4104776294  0.5726361868  0.5674940044  0.3758688104  0.4669554017  0.4975736560  0.6611805550  0.8257848643  0.6852342094  0.6058972115  0.4041097495  0.3279057323  0.2514599888  0.2191035104  0.1957292448  0.1860971796  0.1783489979  0.1918288931  0.1961978261  0.2579881488  0.3048969466  0.3232708254  0.3961967321  0.3484844691  0.2951729263  0.3934004359  0.4502904639  0.5479783484  0.5256717350  0.5447830269  0.5840462767  0.5169251705  0.4829632350  0.4263831318  0.4416687874  0.4901550456  0.4794537039  0.5162571482  0.4874163569  0.4231615879  0.4646266324  0.5076588293  0.4100837934  0.3420564366  0.4394749727  0.4639546637  0.3551088728  0.2785797665  0.3641476140  0.3256945752  0.5415565403  0.6796767525  0.7149141664  0.8169343581  0.8746619065  0.8475238942  0.6280679808  0.6163529711  0.5110187991  0.3819897620  0.3190442697  0.3966984249  0.5295486319  0.4574025109  0.3456112144  0.2935109233  0.3574918768  0.4030230439  0.4460744081  0.3445128519  0.2881325012  0.3758756284  0.4422149349  0.5485670403  0.5969535052  0.6859475975  0.8289528451  0.9078804664  0.9548935283  0.7161966032  0.8377884303
  0.7612128180  0.8095687149  0.7251749877  0.6826985436  0.5691911067  0.5542197865  0.6071840539  0.5924257506  0.4299068511  0.3611969134  0.4021658996  0.3525803661  0.4565896537  0.4276405727  0.3987917579  0.3906674754  0.4508982893  0.3670189522  0.2182759298  0.1714083299  0.1460370500  0.1642142129  0.1864551088  0.1662158474  0.1679197109  0.1932869849  0.2842358564  0.4917268862  0.6007337985  0.5609265006  0.5147797393  0.5073493532  0.5573387042  0.6997297168  0.5618296864  0.5721802384  0.5387609228  0.4351355967  0.5217683574  0.5717603768  0.4217797620  0.4941100553  0.4429559990  0.3837392786  0.3542640856  0.3389965700  0.2591269026  0.2021033722  0.1588093339  0.1688413133  0.2209422461  0.2375534630  0.2219121518  0.2129992554  0.2799973058  0.3490921259  0.5120916272  0.7715329003  0.6686139082  0.4985486325  0.3371753785  0.2922404803  0.2277964335  0.1756943912  0.2019556181  0.2294003138  0.3281945165  0.2516152196  0.2274090813  0.2151131811  0.1644192506  0.2229534361  0.2561503297  0.2583921113  0.2866139812  0.2468758030  0.2268492529  0.2207001130  0.1892142886  0.1658301623  0.2280571757  0.2433794752  0.2829469161  0.3180250724  0.2553709994  0.3027841658  0.3128801658  0.3393926377  0.2909656940  0.3200076486  0.4553298771  0.4885660072  0.3832071793  0.4391520793  0.8115939692  1.0497565251  0.8416526567  0.7362286490  0.6009410861  0.5577056392  0.6182887537  0.8361759975  0.6614811999  0.4367682717  0.3972001038  0.3572802754  0.4230603838  0.5038564431  0.3879345341  0.2880221682  0.2754079641  0.3271465381  0.4695420833  0.4910770461  0.4578547709  0.5381727661  0.4881741808  0.4513232177  0.4134329633  0.4758765378  0.5860098104  0.5155550751  0.3605597518  0.5013665125  0.4613699964  0.6244417856  0.6778666660  0.6810261942  0.5383035833  0.4536884247  0.3578582696  0.2339629650  0.2071600445  0.1704341457  0.1489102960  0.1206807979  0.1100328473  0.1479372266  0.1597533713  0.2757724087  0.2890058122  0.4171274922  0.3294428685  0.3319480577  0.2982976941  0.3354400768  0.5085122691  0.4586487193  0.5607653386  0.5943886676  0.4410606541  0.4622958397  0.4959943336  0.4310991027  0.4300249954  0.4558058120  0.3963622715  0.4407677006  0.4541761040  0.4717958482  0.4611775108  0.4526825471  0.3324517054  0.3483599529  0.3498962752  0.2975393277  0.2392216617  0.3539005090  0.4190192069  0.5790524896  0.8136047871  0.8799865835  0.7852377534  0.9654751722  1.1568492803  0.7648832301  0.5141618068  0.4600898679  0.4662765684  0.4416825914  0.4941696137  0.4225472074  0.3462441369  0.3799792522  0.2943650923  0.2680060447  0.3756229472  0.4329624117  0.3910235547  0.3445398172  0.3447466183  0.3754834989  0.4928284011  0.5037928979  0.4568986787  0.4006665645  0.7176893275  0.8599001664  0.7899943543  0.7178140582  0.7785465108
  0.9728090596  0.6648134037  0.7299866748  0.5381093655  0.5177779776  0.4436846489  0.3297998819  0.3559643528  0.2912791031  0.2880388349  0.2490405341  0.3200567264  0.3755707730  0.3574163300  0.2858249443  0.2760948071  0.3025900167  0.2115536745  0.1509066891  0.1469005875  0.2140281346  0.2451848734  0.1418345770  0.1447831160  0.1839003120  0.2640711486  0.3943274903  0.4393487195  0.5499084271  0.5817629601  0.6018494457  0.4765732461  0.5646338058  0.4744012353  0.4001767768  0.4445774966  0.5245650519  0.6012727755  0.5391316187  0.4903541967  0.4108450830  0.3754136548  0.3391992989  0.2854527918  0.2197301474  0.2058260084  0.1338892333  0.1148133928  0.1308633896  0.1877153678  0.2844955121  0.2333573024  0.2276974670  0.3096007806  0.4288249642  0.4969850405  0.5485339924  0.5836849418  0.5484012420  0.4414371728  0.4662804097  0.3651951158  0.1967482064  0.1959465002  0.2261282441  0.2551364632  0.2560330285  0.2293341421  0.1788544824  0.1871135181  0.1900792108  0.2287211414  0.2875411243  0.3433763989  0.2346601358  0.1966362591  0.2186065270  0.2035931586  0.1458811621  0.1360838882  0.1700842048  0.2934281139  0.3703069189  0.3385456982  0.2900243106  0.3699602970  0.3775522518  0.3645350761  0.4946390387  0.5317386059  0.5446880201  0.3851384686  0.3702884895  0.6184326041  0.9137305212  0.8225202315  0.7269172475  0.6671988726  0.5188157104  0.6757119708  0.8735516807  0.7236792602  0.3892946877  0.3161244574  0.3782074538  0.4557090277  0.5257790476  0.4999977856  0.3738166121  0.3676512083  0.4588061040  0.4542724185  0.4020377103  0.4604860998  0.5216034831  0.6003584934  0.5318640472  0.5990497968  0.6022062558  0.6573186959  0.5824177136  0.4213338736  0.5201681975  0.6267675220  0.4949667621  0.5917126662  0.5594132717  0.6255149639  0.4003636038  0.3364524348  0.1587483202  0.1826182350  0.1396982586  0.1016335489  0.1134385080  0.1169893406  0.1308585930  0.1540976385  0.2243504938  0.2777161351  0.3491715620  0.3086627148  0.3170437694  0.3839952115  0.4773357536  0.4821925178  0.5429679173  0.6630640228  0.8099669823  0.6543911547  0.6793979127  0.5008586617  0.4208843231  0.3840127318  0.3921436443  0.4007425436  0.4729948199  0.3554066677  0.3631174347  0.4140206017  0.4061450722  0.3731794880  0.3497850715  0.3905824810  0.3053247541  0.2699102943  0.3453213251  0.4738095382  0.8813882636  1.1339027546  1.1710877621  0.9536100657  0.8172884322  1.0896074394  0.8500607203  0.6367130925  0.5888631397  0.5419946914  0.5804636746  0.4970361875  0.4607656158  0.3348908583  0.3423782384  0.3090981327  0.2814497627  0.4163627872  0.4481631149  0.4133933789  0.4030891247  0.4217295573  0.5052086995  0.5769477443  0.4744165820  0.4241424232  0.4475842887  0.9357894490  1.0611731251  0.6513772036  0.5777655101  0.6408845835  0.7065730901
  0.7870444283  0.5978204544  0.4335311838  0.3522802765  0.3685204621  0.2643820676  0.2672965525  0.1825372589  0.1461929661  0.1879488507  0.1687178622  0.2139584519  0.2210331601  0.1979639231  0.2177771554  0.2304077597  0.2252377934  0.1665758076  0.1849962254  0.2400704728  0.2096563357  0.1390592725  0.1810858542  0.2133312426  0.2378387508  0.2609484607  0.3807770407  0.5727598493  0.4320216224  0.5515900186  0.5814846061  0.5403546993  0.5216182682  0.3859559012  0.4577607201  0.5975417057  0.6777935810  0.6671129035  0.4424845729  0.2858149923  0.3552470359  0.3171215577  0.2303926148  0.1729243608  0.1449085079  0.0914006807  0.0889041023  0.1104478485  0.1462948201  0.2281374250  0.2504454245  0.2565697465  0.3244133908  0.4333149445  0.4787365558  0.5376356223  0.4584600174  0.4898160059  0.4830957080  0.4897245816  0.3481670943  0.3171253107  0.2375788324  0.2282461309  0.2249350538  0.3110794164  0.2821248493  0.2339336681  0.2032418941  0.2250734746  0.2270350752  0.2097662676  0.2683278711  0.2933760845  0.2486300643  0.2322309009  0.2129616130  0.1900635494  0.1677957451  0.1789879328  0.3104519471  0.4007252073  0.3621081828  0.2651951160  0.3509090960  0.4100176693  0.4844116181  0.5310854115  0.5313312944  0.4513378469  0.3843994322  0.5155909309  0.5730982905  0.7821884861  0.8603881244  0.5533608493  0.4938838537  0.5868688327  0.6086817885  0.6281518071  0.5805600754  0.4933319257  0.4649769467  0.3738075338  0.4693362084  0.6570133476  0.6207810133  0.5575007647  0.4519908397  0.3999003695  0.4515839776  0.5513448187  0.5461641206  0.6436519610  0.8068478047  0.8803349293  0.8902800163  0.8588251685  0.8371856443  0.5014757526  0.3937226067  0.5806162931  0.6229070121  0.6182550550  0.6758847063  0.5925335381  0.5496616865  0.2736891013  0.1891122073  0.1172590306  0.1271406012  0.0934262560  0.0840329194  0.0965938414  0.0881433350  0.1118988637  0.1332148496  0.2060759173  0.2532558108  0.3620043547  0.3247243077  0.3083374356  0.3567264841  0.4830087200  0.5115837758  0.5478219032  0.5965130076  0.6921979246  0.6168586138  0.6490616962  0.5487596795  0.4711323671  0.4059291776  0.5966178666  0.5883174615  0.4112905502  0.3708650409  0.3525934907  0.3845213409  0.3793587955  0.3293088780  0.3520013418  0.4296159184  0.2886771307  0.3632564889  0.3564696837  0.6827553384  0.9219872558  1.2101715688  1.0200378730  0.7633567821  0.7769318075  1.1481060442  0.8821836638  0.6515122277  0.7936685275  0.7238170066  0.5371176767  0.4399805780  0.4123008035  0.4538128038  0.3640347525  0.3144299963  0.3224166090  0.4440418234  0.4375865843  0.4474634577  0.5177964870  0.5551961976  0.5912431776  0.8525717471  0.4927947296  0.5055081605  0.5309738396  0.7261674606  0.6729198641  0.6366741769  0.6027326582  0.5656421512  0.5844561948  0.5662621490
  0.5072982367  0.4144334633  0.2804817796  0.3470422025  0.3428068459  0.2675151403  0.1851373519  0.1313918156  0.1109805159  0.1147194725  0.1157716557  0.1270471868  0.1433606897  0.1373276559  0.1540957260  0.1922669784  0.2059641482  0.1448790811  0.1995022896  0.1652162824  0.1277216402  0.1417634018  0.2640265989  0.2194311366  0.2206471813  0.2487139212  0.4264977743  0.3863116195  0.5000454470  0.5676239847  0.5385522100  0.4675674303  0.3862894642  0.3756728896  0.5193972807  0.5205714103  0.7854237028  0.4655119150  0.4092648662  0.3492281878  0.2796431413  0.2413663585  0.2237826362  0.1328942294  0.1090161644  0.1012467041  0.0923948610  0.1296754373  0.1869184472  0.2557987806  0.1860007972  0.2545381243  0.3575951262  0.4240722828  0.5342479972  0.4148024719  0.5063184009  0.4956694502  0.5046332978  0.4390744100  0.3687636647  0.3749970171  0.3182884607  0.2614042830  0.2818764462  0.3024130465  0.3355281592  0.2765388792  0.3144862529  0.2746490290  0.2332901745  0.1956638940  0.2976132754  0.2537302372  0.3202872048  0.2693237065  0.2558165804  0.2704649153  0.3502715313  0.4075141316  0.4012060843  0.3937190832  0.3247671830  0.3480202346  0.3840870830  0.3808829754  0.4660686793  0.5988268071  0.7135968593  0.5781450469  0.6278225811  0.7036751233  0.8993537642  0.7472781895  0.4686277890  0.3699553272  0.4808235544  0.4501439042  0.4556172435  0.5922937428  0.7051815359  0.5709191793  0.4012870500  0.4866689347  0.6658613982  0.7005596090  0.6871723556  0.6106412320  0.3498113092  0.4832648188  0.5937432003  0.4639795995  0.6066218500  0.6764415027  0.6526576842  0.6436085999  0.6834319589  0.6357004540  0.6192167620  0.5808569002  0.6085752836  0.6262771437  0.6956454551  0.6637343879  0.5186056170  0.3777299548  0.2690265598  0.1760492284  0.1236744389  0.1124914857  0.0900114281  0.0801536742  0.0821792297  0.0770194836  0.0781723647  0.1022630289  0.1585849663  0.1833398390  0.2484960967  0.2808569106  0.3518042867  0.4772063363  0.5612722383  0.4970900956  0.5386960530  0.6249842947  0.7387148232  0.5688302045  0.5500825896  0.5976904554  0.5773903264  0.5574277945  0.6863231649  0.7138907845  0.5256987357  0.3832075890  0.3051665107  0.4377099960  0.5051281837  0.4203343443  0.4751661685  0.4956703294  0.4245533030  0.5909961253  0.5730362296  0.7018309532  0.6889577810  0.7425789960  1.0811326494  0.9302562941  1.1194486353  1.0825735207  0.8463644908  0.7399733050  0.7510640159  0.4709716251  0.5019180027  0.4008364666  0.3800557155  0.4434052860  0.4326377132  0.3887536795  0.3408336292  0.4288543219  0.5194596630  0.5398344822  0.7138258749  0.9140151647  0.8694962836  0.9585790537  0.7136574934  0.5632246942  0.5022782397  0.5844836976  0.5455587010  0.5679617547  0.4629380552  0.5187968488  0.5310132912  0.4100368057  0.3395397510
  0.3287354163  0.3017825616  0.2980333547  0.3135153178  0.2899792957  0.1417363455  0.1052639982  0.0889835904  0.1155780456  0.1257513221  0.1353607360  0.0831878253  0.0991117224  0.1442227953  0.1939377980  0.2191849197  0.1912704342  0.1317494602  0.1101457945  0.1061765002  0.1375610359  0.2148733758  0.2376846556  0.2159657743  0.2981695781  0.4870766854  0.5443086023  0.4755397026  0.4408924884  0.4414396949  0.3641725357  0.3471947993  0.3396382566  0.4035082116  0.4813790521  0.5125591897  0.4977963580  0.3712028867  0.2531413131  0.2121037148  0.1998717897  0.1599128074  0.1703489848  0.1412248314  0.1253467440  0.1211026040  0.1072947587  0.2013698748  0.2019358360  0.1411654925  0.2188993978  0.2696334902  0.3587207662  0.4591252950  0.4249044482  0.4678917814  0.5067828468  0.4746140207  0.5418186055  0.5630924733  0.5360845146  0.4937612352  0.3929487416  0.3843021203  0.4304022333  0.4730743285  0.3489956614  0.2994800665  0.3492029650  0.2997523747  0.2724465561  0.2621046986  0.2849764101  0.2823626813  0.3003186107  0.3086558966  0.3071858049  0.4384476769  0.4289359974  0.4380698091  0.4142904132  0.3923889282  0.4058645518  0.3935020155  0.4276041811  0.5128054711  0.8588287873  1.0182188000  0.7516721457  0.7100917409  0.7963145925  1.0662784671  0.7829242012  0.5153535174  0.4277191569  0.5900436347  0.5112676506  0.4599201130  0.6168130701  0.8295943531  0.7149040078  0.6057034280  0.6808300666  0.6917192952  0.5292071996  0.6132915727  0.5570796584  0.4494318903  0.5426547499  0.7046851846  0.6479594458  0.6730876253  0.7624289089  0.6126513559  0.5833698715  0.6383319480  0.8461044963  0.8322733272  0.6344200677  0.6174016055  0.5891056017  0.5322425024  0.5021275191  0.3981141843  0.3448881106  0.3053805987  0.2152918554  0.1480353829  0.1407470624  0.1374137258  0.0951887683  0.0852968266  0.0871727426  0.1001826991  0.1135702270  0.1601364962  0.1983203863  0.2468933551  0.2862785244  0.3735238730  0.5675275480  0.6838581640  0.4423821758  0.3703626855  0.5579440588  0.6711534737  0.6843116046  0.5921366765  0.4982006593  0.7224956330  0.7541929701  0.9430058094  0.6215020283  0.4391004416  0.3392656109  0.3106647241  0.4686958789  0.5025750110  0.5767373762  0.5610079052  0.5886216675  0.5158468976  0.5460298997  0.6466204024  0.8564952267  0.5586667661  0.6384558656  1.0083636697  0.9179082973  1.0516085236  0.9902163462  0.7556851121  0.8127416477  0.6376024401  0.5325898709  0.5202419898  0.3841919359  0.3446166403  0.3379192270  0.3831964532  0.4943885641  0.5691562871  0.6448408110  0.5520657385  0.5705196480  0.8151638811  1.0824223317  0.9380344165  0.7473968793  0.5844484671  0.5964905566  0.5559603702  0.5792176454  0.6286939574  0.6265236611  0.5029912500  0.4666185970  0.3204336428  0.2667303269  0.3076321882  0.2953953018
  0.2911564885  0.2233249557  0.1705523086  0.1957106191  0.1456746118  0.1266757745  0.1104342483  0.1117168864  0.1296313526  0.1091997236  0.0939166850  0.0949970447  0.1162896146  0.1313714089  0.1734194082  0.1941027476  0.1045821374  0.0758300676  0.0834294703  0.1320350200  0.1470074636  0.2420578060  0.2960625356  0.3206547987  0.4441249140  0.4790363051  0.4972709327  0.4808041996  0.4108455734  0.3097432545  0.3394796185  0.3433777737  0.2797890992  0.3224188770  0.3581189353  0.4841656522  0.4147151380  0.2095266408  0.1343247028  0.1454022527  0.1472765251  0.1511888409  0.1592053689  0.1297354907  0.1213112747  0.1108898050  0.1315050057  0.1327153503  0.1285078286  0.1395388133  0.1545558248  0.2498741807  0.3149803490  0.3797040041  0.4208576151  0.4034986818  0.4233580820  0.5294586727  0.6709936585  0.8066382560  0.6597999574  0.6760690017  0.6616361569  0.6376211393  0.6442542877  0.3735144356  0.3026820519  0.4218426826  0.4147561375  0.3349388318  0.2978581053  0.2916457069  0.3286681865  0.3298460614  0.4854868249  0.4174521944  0.4131845926  0.5150785362  0.3855910660  0.3462743400  0.3650647652  0.3775159889  0.3889545435  0.6633855828  0.7920838867  1.0651507819  0.9085116972  0.7680888343  0.8969867303  0.8623573942  0.8056637815  0.8088897678  0.7271513748  0.6951449410  0.5947475188  0.4171937028  0.5601487869  0.6633393922  0.8285274114  0.8114478450  0.7212183598  0.8557596412  0.8940474872  0.7026776922  0.7717417934  0.7572885172  0.6815112036  0.6491810412  0.8289129838  0.7934468114  0.9026760835  0.9872549852  0.8151939830  0.7431523933  0.6638166999  0.6896983957  0.7577149636  0.6387944642  0.6717851282  0.4849371024  0.4186743546  0.4152367887  0.3302155595  0.2506539790  0.2601482487  0.2104441331  0.1740276961  0.1808909623  0.1604363564  0.1691084645  0.1188931329  0.0947619576  0.0795992792  0.1113458508  0.1480562769  0.2129350357  0.3441911059  0.3375223342  0.3660915356  0.4805275210  0.5119625931  0.4632611463  0.5030749838  0.5818653304  0.6478430998  0.6124496584  0.5652436606  0.5333784686  0.6411357625  0.8238334860  0.7219853724  0.4392705424  0.3147918319  0.3384591810  0.3989132799  0.4871777247  0.4403056918  0.4693533766  0.5022983957  0.6826817582  0.6402449095  0.7104633858  0.8254328349  0.9212117242  0.9459703613  0.9057180019  0.8347429484  0.7662340676  0.8714870658  0.7940664056  0.6597846910  0.7101523477  0.4875867478  0.3940695181  0.3899543095  0.3500410405  0.3581846487  0.3674305496  0.5108233057  0.5281208736  0.6655833538  0.8027698561  0.6265085877  0.7210640871  0.9554342848  1.0555984723  0.9363356181  0.8420271959  0.8090658141  0.6502110276  0.6405585081  0.5671748606  0.6547074701  0.5525078240  0.4924209464  0.3125333666  0.2707681176  0.2525540466  0.2721337386  0.3305116936  0.3481374029
  0.3151471747  0.2159703268  0.2151299892  0.2237197134  0.1821209593  0.1196189465  0.1080353329  0.1116023935  0.1119440436  0.1029335402  0.0781798029  0.1189072395  0.1083255675  0.1605960867  0.1543995099  0.1238753806  0.1234193767  0.1368073654  0.1770238271  0.2359828364  0.2415300722  0.2640588200  0.4351245736  0.4464673636  0.4300088700  0.4041977018  0.3071108983  0.2976471015  0.2688460669  0.2787735989  0.2815830178  0.2443513932  0.2195558783  0.2231026371  0.3175645383  0.3089810486  0.1847475365  0.1653133161  0.1891967503  0.1911592188  0.1647745164  0.1753166121  0.1503762829  0.1502299061  0.1079819213  0.1158590774  0.1474814356  0.1558440219  0.1433883797  0.1495728361  0.2132118356  0.2373263309  0.3755186954  0.4025254614  0.3915362837  0.4488875951  0.5697408331  0.6426231060  0.8930500680  0.9443723478  0.8055341733  0.7176731519  0.6164584970  0.6373016443  0.5725442887  0.4328195052  0.4130305656  0.4072172024  0.2850343116  0.2519599852  0.3008285974  0.3280305590  0.4429343173  0.4570812253  0.5219763212  0.5353580588  0.5944280014  0.5047324299  0.5523712176  0.4873940702  0.4084669480  0.4570766774  0.7733081871  1.1951637651  1.3090363072  0.9158851102  0.9434849453  0.9638101210  0.7217272538  0.6382107362  0.6587234916  0.6652977637  0.7405730381  0.7360808074  0.6205460156  0.6161538284  0.8115588465  0.8424131837  0.7799128335  0.7963743575  0.8641722124  1.0535905538  1.0512664385  0.9789815978  0.7972869917  0.9751719634  1.1010563113  0.9836100921  0.8675757019  1.0625861289  1.2059675958  0.9364138505  0.8079385814  0.6512544165  0.6013101209  0.6430634555  0.6148718557  0.7398885173  0.5789224297  0.5301522181  0.3179342332  0.3067089879  0.2702505235  0.2432580834  0.2356019520  0.2283707251  0.1898177057  0.1939598011  0.2188095115  0.1645196355  0.1200511974  0.0948128858  0.1294242532  0.1690683221  0.2339044859  0.3810363814  0.3944264603  0.4407605545  0.5095156317  0.5594175292  0.5943544028  0.6529330715  0.6180213461  0.6497475130  0.6581358751  0.6842671394  0.6550911943  0.5918822623  0.5162972384  0.3986596722  0.4613012843  0.3599283095  0.2871180599  0.3490660092  0.3693647795  0.4536642029  0.4540398509  0.6358725067  0.8488604269  0.7493557824  0.8363110482  0.7740001755  0.9471355060  1.6207483981  1.5822378700  1.1295546270  0.8164304151  0.6333798866  0.8119814289  0.6924108274  0.6475862309  0.6823523273  0.3988647468  0.3767166057  0.3238656678  0.2393161185  0.3567343686  0.4276951550  0.4364749781  0.5703735368  0.7341205235  0.7994966072  0.6371834747  0.6542081484  0.7006925400  0.5793005301  0.7584681616  0.7471259053  0.6421040955  0.5879318489  0.5065983591  0.5036117846  0.4207844632  0.3539735798  0.2975606616  0.2916161057  0.2267990500  0.2406694080  0.2770597922  0.2889540094  0.2964428727
  0.3026307150  0.2744642869  0.2205943713  0.2012062567  0.1675717664  0.1463882731  0.1424893974  0.1254959794  0.0924498331  0.0756836032  0.0897785821  0.1251442706  0.2053549798  0.2097973223  0.1587235862  0.1628927466  0.1794457012  0.2369831303  0.2985409509  0.3100818982  0.3026371425  0.4237514656  0.4888447740  0.4851981289  0.3726730303  0.3884061335  0.3979351914  0.3863208525  0.2464887630  0.2343324085  0.1941682405  0.1399397411  0.2245489851  0.2423395363  0.2468921285  0.2024347937  0.2343435972  0.2788597605  0.2532350212  0.2098048983  0.1864617250  0.1262396143  0.1043321200  0.1022126415  0.1043296210  0.1093612196  0.1060571708  0.1442515878  0.2028893658  0.2685840308  0.2943256979  0.4249468731  0.3822540672  0.3921753014  0.4960352270  0.5080275321  0.7466470602  1.1830942649  1.1566668161  1.1345234724  1.1008246809  0.8947596092  0.7259663542  0.5090297682  0.4406731970  0.4557165912  0.3558952688  0.3317710146  0.3141483181  0.3108194694  0.3344741066  0.3982452141  0.5388096615  0.5717877057  0.7630415954  0.8540522859  0.6616963564  0.6181123959  0.5822050631  0.5674493118  0.6160075571  0.7085947260  0.8966981728  0.8462746180  0.8574893665  1.0253053762  0.8609940872  0.7246105455  0.7803127886  1.0054347220  1.0085819729  0.8163933230  0.8130614165  0.7751191648  0.7943667674  0.9410613889  0.8571441424  0.5958815967  0.6237437494  0.8882010016  1.1677516639  1.2656384034  1.2981307537  1.1740120284  1.5149138642  1.4177645161  1.3036657925  1.0944508004  0.9273312498  1.1669029820  0.8581718186  0.8471523922  0.8048562939  0.8040011095  0.8165347298  0.8754091432  1.1050572273  0.9059679857  0.6252002387  0.3247256068  0.2825691258  0.2650520124  0.3319611176  0.3338886394  0.2491014108  0.2264679718  0.2528826860  0.2227252896  0.1781515032  0.1209049275  0.1231817389  0.1373795152  0.1776659318  0.2968608157  0.3805834029  0.3605932063  0.4119746611  0.3879036503  0.4957743785  0.5263780400  0.6523610708  0.6704898374  0.5633236521  0.5797076181  0.6513617245  0.5301648982  0.4709800708  0.4133509694  0.3206365617  0.3718673220  0.3899149391  0.3150802216  0.3056816737  0.3117043429  0.3945011532  0.6496860251  1.0138131364  0.8927553610  0.6902340839  0.8577944852  1.0636492886  0.8266117108  1.1667267293  1.4113994266  1.4002725591  1.0755815951  0.8627992698  0.7136917255  0.7155519694  0.5023195860  0.4921190660  0.4130112860  0.3114232565  0.2752141407  0.3015416572  0.3640044472  0.5028822242  0.4843541628  0.4654284835  0.6767965459  0.8029972426  0.6535790485  0.6802317676  0.6758737177  0.6189631450  0.6309540862  0.7619128989  0.6538639838  0.5981817652  0.7946206539  0.5247899230  0.3174567141  0.2503898624  0.2307723725  0.2835515753  0.2504667844  0.2776646599  0.3248875663  0.3141223676  0.3154223657  0.2889753385
  0.2715094072  0.2731785406  0.2109425751  0.2077171838  0.1683319895  0.1519837486  0.1323044653  0.0890781427  0.0716964025  0.0807389901  0.1525613925  0.2468631210  0.1947646987  0.2039348842  0.2665543712  0.2391801381  0.2845799257  0.3908765055  0.3603121750  0.3913671567  0.4718206299  0.5479981872  0.5141139801  0.4224708866  0.4988383890  0.4683058294  0.4407152727  0.2772533311  0.2807496673  0.2689777965  0.1900520146  0.2834739333  0.2553504296  0.2231730511  0.2379629726  0.3544094426  0.3435754398  0.3094431606  0.2899626268  0.2445546971  0.1671726859  0.0995563630  0.1016678531  0.0907737764  0.0628358725  0.0855350167  0.1523165358  0.2456416350  0.3372653971  0.3258575751  0.3759758507  0.3984474401  0.5042835485  0.5747895882  0.6296357870  0.9571363547  1.1407932835  1.7569475516  1.5644089245  1.1320113912  0.8887356467  0.8824054407  0.8033939058  0.5309951238  0.5365258546  0.3578557535  0.3930178385  0.3240852527  0.3295786347  0.4205900533  0.6039139348  0.7511097866  0.5853062955  0.6156576758  0.6828688804  0.8641068042  0.8641306443  0.8476180636  0.6465844367  0.6548737936  0.8103470808  0.8180930288  0.7444236334  0.9565384630  0.8138752691  0.8954847366  0.8586574404  1.1812438386  1.5937488724  1.3502830161  1.0970898028  1.1566998671  0.9523148037  0.9064252829  1.1168336499  0.8487826607  0.7250715678  0.6329121276  0.8248432078  0.9398930240  1.1079236042  1.1481380037  1.0895436592  1.3098694659  1.6068701638  1.4959800745  1.6457586960  1.7479126080  1.9192180115  1.0932315322  1.1015904429  1.1616402554  1.0234119645  0.9023594196  1.0280870557  1.1010091448  0.9296996045  0.6342039410  0.3434130427  0.3179134639  0.3121529095  0.3938898012  0.3125833356  0.2283302299  0.3789067209  0.3567301279  0.2307506602  0.2461270600  0.2058641670  0.2043801980  0.1973806127  0.2213124306  0.3755177588  0.4263314152  0.3479600905  0.4101350091  0.4323078165  0.4819396572  0.4987530233  0.6427760061  0.5764007104  0.5520975685  0.5245985919  0.5703446710  0.4533939874  0.4168605559  0.3690505374  0.2860868585  0.2768241694  0.3101573453  0.3161090524  0.2274972850  0.3140116697  0.3738655169  0.7305775008  1.1115571381  1.1353201711  0.8494775403  1.0290483168  0.9885572605  0.6049066049  0.9331724112  1.0117656753  1.1999018795  1.1731732539  0.7370377574  0.5670127578  0.6373437416  0.5777437153  0.4470726278  0.4722256136  0.4100623524  0.3533417962  0.4352995953  0.4917406897  0.6009658467  0.5955584839  0.5773125105  0.7923798717  0.8201331363  0.8003992953  0.7598666621  0.8223428287  0.8044977056  0.6190966578  0.7897473225  0.9301882655  0.7072076489  0.6835978113  0.3892866012  0.2260274963  0.1591683793  0.1991188117  0.2596356265  0.2044730816  0.2204302813  0.2574054726  0.2469106755  0.2318385167  0.2610789090  0.2493753080
  0.2530294620  0.1843006534  0.1595930074  0.1456256578  0.1515072002  0.1368456108  0.1161739643  0.0929271918  0.1048142845  0.1726971359  0.2466750256  0.2408120981  0.2433919955  0.2413834421  0.2410306875  0.2776455933  0.3823740852  0.3759902205  0.4010782841  0.4450679769  0.6691451623  0.5806898136  0.5568186277  0.4973448834  0.5228978851  0.4261933256  0.2741431449  0.3242626892  0.3577442990  0.2428136474  0.3685794140  0.3253208537  0.2122383715  0.2523013560  0.3484223458  0.3727932003  0.3927892203  0.2901072460  0.2582258592  0.2102947650  0.1523576719  0.1307905847  0.0932125729  0.0649152417  0.0736836893  0.1514048398  0.1900075916  0.3308931076  0.4017106456  0.4665079389  0.6206398059  0.7029251831  0.6983053708  0.7797940570  1.0361085533  1.3494107323  1.4280254469  1.1544376791  0.9543920531  0.9097755143  1.0538582334  0.9189845711  0.6740623030  0.4899970561  0.4207832336  0.4070907470  0.4332472232  0.3545491294  0.3587780851  0.5273784171  0.6207838921  0.5944536299  0.5693847384  0.6891662515  0.9561998152  0.8069202185  0.7485296967  0.6239713423  0.5264212776  0.7868234323  1.0150143550  0.7683161116  0.6770657716  0.7757362561  0.8989680785  0.9355848629  1.5465676903  1.4414302155  1.5927985970  1.5119778545  1.1244289325  1.1664089833  1.0368961614  0.9037878618  1.0069952226  0.9001589654  0.8476360807  0.9340621277  1.0276095316  1.0537044181  0.9336477333  1.1395739766  1.2479517076  1.2449346674  1.6014948023  2.2761832052  2.2905390761  1.9803834467  1.5955373487  1.6027815399  1.2505146926  1.1656709214  1.1033113313  0.8124816540  1.0211073150  0.8579707442  0.4359919277  0.3758014739  0.3799799495  0.4634753363  0.4673436899  0.2967363929  0.4791031477  0.4541514149  0.3749166271  0.3280894822  0.2958664271  0.3631453934  0.2518767190  0.2607389544  0.4182651701  0.5609194710  0.4076253400  0.3996991929  0.4644535565  0.4592404946  0.5919311746  0.6202072045  0.7597423488  0.6203198165  0.4953194676  0.5053979337  0.5792794666  0.4835903005  0.4531912541  0.3999673925  0.3108967280  0.2536348246  0.1894968676  0.2039819795  0.2106134886  0.2983856362  0.6288116929  0.8422864064  0.9732403959  1.2562343197  1.1604627514  1.0430932744  0.9646699891  0.6546396352  0.7186802242  0.6808476444  0.9965300335  1.1073882912  0.8558938650  0.5261261586  0.5703528428  0.5297462798  0.4852498410  0.5170356758  0.6621155742  0.7176919546  0.4903073754  0.5428718322  0.6033785776  0.8560445894  0.6627439343  0.8338051647  1.0024028001  0.8722182011  0.6833886806  0.6702817565  0.6676829416  0.5987331013  0.6756088622  0.8864451107  0.5672609545  0.4637902316  0.3284892508  0.1715407835  0.1280114776  0.1927425001  0.1748300911  0.2082968482  0.2148629730  0.2430404389  0.2732933226  0.2388848021  0.2398959034  0.2696919724  0.2391494646
  0.1799906879  0.1681880474  0.1999784285  0.2110590429  0.1888515899  0.1518887715  0.1385484643  0.1365421485  0.1548267056  0.1620031047  0.2449446330  0.2699379597  0.2767452440  0.2773346214  0.2690469653  0.4296211444  0.3874409555  0.3141984293  0.3406131468  0.3829313668  0.4632674208  0.5159931902  0.4899376796  0.4454182423  0.3525820530  0.3643603935  0.3763391390  0.3466327531  0.2767212781  0.3238243942  0.3315847004  0.2050922949  0.2157840105  0.3045721977  0.3519454609  0.4262914373  0.2704506816  0.2367154013  0.1621698303  0.1414447044  0.1247023166  0.1040331709  0.0941809498  0.0916336361  0.1851628042  0.2683408455  0.3653490010  0.4100578133  0.4009246806  0.5565082252  0.6661603060  0.6688509965  0.9532235667  1.0241770848  1.4316170697  1.0792241671  0.9376497997  0.8112937706  0.8829828671  1.0930174520  1.2453797539  0.9953600748  0.6228095397  0.5068770934  0.5363369223  0.5171930687  0.4511539843  0.5045639309  0.5631390279  0.5587522421  0.6239639288  0.4605901579  0.4394934882  0.6450291720  0.6152505202  0.6840044946  0.6040296665  0.4327663325  0.5755504862  0.6458783120  0.6225100564  0.7845032800  0.9352034718  1.0064689442  1.1947764119  1.6451965319  1.4650658087  1.5176749828  1.5015185584  1.0033218163  1.0040777394  0.9723024637  0.9188983037  1.2114830989  1.1141967170  0.8972873689  1.3570190357  1.1765298696  1.1015677950  1.4112420846  1.5397150541  1.6648994037  1.6179958628  1.8970359896  2.4238857184  2.1512414046  1.6051459976  1.6941980498  1.6339603991  1.4027778653  1.2943423215  0.9802924656  0.9006876276  0.9826063129  0.8082911778  0.6312825077  0.6666286935  0.5870253280  0.4937047362  0.3964239158  0.3776400586  0.5560924288  0.4841620260  0.4637243352  0.3817188773  0.3516274490  0.3555929355  0.3214684873  0.2865383765  0.4282001372  0.6148749038  0.4905085253  0.3822148099  0.4430385635  0.4218358110  0.4805204750  0.6018456428  0.6299602502  0.5982306764  0.5014320574  0.4410534912  0.4673999182  0.4882075936  0.5174490963  0.3348167941  0.2417354744  0.2343095399  0.2422819129  0.2115910774  0.2495373074  0.3442272331  0.5882620541  0.7659583303  0.7904405636  0.8703855541  1.0528132166  1.0917837527  0.8663466091  0.8393626599  0.8596789803  0.7500706048  0.7842073350  0.7633497180  0.5904114426  0.5251655340  0.4270226616  0.4365149881  0.4399597363  0.4620169538  0.7101140343  0.7947651463  0.5991063694  0.4363716059  0.4898875248  0.6825056508  0.7119537556  0.8791494305  1.0554303852  0.8164690260  0.7734944109  0.6027721269  0.6133789273  0.6495702420  0.6001872537  0.7823943596  0.6237452839  0.4246957167  0.2161114414  0.1279997801  0.1166157764  0.1275073253  0.1390807783  0.1611612815  0.2056570229  0.2553867403  0.2488669311  0.2126497550  0.2458704646  0.2483824933  0.2309970699  0.1643885237
  0.1608723777  0.2260847214  0.2463121840  0.2160481612  0.1538758942  0.1481823871  0.1294162111  0.1262446872  0.1444660411  0.2021466271  0.2524776526  0.3013759951  0.4069528647  0.4429275535  0.4227377366  0.2687472112  0.2282522397  0.2041396298  0.2603054360  0.2937044180  0.3769590819  0.3743890301  0.5170888502  0.4842192707  0.3853013244  0.4186980695  0.4103013421  0.3089006425  0.2934461628  0.4018386104  0.3114408831  0.3182695713  0.3244783853  0.3564428424  0.4586277578  0.2942210092  0.1716651458  0.1581815857  0.1381797841  0.1064490179  0.1001607174  0.1044344894  0.1270842553  0.2045329243  0.3249078379  0.4214400863  0.4682155340  0.3014504775  0.3370798660  0.5742921883  0.5837711029  0.7281357743  1.0854013658  1.3924540422  1.0114913614  0.6594102665  0.6125572143  0.9969136671  1.2763130022  1.4915545381  1.2212207663  0.7356495702  0.5746696420  0.5025064719  0.4845947622  0.5418226823  0.6076203543  0.6141337398  0.6707890964  0.6538771928  0.4459172738  0.4444938783  0.5330214397  0.5572209586  0.5813508471  0.5164010773  0.3987809633  0.3786367671  0.4785136127  0.6151111759  0.8689076816  0.8790335893  0.8329375494  1.0607495511  1.4065104410  1.7669734509  1.5165429193  1.4989477082  1.2459879070  1.0061958146  0.9894052565  0.9618251406  1.0897142200  1.1597500679  1.1306632905  1.3597793405  1.2818962725  1.5955882691  2.3267305614  1.9042296897  2.0226979518  3.1257686717  3.3814795500  2.8841659759  2.1951630405  1.7356608582  2.0802709884  1.6751437196  1.7251744184  1.4233052810  1.0589658603  1.2704665478  1.3968110279  0.9190362189  0.6429167055  0.7489501549  0.6439710222  0.4818624248  0.4985563157  0.4333026365  0.5822867572  0.5691318696  0.6405503970  0.5476664881  0.4614652023  0.3297728728  0.3036578432  0.3795067311  0.3836254336  0.3947840739  0.4247739611  0.3989326420  0.3695261787  0.3539967405  0.3727267219  0.4843988728  0.5441079646  0.6291118870  0.5319038089  0.5097920351  0.5064586193  0.4518096530  0.4695570114  0.3457815400  0.2122102507  0.2075595736  0.2728656522  0.2557115358  0.2925334306  0.3930128675  0.5559822938  0.5650312988  0.5852268124  0.7141305351  0.8087947213  0.9504783962  0.8508701306  0.8323531133  0.9260163511  0.6046275299  0.5826374198  0.5835653437  0.4749986924  0.4238902088  0.3429726809  0.4063511370  0.4717374784  0.4576835534  0.5247298674  0.4939125830  0.4879767717  0.4265568206  0.4185297858  0.4803642460  0.6204598014  0.7547495244  0.7153609225  0.7372319486  1.0033357889  0.8448180298  0.6674596664  0.6674867225  0.6733067242  0.5989231666  0.4346118856  0.2619904654  0.1822906197  0.1398078088  0.1259851197  0.1141639096  0.0982152129  0.0974195210  0.1323593134  0.1764082856  0.2148848644  0.2298888787  0.1905146379  0.1804266232  0.1872470370  0.1635694525  0.1727698470
  0.2380809072  0.2446785530  0.2201580779  0.1584261371  0.1196985786  0.1504293591  0.1399240568  0.1396244940  0.1584464287  0.2557541030  0.3674293623  0.5291964268  0.4643088159  0.3240718675  0.2266914027  0.1607278727  0.1895105372  0.1842452529  0.1432208595  0.2090114296  0.2479170405  0.3614913543  0.4455679897  0.3818151007  0.3000630305  0.2701043148  0.2657163901  0.3404682939  0.5043639610  0.4688111063  0.4737776744  0.3976356832  0.3587886993  0.3958586469  0.2208356505  0.1679271967  0.1664139235  0.1414834958  0.1267922804  0.1185535472  0.1264677817  0.1804030314  0.3229750460  0.3347108016  0.3929178130  0.5313067352  0.3585905428  0.4471189183  0.4897992170  0.6527114829  0.8064947263  1.2902329327  1.1997839433  0.8916812394  0.7110367291  0.8495348657  1.0585960879  1.5736098028  1.7910825296  1.3293170063  0.8936737819  0.7535955506  0.5929378262  0.6158206420  0.7053892625  0.5734322750  0.6004564135  0.7793250614  0.7848982557  0.6254964207  0.5556133218  0.4980079110  0.6400174450  0.5852952085  0.3526068230  0.4326319220  0.6173227116  0.4227414058  0.4755346265  0.6168683884  0.6509949827  0.5771364964  0.9225805074  1.4410470834  1.8051560860  1.9366521222  1.7131161339  1.6418470420  1.1039978341  0.9075474067  0.8492553609  0.9008682400  0.7548772812  0.8540023086  1.2511115968  1.3633066717  1.6903994242  1.9503776220  1.7223662475  1.9091226538  3.3534416658  3.9156375785  3.5851907972  2.7426201976  2.4948754413  2.0895244902  1.8201577551  1.9109730276  1.4083105022  1.5078200417  1.6703044044  1.6995023550  1.5078439678  0.7536456618  0.7262420396  0.6797897200  0.5556832788  0.4125357410  0.4370153888  0.6158243594  0.5467263302  0.6071570801  0.5918070867  0.4612210118  0.3643382489  0.3467096016  0.3803838622  0.3129639278  0.3604848690  0.3414428160  0.3082394276  0.2635556388  0.2964232181  0.3908378797  0.6033517397  0.5864847592  0.5869140179  0.4308971758  0.4787610843  0.5426006160  0.4541132542  0.4296947265  0.3340099926  0.2621699724  0.2531332643  0.3910640061  0.3456810346  0.3998022097  0.3674052566  0.4122524871  0.4236151003  0.5623583848  0.6460243171  0.6810625924  0.8800418308  0.7859520934  0.6408116758  0.6903633218  0.5614707719  0.5287393302  0.4774419976  0.4544618301  0.4059054956  0.3825181365  0.4229643049  0.3950284106  0.4326912414  0.5157034914  0.4217390353  0.3744318694  0.3520113647  0.3999973836  0.3830722864  0.6271148993  0.8835822964  0.6125748152  0.8409815530  0.8725273118  0.7308352249  0.7446444948  0.7972188937  0.5940602331  0.5077049771  0.2724164372  0.1934947028  0.1583878791  0.1473093707  0.1249611418  0.1107081776  0.0948387488  0.1047993261  0.1112338731  0.1857323910  0.2616247175  0.1721505159  0.1700682013  0.2106085646  0.1806079653  0.1801166901  0.2217581915  0.2699284583
  0.3319711078  0.3017360406  0.2086995040  0.1293711477  0.1566426076  0.1779373825  0.1708317578  0.1629649599  0.1964742031  0.3157208634  0.4669895819  0.5109520401  0.4176953593  0.2502167094  0.1823474287  0.2293760733  0.1856504411  0.1385884058  0.1243905622  0.1591730083  0.2137774645  0.2998119992  0.2939276251  0.1989413251  0.1688221052  0.1472906120  0.2365651641  0.3084804817  0.5732352170  0.6034500389  0.4717735738  0.3782743118  0.3331780046  0.2631390926  0.2265692880  0.1702614801  0.1366173079  0.1647432605  0.1660845719  0.1641714261  0.2879721614  0.4283553397  0.3897624982  0.3686996480  0.5648337564  0.5483905385  0.6000855322  0.5711674365  0.5980455231  0.6582772741  0.7120499188  0.9855212788  1.0831060032  1.1636512256  1.2988984016  1.2732298190  1.6561868927  1.3956148229  1.1207192716  0.8049984062  0.6956131911  0.5571616558  0.6903466107  0.9242910251  0.7024427266  0.5510350444  0.6085266454  0.8060294302  0.8311368561  0.7249877914  0.6518942743  0.7428688051  0.7753537065  0.5580721104  0.5534274145  0.6258332063  0.5010500956  0.5654643767  0.5551784734  0.6723515919  0.7467943676  1.2102313573  1.4467921258  1.6244727808  1.7726060969  1.5459723065  1.2401171424  0.9201541878  1.0462966087  0.9607762715  0.8072435641  0.9001969612  1.0431988347  1.2536323759  1.3068052492  1.2251909382  1.2406031400  1.3570841264  2.0962927385  3.5358710539  4.8172449143  3.4839767825  2.4312299450  2.5493187131  2.6246522049  1.6126215842  1.6202205667  1.3797881483  1.4644436363  1.4438768805  1.5128458660  1.3827948776  0.9870569771  0.9132618447  0.7721415044  0.6123146711  0.3899223820  0.4396374730  0.4392608188  0.4449762466  0.6190571928  0.8267597558  0.4209612827  0.4035333841  0.3464823550  0.3376517161  0.3253716365  0.3544234657  0.3043073307  0.2623340988  0.2587455494  0.2744660017  0.4271877203  0.5746966393  0.6699670102  0.5638303102  0.3937461729  0.5109706276  0.5072582816  0.3142084701  0.3086601937  0.3267421288  0.3188242599  0.2752811296  0.3163830399  0.4007708278  0.4018369921  0.4284237203  0.4181573288  0.4789988309  0.5871232221  0.6222544601  0.6039555967  0.6989401547  0.5821049527  0.5224893003  0.4158128028  0.6142656194  0.4850051479  0.3858348867  0.4549846222  0.4824876362  0.4192092377  0.4496656500  0.3706000968  0.3309327504  0.3225555469  0.3942190754  0.4091701898  0.3444717277  0.3532800228  0.4782945140  0.6566724227  0.7166824930  0.7145866620  0.8296719009  0.7932439592  0.6441779845  0.6309147215  0.7678953914  0.6425157336  0.4539142784  0.3349273845  0.2087665833  0.1557753263  0.1367128079  0.1182611725  0.1260873128  0.0992289695  0.1245057633  0.1291676794  0.1752149484  0.1667767344  0.1509097687  0.1767120079  0.2091194060  0.2238782867  0.2796141695  0.2313408398  0.2739264691  0.2865419562
  0.2904424466  0.2023449175  0.1961855910  0.1314107648  0.1645521260  0.2321835501  0.2550105946  0.2156394915  0.2536672105  0.3333776370  0.4071405298  0.2519410404  0.1965317968  0.2421999829  0.2560212446  0.2100053082  0.1507447663  0.1324000242  0.1369397887  0.1869791228  0.1905686580  0.1668693795  0.1358773149  0.1459186088  0.1202725467  0.1631826955  0.1964595497  0.3181211811  0.3738187114  0.3230309765  0.2525571189  0.3077996950  0.3219750764  0.3464803611  0.2470153936  0.2092038960  0.2029784803  0.2088242558  0.3233416687  0.3354291231  0.3977904982  0.4410459035  0.5055940946  0.6624757965  0.6006098662  0.7112160692  0.6506603979  0.4865763392  0.4786908606  0.5569457134  0.8219435253  0.9291285482  0.9776478711  0.9535945845  1.0718118672  1.1338975352  1.0487940132  0.8264623736  0.6928302071  0.5297027564  0.6728168799  0.6714661944  0.9743270749  0.7742943687  0.5271385208  0.4576766390  0.5550291342  0.8205736310  0.9151058549  1.0637387252  0.9447769927  0.5801958096  0.5174303877  0.5221146686  0.6502046026  0.6810903882  0.6510588661  0.6487922290  0.7239471753  0.9122352971  1.0421132457  1.2397345002  1.4360068464  1.5452181026  1.4244986490  1.1626131939  1.0225730246  1.0788387218  0.7495860127  0.6717006627  0.7909316311  0.7946818670  0.8977693802  0.9162476870  0.9339982466  1.0511205649  1.2893057001  2.6852208813  3.4624060454  3.4065287141  2.7479836272  2.1289479992  1.8113402415  1.5074160160  1.2345258763  1.1517773686  1.5632035206  1.5102675003  1.3651593827  1.4187488607  1.2059078521  1.1469065954  1.0985148630  0.6411672526  0.5083587289  0.4576513707  0.3974517794  0.5253714973  0.4542453329  0.4773450165  0.6200260946  0.4614831775  0.3966511442  0.3469263056  0.2935868575  0.2748312016  0.2346868083  0.2674445894  0.2770777180  0.2377994801  0.2530588084  0.3872967056  0.6086976740  0.5641878367  0.5506902834  0.3566549985  0.3813113170  0.5230968223  0.3811361279  0.3504108729  0.3700020685  0.4247194850  0.2227032681  0.2331094553  0.3248607054  0.3849587795  0.4016561060  0.3832966420  0.3836455607  0.4867307360  0.7968911684  0.7781061758  0.6655291018  0.5458419002  0.5352111010  0.5074557650  0.5745728739  0.4179597219  0.4025006730  0.4543842537  0.4179446721  0.3483486916  0.4113660038  0.4943078930  0.2729250758  0.2512213376  0.4286704948  0.5123279408  0.3780027874  0.3564813964  0.4940632017  0.4643480056  0.4569546625  0.6464682306  0.4914660153  0.4330027041  0.5015844875  0.5377676681  0.4882805259  0.4719886211  0.3405912868  0.3236511666  0.2820627959  0.1855363173  0.1557701269  0.1386605113  0.1320289180  0.1352405383  0.1734442215  0.1764712068  0.1480767746  0.1317684178  0.1419373707  0.2038054036  0.1870389826  0.1837473568  0.2670479975  0.2783551435  0.2536779223  0.2046872079  0.1904863353
  0.1813383471  0.1847819452  0.1633122301  0.1937320820  0.1908187837  0.1897844194  0.2337180256  0.3055748523  0.2746340823  0.2669285985  0.2104245524  0.1746936899  0.1383754758  0.1522638782  0.1225444803  0.1115224779  0.1061547048  0.1184751618  0.1637479285  0.1652350866  0.1270046388  0.1285938318  0.1081014392  0.1082571134  0.1064305324  0.1305782011  0.1490653868  0.2359495967  0.2323968042  0.2305862634  0.3083912343  0.4282015593  0.5107255350  0.3766244584  0.3318843944  0.2743472181  0.3698210654  0.3280007947  0.3455548540  0.4940392267  0.5500412741  0.5101937351  0.6573162314  0.6323994148  0.5488006141  0.5246842447  0.5158880862  0.4887838450  0.3811070123  0.5595195316  0.8620982262  0.9128557927  0.8025047182  0.8391846545  1.1408207677  1.2617283444  0.8367244889  0.6135601873  0.6431082939  0.7725248131  0.7528966683  0.8269013437  0.7683390102  0.5196212515  0.3717903688  0.5102469078  0.7371759959  0.9406896574  1.1178095981  1.0589193921  0.6091938204  0.4504722654  0.5751841525  0.7390450873  0.7528609525  0.6725888574  0.7686381840  0.8290026526  0.8568052816  0.7223817251  0.8535286734  1.2820085501  1.3997190187  1.4010083182  1.2927522450  1.1295673834  0.8650078362  0.7622794511  0.7673946054  0.6497743815  0.8288074698  0.8762369362  1.0679794651  1.0023865172  1.0130208943  1.2232378076  2.3519025488  2.5490259599  2.7587950088  2.8066817977  1.8524927937  1.1706495405  1.0479173118  1.0783437049  1.0716368955  1.5506002150  1.1147565328  1.3793316778  1.2188844436  0.8948983097  0.8381927956  0.7331630766  0.5301179027  0.5362258532  0.4839421043  0.4594569385  0.4810471940  0.3923015281  0.3871434819  0.3718048482  0.3385127996  0.3496472232  0.2717375377  0.2702653183  0.2771529562  0.2367149936  0.3283482379  0.3362166772  0.2810755832  0.2915016389  0.3492480293  0.4009833089  0.4108555875  0.4666423831  0.4227158934  0.3767352869  0.3692195779  0.4175509968  0.4480496385  0.4146251005  0.3811000171  0.2250070181  0.2426233424  0.3341397331  0.4602803575  0.4506737133  0.3290552442  0.3634982176  0.5017667543  0.6579537781  0.6215462657  0.6244742464  0.7776594316  0.6374003253  0.6844988154  0.7880331814  0.5339821573  0.4241679471  0.3623857307  0.3737380472  0.3498659366  0.3874692663  0.3701791579  0.3290277449  0.3580155531  0.4010250569  0.3833200644  0.3044643920  0.2507079089  0.3471401908  0.4003842507  0.3979021826  0.4023473922  0.3346430215  0.3527141527  0.4266332760  0.3726609519  0.4487752589  0.3558624576  0.3562576388  0.3185273609  0.2390642474  0.2195569977  0.1552744744  0.1231486524  0.1257421121  0.1455833090  0.1905051746  0.2025443624  0.1363778363  0.1390346393  0.1634096389  0.2128450068  0.1953558283  0.1624024533  0.1938075382  0.2211177012  0.2252456978  0.1673991997  0.1874605392  0.1242613852
  0.1387424399  0.1418923330  0.1366699962  0.1176241180  0.1291739139  0.1882777979  0.2151140590  0.2502990238  0.2837335080  0.2044310232  0.2451618899  0.1663561669  0.1395256887  0.1184766867  0.0975485936  0.0973369421  0.0802721817  0.1210485864  0.1338449967  0.1149549218  0.1308763694  0.1065276072  0.0743693337  0.0777973651  0.1055319056  0.1026891667  0.1264576938  0.1937463943  0.2462542391  0.3055936408  0.4271359399  0.6631659968  0.7172660113  0.4900435233  0.4970318667  0.4939484754  0.3704085295  0.3696967189  0.4635342445  0.4575074821  0.5594871050  0.6571870886  0.7229606065  0.7305667795  0.5801086553  0.5272042663  0.4588556410  0.3932933679  0.5190443565  0.7132342032  0.8634181480  0.8755666361  0.9365432343  0.9911690580  1.0545905063  0.9794453025  0.9183322820  0.7474254416  0.7047054455  0.6982382997  0.5221807904  0.4990196225  0.3882453752  0.3906488756  0.4804629192  0.5445284926  0.5845851606  0.6870878626  0.8449091442  0.6177647474  0.4850780675  0.4700847610  0.5447925615  0.5101721635  0.5102701668  0.5771835195  0.4603186048  0.5543819508  0.6524994117  0.7230499012  0.9458186711  1.0260397724  1.3734278308  1.5468700025  1.0983359835  0.6697479865  0.5347822213  0.7577731972  0.7470507238  0.9431852206  1.3939668721  1.3993570632  1.4733869098  1.0356656576  1.2864567118  2.0506818827  1.9502892421  2.1857251803  1.6770173802  1.2936492065  1.1056282777  1.0731953666  0.8434714331  1.2463344238  1.0223364123  0.8837035028  0.9201273921  0.7962157550  0.9287133621  0.8814484416  0.6770413702  0.6014597239  0.5860842153  0.5617653152  0.5756125598  0.4688629133  0.4580130241  0.3414784823  0.3002331439  0.2853025760  0.2681847388  0.2465737924  0.3075685701  0.3854921065  0.3406074273  0.3530005791  0.3496093344  0.2971406324  0.2780420208  0.3761418255  0.4620141129  0.6077755909  0.4848036407  0.3846076260  0.4687630586  0.4965208568  0.3740717486  0.3656538057  0.4066222462  0.4103934934  0.3273232624  0.3366121244  0.4197068939  0.5684525880  0.4954038839  0.5527180236  0.5745648427  0.6305780401  0.6053507391  0.5782269869  0.7023521744  0.6770102274  0.7463515084  0.8351772987  0.7173362647  0.6817051620  0.5776257618  0.3798984686  0.2877606534  0.2830837167  0.3125362129  0.2859081221  0.3130115986  0.3455664878  0.3900131810  0.3608838341  0.2951483473  0.3814642678  0.3929282407  0.2950735081  0.2967521352  0.2963161621  0.2873912762  0.3357278173  0.4349306921  0.3923032001  0.4695543900  0.3717906739  0.3153241622  0.2943184078  0.2493214432  0.1866455312  0.1267254344  0.1355301537  0.1309139662  0.1301926449  0.1308475797  0.1434567585  0.1578237301  0.1595990927  0.1772318801  0.2101490820  0.2055084107  0.1694771730  0.1579768534  0.1723195145  0.2372880026  0.1558849204  0.1657667413  0.1359331186  0.1140222979
  0.1425976094  0.1430422994  0.1195536001  0.1608074191  0.1873488800  0.2003645915  0.2518549489  0.2172462160  0.2076001648  0.1734433974  0.1287727700  0.1031500191  0.1335578647  0.1644454534  0.1245217566  0.0798377489  0.1042070688  0.1705752315  0.1424967640  0.1420043256  0.1381106573  0.1289742674  0.0924394891  0.1088063643  0.0983637003  0.1392978862  0.2019977748  0.2378690346  0.3291847781  0.4992085315  0.7433114613  0.8958621042  0.7964229776  0.7474383767  0.5730524195  0.4885242724  0.7058739888  0.4375616631  0.4587735731  0.6251587881  0.5535650742  0.6129675639  0.6381763858  0.4652280341  0.4834220091  0.5201822944  0.4298631396  0.4889982461  0.5703097014  0.6365984087  0.7112340751  0.8061091499  0.6711301982  0.7063600449  1.1751883876  1.1222195375  0.9928325695  0.7061486466  0.5002188846  0.4461389986  0.4110523791  0.3916520436  0.4243964144  0.5522529654  0.5108821686  0.5224920429  0.5428702148  0.6662511622  0.4620448432  0.4813258049  0.4511299380  0.6217774709  0.5648053156  0.5673045540  0.5524637398  0.4754819129  0.4333074599  0.6000507105  0.7383097465  0.8021146203  0.9028777304  1.0756093928  1.2399200875  1.2172497969  1.0112285636  0.7930343200  0.7453590140  0.8658723603  1.0971754284  1.4730964136  1.5848878105  1.5329879392  1.5227981603  1.7784596992  1.5275111620  1.6777446796  1.7891848967  1.3708820011  0.8528839857  0.6983749446  0.8896188937  0.8750508724  0.8406722731  0.6383033523  0.7818779968  0.7160095935  0.5282453471  0.7320318984  0.7774155309  0.7698675771  0.6486188634  0.6795218981  0.4816358982  0.5309057424  0.4415563513  0.4762270418  0.3971457104  0.2833244254  0.2565796388  0.2255816790  0.2785623525  0.3902107862  0.4557208505  0.3526319825  0.2954364036  0.3439959730  0.4355484977  0.3460797063  0.4908244643  0.7195702476  0.7256434845  0.5803859011  0.5101217586  0.5527403208  0.6091764745  0.5695919535  0.4626879177  0.4805336775  0.4326315345  0.4332095278  0.3531356363  0.5369545590  0.7923595249  0.6531597985  0.7694833007  0.8233213388  0.7619507092  0.6130864855  0.5801275287  0.5807767318  0.5264415942  0.6137672714  0.7560995144  0.5922850708  0.5495663873  0.7373155857  0.4130569489  0.3112014461  0.3415002073  0.3364288197  0.2906000815  0.4168730086  0.4135991646  0.3799281971  0.3570262715  0.2786384636  0.3516807744  0.3462531522  0.2557407997  0.2569808715  0.1898392371  0.2275644054  0.2678689203  0.2515596331  0.3655514753  0.3988946397  0.2812625433  0.3425205662  0.2924311149  0.2645239233  0.2035087621  0.2293704289  0.1845469649  0.1611789100  0.1484346661  0.1406054254  0.1452891604  0.1851332439  0.1701432110  0.1613450296  0.1753340371  0.1614508091  0.1464995524  0.1554930723  0.1908514150  0.2286488489  0.1536269344  0.1652800469  0.1795272261  0.1394673521  0.1347588354
  0.1477171447  0.1526216817  0.1754702189  0.1447269781  0.1761951292  0.1802442270  0.1881490252  0.1739232178  0.1466038414  0.1260766869  0.0991535395  0.1221543991  0.1591923013  0.1504530628  0.1613568943  0.1704826887  0.2008846420  0.2342328404  0.1439923628  0.1336383466  0.1427897748  0.1607480224  0.1310436939  0.1090290677  0.1738045467  0.2232711227  0.2726506419  0.4251900846  0.5078571730  0.8332216467  1.2802560143  1.1806730233  1.1036724464  0.7766231295  0.5054680049  0.6131671314  0.6216799811  0.5894472376  0.6100521682  0.6228581426  0.6185381324  0.4879102490  0.4439469671  0.4107017567  0.4169251522  0.4594746887  0.4887336559  0.6026711256  0.6171993487  0.6617296508  0.7375555308  0.6268339039  0.6516624528  0.9504402304  0.9381125331  0.7068028699  0.5574625689  0.3482136441  0.4118082343  0.4968944793  0.5031133299  0.4546097935  0.5007793756  0.5265410860  0.5273120493  0.4670595988  0.6523088852  0.5493848290  0.5021564869  0.6484457926  0.6674497355  0.7650293538  0.5787570368  0.4591834101  0.3426335440  0.3808274133  0.4239840031  0.5486476368  0.5260315491  0.6890500627  0.9769632760  1.0654579683  1.0602893811  1.0009265247  0.8933780483  0.9443984769  1.0534418839  1.2955541932  1.5643296857  1.4392756423  1.8488813411  2.1383822387  2.1238168503  1.7776080441  1.5217706276  1.5992462751  1.0558289446  0.6486766307  0.6248842325  0.7394899343  0.8640919918  0.6979067693  0.5509591576  0.7427626404  0.6707853185  0.4267985335  0.4705710116  0.6214125134  0.7680921135  0.7086938121  0.6569096103  0.5819673806  0.5282998573  0.3446085173  0.4544841875  0.4054936289  0.2577028635  0.2786412829  0.3035763407  0.4647505038  0.4710145007  0.4674453760  0.3370771799  0.3278568994  0.4417379825  0.6290637716  0.5445759904  0.5027277257  0.5164027368  0.6135599290  0.7444115079  0.6892146653  0.5743478170  0.6369563312  0.5790367302  0.5471119623  0.4677833477  0.4513822407  0.4263015318  0.4076403985  0.5762652257  0.9622765539  0.9611963116  0.9103235591  0.7582882946  0.9003035394  0.7427258169  0.6015457308  0.5291420290  0.5070007782  0.5614521579  0.4886610404  0.6036008674  0.6621838039  0.6919386200  0.5995913352  0.4229920828  0.3791450820  0.3293352866  0.3042519571  0.3157140245  0.3078576631  0.3507023514  0.3326807848  0.2860139637  0.2748673073  0.2845963381  0.3082268465  0.2096492060  0.1766633936  0.2721486597  0.2558824813  0.2651698011  0.3182210544  0.2997965805  0.3352461788  0.3542343659  0.2167740557  0.2752129980  0.2543433269  0.2316503162  0.2836740760  0.2214405087  0.1962493618  0.2010547626  0.2566196404  0.1888684145  0.1701207270  0.1522965195  0.1739592940  0.2111410764  0.1448360697  0.1534270934  0.1793244235  0.2422983441  0.1774196404  0.1583721480  0.1658616658  0.1968261837  0.2137187632  0.1763990849
  0.1567920935  0.1689140505  0.1574837984  0.1778920026  0.1713896714  0.1936829384  0.1895450451  0.1497770535  0.1129437358  0.1058024652  0.1027551019  0.1269191782  0.1806914994  0.2008950407  0.2278926575  0.2233732417  0.2249623802  0.1912623455  0.1506337553  0.1329080541  0.1684643057  0.1756516331  0.1806125718  0.2182052934  0.2373653664  0.3891697671  0.4278513883  0.6335225308  0.8483432847  1.5214401143  1.6673065938  1.3793966802  0.9936550440  0.8979866272  0.7830026032  0.6537983227  0.6909739331  0.8049332905  0.8950685102  0.7178012276  0.5779250396  0.4524950897  0.3933719627  0.3355213474  0.2982892236  0.3955408888  0.4518727852  0.6008717267  0.6108470687  0.6797050623  0.6897295969  0.7517343148  0.7104723446  0.7025418283  0.6398699353  0.5180479564  0.5020708165  0.5001461754  0.5461162092  0.5820365778  0.5038558179  0.4355297856  0.5579471469  0.5146384054  0.7000668375  0.7571698091  0.5794036688  0.4966823694  0.4824408177  0.5333437351  0.5983486673  0.4528282091  0.4211069643  0.3464064820  0.3862208058  0.4827480557  0.4661693039  0.4359620137  0.6738189769  0.9520081908  1.0013766305  0.8953502216  0.8261053628  0.8142289381  1.1272971043  1.2193240176  1.2352860963  1.6155389727  1.6049201446  1.6012758999  2.1425734103  1.9351291441  2.1406561177  2.2250757328  1.2641214340  0.9658483080  0.5827637284  0.6275652638  0.6715609222  0.6426831234  0.7774762038  0.6790253907  0.6955391289  0.6166378205  0.5684636925  0.5661861026  0.5406401704  0.6502511293  0.6745868568  0.5654304040  0.3847917169  0.3750132658  0.3125513410  0.3772575467  0.3659869622  0.3123768440  0.3027356912  0.3487842873  0.5032994151  0.4385015937  0.4399165952  0.3919576429  0.3808679770  0.5236301173  0.5800923711  0.6853807779  0.6164246852  0.6409308800  0.5302024958  0.5450572929  0.5480151564  0.5607740560  0.5127826333  0.5048801599  0.5125512367  0.5164183264  0.6058682735  0.6296933015  0.5309208483  0.6482021149  0.8457515326  0.8722432437  0.9834828148  0.8399733303  0.8573583077  0.5919141251  0.4467405606  0.5248164393  0.5801211819  0.5472318105  0.3986030803  0.5486655842  0.7425037920  0.6689701783  0.6088168301  0.5854819671  0.4712556143  0.3147253066  0.2253770939  0.2438992100  0.2929481281  0.2707643995  0.2236770677  0.1966886050  0.2488886493  0.3001365291  0.2455005187  0.1953418708  0.1996903529  0.2664335082  0.2061178585  0.2232190680  0.2300355735  0.2545254914  0.2138413558  0.2592059934  0.2146589808  0.1928986416  0.2006010656  0.2378785480  0.2315171362  0.1863666914  0.2090308536  0.2963146550  0.3724626591  0.2759543243  0.2165079397  0.2244148948  0.2242025788  0.2135925517  0.1462961161  0.1474292732  0.1773689744  0.1661911787  0.1933070386  0.1916323189  0.2349932945  0.2451120807  0.2173625470  0.1869169433  0.1597738968
  0.1689145530  0.1462226161  0.1528172852  0.1389244896  0.1456299734  0.1933630410  0.1585356098  0.1005416278  0.1108940340  0.1232593710  0.1419119479  0.1767659167  0.1737140192  0.1624267648  0.1734821801  0.1822987334  0.1968272080  0.1564732454  0.1575170580  0.1864487633  0.2093504441  0.2817315758  0.2448184115  0.3071085361  0.5111071504  0.5282936851  0.7240485281  1.0356556091  1.3999352750  1.3475186319  1.1149565020  1.2209334408  0.9744153596  1.0185844100  0.9933162128  0.8385678923  0.8435913617  0.6310098152  0.5643663138  0.4831410981  0.5782836743  0.4224595328  0.3657539561  0.2877934698  0.2717055456  0.3159138493  0.4968130856  0.6155135779  0.7506666677  0.8129403665  1.0233492990  0.8678678429  0.7284396450  0.5717630709  0.5135628820  0.4511694116  0.4643173089  0.5298255759  0.5152621057  0.5839001858  0.6492456216  0.5697739112  0.5534096215  0.6165155015  0.6896519140  0.4557710288  0.3730479798  0.3829678342  0.4559600066  0.5604459511  0.5277599773  0.4148829789  0.3461803305  0.3509220301  0.4253447998  0.3835723454  0.4618309254  0.6580564313  0.7525695711  0.8013809637  0.7807524796  0.6727449860  0.6871933605  0.8970830289  1.2609802002  1.2471925538  1.2597612801  1.6642909302  1.8218115564  2.0202737711  2.6946601356  2.5294977337  1.5855369790  1.0150383544  0.8693191102  0.6729827668  0.8908958823  1.0327916914  0.9337581343  1.0745762700  0.7598727435  0.5763675103  0.6169325741  0.5981034729  0.5173490583  0.4903251782  0.5432158228  0.5671720596  0.3571568815  0.3582079264  0.3708724426  0.5700070153  0.4833022906  0.4959937048  0.3624244705  0.3582132034  0.4858325684  0.6735206321  0.5556319805  0.5719268708  0.3816999560  0.4104954160  0.5552701522  0.6792091147  0.6408761824  0.6407427867  0.5077944739  0.4920378276  0.4997943444  0.5418359562  0.4587064833  0.5479527790  0.5543131287  0.4966674742  0.6092647982  0.8349502692  0.8453920868  0.6958436656  0.7346338685  0.9280372716  0.7374430637  0.7728254871  0.8707500270  0.9491083567  0.7583459097  0.3860187395  0.5233474093  0.5972421138  0.5674452728  0.5514579799  0.7358934566  0.5732927772  0.5193825057  0.6379973512  0.6934306947  0.5286286127  0.3108418736  0.2558428473  0.2918450648  0.2442082943  0.2174660680  0.1918100405  0.1644052871  0.1887833521  0.2718528572  0.2001359589  0.1991335208  0.1934259249  0.2323644398  0.1896438996  0.1535747305  0.2047210501  0.2140309362  0.1897643542  0.2121234070  0.1890238416  0.1996671717  0.2994550835  0.3166370015  0.1851855281  0.1850032377  0.2520422092  0.2541216227  0.2391986017  0.2273756501  0.1814313175  0.2403888389  0.2942129448  0.2374158981  0.1452739124  0.1456506657  0.1648681475  0.1487663356  0.1694692014  0.2063363041  0.2056105242  0.1738088655  0.1845188150  0.1515963651  0.1515222711  0.1710507998
  0.1316943070  0.1470877249  0.1337616527  0.1324377433  0.1429530679  0.1552759219  0.1004776574  0.1003720550  0.0967244400  0.0968813920  0.1296016782  0.1475629356  0.1291073445  0.1673276535  0.1858384940  0.1728317443  0.1475785637  0.1771836542  0.2327818229  0.3250261902  0.3504509115  0.3712221087  0.4766965481  0.6166651922  0.5949426201  0.8816847888  1.1976866041  1.4332094205  1.4268360668  1.0739217690  1.2056966358  1.1236592599  1.1023405636  1.2128150381  1.0835619368  0.6767068950  0.4841397954  0.4152565947  0.3791921347  0.5313479763  0.4881372130  0.3046604777  0.2557231717  0.2456879943  0.2758806002  0.3919162924  0.4051195268  0.6070523067  0.8351214950  0.9330429572  0.7269203963  0.6260721852  0.4426000912  0.4580993007  0.7549169866  0.6563423697  0.5769720962  0.5732852568  0.6864953963  0.7306191337  0.7659675518  0.7101498034  0.6932064967  0.5100896589  0.3616657799  0.3161478087  0.3443738408  0.3540847314  0.4943305578  0.4822841356  0.3775502680  0.3331140230  0.4830278136  0.3641221669  0.4562115824  0.6414385992  0.7035404707  0.7563423895  0.6724175578  0.7546497852  0.7716252064  0.9845075099  1.1182816566  0.9276132290  1.0440627992  1.0829678051  1.6601484090  1.9076465162  2.0262748294  2.1557365789  2.1809111936  1.7771586790  1.0664439110  0.9730809661  1.0130292513  1.0365281996  1.3578487140  1.2504582111  1.2312922517  1.0746523072  0.8085025152  0.8087153421  0.6545837013  0.5328381992  0.5590506282  0.6976740870  0.6152353667  0.4417724994  0.4670638020  0.5349683585  0.9149185088  0.7495207415  0.6803038360  0.5007051401  0.4999887014  0.7410947865  0.8135829890  0.6478433150  0.6742854699  0.5066034989  0.6319697891  0.7548280136  0.9487694164  0.5773720937  0.4938024770  0.5830741998  0.5564362875  0.4869979612  0.5892769253  0.5988509935  0.7492924279  0.8808141303  0.5944485897  0.6781923436  0.6930077570  0.7204866884  0.6311391597  0.8374523549  0.8773472311  0.7603425342  0.5956333650  0.9327703797  0.9818201265  0.6972427825  0.4824809271  0.4930854183  0.5323423043  0.5742676186  0.5526908382  0.6565258591  0.5899300173  0.5227895928  0.5979727576  0.6288703089  0.4694234845  0.3776887917  0.2728346035  0.2018775829  0.2009288518  0.2117897624  0.1836363703  0.1737965158  0.1914675286  0.2448835547  0.1757003754  0.1886790461  0.2295749693  0.2250322977  0.1804284281  0.1741792307  0.1502659220  0.1589182885  0.1975290680  0.1824786983  0.2247492253  0.2814903387  0.3150395434  0.2783956908  0.2175992686  0.2297235394  0.2667904771  0.2873073538  0.2009130059  0.1882843153  0.2087743010  0.1936482992  0.2626589010  0.2567637963  0.2385000082  0.1654634307  0.1108002619  0.1401264024  0.1786903324  0.1733568879  0.1710319802  0.1507246296  0.1255254206  0.1396776177  0.1487652908  0.1575633662  0.1175827243
  0.1105896739  0.1119540011  0.1723901688  0.1754935765  0.1385697510  0.1093212517  0.1039113767  0.1000072949  0.0861355397  0.0820055512  0.1063396179  0.1034833723  0.1675035100  0.2285264663  0.2037179471  0.1615799592  0.1782334014  0.2664400103  0.3267297522  0.5094700943  0.4601967367  0.5404652667  0.7885253355  1.1734390346  1.2935247239  1.5281345849  1.6144700912  1.6174359623  1.7267665235  1.7007574179  1.3292492993  1.0685692781  1.1248897790  0.8324545107  0.6863308137  0.5276211896  0.4758142919  0.5373164430  0.5672812762  0.6385095275  0.3861113499  0.2625711172  0.2207243759  0.2973931764  0.4341101170  0.5105544971  0.5054045281  0.5284387492  0.6950856887  0.5821734101  0.5316235971  0.4808228401  0.6111402331  0.7620788575  0.6274265263  0.5641134457  0.6718874315  0.6805599946  0.7507525213  0.9870052107  0.7788361278  0.5712203092  0.3955749725  0.4122267121  0.4524910970  0.3988577401  0.3864549638  0.3273659568  0.3116612051  0.3305990912  0.3387488077  0.4827940800  0.4760695099  0.6704368782  0.6485894877  0.7222410433  0.8780260712  1.0234839505  0.8752533894  0.9020805226  0.9657638879  0.9286976711  0.9293056981  0.9414465036  1.2505264229  1.1371750579  1.2417584066  1.7125314799  1.5130850257  1.4529614760  1.7520847262  1.3868292701  1.4682938998  1.4185910082  1.4602021557  2.0477037098  1.3635248412  1.2452691894  1.5764759158  1.1976340825  1.1879575718  0.8784344451  0.5842354829  0.5011960929  0.6425223554  0.6950683642  0.6436290144  0.7668326246  0.8550778763  0.9931809209  0.7168195737  0.7070715479  0.6701018320  0.6540786687  0.6860407331  0.5521128887  0.5880020675  0.7010479561  0.5643772155  0.8339274873  0.8258184747  0.7576886956  0.8135896898  0.4684798437  0.4581529287  0.5136279782  0.4639305419  0.4899269700  0.8219653960  0.9857006720  1.0326557568  0.5925508893  0.6070868287  0.5603017425  0.5820036216  0.6377513032  0.8184988198  0.7567580254  0.7733429101  0.8765058370  0.9440410959  0.9503169657  0.7197161290  0.5196828779  0.4846107170  0.5842146042  0.4810389311  0.4639267002  0.4469859570  0.5158244559  0.5631004476  0.5656145164  0.7230485817  0.5535606700  0.3873539476  0.3196644726  0.2543629673  0.2240184131  0.2192469425  0.2241618413  0.2171550404  0.2361782248  0.2829698746  0.1920416424  0.1794829731  0.1740391772  0.1932534391  0.1866876513  0.1627924609  0.1704649894  0.1935449261  0.2344002855  0.2438554131  0.2569005323  0.3228676241  0.3210863351  0.2371820427  0.2411213621  0.2156368463  0.2271270294  0.2239356288  0.1932430187  0.2315217702  0.2610385261  0.2559044291  0.1818252857  0.1769988126  0.2146370048  0.1647824548  0.1370249656  0.1416375198  0.1630165557  0.2331396365  0.1846008422  0.1356912248  0.1302385862  0.0896531115  0.1094622888  0.1396268658  0.1733865453  0.1312143542
  0.1137836769  0.1258123784  0.1397987578  0.1071008770  0.0987696771  0.0951269585  0.0800824998  0.1022539008  0.1025293071  0.1138814056  0.1357578189  0.1729466304  0.2338064268  0.2353925539  0.1784373271  0.1684384844  0.2019850524  0.2697542504  0.5294361163  0.7311514876  0.8339856050  1.0226083784  1.4265659705  1.9643986047  2.0538264941  2.1461088514  1.7554858404  1.8853021026  2.3009482241  1.3253076642  0.9393042483  0.7533003965  0.8928185379  0.9387983180  0.7418487832  0.7696768052  0.7198839684  0.6284172981  0.6903291787  0.4231480859  0.3017087373  0.2952735076  0.4331443687  0.5981587730  0.6659987902  0.6330702718  0.4655812189  0.5370519376  0.4861217663  0.5124193033  0.4942736664  0.5911453700  0.6535081384  0.4943928280  0.4433521983  0.5048487481  0.4395904429  0.7071385025  0.8930435342  0.7952755015  0.6931451615  0.4908564836  0.4284282102  0.4198899526  0.3610756565  0.3174443361  0.3249866151  0.2903198210  0.3282949369  0.4092014897  0.4568662233  0.4900273044  0.6159315124  0.6864738704  0.8470651598  0.8607164002  0.8898242241  0.9179098368  0.9827715287  0.8078445233  1.1523003120  1.0497632540  0.8601853665  0.9524978151  0.9121035110  1.0301667472  1.2229804499  1.0436400302  1.3216088411  1.4737813422  1.4892490711  1.4614948486  1.5135836807  2.1394007536  1.7028347141  1.1359962297  1.4966546449  1.7216767055  1.5766744030  1.2514647847  0.7935185923  0.7394119910  0.7869970203  0.9153722658  0.8157318716  0.7575872690  0.7583069715  1.1122105679  0.8601001491  0.6361741222  0.5371429567  0.5753493091  0.5894012205  0.7908041946  0.7656937834  0.7357994386  0.6275950234  0.6201419274  0.8120485947  0.9987509183  0.9219125787  0.6618088822  0.5433892020  0.4953357810  0.4741868046  0.4545772776  0.4754335487  0.7832820549  0.9869613035  0.9148630710  0.6913268331  0.5963627195  0.5812744081  0.5379902780  0.6544460175  0.7346016341  0.6694227828  0.8111486504  1.2340889621  1.2983058859  0.9281314686  0.7313720286  0.6236078871  0.5222484119  0.5424050399  0.5286609900  0.5342347798  0.4411484995  0.5316867698  0.4225884914  0.5352628407  0.9834848404  0.5943133996  0.4110507091  0.3325085857  0.3239153563  0.3183972982  0.2682361325  0.3075352088  0.2937080605  0.2876293487  0.3120373448  0.2759348947  0.2328302278  0.1722177469  0.1944382789  0.1977923122  0.2165867004  0.1787055950  0.2179961821  0.2747273368  0.1966643934  0.1919265785  0.2344782048  0.2571766002  0.2480213779  0.2433149293  0.2616387443  0.3217456124  0.2794797363  0.2871071656  0.2802147614  0.3613913594  0.2642818649  0.2037719513  0.1914215441  0.1658424902  0.1875953411  0.1629945446  0.1450891643  0.1555394673  0.1980747564  0.1805573310  0.1278535766  0.1322874733  0.1106530829  0.1198375129  0.1268762432  0.1653157364  0.1343753617  0.1367669041
  0.1284128913  0.1075148810  0.0971756207  0.0859258159  0.0733016805  0.0798184246  0.1022015740  0.1242585106  0.1468327221  0.1580455969  0.1873948767  0.2178967740  0.2075867390  0.1886763882  0.1671840558  0.1655853567  0.2744960534  0.4469470064  0.6514779810  1.0528532801  1.3041064067  1.4259254089  1.7797023507  1.9596798692  2.9151619524  2.9863193385  2.0316582831  2.0252972907  1.7267014854  1.3143723772  0.9042945597  0.8587896704  0.8769054878  0.8922253709  1.1300972786  1.1307607700  0.9760470244  0.9596483449  0.6877582145  0.4441744615  0.5099905143  0.7945020839  0.6155924396  0.4330865675  0.5407078823  0.4402023442  0.4316103484  0.5484565295  0.6583344709  0.5417331504  0.4570138848  0.4701114702  0.4173220473  0.3747601750  0.4145258607  0.4140727359  0.6798604506  0.9998228443  0.8454706422  0.6326132665  0.4965445181  0.3785295522  0.3348744507  0.3809326318  0.3092158457  0.2368254673  0.2660405168  0.3132375635  0.3208787852  0.4775662802  0.5714101505  0.6208992147  0.5868723338  0.8301176062  1.0015231291  1.0918412839  0.8834438936  0.7788506533  0.7358314293  1.1592342226  0.9745685787  0.7819494738  0.8074433533  1.0093940685  0.9732020660  0.8464623115  0.9840683579  1.0879902142  1.3904458067  1.5780660185  1.7306525723  1.9505739008  1.6955689886  1.4078623070  1.4629900365  2.0097574715  2.0794835093  1.5741478645  1.2356977295  0.9900296527  0.9348372709  0.8677795316  0.9420069693  0.8652793804  0.7641109166  1.0887423433  1.0760486353  0.7595018817  0.6342724683  0.4699105463  0.4460090713  0.5212324778  0.6547827598  1.1882536208  1.0582492666  0.8552458748  0.7004648028  0.8904008436  1.4577308650  1.0049013300  0.7255537212  0.5391283935  0.5004257475  0.4163136343  0.4131399810  0.4919569408  0.7097624152  0.8194563091  0.6399630452  0.4299892478  0.6229648401  0.6643054339  0.6220530911  0.5465803206  0.5458612846  0.9036627803  1.2901581678  1.3123081912  1.4194096227  0.7998279545  0.6406982432  0.6417110397  0.5638615852  0.5301639574  0.6542084387  0.7239686152  0.6819108951  0.6260345389  0.7154890263  0.8194986278  0.7831994626  0.4778390719  0.3275712100  0.3509965753  0.4219773039  0.4713060350  0.3640451865  0.3929421824  0.3003067820  0.2765523719  0.2621665688  0.2629779787  0.2658585374  0.2500446832  0.2578800487  0.2621804325  0.2766593193  0.2623610858  0.2191652998  0.2641346734  0.2164347228  0.1843317699  0.2057549442  0.2921867759  0.2848174865  0.2875361848  0.3488755440  0.3203139832  0.3495839193  0.4262452462  0.4239788641  0.4124141212  0.2951322701  0.1952164628  0.2156227931  0.1723078759  0.2141530300  0.2003789291  0.2157999138  0.2281102541  0.1802467369  0.1679892972  0.1348792780  0.1613589638  0.1555206123  0.1172357732  0.1146646324  0.1147659605  0.1485901959  0.1220434088  0.1707523978
  0.1065385139  0.0916151459  0.1033613649  0.1024411829  0.0931393711  0.0922937712  0.1462160907  0.1275903273  0.1662739341  0.1910936908  0.1776596474  0.2271624069  0.2210454059  0.2033100019  0.2592686607  0.4061124889  0.6538926741  0.7118954711  0.7351391804  1.1492979114  1.1744930572  1.5461280285  1.6543926871  2.1017551266  2.9980283733  2.3950456635  2.3409666028  2.0214665475  1.6798960649  1.0443105013  0.8189997802  0.9831215919  0.8046123876  1.3320780852  1.5946858871  1.3776646983  1.3729243359  0.8905353295  0.4948783167  0.5567872199  0.8232811023  0.6895309848  0.4759287535  0.4304125379  0.4264114504  0.3564519922  0.5257258626  0.6628231328  0.7711708276  0.5995204316  0.5454342385  0.5346538129  0.4583991693  0.3499032905  0.3361933686  0.4728146226  0.7327182539  0.5529274474  0.5233135489  0.5482783574  0.5266951214  0.4205968177  0.3169157248  0.3064461916  0.2381031126  0.2407416650  0.2508511229  0.2704180543  0.3852612189  0.5260537604  0.6169551818  0.7363487035  0.7792771923  1.4515975555  1.8420670378  1.3461585139  0.8853060779  0.7210258229  1.0629516921  1.0258477166  0.7393891163  0.8421363239  1.0897854198  0.8632491200  0.7445145661  0.8878785669  0.9578240465  1.2059638171  1.3407507110  1.5800361651  1.7088716617  1.8836136640  2.0001558000  1.7106759693  1.5658997467  1.6413940964  1.4615501625  1.4556638042  1.1428948985  1.1756110035  0.8263452126  0.8297768144  1.0112541598  0.8320526889  0.8717927623  0.9041993036  0.7733885983  0.9096266524  0.6033876161  0.4093559204  0.4933225950  0.4830639562  0.7678415700  1.0541665873  1.0715958448  0.7629720050  0.7824662711  0.9512604179  0.7064645487  0.5772590454  0.4196137623  0.4775195774  0.5567931181  0.4202206046  0.3096889632  0.4922320217  0.6167164157  0.4251099604  0.5094583327  0.7424882338  0.7530135919  0.6885093242  0.7452092576  0.7820015751  1.0293881248  1.2585083009  0.9726019511  1.0490249134  0.8311454413  0.7061275408  0.7479656190  0.5698181162  0.6806931202  0.8380081663  1.2427450822  1.2691194414  1.1490988695  1.1813864857  0.7942255560  0.7305128260  0.5024569706  0.4481130147  0.4742260798  0.5658240914  0.5460393568  0.4945008846  0.3016496683  0.2300048380  0.2420570423  0.2335770708  0.2682006830  0.2286538712  0.2902475351  0.3123483051  0.3164266454  0.3124931157  0.4393712585  0.3215718670  0.2865753743  0.2623201964  0.1594466059  0.2059986740  0.2683055838  0.2946152946  0.3275773271  0.3741229638  0.5017321046  0.5506578563  0.5842423460  0.4027193343  0.3824887896  0.3539043861  0.2684819824  0.2069126434  0.2113412220  0.1661217986  0.2579266994  0.2671676067  0.2787003267  0.2424117633  0.2059338928  0.1617778670  0.1742552502  0.1652598453  0.1453885814  0.1710937970  0.1194952738  0.1149498457  0.1193033793  0.1209777966  0.1058548564
  0.0967204692  0.1244815165  0.1248176012  0.1397645741  0.1387395952  0.1730074436  0.1813930212  0.1616048583  0.1942751953  0.2249972399  0.2723367220  0.2541349553  0.2608973495  0.3075151364  0.4391613597  0.5661453635  0.6738456426  0.7859710407  0.9706642111  1.2996032243  1.8146373675  1.9061688480  1.7928843523  2.6748858815  2.6345470549  3.0494884598  2.0712107266  1.5287213717  1.3493138650  1.2245803551  1.1197020839  1.3998928889  2.0387448856  1.4846767245  1.3406896614  1.0076151331  0.6994799696  0.5007604059  0.5353639415  0.6911591320  0.6063411367  0.6387403857  0.4399457518  0.4351594658  0.3788690424  0.5467535057  0.7200436759  0.7319920700  0.7514150267  0.5771893869  0.6852405218  0.4680652829  0.3499012273  0.2752157151  0.3480711659  0.3315756386  0.2819759096  0.4571718075  0.4685419696  0.4915959895  0.3442312918  0.2545870084  0.2846728757  0.2162495244  0.2476060285  0.2193696375  0.2316890924  0.3004918951  0.3847104255  0.5471305461  0.7768439181  0.9258584928  1.2390219903  1.5766983999  1.1648849365  0.8678518916  0.6018385764  0.8338393781  0.9663302320  0.8728931854  0.7622673490  0.7282637367  0.7773096054  0.7501502053  0.7186629407  0.7953084297  1.0811960949  1.0359080759  1.1137366049  1.2975731136  1.7025394636  2.0258903362  1.6150985974  1.3675570310  1.5899044963  1.5716851908  1.3442863979  1.0371689370  1.1701341604  0.8701179791  0.6208051290  0.6964839893  0.6707535335  0.6107851265  0.7106950181  0.7061654738  0.9389133853  0.5287973140  0.3961775089  0.4319015930  0.4317204757  0.5835240628  1.0431079213  0.8315230595  0.6873421102  0.6881449769  0.9025121795  0.8353181794  0.5503205309  0.5115225826  0.6338345921  0.6472424135  0.4233972428  0.3278667618  0.4470831760  0.5551384329  0.5210874319  0.5426526663  0.6962574511  0.8959251368  0.7967621225  0.8892091833  1.0843370469  0.8287036004  1.0040974304  0.8110465751  0.7463573939  0.8354035405  0.9564279409  0.7568256550  0.5529600901  0.6808902217  0.8010401262  1.1702696177  1.4816674745  1.2218691373  0.8522027848  0.6228884267  0.5191380312  0.3852222681  0.3499067817  0.4783172486  0.4550600309  0.3471235137  0.2540118066  0.2422036877  0.2340193588  0.2342049945  0.2271038075  0.2587253247  0.2779211805  0.3470930696  0.3112208985  0.3000895353  0.4006418909  0.5430626763  0.3787180073  0.2888263544  0.2436250586  0.1678485769  0.2700864297  0.2583308710  0.2816313568  0.4395047871  0.4607788363  0.4859326589  0.6354881542  0.6166627720  0.4225885298  0.3209270655  0.2873559605  0.2174451501  0.2331256298  0.2067639088  0.1870476142  0.2567365741  0.2618851282  0.3384727872  0.2420556648  0.2201301286  0.2006656918  0.1962113064  0.1673155010  0.2029297360  0.2002106383  0.1233492906  0.1046492733  0.0913386790  0.0959274804  0.1091482928  0.1107001855
  0.1520600774  0.1631717665  0.1503635048  0.1092408712  0.1201581197  0.1662303719  0.1162074521  0.1846237320  0.2900251743  0.3564914365  0.2926499658  0.2914566768  0.4237006453  0.4882650238  0.5278434374  0.6264651512  0.7811859791  0.8172647132  1.1984984232  1.4531628139  1.3997149030  1.9081671908  2.5233416050  2.1225546259  2.2154858073  1.9119984498  1.4957143193  1.5207907581  1.3666365544  1.2984847898  1.7898710477  1.9660553485  1.8715573655  1.5689848278  1.1499867715  0.8129378867  0.7395525177  0.6755526021  0.5781822664  0.5471762725  0.5186915371  0.4973132295  0.4631255476  0.3535701657  0.4298899524  0.6322356461  0.6253063308  0.6486860433  0.5601974905  0.4944837798  0.2945356943  0.3759318188  0.2993507611  0.3190427562  0.3455197356  0.3051031511  0.3422096537  0.3058776996  0.3330219887  0.2571044145  0.2815080549  0.2396923519  0.2729726266  0.2782172357  0.2452611808  0.1972782811  0.2400967874  0.4010148734  0.5649532235  0.8340394492  0.9314005704  0.8731159838  1.2639885698  1.1442413644  0.8849431283  0.9587137058  0.9761338738  1.1278133454  0.9952791854  0.8582096505  0.8680511039  0.9132131480  0.9426446345  0.7166826927  0.9944040811  1.2352823788  1.1516826727  0.9113630488  0.9037519674  1.0838548184  1.1001698708  1.1535637980  0.9657108424  1.1329606004  1.2719540522  1.0363208407  1.0712121307  1.1297040946  0.8624454263  0.6770690492  0.6594294661  0.4798842508  0.4316036063  0.5013816657  0.6249419144  0.7272058153  0.4805789535  0.3375012906  0.2857243891  0.3025450163  0.5433484658  0.9163931837  1.0534106265  0.9756839992  0.6217405860  0.5943245969  0.7623722435  0.5677954673  0.6530181703  0.4960472922  0.5851221667  0.5895315588  0.3707211793  0.3039773015  0.4904952643  0.4120423259  0.3848265536  0.5761018254  0.8234223865  0.9171538668  1.0393853898  1.0838772724  0.8581581294  1.0616911579  1.0294835290  0.8605793641  1.0503420740  0.9375144404  0.5500216759  0.5160587955  0.5693587140  0.6722663824  0.9125353551  1.0010950177  1.0723833780  0.5888485008  0.4906686237  0.4416503159  0.3279316048  0.3560688349  0.4309813869  0.3878513516  0.3022547602  0.2370946331  0.1955965353  0.2049550161  0.2239659523  0.3216214133  0.2333501628  0.2689227128  0.3855434928  0.5555510085  0.5568360918  0.5875495174  0.5117995607  0.4203087021  0.2767560753  0.2860400721  0.2087305391  0.3300263356  0.4554068118  0.3479694308  0.4564052068  0.5246427196  0.4862717910  0.4468440592  0.3911555427  0.3081218501  0.2856292246  0.2608250921  0.2250093829  0.2440132726  0.2956127558  0.2392417449  0.2708344809  0.3779088889  0.4039987126  0.3239233169  0.3035833086  0.3189845677  0.2866091410  0.2494083824  0.2381872546  0.1720714371  0.1397158732  0.0859695759  0.0970768958  0.1175161599  0.1327657918  0.1601901941  0.1792787673
  0.1762084756  0.1433178808  0.1147598303  0.1234296426  0.1589436945  0.1498688114  0.1758001441  0.3369137726  0.4061853548  0.4287795313  0.3926435785  0.5285865055  0.4544745936  0.3615953136  0.4678562287  0.6036550951  0.6679395912  0.9219367007  0.8472967595  1.0280790371  1.5961853442  2.2854141144  1.9647984698  2.2685028884  2.5204583622  1.7977985619  1.3655138137  1.1592242576  1.3976702618  1.5747094020  1.6887254332  1.9669700475  1.6566279890  1.0948230272  1.0889576442  0.9543043287  0.8226938024  0.6414553983  0.6476316573  0.6017858121  0.5651764334  0.4249014787  0.3409188564  0.4993470274  0.6177264634  0.5510965049  0.4663276565  0.5259309562  0.4091925657  0.3106398725  0.3610539804  0.2776873694  0.2899561797  0.3506550723  0.3073944755  0.3294367814  0.2684943178  0.2491520440  0.2801046098  0.2640640859  0.2537463377  0.2076227657  0.2404473583  0.2848153890  0.2482067745  0.2372517464  0.4039618421  0.5000867296  0.8018791099  0.8511967022  0.9001177723  1.1806182267  1.0110053709  0.7971914661  0.7497692639  0.7627802593  0.8843826605  0.7685826925  0.8023068563  0.9978827030  0.9410535779  0.8542102666  0.9355778270  1.2115639498  1.2565627624  1.0539231661  0.9899502577  0.8791447027  1.0298202604  1.0551877657  0.8850333575  0.7341554483  0.8122787398  0.8976728484  1.0191964754  1.1235015970  0.9647835377  0.5770413267  0.5535433914  0.7898423107  0.6221978872  0.4805434351  0.4571204664  0.4160633831  0.5145521106  0.5244344570  0.4511478076  0.3476790493  0.3199980326  0.5201375059  0.7272822722  0.8012883650  0.8336455686  0.7939916610  0.7725542759  0.7807949067  0.5979313202  0.6082593154  0.4360821295  0.4315154785  0.4303424243  0.3531410830  0.3085800261  0.3442007355  0.4393122090  0.4133439973  0.5657049766  0.8338450216  0.9104698213  0.9966878724  0.8801056569  0.9225000544  1.0810658196  0.9297258487  0.8401159019  0.6805987804  0.5548922028  0.5007883134  0.4515303312  0.6145767056  0.7597345009  0.7939545985  0.7961412151  0.7773635118  0.5686718061  0.4785690346  0.4411249501  0.4577109434  0.4808202142  0.4439666005  0.3800665888  0.2766442060  0.1745665104  0.2162314649  0.2326491900  0.2866344152  0.3825197498  0.3135098507  0.4328705897  0.6137693750  0.6687415610  0.6066595895  0.6092901250  0.5480405244  0.5365518465  0.3923182487  0.3561406984  0.2139504872  0.2814640610  0.3958377268  0.3744070661  0.4116347610  0.6019727029  0.5952327707  0.4020866077  0.2644166057  0.2513949954  0.2373616016  0.2939711021  0.3078256934  0.3169240795  0.3538700932  0.3205593689  0.3682977538  0.3392417465  0.3509092173  0.3598470892  0.3770183650  0.4075073986  0.2852053992  0.2857749544  0.3162637143  0.1998945348  0.1336690543  0.1110171626  0.1522872811  0.1929223082  0.1897571128  0.2149913934  0.1810922130  0.1932147386
  0.1983485018  0.1406078794  0.1081529682  0.1508953382  0.2157717290  0.2556821734  0.3556954355  0.4648091835  0.4642087608  0.5042991450  0.5314854846  0.5527799151  0.6350765519  0.5558619722  0.6034123103  0.6670073210  0.7650211880  0.6218399370  0.8206707965  1.4825043905  2.2695998830  2.4802735298  2.9936198447  2.7162981819  2.3308002487  1.8183062853  2.0714927122  2.0968384570  2.0867185508  3.2156748437  3.1144165505  2.2061174137  1.2190181095  1.3354655336  1.3135421853  1.2987049216  1.1155382086  1.0011860916  0.8911737174  0.6247252858  0.5090821205  0.5484114336  0.5918581161  0.7269886017  0.6242788614  0.4725661855  0.5816447978  0.4246390389  0.3366648484  0.2842239909  0.3291636490  0.2854481269  0.2532267285  0.3254642441  0.3603196365  0.3293038926  0.3154705783  0.3071648634  0.2519469471  0.2258940263  0.1667607894  0.2456857311  0.2450235010  0.1674895545  0.2415743746  0.3486779862  0.3584382773  0.5256210824  0.9156724674  0.9232983985  1.0377738514  0.9674630480  0.7191349754  0.6079255838  0.6224674929  0.6815570623  0.6858624140  0.7975788422  0.7924384149  0.7443727026  0.5973290452  0.9856659380  1.0678277203  0.8512241551  0.8597341042  1.0843332948  0.8072535954  0.8572741800  0.7571882040  0.7461768330  0.5027663762  0.6116815874  0.6666339715  0.8818806356  0.8548036697  0.6906798405  0.5709277691  0.4022414942  0.4490236707  0.4892054462  0.5010528267  0.4214370594  0.4227094552  0.5274744922  0.4475032168  0.4653984008  0.3974497481  0.3490832367  0.4364542501  0.5192454249  0.6636512705  0.6386057498  0.9260757375  0.9828046878  0.8082764404  0.5487768647  0.5449509448  0.3924035903  0.4087069621  0.3633538626  0.3284994067  0.3863575820  0.3852404209  0.4302948663  0.5447348340  0.6138620417  0.8044111388  0.7705932253  0.8265999235  0.8083678339  0.7527708926  1.0369786903  0.8383792644  0.6964838142  0.5537070758  0.4041651989  0.4756060485  0.4356101756  0.6258667331  0.9186030822  0.7549717225  0.6114254218  0.6004381786  0.6747028383  0.4978881040  0.4067963520  0.5187865636  0.4941630701  0.4470976408  0.2670663474  0.2304636209  0.2057767498  0.2244022760  0.2389191034  0.3156691975  0.3586720757  0.4718193797  0.5593567403  0.7417104794  0.8879918420  0.6378753737  0.6148864007  0.6006968189  0.6491221631  0.5695667205  0.3735701183  0.3086394998  0.3893715045  0.4625901995  0.5459083692  0.4700355101  0.6138294574  0.6358695233  0.4576291431  0.2743755251  0.2144833912  0.2915432937  0.3449848051  0.3508867372  0.5460321612  0.5678426541  0.4504734059  0.4090322608  0.3220698620  0.4270968394  0.5241984655  0.4749886711  0.4180214938  0.4124547668  0.3241855926  0.2884248161  0.1928282738  0.1648605469  0.1295102197  0.1656837404  0.2181784182  0.2166432650  0.2122864875  0.1872752292  0.2159647538  0.1682298533
  0.1529412582  0.1419398013  0.1613353186  0.2232270174  0.3192948165  0.4805319604  0.5175554088  0.3906852547  0.4637037481  0.5842032927  0.5486329705  0.6459693680  0.5801750151  0.5944300964  0.5895910710  0.6207244337  0.5333564467  0.7447465904  1.3870939276  2.3897165262  2.7937922009  3.9366818821  4.4570104746  3.8739051492  3.2197913575  2.2710416849  2.1137969520  3.3044760343  3.4138942756  3.6122574651  2.3830367509  1.6246755333  1.7866173875  1.5380348556  1.5952531878  1.1307274372  1.4462562852  1.3814300416  0.9335306716  0.7602160453  0.7755987076  1.0740274379  1.1294762310  0.8310951201  0.5054510507  0.5300048230  0.5112718874  0.4185426877  0.3301867501  0.3004713738  0.3197136915  0.3262039275  0.3312966015  0.2947769732  0.2676146162  0.2699316531  0.2570358419  0.2661310611  0.2378083702  0.2164146029  0.2603465208  0.2786702230  0.1865093902  0.2319814246  0.2507730432  0.2629477281  0.4492585384  0.6498071697  0.7043509726  0.7271578905  0.6160799830  0.6002422056  0.6308490299  0.5816316566  0.4234516561  0.3952787910  0.6916057073  0.6451800728  0.5737690037  0.5509375857  0.7701319424  0.9007208514  0.6801874925  0.8964883349  1.1360938163  0.9490271603  0.6484783502  0.3980264994  0.4655176371  0.5462250008  0.6429451594  0.7243946415  0.8324398149  0.6834144778  0.6513048882  0.6977354590  0.5372200191  0.4867018717  0.3912750546  0.3677547660  0.3771348703  0.3774989691  0.5082664695  0.4325034998  0.4306363175  0.4196969033  0.4505992460  0.5195116234  0.4926676767  0.4476518488  0.4981788661  0.6196563456  0.6925724483  0.7847541426  0.6329612353  0.5693596799  0.5221073022  0.5429211342  0.4254109261  0.3915326542  0.3650847807  0.3380953443  0.4315964400  0.4376504734  0.5634160605  0.6882807656  0.5570430883  0.4468144219  0.5007919613  0.6733498517  0.8610544340  0.6638312179  0.5567515853  0.4861545952  0.4685672401  0.5203900723  0.5727445099  0.8115832489  0.9979870213  0.8227268322  0.7351524062  0.6689206812  0.6100773727  0.5502285822  0.4271516238  0.4883615731  0.4731199815  0.4853633291  0.4055726682  0.3166617857  0.2715094743  0.1873601957  0.1657942786  0.2570593477  0.3080145749  0.5215332231  0.6533175588  0.8815474156  1.0031229115  0.9606612465  0.8251823968  0.7241957519  0.7018863495  0.7865580356  0.4947566685  0.5165482286  0.5806455354  0.6435633055  0.8427789522  0.6778140491  0.6985172971  0.7098041653  0.5356336475  0.4267066532  0.3719879643  0.4333800452  0.4040010310  0.4469127033  0.6329475502  0.5033278282  0.4067911101  0.3964737367  0.3445583002  0.4827803172  0.6939926770  0.7171338871  0.4922443478  0.5173159712  0.4538081474  0.3633555805  0.2119736647  0.2598569042  0.1707864485  0.1847945581  0.2194025910  0.2282428903  0.2098741591  0.2749523906  0.2916958184  0.2303026866  0.1499169890
  0.1488493641  0.2066094272  0.2882133737  0.3956997226  0.4999052143  0.3596382913  0.3432006935  0.3522198958  0.3390934711  0.5389421454  0.4457544772  0.6453034062  0.5409146326  0.5594247937  0.5988260639  0.7597240633  1.2753766424  1.9842959583  3.7608910369  3.8790958912  3.3356784553  4.5009922300  4.8058828467  3.6439837583  2.3074281151  2.6612257673  3.0248089328  2.9067166287  3.4737778821  3.8245480175  2.7563706342  1.9332468491  1.4889573616  1.7096658484  1.4656243507  1.7076042690  1.4566449016  1.1286079598  0.9752130652  0.9944686682  1.0461157735  1.2487684422  0.8212287040  0.5924070123  0.6452713169  0.5392408005  0.4411321012  0.3359385680  0.2904737630  0.3533409688  0.3447094403  0.3430967951  0.3189992240  0.2507294411  0.2694928626  0.2819716590  0.2720954401  0.2633354089  0.2406084582  0.2602838192  0.2070169164  0.2082287119  0.2119730572  0.2914782685  0.3499409667  0.4647053273  0.5727038858  0.5701894685  0.4410578631  0.3453961713  0.4172263392  0.4629106472  0.5019057977  0.3749516819  0.3340977269  0.4779398715  0.5104519096  0.5177022601  0.4642847694  0.5914674995  0.9779871017  0.8772079669  0.9744504551  0.8592973825  0.8355583313  0.7741977947  0.5287526754  0.4489308444  0.4500236193  0.6423585518  0.6099087312  0.7461509485  0.7090241767  0.6649268132  0.6520288322  0.5973245862  0.5234321049  0.3730034201  0.3867846688  0.3038668920  0.3172599282  0.3058616432  0.4369622734  0.4687507401  0.3752526211  0.4304346678  0.6182992439  0.5920782752  0.5492468350  0.5207833884  0.6717425736  0.7836007103  0.8828847262  0.7630635646  0.6719347263  0.6242779160  0.7247472760  0.6280535557  0.5319410685  0.4249661650  0.3795304785  0.3891575907  0.3699024623  0.5518598760  0.5493149365  0.4869172395  0.3785046586  0.4199281852  0.6142600251  0.6069374124  0.4639126636  0.3838572998  0.3666932788  0.4059251026  0.4503494121  0.5848678741  0.7716558466  0.7657175491  0.6947885962  0.6672383224  0.5818381527  0.5970975018  0.5360699770  0.4852035344  0.4255284667  0.4298740897  0.4203025451  0.4935077139  0.4245536854  0.3539918301  0.2954688315  0.2280161991  0.2268661614  0.3526900685  0.5361056069  0.6200304034  0.6691266357  0.9536139547  1.1676386369  1.1953585021  0.9521131117  0.8854520250  0.9035806896  0.6436975836  0.6225546981  0.7219011646  0.7075496705  0.6641534182  0.5709168513  0.5075754699  0.6118519189  0.5604192777  0.5182551554  0.5093425261  0.3894280869  0.4599552982  0.5831109702  0.5794304955  0.4997952411  0.4168919949  0.2951072980  0.3899738363  0.5634288748  0.6277606489  0.6960598719  0.6217628524  0.6284039538  0.4878803122  0.4478843847  0.3704500891  0.2263837060  0.2123473660  0.2452061743  0.1989335689  0.1931935573  0.2081989370  0.2495538015  0.2775424386  0.2096239200  0.2065765676  0.2017629734
  0.2892207087  0.3598241509  0.3730544250  0.3943128464  0.3091802416  0.3253620437  0.3809650646  0.4327021919  0.4493356491  0.5083303880  0.5310342735  0.5091318661  0.5557655833  0.5334276437  0.7718622937  1.4570484620  2.7049779556  3.7686910819  4.1669872390  3.1549918641  3.9142330296  4.7267266738  4.0025344670  3.5331740973  4.0755284201  2.4794451594  3.4112754006  3.5967655789  4.9979126554  4.4991878578  2.5639632535  2.2751258320  2.0297188513  1.5480030113  1.9470386172  1.6541765155  1.4343080393  1.2360372245  1.2207280405  1.1411611257  0.9605627172  0.7403515242  0.6587405260  0.6506574949  0.5889618167  0.6193000512  0.5450641688  0.3768653246  0.4670316373  0.5084723469  0.4193450729  0.3419217768  0.2727685818  0.2986217373  0.2669462074  0.2500909008  0.2792529743  0.2411506030  0.2152587774  0.2155081323  0.1994955040  0.2106711227  0.3133604942  0.4151338868  0.5294755278  0.5213648199  0.5583391890  0.3734589563  0.3386344102  0.3756750852  0.3692580355  0.3539591792  0.3221569058  0.3204399830  0.3446644886  0.3834543121  0.4781159279  0.4775678738  0.4793566302  0.7136665090  0.9771264407  1.0267875767  0.9340543150  0.8977218442  0.7561440212  0.7418201064  0.5825406982  0.4889645886  0.5872809009  0.5911466999  0.6622173236  0.7810042433  0.7943856939  0.7232431347  0.6154700280  0.6718509239  0.5630762713  0.4608158116  0.3027945653  0.4220390868  0.4469581974  0.5590658773  0.5365476457  0.4563351002  0.5555129710  0.5489391432  0.6672087836  0.5544130085  0.5545389496  0.6561574424  0.8150359116  0.9263967565  0.8567184059  0.8657888549  0.7580389842  0.8599850135  0.6565255822  0.6877357287  0.6147845996  0.4451085721  0.3557023055  0.4297406079  0.6928116931  0.7265808644  0.5732047410  0.6325653500  0.6416257069  0.5529975226  0.5500681369  0.5309428666  0.4038218845  0.3821816608  0.4914277520  0.5247530416  0.5809564846  0.6739595677  0.7203154753  0.5763135279  0.5384776575  0.4677935051  0.5101672115  0.6396570723  0.4322186800  0.3805754595  0.2811820038  0.2970380427  0.4155902850  0.4756168897  0.4555651769  0.4824691135  0.3154281878  0.2190188164  0.3424180044  0.4875833948  0.6273891894  0.6524525271  0.8067080381  1.2780597138  1.2907217918  1.1327398583  1.0381067652  0.7052717645  0.7289947544  0.6386987992  0.5905235416  0.6257902402  0.6860873392  0.6685196550  0.6672553289  0.7515754159  0.6302927537  0.6546110203  0.5064125776  0.4797468990  0.6913133938  0.7216095170  0.7730230001  0.6982572975  0.4106990484  0.4441769197  0.5993843114  0.6287894909  0.6816684618  0.6216992340  0.5680399391  0.6243115705  0.4768362180  0.3759941206  0.3947161906  0.2924835927  0.2349657870  0.2027917026  0.1333288060  0.1684997981  0.1664668830  0.1940835906  0.2731603440  0.3583660116  0.3120652602  0.2712414597  0.3713540803
  0.3364488614  0.3245468220  0.3425439527  0.4145682275  0.3580171777  0.4007142774  0.3143378208  0.2481000323  0.4227067438  0.5291603661  0.3939343561  0.4010612495  0.4343694520  0.8890307795  1.3415644003  2.3510137796  3.3735732733  4.0764009445  2.9369157534  3.0780992731  3.3022443555  4.1469383858  5.0419528926  3.9047733820  2.4775817647  3.5749123388  3.9719504705  4.0105060501  4.6895916978  3.2894710210  2.3211944151  2.2081544282  2.5688796093  2.9266742218  2.6235991993  1.6488337131  1.8529915795  1.6909142529  1.1568780441  0.9698066383  0.7186498256  0.6465972818  0.7125059558  0.7569530854  0.9595582841  0.7741262416  0.5372273473  0.5675884097  0.4918187443  0.5520110068  0.3333893004  0.2340260856  0.2615964937  0.2064457031  0.2300632490  0.2179886473  0.1482212656  0.1657170093  0.2252161352  0.3020650573  0.3505887705  0.3828040384  0.4443313750  0.4434560872  0.3978265930  0.5242777176  0.4548886014  0.3299168027  0.2889290048  0.2540677147  0.2817489987  0.4111494409  0.3761736033  0.3185904412  0.3757556803  0.4179107933  0.4246090926  0.3921692417  0.5606834033  0.8439083186  1.0871456266  1.3938767503  1.1494235190  0.8398728469  0.9112165169  0.7222166173  0.5569105036  0.6235581968  0.7853379535  0.7358456994  1.0358853913  0.9017258843  0.8551545261  1.0067344556  1.0297713419  0.7525248960  0.6191996128  0.4505475302  0.7330524581  0.7046316374  0.5690500151  0.5898610766  0.6140412805  0.6524441169  0.5803322283  0.6945462423  0.6621594007  0.7321589376  0.7731158937  0.8574443736  0.9549603436  0.7546842385  0.7889687376  0.7808300231  1.2163254066  1.1641539591  0.9112884296  0.7592533972  0.4206984458  0.3104725168  0.3771545027  0.4987705173  0.5646093065  0.5541191102  0.5155904732  0.4762790083  0.5610460633  0.6025236186  0.5090083032  0.4165530126  0.5351021780  0.6416100108  0.7462374169  0.7544912252  0.7613335401  0.7032865085  0.5480452400  0.5317187249  0.4732061630  0.8163323728  0.8369892308  0.4120083280  0.3128771218  0.2871506642  0.4386424662  0.3713122115  0.4350625720  0.5548305453  0.6503645044  0.5244412161  0.3131171999  0.3558153250  0.5638100644  0.7953764310  0.9593732135  1.1819045091  1.1820604282  1.2760910354  1.0177471956  0.9525349557  0.7389018006  0.7088278957  0.5469872289  0.4609979564  0.4745693822  0.6633063597  0.7264488857  0.7881085418  0.7520577743  0.6434093704  0.6767350515  0.6693627413  0.7551115615  0.7441923455  0.7510225084  0.7042972243  0.7062056909  0.4284405837  0.4961743658  0.6677731459  0.5655519844  0.5839407532  0.5550750884  0.4662414304  0.4194622690  0.4771458256  0.4545594129  0.4559260649  0.4407607732  0.3394655428  0.2118594178  0.1642018419  0.1636999192  0.1990451278  0.2098942510  0.2643680802  0.4714451560  0.3133338801  0.2468306437  0.3130851082  0.2228697849
  0.2705003337  0.3083331253  0.2458088559  0.3119739054  0.3205234091  0.2294154811  0.2170852452  0.2780819174  0.3870555752  0.4461711146  0.4432820460  0.4521548961  0.9862927315  1.1149242981  2.0498609970  2.4409498362  2.9546956039  2.9736791123  2.6948434377  3.2869317929  3.5012170694  4.7293014549  3.8753746602  3.6327067115  4.5041674738  4.7723843121  4.3925342134  3.9200473138  3.1677735651  2.4549569686  2.1576886253  2.6038692309  2.4437568162  3.5589198261  2.8486315332  2.5503006494  2.4714755158  1.0647122146  0.8059029828  0.6356509783  0.7673160879  0.8543433822  1.0960092343  1.2323498464  0.9690365604  0.7212033534  0.5601380871  0.4972284458  0.4188736125  0.2929301254  0.2019901143  0.1905322889  0.1433401698  0.1718088205  0.1889835332  0.1440926288  0.1568781461  0.1828021465  0.3223802330  0.4117893748  0.4392913942  0.3640407020  0.3356593449  0.4031340897  0.4424540232  0.4548545606  0.3667148289  0.3651238338  0.3388239423  0.4099032702  0.4689356114  0.4832893353  0.4726774021  0.3728547410  0.4217762717  0.4717997861  0.4241616879  0.4778296075  0.7398574257  1.1189086562  1.4266899075  1.3710778687  0.9450652010  0.7858326517  0.6880378644  0.7232789071  0.8600916143  0.8649515465  0.7244722069  0.9561721915  1.1176042153  0.9281522560  1.1188663141  1.0762833131  0.7446885183  0.5389083228  0.4883260969  1.0393833672  0.8767901290  0.5807415928  0.6039781642  0.7379329645  0.7282959983  0.7124946610  0.8073098740  0.7758084075  0.9466656569  1.1413752725  0.9830895898  0.8716409386  0.9238793355  0.9399525156  1.0664632714  1.2167457812  0.9648395540  0.9658967162  0.6674249695  0.4839790574  0.3435100952  0.4202961237  0.5506957534  0.6666743721  0.6781265197  0.6270139804  0.4842338316  0.4917936304  0.5475143475  0.4438711827  0.4812569557  0.6085202612  0.9646135533  0.9548051181  0.8673359518  0.8458225946  0.6738507961  0.6240172357  0.7878161892  0.6497751186  0.6984439049  0.5768498006  0.4578507747  0.4244092338  0.5652444253  0.5872312499  0.4673230503  0.4857853010  0.5530582451  0.7624945677  0.7694319348  0.6134279123  0.6534046847  0.6477419625  0.7370554857  0.8043213953  1.0543508044  1.0688009591  1.0103068367  1.0506196186  0.7250705609  0.6336059817  0.7190949119  0.6660413133  0.5457502913  0.4782705256  0.5431053136  0.5858008150  0.6873688210  0.6600772038  0.6052270426  0.7464969328  0.8530455135  0.7767534484  0.7260133104  0.9184934030  0.6736754364  0.7197411497  0.5427360671  0.5337006213  0.6961431389  0.4789379311  0.3344170443  0.5010844419  0.5250388290  0.3829578564  0.5440028089  0.5874691228  0.5535510059  0.4049037615  0.3589359346  0.2975132944  0.2911083763  0.2419656088  0.2448122554  0.2554978594  0.3050437039  0.4734341901  0.4015300966  0.2821453891  0.2142186096  0.2002606450  0.2045834514
  0.2697209138  0.2613557121  0.2926932759  0.2406070932  0.2086636925  0.1666769343  0.2213746827  0.3751130582  0.3714887484  0.3616895242  0.5712783641  1.0856701464  1.3013013130  1.5999434656  2.1556985828  2.5092563689  2.9033549924  2.3920481061  3.3827695992  2.9939623291  4.0624389135  4.1186283319  4.2468917887  4.9004893046  4.1962955015  4.1185893677  3.5425077052  4.7468725360  3.1992969256  2.2842677491  2.3079848520  3.1511020925  3.1325933666  2.9309466888  2.4507366064  1.5743181803  0.8236827967  0.6365351445  0.7148684905  0.7686452968  1.1462977705  1.3957039986  1.3212602889  0.8472271203  0.7473039727  0.7046192137  0.4419369687  0.3587224663  0.2661140491  0.2252720339  0.1811547388  0.1143703888  0.1334506986  0.1472011812  0.1418174059  0.1773184053  0.1919217776  0.2872275007  0.3912973912  0.3697589299  0.3798113225  0.4239189992  0.4553154980  0.4446607935  0.4713776738  0.5598867795  0.6649964783  0.6422733959  0.5691071682  0.4924619259  0.6086307989  0.5547874052  0.5009428867  0.5853955363  0.4227403408  0.4366500181  0.5871845753  0.9248448878  1.0691160000  1.4260317696  1.2848270834  0.9865006158  0.6641703419  0.5706732142  0.7390990846  0.6761240422  0.7903894098  0.9613473867  1.2519478948  1.3473719904  0.9727413423  1.1064312421  1.2282937421  0.9438896449  0.7488568999  0.9828968317  1.6670800549  1.0889816445  0.7302065040  0.7497201957  0.8514520845  0.8739479430  1.1792410919  1.1259780544  1.0308270422  1.0006422423  1.3589246107  1.3924672260  1.2847794521  1.2471079027  1.0494713445  1.0960865231  0.9145405018  0.9138111857  0.7078254913  0.6809053230  0.6185425297  0.5386322894  0.4674245437  0.5150300167  0.7078800431  0.6672660031  0.5688122830  0.4903868817  0.4222809205  0.5003478419  0.4224092020  0.4679464946  0.5895663196  0.6648774311  0.7395950325  0.9782051816  0.9035979040  0.7691668686  0.6640827924  0.6164446616  0.8895413374  0.8937666461  0.6927185783  0.7093377709  0.7646117898  0.8487946308  0.6988839623  0.6344810006  0.5590567119  0.6955972648  1.1596048315  1.2575507757  1.0931286946  0.7848273171  0.7565769724  0.6438905839  0.8520245995  1.2116803982  1.1059958573  1.1784335726  0.9439307303  0.6297262856  0.5284545214  0.4737940494  0.5241765304  0.5581657635  0.6355122036  0.6131556044  0.6529629789  0.6241061340  0.5038685342  0.6765697360  1.1381427971  1.2772727185  0.9765974352  0.7667929273  0.7130028888  0.6906666459  0.6919059499  0.6950990902  0.6964264370  0.9659996462  0.5717812174  0.3538086267  0.3850065109  0.4343429063  0.4210227546  0.5380398776  0.5775773536  0.3964433530  0.2990781224  0.3733758291  0.2998863473  0.3239552065  0.3966268185  0.3926999192  0.3315119665  0.3922293778  0.5759240076  0.5165147001  0.4069164506  0.2829446667  0.2580697004  0.2713609413  0.2691211482
  0.2966485216  0.3128553969  0.2587960104  0.2069604883  0.1913563193  0.1833641595  0.3108130511  0.3970166169  0.3127410691  0.4940890145  0.9594765172  1.6029223803  1.8792830040  2.1557505445  2.3890831969  2.2394665770  1.8784874762  2.6195776760  3.0710461790  3.8901523318  3.2503819272  2.8674667004  3.1079291932  3.7330840224  4.2021591347  3.9124450107  5.0802667876  3.8829807076  2.5444028718  2.3719684352  2.2582659688  1.8246686588  2.0941710077  2.0559222850  1.3416576045  0.7708955088  0.6441828469  0.8828492078  1.1922501483  1.3776684652  1.1925597076  1.4134151907  0.7984357775  0.5832273883  0.4985320897  0.4146554243  0.2998652014  0.2855362666  0.2627304193  0.2024131323  0.1393688637  0.1371232895  0.1723990474  0.2088497073  0.2386202423  0.2177366513  0.2545613825  0.4790955050  0.4759539828  0.5311782900  0.5710858051  0.6233045283  0.6529769037  0.5273066691  0.5534406988  0.8124838703  0.6725756806  0.7164082796  0.5695271520  0.7144947967  0.7612121712  0.7248353057  0.8272426863  0.9133615687  0.5820003867  0.6783284275  0.8237824273  1.0493607988  1.2361595559  1.0849550158  0.7838752925  0.5734965790  0.5024651733  0.7494010702  0.7483558204  0.8142713220  1.0436232604  1.1975280046  1.2864401263  1.1610977297  1.2218493708  1.2547819464  1.6053753848  1.4059133002  1.6504176229  1.9717624485  1.7535569542  1.3714301240  1.0667443246  1.0583125805  1.4714622247  1.3452137755  1.2878051948  1.2104984808  1.1843753688  0.9090020775  1.2714005642  1.4735639439  1.2944904003  1.3714898456  1.1236931249  0.9784220059  0.9864300619  0.8903311091  0.9277224767  1.2436069709  0.9212517916  0.5794262081  0.4843640103  0.5781304305  0.5507973861  0.5849439292  0.5589727552  0.4945726548  0.5091264940  0.3584701843  0.3508594674  0.5357867896  0.6831354416  0.8623466760  0.7922631100  0.9147942577  0.9368850658  0.8063259320  0.8371893384  0.8625975689  1.0167988072  1.1176583120  1.0434817405  1.1423761112  1.1366307735  0.8449554284  0.9299571688  0.6687681070  0.6924557772  0.9226561765  1.2145509959  1.1918983504  1.0540199404  0.9330402275  0.6678449574  0.9787358078  1.1143538415  0.9559516553  0.8463956764  0.6911605166  0.5546544377  0.4246974224  0.3409650213  0.3782852146  0.4323795993  0.4896602219  0.5375319688  0.5838863343  0.4465511009  0.6195689566  0.8386195293  0.9840426354  1.1926952310  0.8631962715  0.7878934910  0.6547347204  0.8072084627  0.6993698717  0.7794968638  0.7178636976  0.8901730403  0.7426332882  0.4641888043  0.4082809660  0.4724370775  0.5314634571  0.4725182408  0.5281916616  0.5605291500  0.4330656737  0.3452908528  0.3652235846  0.4378741082  0.4122235917  0.4971592045  0.4500652837  0.6483988211  0.7500074048  0.5221602506  0.3800786195  0.4186069352  0.3583612555  0.4065380917  0.3076217927  0.3197786337
  0.3317803182  0.2465808543  0.2703163963  0.2551460767  0.1918318572  0.2375604954  0.2968258741  0.3329955721  0.4555095065  0.9206646621  1.3664565483  1.5251653914  1.7674966439  2.0116383052  1.9183382468  2.4812146788  3.4177513058  4.2367514591  4.0023442274  2.2366277610  2.2247945170  1.8699985592  2.9643440719  2.8866306590  4.0927141281  3.9785505261  3.7134628263  4.0954476950  4.1807915488  2.9843980167  2.2008879703  2.2613735116  1.8145331162  1.1424992143  0.8573514542  0.8311485502  0.9702331628  1.1813966849  1.3820801416  1.1677242043  0.9497616871  0.6554731096  0.5188583769  0.4412152389  0.3852417156  0.3065477983  0.3459550558  0.2424222651  0.2290474195  0.2109578434  0.1991705167  0.1887253439  0.2131157961  0.2407060682  0.2717577123  0.3196636237  0.4062308261  0.4883994092  0.5375112329  0.7146207519  0.7184954827  0.7954198237  0.5653960753  0.4728054727  0.7210181861  0.8658496850  0.7917277479  0.8074002407  0.8130019084  0.8045411829  1.0405919122  0.9902976273  1.1795410232  0.8123306018  0.8110488202  0.7925260996  0.9120154090  1.0064243631  0.9096085013  0.7697341275  0.5174185021  0.5252373539  0.6286183023  0.7585646911  0.8076780419  0.8443171108  0.9739701008  0.9766335382  1.0381087570  1.0043205146  1.0589932905  1.5398592172  2.1422860597  2.0819171884  2.3475648650  1.7826252305  1.3143695632  1.1625006596  1.1528102950  1.2484262456  1.2850221861  1.3344749551  1.4932626496  1.5705299394  1.2661351107  1.4158730352  1.9052103800  1.6067726921  1.6683142225  1.4521716746  0.8975223704  1.2668598553  1.2490921609  1.2223551257  1.3290707939  1.0938919893  0.8478355049  0.5540322928  0.5129024805  0.4808117381  0.7057637862  0.6306217589  0.5472425238  0.5817528041  0.5520593117  0.6058087881  0.5358117041  0.6155681296  0.6175334284  0.6950114364  1.0607185560  1.1536040611  1.2310094165  1.2477040592  1.2960412927  1.1196319553  1.0609860560  1.1433964314  1.3146388779  1.3165187014  0.9502187871  1.0611792042  0.9380678864  0.8208024140  1.0669095261  0.9903123193  0.9815932263  1.0752517022  1.0382058301  0.9112469588  1.2301918668  1.1907321481  0.8074835952  0.6910558493  0.6046841840  0.4678381944  0.3918376805  0.3217995410  0.3734325832  0.4281949387  0.4763508940  0.5497343042  0.6760053263  0.4836478916  0.4967574429  0.8200666250  1.1511448053  0.9351864761  1.0075956206  0.8735321083  0.8875583782  0.8496087834  0.8297848176  1.0186955106  1.1505674395  0.7708198613  0.5002504988  0.5285338493  0.5145914594  0.5283459830  0.4292898125  0.4125381666  0.4650817634  0.5631335163  0.4255804247  0.3592602059  0.4067292698  0.4782968286  0.4765275865  0.5410484682  0.5598526530  0.5344840860  0.5901631034  0.5915911374  0.4047056413  0.3531312509  0.3252819033  0.2995622087  0.2570273668  0.2754552007  0.2850053827
  0.2187610452  0.2422009749  0.2804964486  0.2436489377  0.2638399245  0.2876991097  0.4621283587  0.6822594514  0.9213585547  1.3561503036  1.7420458346  2.0720425383  2.0549526294  2.6254678420  2.8090348693  3.6432735485  4.8157658792  4.5160913396  2.3579664640  2.3549938372  1.3682972471  1.4828517737  1.7536198860  2.6034087007  3.0284615951  3.2876116597  3.3736668324  3.4432170273  4.2988307555  3.8036770707  3.4079168468  1.6700776557  1.3906406531  1.0109367827  0.8044914957  0.7841459871  1.1411206439  1.1032971555  0.9450948965  0.7276906137  0.5627843508  0.4641329985  0.5330372755  0.5513354780  0.3416379560  0.3047382404  0.2863929899  0.2183173332  0.2526671082  0.1928562483  0.1836389950  0.1638656187  0.2002143852  0.2547277921  0.2743766641  0.3122842550  0.5634478810  0.7963487537  0.8715899133  0.8305992514  0.9319309080  0.6971585709  0.5525117096  0.9319566241  0.9039105785  1.0708887385  0.9316172259  0.6805382345  0.6261524783  0.8452662460  1.2067862125  1.0792212389  0.9032729049  0.7126411547  0.7417994397  0.6753099551  0.6518247213  0.5308233866  0.4487648355  0.4499813381  0.4786571066  0.4609836781  0.5371756897  0.5566668908  0.6677685686  0.9480370937  0.8563907756  0.7713402652  0.8323345644  1.1187277383  1.4281550545  1.8133603986  1.9490704936  1.8405252793  1.8100300449  1.3300187771  1.2410572965  1.2981159852  1.0077480406  1.1752081847  1.5857293641  1.8610689247  2.0295173022  1.7105109361  1.7265521734  1.4458947036  1.5083189578  1.6305203494  1.4038771955  1.2692561449  1.5062499174  1.5799587155  1.7226155505  1.6853331525  1.8564817587  1.2429855677  0.9170163356  0.6514943645  0.7133846069  0.6778362135  0.6143968761  0.4614938543  0.6825202501  0.7611784279  0.6836298332  0.6974379759  0.6864410660  0.6338141460  0.6418412858  0.9373042066  0.8137473860  0.9408315003  1.4678090194  1.6195871635  1.1188262158  1.0784031560  0.9779556736  1.1406046252  1.2292629700  1.0848165130  1.1794281520  1.4014973360  1.2763599556  1.3945730213  1.2198159269  1.1307642292  0.9563731173  1.1055627668  1.0969966779  1.1233664999  1.0827899695  0.9766080325  0.7053790154  0.8236647549  0.5908423967  0.4978967018  0.4701257183  0.5751210491  0.7228893757  0.9000387138  1.1296016546  0.9470270786  0.5424813708  0.4734234985  0.6394178735  0.9475558746  0.8943665034  0.9807848289  0.8652943397  0.8185557763  0.6922298580  0.6829052238  0.7574786061  0.9265120369  0.9374269692  0.6112335261  0.5806184032  0.5337617626  0.4443549274  0.3055656049  0.4248408019  0.5361607651  0.4531749148  0.4073047841  0.4638591133  0.4889829397  0.5819449530  0.6425057764  0.6778852281  0.6039545976  0.4481138594  0.5062956948  0.5932707263  0.5242986042  0.3934471677  0.4090066258  0.3729320860  0.2851193673  0.2935078781  0.2642076236  0.2618318147
  0.3255532369  0.3445855361  0.3988960512  0.4292888889  0.5284522235  0.7121577640  0.7714950491  0.9822028263  1.5414156607  1.8780149588  2.0887070581  2.0859731064  2.8279355508  3.5904494617  3.3253638310  2.7792127024  2.7609621156  2.0069075123  1.8335161532  1.3762815267  1.0481640832  1.5860824856  2.7820154828  2.5799115115  2.4924059943  3.1987288872  2.8985360690  4.0494274039  3.5590429846  3.0422415653  2.4558895510  1.9685940903  1.5496202675  1.0406932666  0.8508762961  0.9073681733  0.8664355500  0.7752048802  0.6039578111  0.5045235220  0.5368999231  0.6193593703  0.5395414711  0.3795368645  0.3156390256  0.2622118404  0.2967677085  0.3248406801  0.2236610449  0.2093897866  0.2324589252  0.1951232695  0.2144728231  0.2813184644  0.3082141444  0.5051215368  0.9003654913  1.2186223213  0.9528292510  1.0287725626  0.8140992726  0.6758483026  1.1528417995  1.1875758487  1.1528531576  1.3652066741  1.1465460151  0.8825033320  0.8981423902  0.9123792467  1.1203813545  1.0638872979  0.7785479262  0.5839243687  0.4068894334  0.3430646070  0.3803143966  0.3010279564  0.3595193701  0.3789643110  0.3811916273  0.5621895641  0.4330815608  0.5711360639  0.7374511974  0.7571591823  0.7976229296  0.6943690542  0.9671767718  1.4207273774  1.4709281005  1.5376811060  1.3000373153  1.3460291507  1.3329305039  0.9842433130  0.8834560280  0.9019415729  1.3229700930  1.7559184652  2.1309077866  2.3914579123  2.2733171474  2.2186341164  1.7282773677  1.5688112038  1.6117688335  2.1379198732  2.7028142023  2.1391613417  1.5711059800  1.8967808039  2.6125947060  2.5272207486  2.2594085432  1.5560199130  0.9036957148  0.8843639213  0.9581823923  0.7364213322  0.5802766018  0.6428718101  0.6875178604  0.6947448983  0.6425416715  0.7656408935  0.8674731052  0.6711481906  0.6805994322  0.7706766333  0.9917783121  1.2230090753  1.4749001105  1.4714003864  1.1685006568  0.8439940549  0.7817246779  0.9403211465  1.1116321645  1.3156304551  1.1932700563  1.4297717664  1.5504430759  1.3816086370  0.9338772725  1.3194120779  1.0719910676  0.9606914145  0.7793352743  0.8184115913  0.7586555180  0.8181398822  0.6179192275  0.5260283315  0.4662902954  0.4680776409  0.7518621466  1.0366931483  1.0951385196  1.2744231726  0.8774332960  0.5976641927  0.4845386910  0.5067778558  0.7497058165  0.6931827654  0.7292193915  0.6782358033  0.7131135592  0.6273581601  0.5502598632  0.5378262092  0.6009697643  0.6151275547  0.5845664236  0.5546404844  0.5540281224  0.5152673605  0.4669023589  0.4603328032  0.5845510271  0.4949669698  0.4774945472  0.4188378617  0.5441945457  0.7268463641  0.8289210025  0.8169859901  0.5843314799  0.5518861695  0.4014530710  0.4440139691  0.4405980372  0.4494340442  0.4877777728  0.4917001819  0.4326217804  0.4348985110  0.3179825486  0.3373477962  0.3298703302
  0.3981367395  0.5525854420  0.5840774523  0.6431155680  0.6578648015  1.1275204130  1.0301343332  1.2249026493  1.5773012066  1.7123677806  2.1042196895  2.3743988583  3.0159889168  2.7553741918  2.0318760213  2.0386675373  2.0080282631  1.7195878717  1.3401975855  1.3125136999  1.9663190797  3.2715674408  2.4504114030  2.7770491128  3.0215344748  2.7968714824  2.9382548424  2.7497905401  2.6076425147  2.2061757679  2.1452533494  1.7132162983  1.2136462999  0.9726444174  0.8720368837  0.8874787190  0.7950799900  0.6618071850  0.6637981694  1.0057341091  0.7740240644  0.5680462566  0.5277089813  0.4605504662  0.4038111504  0.4337008419  0.3374447751  0.2508218901  0.1896554268  0.2343071871  0.2292676275  0.2809340422  0.3668320722  0.4975568700  0.5307253930  0.7342927408  0.7454242467  0.7596102993  1.2277255811  1.1919105950  1.1447740839  1.3967189016  1.0606216258  1.2348152053  1.5410900349  1.7354015069  1.1239709613  0.9628789632  0.9215995397  0.8984144592  1.0015576279  0.6282025348  0.4663598684  0.3213414378  0.3088338096  0.3360712938  0.3109677381  0.3775733484  0.4324182322  0.5587987075  0.6707227340  0.5332505350  0.5719789583  0.6273749963  0.7642197100  0.9177038595  0.9176987951  1.0870148313  1.1423365675  1.2744022270  1.3861357224  1.1338024588  1.1592829305  1.1581589042  0.9382995840  0.9289304960  1.0766644287  1.2525306567  1.5238962992  2.0145350136  2.5226826219  2.4837951914  2.6706801598  1.9369650027  1.3395904105  1.5459391611  1.9072894172  2.5312953698  2.1851703124  1.7605337809  2.4781931588  2.8262193661  2.9778660500  2.2410964960  1.5499206872  0.9022974770  1.0020415842  1.2374707797  0.9554325385  0.6968128588  0.6533991071  0.6512545082  0.7965129051  0.6637263926  0.7226645520  0.7106596675  0.6575747264  0.7995147731  1.2295095959  1.2687421264  1.3574801036  1.5111286917  1.3554922694  1.1918113252  1.0465762471  0.9134432516  1.2105621854  1.3987051428  1.4298016117  1.3886060509  1.4873593735  1.7197246292  1.7418796028  1.2960372091  1.5022357994  1.1450481362  0.9040435551  0.9157865574  0.8404697781  0.9209700198  0.8138989486  0.7094284017  0.7053679922  0.6765533177  0.7002979729  0.7616896261  1.0510029020  1.2941149805  1.2559298713  1.1059081526  0.9320280054  0.4263448144  0.5293937556  0.6338154047  0.5484246182  0.7207236578  0.9867477814  0.8071331690  0.7812726009  0.5900625826  0.4896419916  0.5059412454  0.5087475196  0.4857030478  0.4146865260  0.4818482317  0.5042978748  0.6197748979  0.5514742385  0.4140510149  0.4852212231  0.4564099869  0.4467597671  0.5901804374  0.7755855502  0.7234233882  0.6979380268  0.5978215025  0.4622939519  0.3612651380  0.3538392256  0.3576046257  0.5651751113  0.5692291737  0.5370580171  0.5560160671  0.5889704966  0.4294945580  0.3098901821  0.3168134503  0.4709964213
  0.4877032389  0.4960464751  0.5876361372  0.6783245418  1.4439954165  1.4563237148  1.5014438874  1.3844769655  1.8587621909  2.0262398986  1.9450916045  1.9220743691  1.9456444379  1.7721135974  2.6035671928  2.4751378562  2.1052971056  1.6559791562  1.5986570769  2.3327360519  2.9290568622  2.7381266389  3.1337245082  3.3757325049  2.9497580074  2.9894624523  2.6192115383  2.5637192914  2.3455804893  2.4044791316  1.8223505179  1.5159933450  1.2641228806  1.2906388280  1.0071757342  0.8957137344  0.9100806713  1.1028070764  1.0953969683  0.6445245563  0.5514334032  0.5173027469  0.4692752105  0.5114753282  0.4854586200  0.3735982880  0.2821058319  0.2949868364  0.3059316526  0.3198576312  0.3552061623  0.4822166819  0.5908237537  0.6280735334  0.7333118484  0.6743802675  0.8841007773  1.2277840194  1.1254571827  1.6923527068  2.0806188131  1.6813214701  1.5867522144  1.3535655940  1.1530910141  1.1396818536  1.0208155084  0.8690326836  0.8676679516  1.0364939116  0.6399084305  0.4419900890  0.4044334912  0.4771435962  0.5999309760  0.5930489704  0.4819366766  0.4510075245  0.5580249813  0.8095906947  0.6283484160  0.5570083196  0.6395524372  0.4824477540  0.7750380276  0.7184664025  0.8972868729  0.8405732691  1.1703669895  1.1459085560  1.4912241777  1.4326663468  1.0138768001  1.1457262735  1.0501458651  0.9751004089  1.0587669696  1.4864770787  2.0842004843  2.3945278159  2.2893832281  2.1736266151  1.4696589131  1.3499866960  1.0836606059  1.1214787151  1.9122018752  1.5780117473  1.5529367846  2.0049263699  2.5083136253  2.9514866557  2.0680361214  1.1742085498  0.9018594882  1.3273209645  1.5722149870  1.3730690789  0.9125100068  0.8356422274  0.8521270350  1.0177713613  0.9947651082  0.9455115147  0.8445828480  1.0889496894  1.0773639962  1.1156063925  1.3742845611  1.5091115346  1.6971112813  1.1841244842  1.2219202738  1.4737277635  1.3359332245  1.5245013345  1.7249388267  2.3837280100  2.0248036958  1.7566712988  1.6853724001  1.4514404684  1.6527808607  1.4288492843  1.3882084587  0.9049373818  1.0034729816  0.7628224536  0.7620096672  0.6238435622  0.7264687134  0.7500901069  0.7653921730  0.9020765930  1.2710596680  1.7196473525  1.4841334621  1.1686944820  1.3014947013  0.8187540622  0.5557388001  0.5980349374  0.4993814563  0.4732910545  0.5069413348  0.7619408014  0.8391702117  0.6305992203  0.4830945559  0.4124999308  0.4494382979  0.3701964328  0.4530646580  0.3598662465  0.4647522579  0.5675506355  0.7093536838  0.8055218712  0.6902541707  0.7161629222  0.6107459151  0.5790591541  0.6399533309  0.6349263277  0.5844757159  0.5465011272  0.4675165929  0.3523665031  0.3537337399  0.4286664212  0.4911437327  0.6744769927  0.5953592771  0.7608776883  0.8712581073  0.8773112973  0.6302094089  0.4173397465  0.4661985223  0.5261311814  0.5751426633
  0.5376541333  0.6466584853  0.7345730249  1.1170920079  1.4960347135  1.7488381319  1.4401172938  1.2452261548  1.8887714208  1.7640662884  1.4273878213  1.7742781150  1.9076135558  1.8491306986  1.8151604716  1.5035464236  1.7604615644  2.4956979020  2.6000196828  2.3946310471  3.2912520850  4.1056255337  4.1122088369  4.5287147733  3.5369466190  2.9021448844  2.1262744828  2.2546080838  1.8898743442  2.1370993564  1.6240707187  1.4145067993  1.2507397885  1.2307555535  0.7829452670  0.8226541168  0.9295550700  0.9857019300  0.6153272479  0.4980182110  0.4745912614  0.5856277936  0.5612335390  0.4126063988  0.3238522660  0.3439043325  0.4034560494  0.3923624468  0.3982731007  0.4236121334  0.3775229834  0.4901927518  0.5404437807  0.6246336362  0.5907388395  0.7878815886  0.7839429284  1.5395046558  2.2699521342  3.1482051424  2.3943575719  2.4496651325  1.7422655252  1.1221715467  1.1806964158  1.0009592232  0.9008201698  0.7956410742  0.7965321145  0.5439010160  0.4133965850  0.3711578237  0.6113588308  0.6839424800  0.5499762769  0.4765690787  0.4145054641  0.6555544716  0.9059980292  0.7330933623  0.5071657327  0.6463818554  0.5596329403  0.4955367821  0.4912887714  0.7453045425  0.7563518968  1.1186002948  1.2520409996  1.3590337929  1.7144773893  1.3919262967  1.1499226577  1.2559512625  1.0761980062  1.0380749089  1.5331617761  1.8997584424  2.3499783610  2.3947587722  1.5635482992  1.1709016275  1.3805227230  1.4347273909  1.2634534551  1.9087648977  1.7996809441  1.8330795751  1.7352619759  1.9056012232  2.0203271624  1.6493730200  1.2442443194  1.6587279898  1.8112242643  1.6270308576  1.3521752421  1.1297338476  1.0942834355  1.2313211012  1.3349493754  1.4274414242  1.0661983503  1.1107212680  1.3776356641  0.9297662365  1.0649054145  1.1674861383  1.5884511478  2.0457294024  1.5938104944  1.3483084076  1.4826030795  1.6498306401  1.8783365551  2.5721452872  2.8825319040  2.2146853610  2.1236042149  1.8150731040  1.4952245026  1.8839778959  1.8662893633  1.3025306883  1.0195758529  0.8717955087  0.6205341136  0.6313097070  0.5976150188  0.4766195180  0.5718435481  0.7679277583  1.1615805686  1.2810608717  1.4955224300  1.4039222613  1.2251042895  1.2329766136  1.1202346419  0.8416879801  0.5818921907  0.5804112106  0.4433681883  0.4892411776  0.6677001509  1.0330426926  0.9057146496  0.5772887504  0.6609865888  0.4094785874  0.3716972517  0.3907953140  0.3877530540  0.4514873375  0.6259562188  0.8537961041  1.0244454435  0.8202743030  0.7957182687  0.8012263299  0.8275643588  0.7658244803  0.5087555827  0.5522353975  0.5026601693  0.4298037718  0.4115699618  0.4144952156  0.4545811039  0.5828050177  0.6672866976  0.7693287915  0.8942784555  0.8906344988  0.9434708416  0.7434942109  0.6029350220  0.5147562017  0.5895528865  0.6620847353  0.5926397042
  0.6176355336  0.7188206277  1.1579019606  2.0864293772  2.4664469850  1.5936095403  1.3422136111  1.5129099603  1.5047583307  1.3949125979  1.8039952843  1.7473918739  1.7360908909  1.3089088805  1.2235609083  1.7774476563  2.7730351249  2.9986869526  2.6004714887  2.9342008721  4.0693605561  5.5016761384  5.7488392385  4.1809903174  2.8800760392  2.1981935419  2.0770106920  1.9246302868  1.7869976546  1.4752451272  1.2694409477  1.2279606821  1.2313484259  1.1267079288  1.0436004683  1.0797551586  0.9431385997  0.7503555501  0.4421523208  0.4462047768  0.5129909953  0.4304516020  0.4291654321  0.4910133622  0.5261201550  0.5129685408  0.4316617490  0.4309519591  0.4017458433  0.3515571400  0.3454174272  0.4901412955  0.4619758711  0.6068467727  0.8337445657  0.9973933729  1.5967167344  2.4287780120  3.1954939133  2.7181869774  3.0023694758  2.2652423735  1.3367106881  1.4736764201  1.0784982993  0.9613201989  0.9820350907  0.6933680152  0.6333202198  0.3822643393  0.3369553146  0.5886658899  0.6505725192  0.5882577360  0.6075664445  0.6444653708  0.6896356417  0.7131784112  0.7258771042  0.6046046130  0.5306580844  0.6217050149  0.6912102498  0.7119473200  0.7941448343  0.9158273452  1.3673292363  1.0820026526  1.4292043059  1.7196555327  1.8464892057  1.4559374932  1.3698325220  1.3343599696  1.2870752422  1.4696763893  1.3734194346  2.1200853061  1.7961438525  1.1646016468  0.9911334771  1.0313805470  1.5173496700  1.7217261634  2.0091858070  1.7932723678  1.7067506639  1.6936282279  1.7450856624  1.7163372308  1.8347160564  1.4474684440  2.0203403461  1.9881533070  1.9200507893  1.4675026676  1.2358314833  1.2383342669  1.3444527427  1.4230567790  1.5832338592  1.3617551100  1.2376288927  1.2137937025  0.9030230395  1.0310903379  1.3974398533  2.0160432912  2.4166856024  2.1331401230  1.5325954527  1.2184594105  1.4216340625  1.6865275675  3.1595058707  3.6796829649  2.5192294648  3.6332142284  3.5705063088  2.8605869081  2.0333359362  2.0350113038  1.4896948748  0.9184926126  0.7312018375  0.7010907432  0.6428657484  0.6384139446  0.5312309338  0.5873256814  1.0333893855  1.6147360189  1.6288396832  1.2102298886  1.3082930345  1.4563584961  1.4412966081  1.1326562733  0.9734567829  0.7667841218  0.6999133852  0.8562051844  0.9584587488  0.8634876636  1.2062397060  1.1287007453  0.9696237886  0.9049445468  0.6515898199  0.4960925545  0.4402290797  0.4943292817  0.5864756787  0.6402470069  0.8334312422  0.7601713220  0.8815759220  0.8529084984  0.8254543962  0.6923202081  0.8577756193  0.6580040813  0.7624561711  0.6878539599  0.7307833640  0.4931959927  0.4289134420  0.6062220137  0.6959406240  0.7752276731  1.0135496150  1.1400639152  0.9758801031  0.9198337821  0.9241200636  0.9922262226  0.8825662310  0.7532923334  0.7610563852  0.6738127171  0.6414748133
  0.9004256848  1.4980023963  2.1584530634  2.3675445068  1.5206473852  1.4565308678  1.2538157693  1.3368189279  1.6320545067  1.6860181450  1.6833033299  1.7408336895  1.4800290511  1.4690335342  1.9006728777  2.8554205771  3.2037651509  3.4133354743  2.9682819757  3.2749000038  5.2427090439  6.4808532263  6.9582750479  3.5915542057  1.9975051024  1.9915810052  2.2294121792  1.7660621116  1.5558195918  1.3711304687  1.0600670131  0.9565498834  1.0969745473  1.0968352452  1.0892725166  0.8144831447  0.8380868381  0.6542467746  0.6247493541  0.4148852705  0.3499998586  0.4444733291  0.5544711596  0.5964947691  0.6057810674  0.5336913519  0.4935033343  0.3899913477  0.3028275778  0.4282861988  0.5095118262  0.5453198386  0.6676399516  0.7969776093  1.0691992024  1.2228764151  1.9817476692  2.8252013054  3.4155765677  3.4840320963  2.0674649695  1.3844328673  1.3908382315  0.9623095976  0.8069545051  0.6911312094  0.4408890498  0.5169048395  0.4788281656  0.4130267966  0.4481941622  0.5408283030  0.6726281875  0.8102372299  0.7846338141  0.6946524070  0.6839207122  0.7980772637  0.6582001861  0.4923390607  0.6151755009  0.8210574626  0.8235447232  0.9808072871  1.1100855738  1.3994816673  1.2968281490  1.9598072191  2.5505051889  2.2779652900  1.7647463834  1.6340629720  1.4311863180  1.5382406587  1.7843861361  1.6589321681  1.6019478824  1.4115969721  0.8662141332  0.7224098432  0.9491545712  1.2741316948  1.3783737400  1.6277854297  1.3806459135  1.3505907667  1.8223893966  1.7408605001  1.9177518376  1.8242628278  1.3957927016  1.6519962855  1.8834953590  2.2595281884  1.6619291641  1.4415281904  1.3498101977  1.5557757517  1.7786407708  2.0852803975  1.8723797310  1.3048040558  1.2601323872  1.3056113484  1.0904473554  1.3607645370  2.1085515429  2.2822324643  1.5932394226  1.6154378160  1.8597803930  1.5267952402  1.8226323986  2.7358753054  3.3969086278  3.2976299112  4.4181139908  3.9409985596  3.2469871900  2.0622988066  1.6137714268  1.4152477889  1.1004928419  0.9036831285  0.6996089247  0.5705157693  0.8469939697  0.7305441254  0.8151743485  1.3338352482  1.7180299634  2.0897105454  1.5012746413  1.4406744408  1.4638496670  1.4415249694  1.3493460175  0.9462341360  0.7210066800  0.7904618547  1.0238083476  0.9969256599  0.8397107480  0.9861369705  1.0624000920  1.0812758568  1.1552770356  0.8727360435  0.7666179102  0.5904482897  0.3681790297  0.5075773532  0.5808590791  0.6990223078  0.6961722597  0.7533129461  0.8449246861  0.6964437830  0.5840109472  0.7634839067  0.7344069885  0.8062833201  0.6369079647  0.5087671159  0.4100250143  0.4165218354  0.7084474502  0.6430828436  0.6407594755  0.9814312305  1.2201467775  1.2340324384  1.0713468826  1.1977961062  1.2239326447  1.3202602456  1.0578839262  1.0125744139  0.9827417595  0.6903236845  0.9571038195
  1.3870553367  1.9446408265  3.0890576254  2.1022554626  1.2002005574  1.3939213617  1.2411075858  1.0239073088  1.1261055294  1.2652662713  1.1585082401  1.3635502718  1.4098815916  1.6081716359  1.6674058267  2.1184402456  2.6196020595  3.1615306092  2.8270142200  3.6202300948  5.3866088893  5.6089007100  3.7726705539  2.1092233183  1.7324239938  1.7344448064  1.5960921739  1.6212835129  1.7239062486  1.4532020541  1.1597018922  1.1493785074  1.0063618334  0.9663512230  0.6633595200  0.7459955103  0.7959776315  0.6985299110  0.4692742562  0.4152336535  0.5182348269  0.5189888200  0.7845391427  0.8344329221  0.7198576515  0.7774165724  0.4459661055  0.4675645968  0.5436600280  0.5527315290  0.5459929613  0.4814703517  0.5446662260  1.0832253767  1.1687316956  1.5558733575  2.5093109582  3.1633974916  2.2150367027  1.4334476047  1.1263000399  0.9092458757  0.6648921768  0.6470455188  0.5120886492  0.4387248943  0.5054919088  0.5508483570  0.5426453681  0.4871835251  0.6751045334  0.8112813815  1.1731644247  0.9326015566  0.6764207218  0.6018764347  0.7755616809  0.7049073382  0.7676349795  0.6929245543  0.7809173554  1.0762682637  1.1546941860  1.6324124136  1.7288704342  1.3873708235  1.5742834955  2.0669398869  2.5406835744  2.1826011643  1.9863450460  1.7572841528  1.4631064170  1.3450783992  1.6364549329  1.7157943493  1.0212261781  0.7104943002  0.5465720291  0.8692293908  1.1376579835  1.3321310618  1.4965617132  1.1920994145  1.1908176492  1.6455778502  1.9355993677  1.9635968833  1.8410718673  1.6545203974  1.9505691442  1.5841678120  1.8611494699  1.7938495019  1.2490969259  0.9587969242  1.1263202606  1.7216142671  1.8625694114  1.9944919308  1.4760232267  1.4736437648  1.6754464727  1.6382238653  1.4505159880  1.6259584572  1.5411521569  1.3454952912  1.7144328474  2.0213296938  1.8843453399  2.0145508872  3.0955258850  2.7435390149  2.2560492416  2.8115688019  2.8214448571  2.7638356531  2.4553495779  1.6775972888  1.9414046576  1.4136264343  0.9460819115  0.6823593311  0.4762526512  0.5402246810  0.5583017472  0.7211907526  1.3525611347  1.2808816963  1.4915298017  1.1625367193  1.1907573568  1.5789289790  1.1289640501  1.1172100283  1.1749729422  0.9813510056  0.9189641962  1.2964611610  1.2707608804  1.0314068996  0.6818214115  0.9283764650  1.4093208618  1.0725993167  1.1961695057  0.9783318525  0.6322777892  0.3361118201  0.3719438071  0.5725517552  0.6148352778  0.6179692110  0.6535427291  0.7055436693  0.6722508044  0.6238576351  0.6880376565  0.7631747624  0.7537716690  0.5461765515  0.3556669158  0.3278136348  0.4687414015  0.5914220673  0.6345989177  0.6503476100  1.0102289967  1.3401555811  1.8010766070  1.6686009877  1.4584876719  1.3961410469  1.6167405648  1.5109127049  1.4731049845  1.3926585396  0.9301349468  1.2664747170  1.3052892020
  1.6588924496  2.5711256904  1.9527244889  1.6185540546  1.4206077738  1.2547157552  1.0207195989  0.9039961262  1.0651591531  1.1616571355  1.0265092514  1.0999669667  1.2891855821  1.4282781130  1.4997934951  1.6887965115  2.0685482812  2.3457509462  3.1610294403  4.1211797113  4.3245271208  3.4998595376  2.1632128993  2.0648635353  1.4256631427  1.1891713840  1.5956123766  1.7940769464  1.7209996605  1.4857983263  1.5080292755  1.2421997144  1.1739076257  0.9201614912  0.8421944048  1.0333260113  0.8961226041  0.5510245070  0.4358687440  0.5403275315  0.7901330013  0.9909739075  0.9415491199  0.9528421780  0.9013769126  0.5894068389  0.5444941423  0.5472856322  0.5519454732  0.4873341288  0.5126846689  0.5967470666  0.8937154110  1.0104710188  1.2717301840  2.2228184056  2.1612507393  1.3466799941  1.1069453308  0.8598205666  0.7672258750  0.6542306979  0.5355725217  0.4524456724  0.4567526102  0.4925799394  0.4691981369  0.5573778899  0.7161360340  0.7083321633  0.8511557539  0.9915586858  0.7606927794  0.7231145715  0.6337691099  0.7586714920  1.0411233929  1.0838420788  0.7999602947  1.0052876994  1.0030945483  1.2390146673  1.7763681924  1.5207640274  1.4932047858  1.4578275957  1.3552146052  1.5752449561  2.0854181112  1.9080579343  1.5773837226  1.6278791547  1.6839142581  1.9422794583  1.3563660339  0.9595388063  0.9640468846  1.0072059078  1.0751334934  1.3401836304  1.7951617533  1.8915617407  1.4847984988  1.9049446546  2.0911546296  1.9183316023  2.3373734168  2.0768717404  2.0536397431  2.0146513078  1.4089413031  1.4979684121  1.2809132919  0.7870634489  0.5969687905  0.8506093397  1.0878784103  1.5435523944  1.9098879789  1.5476967087  1.6737585470  1.4267180370  1.6102959917  1.5899128775  1.4061144465  1.5473067348  1.6035666244  1.5571290020  1.7919349715  2.0756083964  2.1023074271  2.0110774272  2.8406540600  2.5651168081  3.2577599932  3.3852714735  3.0296922468  2.7719497858  2.2276823564  2.5465139439  1.7459163335  1.3924798266  0.9955835554  0.6287689739  0.4137983344  0.6276484971  1.0462308973  1.0589718828  1.0722278365  1.0752190866  1.0825259506  1.1461737321  1.6565403884  1.4534990373  1.2157332123  1.4700048325  1.5144404329  1.8036980290  1.9607649156  1.5444173964  1.1931719974  0.9255134503  0.8929725337  1.1084727977  1.0291344517  1.4266503090  1.4487450289  0.7775950938  0.5656903506  0.4951145740  0.7933951432  0.7497336104  0.5553171264  0.5679947502  0.4683562052  0.6206311246  0.5274784810  0.4455878102  0.7228448575  0.7497628420  0.6211033443  0.4950017551  0.3929759992  0.4087989569  0.4394014072  0.6159042783  0.8884887875  0.9963280292  1.5844525732  2.4031459633  2.0326857134  1.8646882220  1.3713610104  1.4933671597  2.1664054000  2.2474342681  1.5370556926  1.2603572333  1.3381487350  1.0961211489  1.8550691226
  2.4726482720  2.5831631468  2.0423259581  1.7300886135  1.2460888411  1.0704724824  1.0310167096  1.2306861906  1.3164844015  0.9506724591  0.6703029663  0.9361167246  1.3641599369  1.1906815868  1.7254768611  1.6447211301  2.1787273690  2.6475333390  3.2647562396  2.8547466890  2.4146219342  1.6455661372  1.5811676494  1.1701109620  1.4323826952  1.3740232975  2.3696674206  1.7888714318  1.4790191304  1.5354476209  1.1638449115  1.1259363949  1.1465521667  1.2102636198  0.9495851472  1.0019906921  0.6433032593  0.5713742153  0.8585726843  1.1499945240  1.3379256469  1.0609323616  1.2628584320  0.9639292438  0.7307924137  0.6244102137  0.5928460507  0.5120633006  0.4777910951  0.5064831964  0.6666967396  0.8668872389  1.2458996249  1.1433852336  1.4228260054  1.1623214553  1.0834616272  0.8831957887  0.5877714950  0.7555258794  0.9198789599  0.6221305837  0.4590835936  0.6433589027  0.7710195798  0.5434548786  0.5322076088  0.5317716944  0.4138735963  0.6020603284  0.7177765409  0.7067127611  0.6297619291  0.7189782569  0.8223887154  0.9655734258  1.4528210605  0.9878827592  1.0119945211  0.9643784736  1.3620698650  1.6776750110  1.4282236961  1.3395412621  1.2031382922  0.9533795501  1.3213334559  1.7278402487  1.8116265489  1.8474953102  1.7209760333  2.0951256894  2.3848127269  1.8920851529  1.4279334844  1.3783450224  1.3434275831  1.4025870659  1.2526383069  1.8617409227  2.5904720627  2.7913831035  2.4783347687  2.2544456891  2.0829691139  2.7193903320  2.4159557061  1.9442967255  1.5692613600  1.3640005316  1.0654773398  1.0060885329  0.5471528324  0.4919193614  0.5964577129  0.8846608818  1.5895149333  1.7531199539  2.1531409018  1.9282586256  1.5473636634  1.7151810301  1.3512461259  1.2097640171  1.9558981043  2.1143525371  1.9226517503  2.0519333300  2.1139718776  1.7880619120  1.6401307409  2.1897860335  2.8844558786  3.3460048963  3.4919116178  3.1417475872  2.3135351488  2.5559169708  2.2461134343  1.9828999593  1.1403260669  1.1753184438  0.8574060699  0.6094306169  0.6443573657  1.1315034241  1.5338414499  1.2789322079  1.0671365236  1.3546276554  1.8879929552  2.4811182957  1.9871614982  1.8031235913  1.9466103777  1.8367917973  2.1472847238  1.7559020910  1.4065721073  1.2480430736  1.1293125548  1.0537571633  1.0655914403  1.0134059627  1.1444738296  1.7033060925  1.3241916346  0.7636434472  0.9254553389  0.9442608391  0.8550013616  0.6308544798  0.4912243600  0.3979092919  0.4198522769  0.5612943622  0.4270786372  0.5358219252  0.6937745447  0.6326974768  0.7089549273  0.5532208220  0.4804006545  0.6201995313  0.8384486518  1.0940061005  1.1938684622  1.5902903939  2.4475047463  2.4622515894  2.4480371457  1.8706484999  1.9642729003  2.4655175566  2.0429833045  1.7944635396  1.6452683878  1.3007643490  1.2011483776  2.0293171285  2.5495844495
  2.8559294436  2.3802831423  2.2988533753  1.8845474495  1.2416946415  1.3273944405  1.4137462165  1.0954152212  0.9597832703  0.6639993355  1.0786879299  1.4978487136  1.7458627613  1.9318452845  1.2765539620  1.7057875940  2.4672171976  3.1784493344  2.4111676831  2.1113478661  1.8235553956  1.0445204117  1.1819956506  1.6634921278  1.3649690223  1.6060419935  1.7479631877  1.4208217988  1.2855836047  1.2997189138  1.2966368190  1.0742121855  1.5345559090  1.1989842298  1.1959209232  0.9794215791  0.7264246640  0.8279865439  1.1796068232  1.5334553352  1.0583246027  1.0288103687  0.8619116517  0.8590968502  0.9831104512  0.7454296269  0.7427118208  0.6927027047  0.5369245676  0.7109354993  0.9551247437  0.9035722913  1.0597273801  1.0195383730  1.3537003112  1.2953673503  0.9313840163  0.7956645051  0.7221078426  0.7992929435  0.7020680305  0.6497953829  0.6187316829  0.6229871089  0.5619951316  0.3763179755  0.3489168153  0.3676574271  0.4439994311  0.6030763402  0.8512256292  0.8389644237  0.7321061620  0.8056558903  0.9031521258  0.9091881089  0.9097017944  0.7712702557  1.0919786655  1.3545470412  1.2774578072  1.3909406856  1.3045158226  1.4822383312  1.0228789052  1.7344762914  1.5801081185  1.5567899803  1.3530698975  1.4494089549  1.8110356697  2.0414637711  2.2142055392  1.7974912390  1.5532564806  1.4254762307  1.6883191408  1.5253932611  2.5127062666  2.8832039742  3.0517741047  3.1166413613  2.6084305281  2.1498886102  2.5327046902  2.4510819695  1.9076429951  1.1019479265  0.6354666119  0.6403403197  0.6954518806  0.5633180276  0.5759356998  0.7095562187  1.0447925917  1.7855123513  2.1462363525  2.6977701372  2.5899702703  1.5667313458  1.6288680438  1.6509479560  1.6588003530  1.9240427268  1.9563888258  1.8043799854  2.2819208509  2.2981360129  1.8956690290  1.6007564023  1.4732665056  2.1857945686  3.0277102114  2.7090078951  2.9455481024  2.1173984543  2.4290155927  2.2590511298  2.1860025348  1.4603943396  1.1997253156  0.8789084137  0.7228813548  0.7681649780  1.0697329841  1.3862511261  1.0848068925  1.2689884160  2.0024080958  2.1100409214  2.6888398093  2.0506470564  1.5834444677  1.6102099287  2.4661781362  2.3738587410  1.8464280467  1.3034167326  1.2983404840  0.9913090084  1.0383614491  1.0767317339  1.2103740585  1.2797180071  1.2632532938  1.1109655770  1.0241209745  1.0627751282  0.9853582867  0.8069926778  0.5279644940  0.4340569459  0.4223389285  0.4434742038  0.3710896017  0.4912580647  0.5869236629  0.5979138407  0.5689970991  0.7873134404  0.6805620763  0.6101874034  0.6322425836  0.8879413061  1.1837482481  1.3418001495  1.8198949696  2.5987218735  2.5620017321  2.7546112809  3.2289800421  2.7426981108  3.5222498804  3.1403271359  2.7310969560  1.8966874960  1.4088770145  1.4810716823  2.2908072982  3.7364490506  3.4694921689
  3.1971973853  2.6963350230  1.7176866734  1.2556727355  1.3266234265  1.2385518877  1.0183834728  0.9946739454  0.9545749447  1.2428638889  1.7789366428  1.9311173314  1.8151364260  1.3369371555  1.5559348387  2.1968564602  3.3705472715  2.6683591200  2.0515113380  1.4362030934  1.1652134226  1.3867709786  1.5535319015  1.1286925782  1.0010761723  1.5885617956  1.4824488735  1.4828178742  1.2884860983  1.2056596713  1.2109674711  1.3460544701  1.3490835635  1.4374514438  1.4446115141  0.9799463271  0.7877060111  0.8274509680  0.9224729116  0.6620074930  0.8030979887  0.8233490638  0.6722640321  0.6600427307  0.5450520716  0.6642350005  0.6859324005  0.5559572260  0.6944284172  0.8196209805  0.6699365826  1.0507713738  1.1272607221  1.2444232916  1.1682416466  0.9698134550  0.6881072882  0.6679112357  0.6028651450  0.6489220966  0.7301292365  0.6317919322  0.5561144564  0.3813631959  0.3542888081  0.4125701545  0.4491760112  0.4207541453  0.6571245952  0.8045985266  0.8467172930  0.7743911061  0.7405195336  0.9284175745  0.8407987405  1.0315100753  0.9198674958  0.9538756395  1.2658561686  1.1527538201  1.2853379769  1.3876435140  1.2947390068  1.3368027834  1.8709370371  2.1801497938  1.3039594031  1.2904425195  1.3797081933  1.6310440586  1.7691266303  2.3671227055  1.8894366845  1.5423064039  1.9004013225  2.1561937253  2.2775551030  2.6749937370  3.0364621420  2.9100917447  2.7004004264  2.7423439283  2.2430394946  2.2348167593  1.9479893740  1.4771852103  1.2647488492  0.8399357545  0.7776587312  0.6804460191  0.7462983851  0.6438626560  0.6921810513  1.4567891785  2.2174398793  2.3926882553  2.0128889371  2.0654083106  1.7992909508  1.9397932728  2.3487167047  2.6322696937  2.4423805431  2.4204420528  2.4615339747  3.1424872661  2.9652199316  2.3768980435  1.6413035633  1.6277848856  2.3117415014  2.3770406053  1.9450078535  1.6044713055  1.7054753400  1.9472807272  2.1672691743  2.3709345593  1.7729052009  1.2587432218  0.9543788335  0.9856447729  1.1881801071  1.0078664647  1.0202465848  1.0502108245  1.0454351083  1.6105579792  2.0513938893  2.0104260776  1.9292798351  1.9939452863  1.9751292627  2.5548067300  2.5088759230  2.3065793045  1.9448021274  1.2642570845  0.9730818574  0.8506240638  0.8669347160  1.0322063728  0.8840031910  1.0735807499  1.1111391267  1.0339073841  1.0813116249  0.8789451198  0.7931043236  0.6080047799  0.5209878321  0.4422818396  0.3776959607  0.3194127131  0.3901312311  0.4849842734  0.5165947372  0.6583265085  0.7598940491  0.5966859779  0.6744402255  0.8066831166  0.8828093032  0.9679292090  1.4688586913  2.0265005612  2.1396873121  2.4438424682  2.2733763787  2.7870080349  2.8803483082  3.0529227113  3.1916173039  2.9136949735  1.9669842810  1.5167618150  1.5788203683  2.2098258438  3.5034763020  3.0995376058  2.9026981732
  2.4606999445  1.6336229341  1.4019363102  1.2762296816  0.9649618730  0.8919194149  0.9926321394  1.0692978555  1.1143604876  1.8020288636  1.9871774853  1.7353610823  1.6216431510  2.0284237472  2.3867552363  2.4846269134  2.4198098494  2.4290052719  1.7684338026  1.2337372872  1.5202708689  1.4866239322  1.2144228952  1.1504315574  1.4006207782  1.1999977548  1.4666191419  1.6142633513  1.7095788851  1.6163112065  1.8162558091  1.7703795279  1.6027387760  1.4257841141  1.1913723059  0.8216210349  0.7468626522  0.6854070008  0.5922200607  0.6266895058  0.6491072336  0.4786405126  0.5173398748  0.4484122341  0.6418733220  0.9705205042  0.8016672682  0.4793905029  0.6137483322  0.6248900412  0.8212782262  1.1381086121  1.1892054854  0.7684669307  0.6988472159  0.6569076714  0.6160388791  0.6182534666  0.7763118486  0.9152809670  0.5514303418  0.4532084046  0.4168417365  0.3613540609  0.3149590250  0.4003644774  0.5725166028  0.6175735392  0.8155080374  0.9270048753  0.5898379544  0.7414954790  0.8511535531  1.2174527446  1.0992016099  0.7818207215  0.8214466941  0.6436229240  0.7122881881  0.9168651101  1.0017960781  1.3019186296  1.6384124703  2.1277770128  1.5777189129  1.2333425905  1.3163517414  1.3502427019  1.5498857256  1.9324835549  2.1542372821  2.3932777511  1.9926805784  2.9006204858  3.2098057721  3.2984091950  4.0756926127  4.0190086011  4.5287602383  3.3390085099  3.3232043500  2.2187774857  1.6224658743  1.4442790023  1.9527609978  1.9553040960  1.5883157475  1.1201669985  0.8058920287  0.5725826694  0.6308920755  0.9000018486  1.6677488730  2.0619160998  2.6857134289  1.9752216704  1.9642042885  2.0317201061  2.0138304310  2.8628544200  3.3421946698  3.5476316950  3.1696679273  4.1621126855  4.4170104549  4.2022436489  2.8590748663  2.1616326946  1.7931089574  1.7640528526  2.1270361834  1.6223079224  1.5731175709  1.4193890893  1.6542281348  2.0829532311  2.8793510740  2.4195154031  1.7317252388  1.3510753749  1.0960365097  0.9180029090  0.8137920276  0.7193106120  1.0210679619  1.1156031478  1.2424362802  1.5915045014  2.5652750380  2.9081350807  2.4134353576  2.6884697252  3.1292720269  2.4568896528  2.7285260776  2.4432114395  1.4656475444  1.0117914393  0.8399447450  0.7198649839  0.7227238684  0.6999659639  0.8986773696  0.8248085804  0.6207288760  0.6045466054  0.6454578304  0.6466434561  0.6234238331  0.5527070039  0.5266454289  0.4281315158  0.4092485809  0.4320579431  0.4222034917  0.5242900093  0.7911390347  0.7672380375  0.5128092955  0.6592214189  0.6787281854  0.8682650814  1.0150036975  1.4570203032  1.7895056160  1.8084940526  1.8514340308  1.2724447885  1.7663058734  3.3395136891  3.4072152780  2.7791378808  2.4646473364  2.5964860142  2.2529841750  2.2627791304  2.3394163911  2.7339807960  2.3663785268  2.6837528814  2.6418928797
  2.4169864612  1.7156847340  1.0336103767  0.9116262319  1.0544483365  0.8258237384  1.0474336307  1.2181009445  1.5739566131  2.1013839417  1.7176850972  1.6624856579  1.9969807437  1.9052523050  1.6989634632  1.9293680157  1.9044810999  2.0268089190  1.4008206063  1.2643868423  1.0292403876  1.0841346265  0.8394974385  0.9826538799  1.3369207163  1.3121162384  2.7182884467  2.6843218543  2.1880970908  1.3067075297  1.6194882794  1.4392129509  1.1288083073  1.0192204812  0.8594121715  0.7812499792  0.6258053859  0.5168943284  0.4779736999  0.5721245375  0.6030181154  0.5151749968  0.5556687661  0.8352879826  0.9826877776  0.7599530399  0.5616228328  0.5678552763  0.5223710586  0.6366637736  0.8766521365  0.8168749769  0.6077503959  0.5747009146  0.5976825965  0.4811597663  0.6046154581  0.8476679891  1.0209863208  0.7816974214  0.5615183809  0.4189016508  0.3695033861  0.2553697329  0.3191024606  0.4201033962  0.3514267770  0.6839482957  0.6416035544  0.6513685898  0.6671494168  0.6876138255  0.9757795424  0.9640077471  0.7209193023  0.6064583980  0.4471355128  0.7151474629  0.9136580581  1.0697795517  1.1945737971  1.3040632515  1.5594872088  1.6514901744  1.5010727883  1.2737577144  1.3929405462  1.5573312530  1.7357262132  1.8995807937  2.3146492056  2.2129609520  3.0108376434  3.9262789457  4.0123518187  5.6386156947  5.6488892273  5.6610600844  5.4520163996  4.4586046160  3.0131993001  3.0182285449  1.9746010571  1.9411786586  2.0684679743  1.5268364018  1.0378462389  0.7582926360  0.6628973740  0.7297523110  0.9496619617  1.2254797681  1.4232436803  1.7612087885  1.6574221386  1.8875080535  2.1327643295  2.1949242333  2.7576595050  3.4813643387  3.8774973917  4.1420436274  5.6896928739  5.2185327785  4.2015567731  3.0640152053  2.2438514713  1.8291027292  1.5981274287  1.7807136308  1.3407663875  1.2355169858  1.0838124637  1.4546324560  1.7857382689  2.2318854596  2.0224537193  2.3206946074  1.6931507729  1.2880585805  0.9454080474  0.7393990820  0.8925084601  0.9025266598  1.0931616956  0.9910301325  1.9569897717  2.8549928059  2.8705953276  2.6528508103  2.4018524309  2.3510013537  2.3292948770  2.5331739347  1.8137232644  1.4774091198  1.1835820096  0.8332977079  0.5309163727  0.5612661363  0.6560045200  0.5011525981  0.4451538918  0.3942212382  0.4628493783  0.5433277086  0.5592337585  0.5832768277  0.5963673748  0.5246375031  0.4381597851  0.4296355991  0.4913724061  0.5871384624  0.7590798947  0.8132738316  0.7933032784  0.5479569311  0.5802056925  0.6914556139  0.7905133662  1.0538668825  1.5920244759  1.2255810570  1.3806033892  1.4319110001  1.5484779663  1.5939896379  2.2516277653  2.5012104273  2.1447059675  2.0397607531  2.3378582787  1.9896152778  2.3227808510  1.8657457877  1.8255852823  2.2571817653  2.2775726560  2.6997666348  2.6432140720
  1.7366345618  1.2962581953  0.8996408400  0.8827272220  0.9475466333  1.0328842309  1.2528503721  1.7515212120  2.0251189544  1.9926564356  1.9333906913  2.1130419970  1.5733166576  1.6532117976  1.6756466892  2.0318062286  2.2384863727  1.5308089986  1.3046914601  0.9172745731  1.0941274284  0.8119843942  0.9249282364  1.3931181758  1.5797485035  2.4783317783  3.2853561424  2.4315076498  1.5426692372  1.2067317285  1.1555513879  1.0135275190  1.1939861425  0.8959675623  0.9287716440  0.7948701515  0.4804645110  0.4463643556  0.5935878321  0.6435812416  0.6168272232  0.6932911469  0.7011345550  0.7445760849  0.7381472187  0.6953421601  0.6051110501  0.4722259234  0.4437654931  0.6098220486  0.4745916992  0.4313004156  0.4711026711  0.3923319011  0.2667847683  0.4198424302  0.7031150362  0.8548872942  0.7671381601  0.6368080369  0.4549243158  0.4302741613  0.2850119685  0.2739721419  0.3395734934  0.5163136774  0.5508670152  0.5345661748  0.6612282692  0.8649607200  0.8037827886  1.0341322710  0.9226298235  0.6928962310  0.5445961100  0.4833084104  0.8645207393  0.8393152954  0.9924913002  0.9466213167  1.1374218201  1.2605148774  1.4565229618  1.3521023570  1.2990363127  1.5136234803  1.5135080463  1.9918111745  2.3969441811  2.2245041094  2.2006657868  3.6250024173  3.9300511945  4.8744271837  4.8482120907  6.7050182291  7.0505114014  6.0645314129  5.8305090189  4.5784558993  3.4916772379  1.9936597510  1.2948157615  1.1135077320  1.1569484776  1.0337188712  0.6631203282  0.5843794146  0.8272708072  1.0234092211  1.0504660774  1.4511474605  1.5777254976  1.5648648235  1.9820118556  2.4496528169  3.0449402650  3.5324521459  3.5344505406  5.1203098875  5.2295320970  5.4561250256  5.0676242631  4.2461090541  3.0649496433  2.5963679324  2.1493893186  1.7089678148  1.6327213982  1.6510737347  1.3176130292  1.1012423988  1.3381852696  1.6047007969  1.5651784031  1.3300476976  2.1756930312  1.9248682218  1.2778911181  1.0505369228  0.9219948337  1.1349481999  1.3427710309  1.3326389827  1.4600166365  2.1010008103  2.5051721123  2.8225509506  1.9267358696  1.5704757724  1.7262507802  1.9527834392  2.1223634167  1.9673529676  1.5326304724  1.2788993405  0.8276289407  0.5663277019  0.5333808953  0.5672812733  0.5145322125  0.4427596291  0.3621917621  0.3846823594  0.4129582993  0.4438071567  0.5875256804  0.5935388131  0.5008844162  0.4698794275  0.4560034805  0.6153449250  0.8354201097  0.8424165164  0.9155900417  0.7642469160  0.5735279180  0.5643166508  0.7340571108  1.0463705947  1.1880801686  1.4425926900  1.3920884677  1.8496002962  1.8028137817  1.7619560375  1.4987161286  2.3922991764  1.9092725908  2.5256517957  2.1789424440  1.6137116561  1.5234717108  1.4964204588  1.9483386646  2.3003704428  2.4540999587  2.2065220064  2.3284737452  2.0486407669  1.6527040649
  1.4153956221  1.1271449347  1.3395066755  1.1472381327  1.1424088614  1.2875910653  1.7752974565  1.6851402180  2.1002501544  2.8706076670  1.9056791425  1.7944300131  2.1728447780  2.5742450901  1.7699839466  1.4571508391  1.7089378006  1.5173351475  1.2273059081  0.8920748461  0.7708136718  1.0017025420  1.0314153025  0.9586065192  1.5671390301  1.9341820342  1.6807039517  1.2368438269  1.1271394530  1.0860308800  1.1442153202  1.2802196218  1.1831867656  1.0361054327  0.7281971945  0.4731723817  0.5382576001  0.5980920944  0.6095774991  0.7606901875  0.7900067714  0.7905356077  0.9701600200  0.7524716146  0.6093795295  0.5374323416  0.4410717460  0.4565588759  0.4410645017  0.3339852872  0.3960243059  0.3732999008  0.3334926672  0.3167996091  0.3558273336  0.4868154605  0.6041039797  0.6828250161  0.8322611561  0.6819633278  0.4414141654  0.3967022006  0.4281633207  0.3670683012  0.5039986917  0.5053386380  0.5390403178  0.6707368116  0.7918736142  0.7478442218  0.8559216505  0.7949251794  0.5806567072  0.5495980019  0.5059522799  0.5950993814  0.7091414835  0.6968617119  1.0324243487  1.1529646143  1.2611533514  1.1500273279  1.2175501130  1.2256608217  1.5512550020  1.7266189080  2.1887023870  2.6252018748  2.0697783400  2.2039921359  2.6659314993  3.4136397157  4.5369753503  5.0406885800  9.6511701262  6.9440014720  5.5251381654  4.2632780593  3.2375946878  2.1054071899  1.9357984101  0.9597951585  0.7693677045  0.7894140910  0.7941657598  0.6696754093  0.5463481282  0.6758340879  0.8741586166  0.9481366415  1.3265571530  1.8558321443  2.3061271679  2.3397877947  2.1118824339  3.0317405402  3.9698829498  4.2902097222  4.5020674214  5.9208506949  5.4620369103  4.2880079994  4.0442062993  3.4885920225  2.2757790744  1.6727472704  1.5834031026  1.7646444668  1.9589278336  1.6638357820  1.6488448822  1.5035382045  1.5104620843  1.1934453870  1.3018501756  1.9105069925  1.5931716235  1.2541242926  1.0267849139  1.2667738952  1.6732563601  1.3879370451  1.7014306146  1.9024993583  1.9677555976  2.4448551508  2.3654546320  1.8017380636  1.3153042714  1.6763681810  2.0845225677  1.8587784200  1.4643130491  1.5139218085  1.1891702604  0.6706074895  0.5333458189  0.5484682170  0.5212909652  0.4575982516  0.4926546916  0.5667180808  0.5017993144  0.4251122307  0.4728344131  0.4533642250  0.5289148325  0.5138407303  0.4782874864  0.5142545533  0.5934761152  0.7368953600  0.6692832223  0.6133274040  0.5189938063  0.4588628588  0.4562535186  0.7312806450  0.7311032879  1.1203439009  1.3068185176  1.2164471332  1.7191225279  1.8458802102  1.9064976165  1.3600440540  2.1806782130  2.2692965380  2.5359645754  2.5396376362  2.1194282836  1.9124868328  2.0554100051  2.9916664744  2.7511474250  2.6551326611  2.2506074960  2.0576387996  1.8311824728  1.6598428729  1.5427092735
  1.2819895757  1.6085161544  1.4228683783  1.6016183207  1.4791179046  1.4159831052  1.7207216910  1.6655305964  2.0085815299  1.7275295448  1.8002571465  1.5400646435  1.7019010886  1.5084195418  1.2052250154  1.3931147661  1.1149276328  1.0273038090  0.7969837181  0.7364387125  0.8666756835  0.8806883360  0.7092030620  0.9817025481  1.3299424647  1.1550357491  1.4578544041  1.6526829224  1.5369964142  1.4820486719  1.4708424694  1.2431587363  1.0568978735  1.0272402609  0.8168865780  0.7608413928  0.6914252707  0.7509497935  0.8603720754  1.3040482856  1.0105688945  0.9586185446  0.6749617466  0.5143602140  0.4530293984  0.4434182818  0.3478289100  0.2737957284  0.3602673183  0.3999321293  0.3453661274  0.3276146151  0.3598278174  0.3578510502  0.3962702467  0.5844372907  0.6718163133  0.8310269628  0.6882368060  0.4880143202  0.5234405186  0.4562147390  0.3800964285  0.5702590268  0.6161759469  0.5669959844  0.6774034761  0.8948297300  0.8148915800  0.7578207512  0.5333531238  0.5387342862  0.5917805872  0.4623715860  0.4673542635  0.6549640674  0.8386742910  1.0448108994  1.0082414785  1.0090619482  1.1888356325  1.2681273979  1.1155301242  1.9037468275  2.0125455381  1.4997553234  1.7880541250  1.8057156220  1.6499247642  2.2843027369  4.0988908209  3.9012888089  4.6322644184  8.0961865489  4.4089815322  3.0353451789  2.5192305757  1.7501061494  1.3157512778  1.2486023278  0.9002940611  0.6305449353  0.7178911366  0.6542125667  0.5918981087  0.5668841453  0.7165932103  0.7879596156  0.9976822157  0.9597218224  1.8766055131  2.5894271904  1.9088248056  1.8248863672  2.0027669531  2.9998984502  3.8916730674  5.1752853993  5.1821285488  5.3411271071  4.1476632363  3.2536900162  2.7983953576  2.2123876453  1.7376258001  1.7455231564  2.3670292699  2.7392211427  2.1966223406  1.9231516232  1.6444220936  1.4824786988  1.7628546615  1.7038949519  1.6831089314  1.4142720179  1.4610709931  1.2100005650  1.4745068535  1.9290796010  1.6058922078  1.6497215737  1.7165770944  2.0070967519  1.9082227527  1.3188503999  1.5100592556  2.0967030927  2.7690378798  2.6003799631  2.7668106248  1.7938754689  1.3221276124  0.9574267981  0.6165719944  0.6522782375  0.7406570103  0.5679244628  0.4672779842  0.6044412188  0.7708324276  0.7648467068  0.5377870304  0.4427581512  0.3660511207  0.3486186828  0.3975232720  0.3356646599  0.4940875457  0.5496647700  0.4915832666  0.6834682971  0.6465176716  0.4715746378  0.4239242134  0.6664354209  0.5305622960  0.6190327636  0.8926787391  1.0788276951  1.3442300014  1.6214785808  1.8198128416  1.5928414718  1.4836361799  1.8135496707  1.9599010734  2.2540723022  2.0114319395  2.1132331808  3.2411513852  2.6933272957  2.4161427432  2.1439524154  1.9916421779  1.9686323883  1.7545295770  1.3203360785  1.2276913925  1.3254748861  1.3768768392
  1.5149591124  1.5263208281  1.6359549316  1.4844337168  1.5013060805  1.9448937453  1.8713422159  1.6501418399  1.4396270204  1.4515519903  1.3756307092  1.2667563735  1.6813961281  1.5261403550  1.3259564297  0.9996203352  1.0077349042  0.9623548608  0.8024438569  0.7853756054  0.9019106050  1.0337502374  1.0851460903  1.2290326685  1.3714768415  1.8444185091  2.7367784497  1.9346649621  1.4448229621  1.4641147824  1.4879640097  1.4473244471  1.3273882013  1.1788311431  0.9468799455  0.8168986861  0.6754816528  0.8731063413  1.1347835435  1.3643410800  1.0478531588  0.6275687754  0.5448307034  0.5038089016  0.4969249796  0.2848572881  0.2972627465  0.3289536776  0.4222781630  0.4011630388  0.3367292255  0.3806703548  0.3776276174  0.3808092293  0.4436318804  0.5732497666  0.6428833013  0.7759773307  0.6820341528  0.4226739302  0.4801927057  0.4821283853  0.6732311382  0.7555466845  0.6846718281  0.7151006065  0.7282447610  0.6808348489  0.7036315233  0.6449652499  0.5576199970  0.6101063070  0.5008755092  0.5050341268  0.6094820506  0.6594791221  0.8129033996  0.7705516004  0.8169032515  1.1419564467  1.1874485534  1.4296125002  1.6941254346  1.6034912036  1.2166459323  1.7040630674  1.8559862907  1.3676539755  2.1432188468  3.6080290065  3.9139048035  4.3035996061  4.1907692836  2.9315927801  2.1035259829  1.7211478765  1.7345919252  1.2367432315  1.0437200108  0.8508775625  0.6520660572  0.5090030488  0.5143405068  0.4097104042  0.4199233588  0.6123976105  0.7618868602  1.1524954383  1.4233133887  1.7639368476  2.4467580122  1.8659950301  1.3930310890  1.8298839771  2.5181857742  2.6713680611  3.7788993938  4.2571807148  4.4931965225  4.1307837446  3.3695603501  3.1100859341  3.3007923277  2.5931455961  2.4193450193  2.9416698128  2.7510497051  2.2737607283  1.5246669687  1.9555349800  2.1323497714  2.1787929105  1.8234787713  1.9725471230  1.7147764666  1.4476913324  1.2192741271  1.3881466007  1.6998310975  1.6966995588  1.8315510238  2.1755118943  2.2535264192  2.6958403066  2.0334734703  1.8550263224  2.9682984741  3.7190555547  3.0177038938  3.0922284700  2.3828192960  1.9224211488  1.2111449599  0.8190811268  0.8875064668  0.6965622397  0.5982264921  0.5904062855  0.8836220342  0.8672205611  0.6956392317  0.4601221442  0.3011534830  0.3656889193  0.3475582421  0.2793609556  0.3272639937  0.4681271440  0.4639391031  0.3795936337  0.5046089833  0.5448393769  0.4333198819  0.3792247904  0.5622639358  0.5194185386  0.5733328379  0.8702479172  0.8977810841  1.4589234280  1.5182270694  1.6536741943  1.3707981493  1.3207123281  1.3498926861  1.5156727911  1.8882623612  2.3583257752  3.0427459360  3.1812242820  2.8596255723  2.4201923275  2.4585506343  1.5372288455  1.9229156463  1.5654978566  1.7889077033  1.5442233185  1.5510762884  1.5936107945  1.7131434140
  1.6792846811  2.3439801162  2.2226618312  2.4903705351  2.8039504382  2.2497986134  1.6087944822  1.6115629249  1.3346373128  1.4729268610  1.9569771383  1.8154087974  1.9112311756  1.4735645935  1.4497606777  1.2647997432  1.0526472839  0.8261737761  0.9024609485  1.0240283544  1.5036837252  1.8305687423  2.1839140709  2.6275807791  3.6136757542  3.4594864837  2.1455174013  1.7848785844  1.8444976344  2.6356442845  2.3701683294  1.5411612495  2.1910043319  1.7603510865  1.0320093338  0.8042554959  1.0271414057  1.2929943124  1.0727111162  0.9264812835  0.9790893227  0.7136865543  0.5745897533  0.4592455060  0.3940676730  0.3847921768  0.4088156853  0.3936821151  0.4010117501  0.4137750835  0.4188777331  0.5028546887  0.4280936203  0.5032065800  0.6131472757  0.6911438476  0.7377639215  0.6423560538  0.5413830804  0.5363504315  0.4666660024  0.6158463813  0.7463685888  0.6710482292  0.7197280788  0.6360334370  0.5228781032  0.5517950928  0.6383590242  0.6342672325  0.4302359187  0.5459282709  0.6172060145  0.7710916943  0.7090177609  1.0637090877  0.9094505358  0.7028181147  0.9228206200  1.3298254200  1.8143873641  1.7826018154  1.6610782161  1.2679741726  1.6479012428  1.6796239490  1.5408736557  2.2454398867  3.5195287541  3.8120985506  3.5424165751  2.6978099776  2.7584179651  2.1262734130  1.3019253024  1.3185820637  1.0120251077  0.8772662747  0.7891533078  0.6759520309  0.6586422492  0.6082089844  0.4217397354  0.4157156094  0.5415164183  0.7590946804  1.2848293088  2.1237897539  2.2033178790  2.1619947378  1.8029863422  1.6346029296  1.7717480724  1.9818133620  2.2447468407  2.4716846747  3.1455880150  3.1139359900  2.4986678440  2.2937457133  2.7491062674  3.2784262726  2.8468846967  2.3616961178  2.2167849143  1.9516517882  1.9234877372  1.5634206578  2.1644486991  2.1755212275  1.9298897011  1.6901399275  1.9114313432  2.0490045243  1.4782436736  1.1726408021  1.3900206705  1.8983425877  1.6627456085  1.3650726821  1.9596413424  2.3790763002  3.2319246433  2.6295381683  2.8776207432  3.0251500671  3.0026928366  3.2735407449  2.9426041352  2.4320586465  1.7782155773  1.0609028220  1.1112186798  0.8824486821  0.6319838800  0.6470998363  0.7067996799  0.8489835096  0.8251132934  0.5514939925  0.3905010357  0.2931295113  0.3077866274  0.2861244935  0.2012707576  0.2938919013  0.4988299890  0.4853495105  0.4781024632  0.3745612333  0.3768482118  0.4691028795  0.3520963083  0.4621551556  0.5277424547  0.5826355505  0.8285099381  0.8832422205  1.2258893447  1.4019469528  1.7345401779  1.3913419279  1.5351301439  1.4105080690  1.4474452785  1.2981484711  1.9289033161  2.5989195947  2.6186214701  2.3938634980  2.4275397194  2.3726592468  1.7636002218  1.8357245470  1.9280481642  1.6674966382  1.6978574845  1.6082998426  1.3532673772  1.3367073091  1.4815948640
  1.8634750950  3.0289810020  3.3395430953  3.4931879647  3.0841121607  1.9944446470  1.8120320029  1.6473213804  1.5177713176  1.8515240667  1.8451878142  2.3861446900  1.6659253380  1.4690232159  1.4235252294  1.0940951788  0.9498682208  0.8537702624  0.9385346730  1.2897732018  1.4245927653  1.8860930018  2.2649981253  3.8637619903  3.7433983026  2.9467010328  2.2865055726  2.2924037232  2.4395586958  2.5505498175  1.7764786528  1.5708115489  1.4232579367  1.1213977099  1.1965252457  1.2502010347  1.2394122550  0.9859754990  0.8433170186  1.0360107733  0.6298334795  0.5454151177  0.5506166742  0.6393528778  0.6700573074  0.5300867144  0.4536561236  0.3490855283  0.3680835029  0.5382445028  0.4075631367  0.4487792794  0.6195323643  0.7563496615  0.7050252842  0.5593759349  0.6066798264  0.7856600776  0.6122223415  0.5218781853  0.5680870220  0.5416133355  0.6142325091  0.5447225687  0.5080403390  0.5253157733  0.5822640928  0.6153831308  0.6035072583  0.5945306257  0.5847318877  0.5495846621  0.9670135428  1.1360902966  1.2778181954  1.0131128474  0.7719177505  0.8339159105  1.2622680905  1.7816080593  1.7023120662  1.6247765624  1.3548414045  1.7446239919  1.6985447771  1.9680014008  2.0480931208  3.0361817798  3.4823228348  2.8147263123  1.7003778194  1.7687025469  1.5042189697  1.0650469820  1.0006913322  1.0471683872  0.9671580699  1.0699365942  0.8591562432  0.7261181244  0.6863260113  0.5607800020  0.4948406656  0.5439964365  0.6357893877  1.1201709267  2.2097876404  3.0627478072  2.6191877185  2.0737725572  2.3105858423  2.1979459908  2.0505286215  2.3580169212  1.9547822975  2.1222585484  1.8628020510  1.5079240639  2.1506057792  2.1373727834  2.6169485963  2.2180763961  2.0445514335  1.9037407497  1.5453403804  1.5842839014  1.5040275541  1.9822065679  1.8120780468  2.1493953294  1.9145924632  1.8174645247  1.8579019924  1.2883725719  1.4137996521  1.1140964301  1.0848339412  1.1660935497  1.2392123071  1.4846700810  2.6003469032  3.7131169648  2.7399289002  2.7710890829  2.8598493453  2.9370888755  2.5950599243  2.4649898746  2.8037497103  1.9796261080  1.0753997448  0.9535405230  0.7448890440  0.6743571788  0.5563525372  0.6489607906  0.6962736227  0.6521708365  0.5237442985  0.4343445349  0.3373910731  0.2307086968  0.2342921235  0.2045389841  0.3093682388  0.3680350462  0.3993680923  0.3151303344  0.2474174821  0.3229615144  0.4033862432  0.2861708713  0.3272576799  0.4874088621  0.5136056293  0.6904536925  0.8589356130  1.0990303847  1.3632142038  1.5353424605  1.7775057633  1.9884808188  1.4161378357  1.3116928980  1.3024547843  1.6948903143  2.0710666867  2.2877040818  2.3466997472  1.9305336359  1.6388418475  2.0168960106  1.8832523557  2.0257662367  2.0863592577  1.6405452121  1.2008965753  1.1960339521  1.2056445584  1.3295909323  1.9944434922
  3.0541406586  3.4718772758  2.8388415635  2.7277529204  2.3903297368  1.8701263891  1.5248942428  1.4313406465  1.4939722150  1.9619047851  1.7727363352  1.4649270518  1.3944000803  1.1165905833  0.6985714514  0.5731423375  0.5206760252  0.7236456727  0.8419630956  1.1066598032  1.8107995449  2.7510463722  3.6628058962  3.4675067221  3.2707641690  2.6010617166  2.6050159121  2.5726503290  3.4297741866  2.5872641764  1.6548263226  1.2662316243  1.0391287150  1.0985390900  1.2891373259  1.2307234657  1.0971100103  0.8655786495  0.8088178274  0.6971570422  0.5480213157  0.5400797063  0.7348387741  0.8045035192  0.7432208255  0.6784635569  0.3925833913  0.4772228103  0.7253652040  0.6225061989  0.5297019993  0.7413962131  0.8401257811  0.7039398044  0.6240225005  0.5624066544  0.4919231317  0.5866332657  0.5729715322  0.4230580941  0.4990593325  0.4626133811  0.4647091693  0.4342561390  0.4147910940  0.4488854517  0.5569770504  0.5807170285  0.4624121286  0.5666269190  0.6750224217  1.1639280857  1.5055197537  1.4132185752  0.8348891411  0.7168152126  0.8621545965  0.9831638108  1.2135119018  1.4008776487  1.4389654750  1.3311308396  1.2748071341  1.4012062540  1.4247637660  1.5544911819  2.0013048345  1.8903086884  1.6157157764  1.0793064105  1.1410981928  1.4842902334  1.1252115488  1.2021608935  1.1185147264  1.1298570445  0.9256671856  0.8732532849  0.7087212002  0.6158103743  0.7326030383  0.7621793811  0.5915666275  0.5768318007  1.0680517482  1.6871164563  2.3518968524  2.6945640899  2.1234609999  1.6945458214  2.1041539334  1.9637674994  2.2678825154  2.0826821885  1.8435916882  1.3748136875  1.5735653138  1.8098753219  2.3081436875  2.8414637653  2.0001021479  1.7399022503  1.6843976934  2.2267033654  1.8812533350  1.8165796948  1.5735117952  1.4427691943  1.4965563340  1.5952566926  1.4508723250  1.3294446697  1.1374867563  1.5664093238  1.3991479494  1.1843624996  1.2910884320  1.6426432027  2.3900993096  2.4530360940  3.5129203800  2.9530187564  2.9707195324  3.0826313367  2.3740007994  2.1329542634  1.9549610918  2.1223742117  1.9765541297  1.1496014950  1.0119238920  0.7873797641  0.7770115728  0.7292145115  0.6990174012  0.7369754588  0.6527920539  0.4809673360  0.4482006229  0.3127081007  0.2135975132  0.2193844874  0.2099778376  0.1917149907  0.3283709928  0.3660492301  0.2857046918  0.2420209626  0.2663806943  0.3767677246  0.2671803588  0.3239022608  0.3345818347  0.4646460730  0.5918029719  0.6966221117  0.8713114274  0.8303769107  1.2071810119  1.6412640088  1.9649585300  1.8639787658  1.4737846152  1.4096425378  1.4261748585  1.8617047193  2.5325976147  2.0749924595  1.4659807519  1.8661303150  1.7219718253  2.0360453657  2.3805533023  2.1964396492  1.6694073433  1.3191196864  0.9445588454  1.2021447771  1.2000804137  2.0374837822  2.4567426660
  2.2640528810  1.4955912657  1.4254607425  1.2597626494  1.5230447413  1.6168588761  1.5084224478  1.7625489281  2.0147471000  1.9234778466  1.5757420630  1.1049082030  0.6297347491  0.5373564577  0.5818606857  0.6884735233  0.7864348149  0.9708331392  1.0542316559  1.2414337321  1.7013849718  2.7840885159  2.7516225532  2.7296055424  2.8935992029  2.6765687756  3.2925428285  3.7874964029  3.1917077647  1.4775599993  1.0881953173  0.9781271344  1.2312600252  1.3508188002  1.3772230333  1.3259579063  1.1299218463  0.8459129201  0.6577535215  0.4841923444  0.5301173415  0.8175144249  0.7725151022  1.0114857606  0.9270147787  0.6234538030  0.5403953415  0.5544975857  0.7578958237  0.7032120117  0.8167291887  0.7829646656  0.5719266948  0.5703926743  0.7078008891  0.6125878233  0.5924365299  0.5391505808  0.4380276644  0.4539541515  0.3991412135  0.4192805966  0.4309447569  0.3639441273  0.4163712534  0.3806967454  0.4114523016  0.4586410244  0.5364890493  0.7286160765  0.8872391546  1.2900576758  0.7945323326  0.6064571913  0.7767864802  0.9449325302  0.8564025581  0.7948335958  1.3141731953  1.1019537508  1.0548719552  0.9620944649  1.3571628605  1.3776950991  1.1373903880  1.2127702716  1.1484938001  1.1045862724  0.9633554461  1.0009486041  1.0009615419  0.8152992529  0.8137362126  0.8457330426  0.8664063861  0.8204852255  0.6575697990  0.7595979554  0.8899683233  0.8169606683  0.6747248609  0.6144307820  0.7393270638  1.1056056225  1.4922495000  1.8626244721  2.4103754514  2.4588830579  2.4268234745  1.7776202072  1.6791700397  2.4298585183  1.7617553871  1.1290808084  1.3340774746  1.7086149297  1.9505902504  2.2640531995  2.8071906712  1.8105299235  1.6930963558  1.7293189389  2.0379545748  2.1411456276  1.9490793560  1.4750824226  1.6974691076  1.7978162874  2.0719751537  1.7492068930  1.5744319242  1.3171560168  1.6580271175  1.4526814763  1.0209946434  1.5348747640  1.7080177098  1.9265748377  2.1441839572  2.4338189497  2.1214043257  3.1385374779  3.5217157501  3.1113148000  2.3089588415  1.6497610226  1.5213452953  1.3124020250  1.2602099548  1.8195577422  1.3934963313  0.9405692536  0.8545983121  0.7674199303  0.7840477459  0.7964691430  0.6527097052  0.5091437812  0.3019530999  0.2702815395  0.2684016446  0.2844611769  0.3492864424  0.3433441320  0.3750799912  0.2486237811  0.2390267295  0.2609019314  0.3133895759  0.2829189855  0.2631587575  0.3196642030  0.3676538862  0.5038974513  0.6411922851  0.7053497401  0.7755277120  0.8771062346  1.3647127931  1.3765616241  1.5276968477  1.3960356551  1.3665710738  1.5800742974  1.9955895850  1.9446671088  1.4324308101  1.1362255612  1.4554066908  1.6393220115  1.8506405182  2.2247547872  1.9479926685  1.4097001022  1.2431498455  0.9899977855  0.9491856413  1.2181276908  1.2226009849  1.6187379070  1.2876050118
  0.8239078953  1.1875867353  0.8502689192  0.9090957234  1.3060434239  1.6228359226  1.5427574016  1.3983345872  1.4649211517  1.2652518703  0.9131119792  0.5507638242  0.5340326571  0.5227765296  0.5646390180  0.8196034771  1.0023877724  1.1307490963  0.9219768722  1.2894852665  1.6243034107  2.3749150854  2.6214487081  1.9841132457  2.1251372619  2.1800607200  2.2891673288  1.7810946090  1.5153235418  1.1558122384  1.0451492896  1.3071626248  1.7814231013  1.5803337532  1.3980202675  1.1554669417  0.9744840195  0.9272639270  0.9029128623  0.7897728786  0.9331861455  0.8774610181  0.8372170933  0.7729426985  0.6145677907  0.7183431060  0.5534539086  0.6542713401  0.5396390310  0.5505638496  0.6534982760  0.4952588116  0.4226299855  0.4270253301  0.5640207483  0.6846212273  0.7056143385  0.5598485670  0.4809060169  0.4165086081  0.4429499928  0.5128627718  0.5371152122  0.4130466269  0.3324360367  0.3501603056  0.4612193574  0.6673791952  0.7091002763  1.0200060570  1.0504134513  0.6220225537  0.4996713262  0.6508509957  0.6315820114  0.8085235177  0.8118018575  0.9034157037  1.1533261311  0.8919096465  1.0718448936  2.0309501278  1.7622800256  1.0781581440  1.1370977958  1.2193114874  1.2248472366  0.9881857710  0.9781747308  1.0704618799  0.9189559412  0.7983528980  0.6973517004  0.5498049705  0.6143249131  0.7750989935  0.8536383523  0.9775385218  1.0951466795  0.6927071478  0.6221443148  0.9122420064  1.2711768824  1.4890560374  1.5447687573  2.0331260936  1.8023504509  1.9029553447  1.5875890576  1.3838624786  1.8159837459  1.4835674328  0.8823147738  1.0211873654  1.4374196556  1.6186553187  2.4338680822  3.4078840043  2.3786637515  1.9734511747  1.8639646570  1.4640644572  1.8202461374  1.9714768652  2.3754000166  2.5519931201  2.6246747222  2.7660052450  2.6644216412  1.3732370287  1.0668266098  1.3502426136  1.2405173564  1.2255026477  1.3142804229  1.5251082299  1.5556045315  1.8438183900  2.1114006582  2.3931157239  3.2919687976  4.3046225010  3.9456318321  3.4318707018  2.1615379506  1.3862312043  1.1195873328  1.5528004805  2.3432460113  2.0395324825  1.3832881833  1.1185387782  0.9255520418  0.9065978951  0.6994156104  0.5811315227  0.4546567247  0.3188452682  0.3374019657  0.3914746550  0.4950991128  0.4832300197  0.4080465021  0.3937274986  0.2547835357  0.2573028726  0.3729623458  0.3778938333  0.2905042386  0.2646930301  0.4110940818  0.4454327120  0.5626758392  0.6151694928  0.6310387218  0.6198010452  0.8321113060  0.9865048095  1.0681921137  1.1727923280  1.3058693674  1.8106052774  1.7424103724  1.9070066127  1.9394689754  1.5392072530  1.4128087198  1.6259502148  1.8751740268  2.0638917842  1.6949029442  1.5121064409  1.0475399371  0.8130339707  0.7441636898  0.8142644087  0.6047243279  0.7421658240  0.9187580033  0.7618412488  0.6735862243
  0.8031346308  0.8404826258  1.2632861828  1.1748279358  1.1322626233  1.0338335142  1.1666457443  1.2186162889  1.1585295126  1.0088871557  0.6512980825  0.5379508617  0.5691873412  0.5506798450  0.7780257837  1.0077814534  1.3414838478  1.5921796505  1.7021841565  1.4505225163  2.4237558381  3.1438319956  2.5064633788  1.8701166516  1.7166724154  1.4524546320  1.2508424269  1.1754488209  1.2459643052  1.4319188512  1.3583972414  1.2653704826  1.3545181130  1.1857105810  1.0391141466  0.9482936830  1.1796239740  0.9112973682  0.7692613869  1.0994492043  0.8683299472  0.7073668971  0.6434181842  0.7127066402  0.8530994732  0.6342995996  0.5400247544  0.4259867941  0.4788655262  0.6158794438  0.6393660536  0.5195597495  0.4375023406  0.6834028508  0.9680463692  1.1255764337  0.9452527142  0.4197889105  0.4433711707  0.4535234407  0.5097339833  0.5480056977  0.5196676857  0.4202553179  0.4694693658  0.4752301400  0.5311230989  0.6743675471  0.7707644602  1.0376044916  0.6790767833  0.5639180947  0.5313129383  0.6617186857  0.6423913220  0.5780097490  0.5298795118  0.7409655859  0.8818310779  1.4284609465  1.8678171073  1.7166869436  1.3890737005  1.3097510198  1.1781407626  1.1107190717  0.9367177990  0.9430714084  0.9140233795  0.8213108478  0.6521888377  0.7537008812  0.6180111206  0.4769047257  0.6519994014  0.7233534451  0.7766288478  1.0413543638  0.6997563346  0.8469004383  0.8972408304  0.9193849639  1.1226926870  1.2189898885  1.7044782901  1.4477274184  1.8583157112  1.5101140717  1.4831856342  1.9269357606  1.5254171316  0.9355102626  0.9750560970  1.2828535241  1.5929170771  2.0139154064  2.2661451560  1.8932334134  1.7065970500  1.6684321636  1.8543742559  1.6875013812  2.1954395647  2.6839563691  2.4000297966  2.4322127560  2.6891706071  2.2759600889  1.5142640582  1.2803668801  1.4032175236  1.3110037324  1.1624206773  1.3435925122  1.4210003964  1.5793963654  1.6810513069  2.1129488869  2.3334213600  2.6229942620  3.4744798747  3.6975187300  3.1522057514  2.4207586844  1.4839335488  1.1586433832  1.6009997332  2.2555378027  1.8504297299  1.1928644280  1.2507584604  1.6258758732  1.1772539451  0.6528532252  0.5766361949  0.3898425921  0.3232448758  0.4633111022  0.5978066730  0.7137496983  0.5509509326  0.3123749667  0.3158077715  0.3594497156  0.4124743801  0.5085761732  0.4361839151  0.4770691397  0.4360876451  0.4433961398  0.4982831974  0.6700985367  0.8928880793  0.8209482649  0.7832903849  0.8527013929  0.7129960764  1.0252931669  1.2232111396  1.3517179085  2.4101584573  2.1884081095  1.9036671825  1.5618333522  1.4016111380  1.4209202667  1.5469136023  1.8686630636  1.6954958127  1.1957925722  0.7710237140  0.7919781376  0.6773080293  0.6283037285  0.6832570144  0.5248638239  0.6591316541  0.5503868973  0.5642491340  0.6925431214  0.6500503311
  0.8656456345  1.1134068679  0.9682220324  0.7688136335  0.8711660659  1.1572915302  1.3804019268  1.1800838154  1.0066827577  0.8407580068  0.6036768775  0.5303068298  0.6173027806  0.9234758168  0.8766859052  1.0887301644  1.5166322482  1.8069228575  1.6820688934  2.3921830131  2.8602957892  1.9663396067  1.8578787816  2.2660017588  1.5707210070  1.2947532990  1.0939744154  1.3715260755  1.1908441588  1.1004282698  1.2438545053  1.0481604371  0.9867916182  0.8587507374  0.7838776436  0.9666017205  0.8345083142  0.9405691747  0.9034762620  0.7979859020  0.7497432545  0.7100884479  0.7103405203  0.7146531211  0.5869639805  0.4720546884  0.5030044983  0.5404478271  0.5439469040  0.6308253876  0.5041188909  0.6067821551  1.0054418295  1.2451698499  1.2023043055  0.8621152472  0.5031152258  0.4984099126  0.4614524632  0.4976337388  0.6090407120  0.5623781913  0.5198097598  0.5845148485  0.6362372835  0.6990488773  0.6704990853  0.7037378499  0.6959104087  0.5708205431  0.5407577847  0.5247552626  0.5697956694  0.4596584953  0.4426217828  0.4895580247  0.5937137038  0.7467756559  1.5108290918  1.5995289117  1.6317756507  1.5413491341  1.1957290791  1.1375871402  1.2361039966  0.9804929322  1.0282160581  0.8163331341  0.7239945432  0.6100021063  0.7590912609  0.6942885866  0.6394811474  0.8069310083  0.8480647024  1.2402701705  0.9497845393  0.8512694064  0.8821813170  0.8022493919  0.9229385494  1.1238520797  1.1641953418  1.2792415684  1.3040606079  1.4254865146  1.3299227079  1.5436712818  1.7173662457  1.3602020681  1.1117538182  1.1603217272  1.3069448192  1.3315207762  1.7268988187  1.4160495121  1.3653761545  1.8890677178  2.3750129777  1.9740900339  1.8395621308  2.2209898784  2.3718480160  2.2670824342  2.6111040396  2.7423813626  2.4095286426  1.3990697479  1.4405168192  1.4569640135  1.3304310944  1.3754080315  1.8570158637  1.4440331149  1.7758669669  2.0390263727  2.4748302356  1.9617264935  2.1669291984  2.1549136775  2.3797886903  2.3200640229  1.8702790977  1.5371505221  1.7002067222  2.1841558158  2.1861643869  2.1218595539  1.8394086521  1.4776109852  1.5584278886  1.2464368217  0.8426190897  0.9898930351  0.6422059339  0.4684979638  0.4963184642  0.5506659121  0.5836431042  0.4787837433  0.3368653453  0.3828001674  0.5115626426  0.5187536912  0.7006885158  0.5147131580  0.5731884180  0.4548072254  0.4677813995  0.5875456562  0.6943776572  0.6572397695  0.6867984884  0.5313726659  0.6285407735  0.9525488675  0.8584941086  1.0598523808  1.2581281456  1.6396027956  2.2044061224  2.4771104009  1.8933534575  1.4638229155  1.5193833710  1.3912575908  1.4095628213  1.2647627930  0.6611562863  0.6347711588  0.5298852635  0.4790623093  0.4899317207  0.5212690674  0.5202937010  0.6298808637  0.5327568653  0.5422497285  0.7122040655  0.8148223086  0.7910881688
  0.9534900946  1.1230308971  0.7597171359  0.7710978336  1.1848407823  1.0383291779  0.8029077871  0.8517196521  0.7231564484  0.7034841889  0.7818816873  0.7604564515  0.9141539673  1.0719624162  1.1611680164  1.5437371676  1.5982401035  1.9800716817  2.3750790157  2.3946318987  1.8362555327  1.5363578314  1.7134927500  1.6125145768  1.3220153438  1.1494794077  1.0331789200  1.0432812621  1.1068873984  1.5393080482  1.3922370290  1.2779758418  1.0997522210  0.7348816759  0.8277735212  0.9560733494  0.7818794037  0.6456372567  0.6717398557  0.7451519443  0.6773698526  0.7766674972  0.8754482732  0.5075862219  0.6582980603  0.6176564665  0.6836785285  0.6236570471  0.4887381546  0.4555580318  0.6026944305  0.8237824835  1.2691353011  1.1194514332  0.8449280222  0.6418689035  0.6204406650  0.5444466425  0.4747817485  0.5814701995  0.4528034870  0.4411521684  0.5481475748  0.6431469570  0.4615588275  0.4132131549  0.6122042996  0.5300157503  0.5932516381  0.4782256278  0.3962858178  0.4678231428  0.4587513863  0.3489505671  0.5390552803  0.6280421251  0.7771340855  1.1553161431  1.5547767379  1.3850610002  1.3208229269  1.2779404502  1.2705350575  1.0461812599  1.0591191002  1.1962157663  0.9354519493  0.6532361899  0.8061206108  0.7859722900  0.6440777354  0.7651665995  0.8582323002  1.0046954858  0.9816503648  1.1229007686  0.9034338899  1.0939363991  1.0995797252  1.1078708600  1.1007698306  1.2983918639  1.1725207210  1.3048001067  1.5187565879  1.2890958947  1.5050559996  1.3732125409  1.1825069004  1.2012423673  1.1085734231  1.1928830003  1.3083445631  1.5061237795  1.4945220098  1.3617224313  2.1695141993  2.2377235699  1.5384439811  1.6622947687  1.8086144544  2.2469847290  2.3110166145  2.7132187810  3.2667369502  2.4595743260  1.6225772719  1.4668119761  1.1308677612  1.1847519687  1.4534995137  2.1894687609  1.7293331143  2.0261151041  2.8457738813  2.4514270233  2.0237476347  1.8765528171  1.8114877385  1.9868430303  1.8536185489  1.7605343386  1.6149419942  1.7737977045  2.1751043413  2.2768923889  2.2454346515  1.9365876756  2.0441125436  1.3177415608  1.3490980894  1.1014454302  1.1822821718  1.0569321310  0.8033137820  0.6307765836  0.4702301732  0.5537530809  0.6085984434  0.4841619300  0.5241563215  0.5911512199  0.6652596486  0.7334004617  0.6613796984  0.6810773297  0.6681352682  0.8429863858  0.6568281632  0.7282285466  0.7880640151  0.9104488657  0.6809874357  0.6683663313  1.0363351602  1.0007572054  0.9974948174  1.0249481231  1.3851576148  1.9880708122  2.1665831287  1.6712883973  1.8058547166  2.1955209640  1.2175230143  1.4314199507  0.9770210547  0.7234445731  0.6708415320  0.5168891887  0.6661078647  0.5231221768  0.4414301458  0.4767050184  0.6196350492  0.5484290808  0.4898751381  0.7012348662  0.8104229349  0.7730679185  0.8552858903
  1.1698604489  0.9975867686  0.6242452282  0.6425243138  0.7117485155  1.0181329096  1.0944899126  1.0518896943  1.0510762414  0.8157471677  0.6444310358  0.7422387602  0.9245021870  0.9748056646  1.1837551669  1.2769034292  1.6688831330  1.9573085812  1.8152953807  1.6240008618  1.2669443773  1.1316428479  1.2973210617  1.3495668244  1.0214668957  0.8843298208  1.0957466893  1.3800868043  1.4236513333  1.4137646416  1.1846805543  1.1281121984  0.9129083629  0.9548117247  0.7996367543  0.8063746012  0.8951483148  0.9202845565  0.8619623950  0.8144977728  0.8900495052  0.9092158077  0.7779757872  0.5671312396  0.6155996835  0.6845409933  0.5398685307  0.4985865835  0.5199592512  0.6604027325  0.9632958753  1.1570188863  1.4268323622  1.0065201687  0.9488979100  1.2219835205  0.8296310773  0.6355006171  0.6529885665  0.4064649928  0.4748628801  0.4209876343  0.3962725584  0.2838388780  0.3153311910  0.4569917850  0.6408764942  0.5687079535  0.4533470636  0.3349673295  0.3273189613  0.3378898419  0.3217519962  0.5100618768  0.5891780757  0.8524471126  1.0499725933  1.0940756372  0.9056853327  0.8946212185  0.9894950458  1.3476440362  1.0469235464  1.1880025331  1.4156159925  0.9651712728  0.7359552068  0.9245328059  0.8122245160  0.6309061942  0.6382335417  0.6342440877  0.7632368044  0.6830564060  0.7496729053  0.7976056872  0.8238882980  1.1570152891  1.5603188561  1.3407839303  1.3082018356  1.2245425632  1.5317874937  1.5974497585  0.9064655284  1.2358468330  1.2072515368  1.1460967910  1.0557292247  0.7931885981  0.8067776991  1.0979521055  1.2875581887  1.3931988306  1.4422631745  1.6909977827  1.9467569372  1.8585175690  1.9435306757  2.3682001226  1.6499080440  1.6611837565  2.0393697620  2.0796960504  1.8104961527  1.4762239214  1.7948565908  1.5465668920  1.3681709083  1.9115153385  3.0144449829  2.2328599529  2.7786507254  3.5213050519  3.5344600925  2.2701503574  2.2930247903  1.7296774754  1.7337230238  1.6039329615  1.7402641239  1.5602581358  1.6819032774  2.3118444913  2.5495051689  2.2828435434  1.5818810648  1.4070094613  1.5763477783  1.0989816506  1.1741259573  1.2327947300  1.3116370688  1.1537756003  0.7278606804  0.6221350501  0.7363932656  0.7812101902  0.7728950773  0.8585888258  0.6861456845  0.7559525946  1.0806564223  0.8617648747  0.7782976944  1.0364475119  0.9998149256  0.5914833894  0.6827191075  0.7326886473  0.8603655331  0.9575504575  0.8289467803  1.1160146006  1.3486693820  1.2374494101  1.4184223019  1.7102203846  1.8460980012  1.6211217424  1.8050107994  2.0099018752  2.0718169259  1.5892951067  1.1491047602  0.9586786956  0.7371325046  0.5762067569  0.6877103793  0.6666095395  0.3969691418  0.2947074729  0.4421087767  0.5593748098  0.6085578297  0.6337572991  0.7589767993  0.6509621116  0.6764953474  0.6534130501  0.8496394748
  1.0793402338  0.6643795527  0.5314796524  0.5600995484  0.8809595436  0.8411403281  0.8622724201  0.8499475632  0.6023738124  0.4677366735  0.5250249839  0.7310402761  0.7617874724  0.7501806747  1.0237477234  0.9429034683  1.3481582940  1.5894667173  1.6730257799  1.3079641992  1.1498665085  1.2216415433  1.5209264720  1.2516872794  1.1110969826  1.1767287679  1.3140092557  1.0683604425  1.3763680427  1.6091836827  1.2446977701  1.0167243699  1.0288668672  0.9307729499  0.8957434559  1.0363305295  1.0609975004  1.0575081763  0.8252805956  0.8380307546  1.2308419840  1.0088994204  0.8740114198  0.9114110276  0.7489848357  0.8042775477  0.8476973657  0.7313694901  0.8240598495  1.0510165031  1.1349237555  1.1640732697  0.9274376107  1.1551518580  1.3047226488  1.0675595935  1.0766936338  0.8090250806  0.4168368165  0.4494191310  0.3796545284  0.3318493572  0.3469533851  0.3757933452  0.4432619496  0.5362113302  0.4441105139  0.3597135730  0.2821156919  0.4224115863  0.3626915737  0.3288495881  0.4820238151  0.5329621587  0.7738525599  0.9702242007  0.8716219566  0.6406131788  0.6051710384  0.6806968914  1.0322869732  1.1214439534  1.1696470678  0.9732130750  0.7682937241  0.8277913710  0.7612348248  0.5956043423  0.4044268570  0.3556952310  0.5510570330  0.6089586378  0.5338456711  0.6395534804  0.9529607188  1.0788216610  1.4140427581  1.3017018413  1.0787046070  1.1288698546  1.1827608886  1.2663792916  1.5840738281  1.0217907744  1.0934936164  1.0542526307  0.9418423757  0.8472599826  0.9668806145  0.9592309346  0.9675368884  0.9849019934  1.4619945723  1.7017138769  2.3139090950  1.7262892792  1.6959279367  1.4217728749  1.2120442554  1.2548058477  1.0091560679  1.5158122376  1.9634904666  1.6201690626  1.4657161538  2.0979302527  2.1319736373  1.5701267747  2.1478888128  2.3796823385  2.4830526703  2.4878468846  3.3171349716  3.8845316190  3.1111154495  2.6883507537  2.1433571953  1.8909305356  1.3822341070  1.3657424944  1.1212452265  1.5052800051  1.8216303393  2.4456407279  1.9021785279  1.6134480523  1.7331527495  2.2271274759  1.5572726476  1.7957808455  1.5833763052  1.2875934001  1.1518550103  1.0100903732  0.8528453988  0.7768337634  0.7867756083  0.8311542960  0.9939479519  0.7765444362  0.8558950640  1.3400860231  1.0163619663  0.7528171504  0.8926179887  0.8718846505  0.7343741219  0.7337437463  0.6337714985  0.6434801248  0.7261547414  0.7132460883  1.0299462282  1.1984022591  1.0718175390  1.0978866767  1.3107418907  1.4561111513  1.6544385395  1.8174507269  1.7337691167  1.7612860660  1.3240148802  1.5091680929  1.0086531736  0.5397833402  0.4552689426  0.5058179141  0.5638836497  0.4055255287  0.2915196588  0.3774271680  0.5377682775  0.5999810325  0.6499449459  0.8963464793  0.8139653627  0.6708708259  0.6679681461  0.6913331601  0.8695779875
  0.7062115277  0.8977276416  0.8172291710  0.8671779111  0.7451574814  0.6530730054  0.6456174330  0.6229515587  0.4955753655  0.4564367660  0.7275498662  0.6746938520  0.6584384593  0.6869361746  0.6657470097  1.2057612484  1.3262397315  1.7944993268  1.9719392409  1.7640621567  1.5483616033  1.7860138059  1.5020087586  1.2200680467  1.4132249067  1.4427394533  1.3196807878  1.4092615170  1.6977826134  1.5099102910  1.4459344918  1.3197722157  1.0935476044  0.9220317167  1.1076612647  1.2630377408  0.8909083555  1.0056635020  1.2405218976  1.2101155044  1.1484383249  1.5599392542  1.1545766889  1.2732345962  1.2883761697  0.9739048506  0.9006072982  1.0952644229  1.1501834684  1.0109183090  1.1260858180  1.0056330496  0.8337141349  1.3347964349  1.5163330299  1.0794285719  0.6319053738  0.5603915468  0.4798809931  0.4719253922  0.4013578105  0.4734558912  0.4367416424  0.5081068542  0.4648443729  0.4577522958  0.3688232473  0.3030723018  0.4377375316  0.3617150288  0.4031970108  0.5334086000  0.8090881361  0.9715075447  0.9890032125  0.7667911740  0.6667636333  0.6947329102  0.5890134412  0.6817198844  0.9642589567  1.0075702074  1.1516393111  0.9260554402  0.6011287075  0.5794094814  0.4413608185  0.3583248141  0.3933286409  0.3777517739  0.4400883033  0.4481244414  0.5186102177  0.7092387745  0.9881082186  1.1388949315  0.9526590745  0.8764642349  1.0102763665  1.1184924048  1.1191971305  1.0939347736  1.3436670954  1.1020101269  1.1473976786  1.0081005202  1.0530937199  1.0014410773  0.9220764747  1.0108020808  1.2455751650  1.4526456700  1.3023715143  2.2550628071  1.9343637854  1.3368393634  1.3756520058  0.8943748648  0.6137521983  0.9240798063  1.5434771688  1.4192169571  1.5125644052  1.6528172400  1.7929903234  2.2704819408  1.5362511895  2.0461075643  2.1513017053  2.4732769535  2.8048101136  2.8576949671  4.2989781536  3.2376825530  2.7958355942  2.1628730988  1.8095969794  1.6314311687  1.4185322316  1.0225383751  1.4122257456  1.5869150380  1.5781044369  1.6975419207  2.0969384801  2.0330395477  1.9594850777  1.6208758107  1.6696106777  1.5320530276  1.3081041674  1.0633126322  0.9829985474  0.8753601837  0.8042891732  0.9335503263  0.8692592953  1.0588604312  1.0574192588  1.3568485939  1.4163655224  0.9327071247  0.7654497090  0.8527011701  0.8968974700  0.8896592798  0.9468366083  0.9172968844  0.8358157102  0.6288390834  0.5748710406  0.7675359054  1.1555306954  0.9835774529  1.0259113271  1.0969734058  1.2506913698  1.1307161639  1.1469145430  1.1952717784  1.5289452790  1.4676630403  1.5095963930  0.8757178029  0.4938692418  0.4169614079  0.4791667803  0.5452282888  0.4021249539  0.3189127772  0.3413296752  0.3576031997  0.4144708712  0.5643045669  0.9843451688  0.9196897128  0.6505296767  0.6894066159  0.6799132235  0.6503469362  0.7672795874
  0.8835799270  0.9729946850  1.0660010441  0.7198688162  0.7430223160  0.5912809975  0.5998526612  0.4592930445  0.4908625864  0.5579920686  0.5238882876  0.6104681853  0.7910632059  0.7239862537  0.9566026343  1.2712111815  1.9033223046  2.3215188644  2.0693890399  1.8518080307  1.7789020803  1.9173746734  1.6193090656  1.3042639977  1.4294144047  1.7721273228  1.3654405104  1.1474531196  1.3234866617  1.3974778561  1.3359131488  1.3169841353  1.1223732734  1.2154520930  1.2390583632  1.1653096264  1.2596638519  1.3592958297  1.0056523553  1.2813184524  1.6616056745  1.3218501411  1.4345902623  0.9685437489  0.8458446950  0.9232944416  1.2233333639  1.1750040973  0.8659214428  1.3109637053  1.0978281382  0.8882913689  1.2489492776  1.3897881393  1.1439111010  0.8787291119  0.8387984502  0.6449526747  0.7144491359  0.6885718434  0.5665505095  0.5024291018  0.5743727952  0.4355140824  0.5713618933  0.3881529750  0.3644374082  0.3698581686  0.4699488235  0.5094223795  0.5950037090  0.7477527502  0.8414349972  0.7983286964  0.7376160724  0.6611560128  0.6852949901  0.7916822123  0.5950508302  0.4639047444  0.7790911562  0.9646647268  0.9642982386  0.7300336201  0.7237158823  0.4047598808  0.3700231127  0.3563103487  0.2820012606  0.3316328260  0.3903516970  0.5432316849  0.8002680415  0.8535878639  0.8534890151  1.1354378908  1.0457069833  1.2349638749  1.2428882474  0.9870602696  1.2828474839  0.9246087455  0.8156785627  1.0663545155  1.3699428565  1.2625679671  1.4746802298  1.2676063250  1.1672721861  1.4630797627  1.4919721334  1.3111654329  1.5585384223  2.1388021361  1.3963970580  1.4299530094  1.1452995313  1.3159549679  0.9309939316  0.8168027641  1.2583057122  1.5684592490  1.6948143277  1.5794077096  1.6795051094  1.8983465132  2.3139817784  2.6018470073  2.3628372175  2.4927761996  2.7244649329  3.7489472344  3.2099378973  2.8477250907  2.5594467566  2.7006336196  2.1365555615  1.3703920760  1.5466233517  1.2065359527  1.4348367728  1.4262380423  1.6323443300  2.0410402004  1.7516505350  1.3550359993  1.3990436044  1.3552310212  1.4796647539  1.4134390915  1.0587847426  0.7078362759  0.9570478425  1.0894314375  1.2612020497  1.4893632691  1.5880778224  1.5517024989  1.5803751038  1.2372838540  1.0105406923  0.9659312842  1.2400033590  1.2618469667  0.8957437527  1.1223054107  1.1962786158  1.0788724520  0.9648385843  0.6886139399  0.7604974263  1.1633918743  1.0853828422  0.8349818178  0.8750352742  0.8157712452  0.6936728598  0.7378319134  0.9405718691  1.0110903366  0.9976621549  1.0601632963  0.6497280224  0.4322916121  0.3970240384  0.4888459100  0.4452224136  0.3143251975  0.4372669619  0.3244097632  0.2740999420  0.4495047736  0.6066363316  0.8456801420  0.9659992174  0.6706525011  0.5948150820  0.7471534567  0.6006266872  0.7180989254  0.8682129383
  0.9969936725  1.1089958899  0.8973639174  0.8404042952  0.6373048976  0.5704592831  0.4802529839  0.6138320635  0.5664855255  0.4989576303  0.5786332403  0.8462163536  0.6994249643  0.7919098286  1.1089411518  1.5873581167  2.3306020763  2.3465546610  2.3308405145  2.1743083059  2.3024865487  2.0275042611  1.7636182937  1.6099873248  1.6021794064  1.3697542844  1.4468116873  1.2734938761  1.2963519735  1.0685945724  0.9806562507  1.5659030577  1.2942827759  0.9627180729  1.4861963892  1.9564573317  1.8017416850  1.5165945716  1.5085770154  1.6545706443  1.3373725617  1.2700836117  0.9134072261  0.7504553162  0.9219642860  0.9691897508  0.8090179280  0.7805415217  1.2071249936  1.1754858587  1.4236594487  1.4833383525  1.2555865880  1.3395995323  1.1913815782  0.8155813603  0.8763582286  1.1242769985  0.9696082250  0.7262763955  0.5675924471  0.5646390311  0.5843022352  0.6697086040  0.4461834689  0.3841907862  0.4033306093  0.4224164975  0.5670238200  0.4548008781  0.4622463913  0.6656264503  0.6473873461  0.6625919691  0.7344412000  0.6905612221  0.7684182608  0.5491697263  0.5305983749  0.5908535624  0.6592967653  0.6135522708  0.6112958546  0.6440801634  0.4818280920  0.3243286300  0.2738480637  0.2627358468  0.2812575078  0.3569824151  0.4803276560  0.6126069987  0.7233140730  0.7685436297  0.7662144400  0.8448194854  1.1025521231  1.1755982867  0.9266072337  1.0497907167  0.9579690248  0.9521226775  1.0000930144  1.4711450528  1.5709721496  1.2741353604  1.2551520910  1.1979468586  1.0916147245  1.0376551485  1.0987201986  1.4644499532  1.3089423759  1.2151076413  1.3812877709  1.6348914515  1.1365026978  0.7119546678  0.5923287285  0.8607232381  1.2367335920  1.4473267181  1.3006083137  1.6029477465  1.5152223667  2.6353584370  2.3846173498  2.3639152517  2.6860177450  2.5586224136  2.4798331320  3.2024700247  4.1309017154  3.9866429834  3.2868882983  3.1074816486  2.5333077806  2.3250790620  1.7903795521  1.5892233503  1.8568476300  1.7439597446  1.4699273366  1.6637871387  1.4905509480  1.5051400833  1.0787776176  1.0947862990  1.4522654378  1.6575753730  1.2631474009  0.9056139417  1.1663751205  1.3421609933  1.4003723920  1.4055833191  1.4443720993  1.1970843469  1.2150908733  1.0959293745  1.3559782995  1.4059434340  1.1250104317  1.1613783837  1.2693970322  1.4920851576  1.1466200202  1.2693178948  0.7429844236  0.8557971577  1.0991796841  1.1933775515  1.0918411154  0.9635729077  0.7787248378  0.5433320829  0.7286850762  0.8522698870  0.7499284247  0.7262459956  0.5525637328  0.4300020246  0.3651273269  0.3349577721  0.4500255207  0.3844991833  0.2709444787  0.3765110032  0.3701846470  0.3418012710  0.4931736928  0.5297217424  0.7347637610  0.8357982889  0.7285252168  0.5592148180  0.8528746625  0.7961476843  0.7744999680  0.8747091370  1.0537215867
  1.1844411288  1.0229297896  1.2120018666  0.7274035645  0.5491468570  0.5549013001  0.6886061352  0.6482573021  0.5934143738  0.6128652465  0.7139030797  0.6598383450  1.0016627722  1.1720153578  1.3573755009  1.9793120322  2.0175311983  2.4822346046  1.9592722985  2.1389117138  2.1214847734  1.8750348210  1.6928182127  1.4425100412  1.4507959485  1.1598968858  1.0298357210  1.1399420738  1.1908709566  1.2741629689  1.5140973651  1.5878827230  1.4048998801  1.6597032797  2.0430284789  2.0684912994  1.6048857652  1.9853513669  1.9922628100  1.6236656549  1.1386197303  1.0041636676  0.7684430820  0.9960612536  0.8595044245  0.7265829965  0.8552796058  1.1137615557  1.2322377565  1.6942920323  1.8309025788  1.1990833813  1.1576928489  1.0839160911  0.8850410820  0.8592347713  0.9529089745  1.1293440114  0.9361449172  0.6809361698  0.7279331143  0.7293883486  0.7021739068  0.5388497164  0.3742825778  0.3543040283  0.3467171932  0.3521448310  0.3483987561  0.3056927030  0.3701873030  0.4003720372  0.4233329061  0.4434915667  0.5991660549  0.6426637114  0.4652646212  0.5153560830  0.5557657944  0.5058174380  0.3960678755  0.3772882954  0.3568239276  0.4164744823  0.3083480273  0.2534135882  0.2330072263  0.2534133139  0.3553531222  0.4296166049  0.4080190037  0.5874183655  0.5775674800  0.6875833625  1.0934257357  1.1766603958  0.8297421914  0.8100130091  0.8075406333  0.9628228926  1.0765603538  0.9808961622  1.2096966031  1.2757695136  1.0196989578  0.8183117639  1.0578310395  1.1738998574  0.9581844037  0.8938092558  0.9082045315  0.8516420480  1.0071416553  1.1156679603  1.0882004119  0.8555356653  0.5837705615  0.8919618867  0.9247587795  1.0951655202  1.2304077104  1.4736544363  1.6091498133  1.9318871359  2.1709827248  2.3055869795  2.0263751362  2.5084561023  2.4341685808  2.7115815567  3.5092023425  5.5405310600  5.3667234947  4.5082611261  3.6725718424  3.2381679388  2.7968521194  2.3192585753  1.7648573810  2.1651462801  2.0663700937  1.6236185667  1.9763551904  2.3590178419  1.3297145877  1.1175994921  1.5329791124  1.4250597222  1.7874843100  1.5884907918  1.2092642761  1.1200765969  1.1458111025  1.1864599402  1.3796432071  1.2613610574  1.4124802833  1.4255539724  1.1503891021  1.3433034473  1.7815835411  1.4804480635  1.2836867056  1.1515330128  1.5352306291  1.4102147506  1.3548855778  1.0891159720  0.9285256870  0.7017967209  1.0185960076  1.4838686105  1.2493067612  1.1242527550  0.6379268664  0.8708743148  0.8443089864  0.5497726169  0.5530263382  0.4324769790  0.3431479505  0.2746137917  0.3076876529  0.4481222288  0.4386225179  0.3538501752  0.3274699623  0.2855757003  0.4143243240  0.4308659734  0.5206793990  0.7733302673  0.7381149000  0.6853529237  0.5692449935  0.8791597346  1.0205729913  0.8803368987  0.8650214592  1.3416676951  1.2463250482
  0.9919720255  0.7821096876  0.6534237279  0.6592281396  0.7129221792  0.8130935849  0.8172445067  0.8077647200  0.8267338999  0.8323019746  0.9144973997  1.0955822284  1.0696479802  1.7292080009  1.4744288936  1.6400375727  2.0212615916  1.2979154767  1.2713568735  1.4973982308  1.6207755283  1.5788805860  1.2394253696  1.2175485076  0.9887888639  0.9761138284  1.2633980282  1.5107745265  1.4908349513  1.7847909174  2.5143462568  2.0325384111  2.7180064273  2.4762457508  2.2188304544  2.2129599739  2.0116625485  1.8104253067  1.7663966624  1.4347789019  1.0842765898  0.9399716560  1.0534445216  0.9513292259  0.7690520289  1.0069590728  1.3571380110  1.3310895020  1.4849089598  1.5520121855  1.1478077354  0.9458205104  1.0364423802  1.1425718624  1.2086506194  1.0122616557  0.9693945133  0.9087562247  1.2108807839  1.0384366746  0.8608723706  0.5522188704  0.4313207491  0.3457528246  0.3326235849  0.4152319307  0.4189872084  0.2382952986  0.2845544209  0.3082090800  0.2983145994  0.3620774879  0.3408506956  0.3592264906  0.3240310088  0.3914501889  0.3971091309  0.4899265181  0.3587503285  0.3450720320  0.3485984129  0.3117615988  0.3552928450  0.3256668578  0.3056200403  0.2782950498  0.3105508791  0.4524509648  0.5659374946  0.4427633272  0.4891435282  0.6152387266  0.6734777294  0.8312846822  0.8254431633  0.8392087361  0.8663747467  0.8911095025  0.9789441150  1.1335430258  1.1969209375  1.2062538301  1.0806411885  0.9142829978  0.9220903154  0.9514913570  0.9518075072  0.6809482422  0.6262590096  0.6643073643  0.8373876644  0.8166116665  0.8462842635  0.7883645786  0.7965633257  0.6419924991  0.9371706029  0.8744629796  0.8654958005  0.9714342984  1.4859320735  1.6986654357  2.4731433738  3.1642771995  3.0602988476  2.5800033085  2.3264139965  2.6195558313  2.9787557930  3.3506179983  2.8441283826  4.1622089705  4.7028272556  4.5798028309  3.2104065953  2.3667047215  2.5915883217  2.4494773862  3.0435367351  2.4568974255  2.1159068283  1.7230823435  1.8135990570  1.6547374982  1.2473131066  1.6215648036  1.7289437116  1.6515579380  1.6339777187  1.3360063673  1.1389927351  1.2825263249  1.2975575178  1.3298649435  1.4254344711  1.4520322808  1.7810242085  1.5437818274  1.2864836270  1.4114964969  1.6527090322  1.2772040217  1.3217943261  1.3625436159  1.6250439643  1.2647325769  0.9084612019  0.8697633980  0.5937144385  0.9888665080  1.3315752875  1.4009935067  1.3996142881  0.8679118980  0.8333863710  0.6337297107  0.5241938814  0.4523626312  0.4112908476  0.3336120047  0.3161441642  0.3009539491  0.4167021923  0.5363267182  0.3877968615  0.3085612005  0.3554421938  0.4093841222  0.6937073111  0.7657578585  0.6617984771  0.6042379140  0.9792302285  1.0926106695  1.0271807643  1.2477008386  0.8956430697  1.1691807434  1.4941206204  1.2268662644  0.7976963248
  0.9196372366  1.0069090767  0.6384063177  0.5898715781  0.6729418966  0.8353065731  0.8083867180  0.6741217696  0.8150401099  0.8000926674  0.9917319832  1.0774322204  1.1872949688  1.0985630390  1.5033007027  1.4825272496  1.0832700545  1.1404817699  1.4476326222  1.3999983245  1.5027221597  1.1804200826  1.2377625414  1.4029895946  1.4095398164  1.4897024510  1.7165908409  1.6443911765  2.1894521755  2.3659230769  3.1543987862  3.5320983924  2.5564803380  2.2642546832  2.1048225950  1.8625355676  1.8260399693  1.5746231417  1.3105026380  1.2090620335  1.3360979230  1.4013442397  1.4281508351  1.4168091939  1.2828455337  1.4782320499  1.7971564048  1.4085804310  1.5134226729  1.3103674005  1.2027281172  1.1427812959  1.5523368281  1.3586873008  1.0588552835  1.2772536715  1.1286360882  1.4951078309  1.0943532229  0.7193965420  0.5582354272  0.4783254798  0.4044676163  0.3466123295  0.3300435812  0.3571809318  0.2927358679  0.2477160333  0.2954699023  0.3672505071  0.3762336406  0.3491491074  0.3047334289  0.2428592372  0.3691692068  0.4905232277  0.4515851634  0.3135140473  0.3598767893  0.4116482688  0.3736598130  0.3263275945  0.3011273697  0.3329984121  0.2789511131  0.4008373914  0.5228179521  0.5128438231  0.5617146608  0.5613376832  0.5908101245  0.6656686695  0.5901375055  0.7622170800  0.8037960466  0.7912083008  0.9629743835  1.0481357482  1.0784048145  1.3694955430  1.7201386111  1.3505804862  1.0739548702  0.6710996305  0.5929493891  0.5158398016  0.4131703317  0.4919292871  0.5390618470  0.5480949795  0.7103174805  0.7680130594  0.8824043813  0.8180332289  0.7912812304  0.8682138354  0.8750017260  1.0353625719  0.9743255054  1.0430836463  1.5704634492  2.4481465926  3.9213655823  3.8810722501  3.4440895717  2.9413472826  3.6434901141  3.0404611909  3.7215392568  3.6065110706  3.6542583430  3.6292388049  3.9693458688  3.2584563717  2.7384373424  2.8240750419  3.2776456793  2.4109621237  2.2004840763  1.7992155260  1.7184412060  1.5505165769  1.6571365457  1.4986435158  1.4502191384  1.2469544354  1.5721056210  1.4606254099  1.2803070304  1.3132957079  1.5122367489  1.6134970269  1.6030241733  1.6736936731  1.4755104794  1.6063362115  1.5366408001  1.4487068225  1.2213690859  1.5350527064  1.0899917091  1.1389009439  1.5091508409  1.7548937909  1.0410800331  0.8973074091  0.7045404533  0.6801382589  0.7125381874  0.9248103048  1.0162106496  1.3424983312  1.3405349622  0.7882601269  0.5095066347  0.4455146941  0.3544520533  0.3068777839  0.3565092798  0.3291181844  0.3337406294  0.3962023061  0.4201833994  0.3924993262  0.4443258739  0.5833685066  0.5375486261  0.8975673686  1.0082019051  0.8028922321  0.7449247079  1.1332955632  1.6721957758  1.8254803745  1.7186645327  1.0089566528  1.1665162359  1.3609032715  1.4741889668  1.0559102922  1.0233647466
  1.1973107763  0.8999802748  0.8086055672  0.9447207915  1.0189855864  1.0962799173  1.0098343505  0.8750798003  0.7071448783  0.7381910565  1.0727475840  1.0598604690  1.0231036878  1.1465623926  1.1798955700  1.1585481023  1.1328603955  1.4409700096  1.7010965796  1.7419648053  1.5142615170  1.5576327356  1.5402558359  1.8904388694  2.2441003591  1.9491874222  1.8353739773  2.3721386466  2.4312826327  3.0946410471  3.3487267893  2.4918619451  2.1989156073  1.8231227489  1.3271724773  1.6651749751  1.5439677542  1.4051186264  1.2927109273  1.6386331612  1.4812628713  1.5183305636  1.8052607067  1.2028710716  1.2533585198  1.5232156415  1.7712910051  1.7469849954  2.0107171376  1.4645906504  1.1664440783  1.6879141557  1.4239168636  1.1355688841  1.5912220165  2.0088970267  2.1141366834  1.1580408097  0.6470348426  0.4551050713  0.4716932967  0.3567286179  0.2663702460  0.2834886688  0.2868449964  0.3128237345  0.3061283815  0.4031594466  0.3926699535  0.3605357420  0.3516431198  0.3601518474  0.2983249822  0.3721998493  0.4145236850  0.4068778554  0.2845583743  0.3773391472  0.3381933762  0.3928902630  0.2870857099  0.3285849019  0.3358904074  0.3301958279  0.3198046443  0.5173403299  0.4654844480  0.4359089438  0.6128183771  0.6581446083  0.6713972914  0.7370877891  0.7793494901  1.0818946295  1.1323035425  1.1060489985  1.4554537200  1.3351312850  1.5045338933  2.0116388221  1.6097739961  1.2484496855  0.6081755017  0.4854039022  0.3561710762  0.2905325442  0.4334974210  0.6266257271  0.5299919279  0.5772589985  0.6873137525  0.7250505018  0.7747770421  0.6895579392  1.1193637599  1.2611849276  1.0598433220  1.0910730371  0.9963546642  1.6372377506  2.3887631593  3.0707786973  2.7812823502  3.1815099438  2.8210776074  2.8014363312  3.5873863401  3.7149804338  3.6445190145  3.4234568527  3.9212068584  3.9082457830  3.6376967114  3.3397604202  3.5344818927  3.1923298374  2.3718521501  2.1006886263  1.9750670694  1.7033562404  1.5219247424  1.5634345909  1.3530800915  1.1297157528  1.1791159146  1.6252125120  1.6601149570  2.0106756115  1.6887134902  1.6348274269  1.3053463953  1.2773432277  1.7719069748  1.7170990934  1.2912301055  1.4123891156  1.5216707357  1.6878965148  1.2149525409  0.8444344198  0.9791913409  1.2720596330  1.3839755189  1.0935778870  0.8925383067  0.7049266740  0.6217143914  0.7046408191  0.9618135566  0.9440767623  1.1941064333  1.0228018114  0.8383108186  0.6467229185  0.5137280860  0.4604284537  0.4125091038  0.4155378815  0.5426183554  0.4897432331  0.4556687390  0.3884944962  0.3059040224  0.4617753847  0.6524569038  0.6551542636  1.0231481355  1.1776892458  1.1436680408  1.0531785507  1.3910353632  1.4894738834  1.9015343227  1.4848982487  1.1095020622  1.1429427566  1.5101638894  1.4907934273  1.3027538089  1.2836057367  1.3909115512
  1.2898938405  1.0176200974  1.2989115646  1.3537869102  1.3346779153  1.2898019656  1.1975336871  1.0613687055  0.8549995071  1.1338174301  1.2167298983  0.8796438341  0.9885879441  1.5653412734  1.2987090864  1.2559608029  1.1594551802  1.6150221314  1.5773933338  1.6210490227  1.7169994960  1.9020720153  2.0404729470  2.8815664073  2.6698692301  2.2994937283  2.6644682625  3.3172725063  3.5798347608  3.2270817827  2.4085243542  2.0693775371  1.8515522697  1.2989078079  1.4213860399  1.4658420038  1.2347387305  1.4654358161  2.1067738787  1.8859774364  1.8546415547  1.8126172686  1.3544453235  1.3333556819  1.6519346921  1.7397410563  1.6613871025  1.7335811653  1.5607153957  1.3292399138  1.6590240575  1.5028056139  1.2816613675  1.5108779867  1.8691944741  1.5950791414  1.0527293220  0.5808735183  0.4483139486  0.3431271778  0.3064694844  0.2669127284  0.2366120319  0.3346843110  0.3909541768  0.3981623722  0.4154662057  0.4750522602  0.4594704697  0.4180318036  0.3871537810  0.3262563761  0.2708800770  0.2629119617  0.2189868637  0.2000269197  0.2449379530  0.2306240028  0.3074868505  0.3424274758  0.3285606550  0.3099888162  0.2654873323  0.3719768582  0.4089099927  0.4304626679  0.4424437961  0.5372475094  0.6442984804  0.5891194920  0.8162047842  0.8479072010  1.1972308838  1.7250752521  1.8480097107  1.7569043710  1.9668721915  1.7162852079  1.6896416332  1.3393509555  0.8796325588  0.7284726874  0.6273580544  0.4616571941  0.4360095654  0.5505591753  0.7201357232  0.8573057733  0.7695762730  0.6988194898  0.7030421761  0.8860774665  0.9294723600  1.3605198372  1.3992383886  1.2112487237  1.1888298787  1.1277766293  1.8339122710  1.8854085565  2.0306838293  2.1124620565  2.7614138455  2.1346593382  2.1035767057  2.9593350125  3.9512486035  4.5122131587  3.4769570734  3.7432366459  3.3351558145  2.8221832183  3.2986048136  3.1774000821  2.6375340029  2.4457795885  2.4128821195  2.3303780759  1.8016885796  1.5815016368  1.6069337705  1.4496876587  1.1449953432  1.4745238325  1.8520018578  2.3062293091  2.1319298776  1.5586393618  1.2081786108  1.1876391519  1.3086671260  1.5137029739  1.8383783322  1.2495780272  0.9797479563  0.8826660888  0.9437698093  1.1252812394  0.8712697017  1.0769649466  1.0488382786  0.9303125639  0.9413854839  0.9713696620  0.7415707003  0.7890369869  0.8253717618  1.1911725247  0.8660926187  1.0423151397  1.0875150084  0.7490847507  0.6804216787  0.6493765447  0.6431786168  0.4749245947  0.4517313928  0.4864120380  0.6510340360  0.4901410544  0.4262734036  0.3334685688  0.4882469818  0.5455477353  0.5643227159  0.6967235368  1.2662251303  1.0699650785  0.9284399253  1.2450344823  1.5964521030  1.5716915684  1.2969423857  1.1641409711  1.3193625649  1.3244105606  1.3110638507  1.1760407930  1.2593716131  1.4732724438  1.1623330656
  1.1949341815  1.0045267877  1.4708110653  1.4818111178  1.1529018929  1.1433192490  1.4562718174  1.2961964301  1.3627098772  1.0123929420  0.9107854271  0.8727573181  0.9969987945  1.2465235291  1.4444616068  1.5958477915  2.3140073122  2.1882043243  1.9445209769  2.1862962222  2.3135527383  2.5473542669  3.2981522835  2.9952338643  2.8647675912  2.8015251219  4.4137033103  4.6941877018  3.4779057371  2.4788908838  2.1615868850  2.0330993687  1.8100701775  1.5561803415  1.0441142635  1.1808231590  1.2799928453  1.7583341223  1.4231925506  1.3216821986  1.6568377536  2.0837421490  1.7420716773  1.8274656838  1.4096187231  0.9299230291  1.0597724076  1.0534938000  0.9259588740  1.1928723669  1.3239207305  1.3680806516  1.3043211564  1.4783608031  1.0452615239  1.0936024820  0.7770383273  0.4953157776  0.4449827458  0.3845910275  0.3457545983  0.2660378540  0.3187966736  0.3897670117  0.2975149768  0.3665025271  0.4651495782  0.4634136664  0.4060151363  0.3034173237  0.2370544686  0.2224036745  0.1848013334  0.2168236283  0.2309833893  0.2492020367  0.2873984922  0.2435471687  0.3802667727  0.3407549217  0.3604957065  0.3010732993  0.3445663665  0.3515515524  0.3131412573  0.3610550569  0.5256878851  0.7474271466  0.7758434122  0.8681083252  1.3126663138  1.4957950448  1.8086701789  2.1415391266  1.7832448705  2.1015235737  1.8586214679  1.3316844618  1.0481347665  0.8945820573  0.7115950133  0.5826555874  0.5397122933  0.7343007922  0.8463798435  0.9982658394  1.0771400834  0.9661784900  0.9044048350  0.8147060490  0.8344156658  0.8007606867  0.9992600080  1.3313540493  1.3512772330  1.1927043939  1.4332344073  1.6236025204  1.7419839680  2.2620914987  1.6440578445  2.0430573332  1.7340920873  1.6828382187  2.3782458324  3.8404517500  3.9022225521  4.0134487148  3.9507691727  3.0091748774  2.8231221075  3.4259854718  2.8925147609  2.3927838363  2.2817744916  2.5173694666  2.1129718409  1.7322446042  1.4735945820  1.8277794813  1.3852714042  1.2325048780  1.0644576789  1.1179098767  1.1768467064  1.3682435949  1.5819937399  1.3934868854  1.2428652607  1.2932759310  1.2313890098  1.2347889227  1.2995618115  0.8457293563  0.7227566705  0.6927402535  0.8291281741  0.7151437607  0.9267024249  1.1464993740  0.7160058336  0.7920343300  0.9191890225  0.7885401462  0.7340855542  0.8509626642  0.9766020475  0.9224600483  1.0648593532  1.0523797668  0.8717387220  0.6775310226  0.6561640909  0.6246301343  0.5257983745  0.5608867894  0.5367159289  0.5335721755  0.4250083149  0.3973838608  0.3904560358  0.4350969080  0.4641415011  0.4988000067  0.7681432152  0.8747180070  1.1913991952  1.0156559958  1.1200211696  1.4379761097  1.1495857579  1.1286040094  1.0800890006  1.0755129829  1.1712531844  0.9352107517  0.8903511259  1.0197848410  1.1584611058  1.0073271392  1.2769781508
  1.2192656670  1.2254852455  1.4982371410  1.7215223397  1.4461123391  1.5401750822  1.2747123841  1.2963772791  1.2434181071  1.0965340586  1.0470670403  0.9692050138  1.3353638881  2.0057112633  1.7901223006  2.9023146165  3.4797644002  3.0499555787  3.2450349871  2.8453498058  4.1520628287  4.4740823835  3.7657053722  3.6520735384  3.4281904706  4.2563772831  4.2467083098  3.2488479720  2.6644968656  3.0212144048  2.4949805740  1.8043213422  1.5005633921  1.4292797901  1.2857642573  1.0771052087  0.9989504052  1.2538895724  1.3003400498  1.5402247977  1.5424331916  1.5460822032  1.3426429422  1.0359070187  0.8007271367  0.7433375934  0.7452294164  0.8971916354  0.9439160865  1.1556806908  1.4426127044  1.7445059104  1.6190135986  1.0465224122  0.8665195302  0.7296960498  0.6137440253  0.6640262816  0.5621320066  0.4768491896  0.4268705049  0.3655628695  0.4287844692  0.2927245635  0.2874390613  0.3924626074  0.3777179241  0.2428868688  0.1980869181  0.1947725649  0.1560433314  0.1875437226  0.1606242498  0.2238276607  0.2667886062  0.3130362404  0.2781744700  0.3556799728  0.3830858150  0.3682709133  0.4288316636  0.3835499890  0.3673698217  0.2839300031  0.3667981789  0.5908835926  0.7617825907  0.8156616569  0.9697487160  1.5847594676  1.2384358906  1.2216583025  1.3697473077  1.4972157388  1.7054557859  1.3113182774  1.1407643401  0.9102959256  0.8940472053  0.6907446050  0.5100369984  0.6084823676  0.7498616435  0.8638449791  1.5120549971  1.2187736921  1.0612683744  0.9001014032  1.0993861441  0.7610802818  0.6475698392  0.9466687342  1.0929556195  1.3526261387  1.3893235548  1.3251361727  1.4603043762  1.4433533894  1.5491579169  1.1768204871  1.2918226124  1.3858082190  1.3974480479  1.7858116258  2.1814568728  3.1701637972  3.8025702996  4.0169725646  2.7236849312  2.3521961691  2.6858296297  2.8263945123  2.8620540692  2.4369496457  2.4394944593  2.1325871461  1.2549944433  1.1697816359  1.3691594565  1.0805342666  1.2896769678  0.8735044465  0.5763448035  0.8908926252  1.1587625083  1.7977560621  1.3531351365  1.0508748547  1.1355737136  1.1429248593  0.8351500736  0.8724351657  0.6961655559  0.6902475070  0.5914577351  0.6565063877  0.6994238141  0.9270399178  1.1588196686  0.9099627240  0.8642763918  0.8797383449  0.7249370552  0.6551202687  0.8077403348  0.9135848190  1.1867544484  1.1162309266  1.1156792304  0.8491099129  0.7241105319  0.7893242453  0.6446020541  0.6346260678  0.5475710722  0.5384445406  0.4784622172  0.3528490131  0.3669409276  0.3441668359  0.3420280665  0.3882645554  0.4048674800  0.5217406113  0.6570094649  0.7168446598  0.8989252726  1.0493169317  1.0726807758  1.2152044344  1.0748509204  0.9453984275  0.9147410757  0.7542432294  0.9887579467  0.9928725024  0.9676554666  1.1122291014  1.2067652080  1.4535918193  1.0765726071
  0.9198866504  1.3041797728  1.8472079674  1.6379519554  1.5150687714  1.4315966096  1.2679851097  1.1870665337  0.9937082294  1.2663499423  1.5512419676  2.1235479392  2.6692276670  2.1187701434  2.9196210496  3.4292082183  3.6234858677  4.6193753888  4.4982759900  5.1775103331  4.1802763356  4.7215933492  4.3065976415  3.9376034485  4.1099646163  5.1398514342  4.6712780202  3.0767593618  3.1326775900  3.0776148468  2.2700390744  1.8237134088  2.2061778121  1.3621103365  1.2546422864  1.2111363774  1.0881537827  0.8916825840  0.9982000473  1.2554363632  1.4791289233  1.2691401598  1.1942293111  1.0928992935  0.9556864218  0.7840664860  0.8405824925  0.9510099219  0.9570716254  1.0644542509  1.4923468740  1.4475512041  1.1627515157  0.9682217266  0.6577611276  0.7943165630  0.8740341156  0.9497725576  0.6509669081  0.5486164586  0.6224904962  0.5793008085  0.3966311757  0.3367957207  0.3265351280  0.2686193689  0.2324436430  0.2384552365  0.1474004331  0.1263220133  0.1934049144  0.2084409765  0.2314081053  0.2895887717  0.3096009477  0.3578539801  0.3133662359  0.3757253991  0.4946264179  0.5989065387  0.5459354627  0.3995605850  0.3037618041  0.4034801218  0.6565269468  0.8148193233  0.9037344389  0.7208579386  1.1529216765  1.4890664042  1.0669693780  1.2990178743  2.0821074078  1.7888558893  1.5614611396  1.0553511506  0.7172937361  0.8593657477  0.8383741632  0.5457774601  0.5999244728  0.6265124794  0.8125898132  1.2586529019  1.3305269135  1.2531598832  1.4797240323  1.2247706863  0.9407041717  0.8891323557  0.7827165001  0.9658582666  1.2993770875  1.3515596964  1.1507208009  1.1180004302  1.0857289851  1.5628569246  1.8172495083  1.7626199049  1.5060509866  1.7043291725  1.7317742818  1.7772031371  2.5730537591  2.7519491103  2.8807395518  2.4804088205  2.1217408319  2.3055150300  2.3922284152  3.0551537020  2.7209211991  2.6263317335  1.9660016276  1.1503369128  0.9934828353  1.2271691344  1.2083948914  1.2801405239  0.9360792194  0.6303271581  0.7803440116  1.2124677885  1.0913683920  0.9378054774  1.0501318407  1.2011737649  1.1037558805  0.7154632141  0.7346545404  0.6791096088  0.5643745928  0.6179675046  0.6352595837  0.9841120316  1.0833826908  1.0361528373  0.7712177896  0.9614227342  1.0995864020  0.9178251811  0.7607037636  0.7121553385  0.8954160899  1.4016573307  1.3759781000  1.1434246023  0.9967945031  0.9319869726  0.9084227981  0.7345350886  0.6527266416  0.4926430822  0.4995963406  0.5281048200  0.4017654381  0.3644095199  0.3242406458  0.2795642489  0.4268127307  0.4298495806  0.4181686389  0.5894737432  0.5541858542  0.6199513284  0.7139312983  0.9521193287  1.0237607456  1.1670270989  1.0042264766  0.9131811899  0.8098167775  0.9096227181  0.9418761624  1.0064260490  1.0899366661  1.4094602220  1.5120316633  1.4075779453  1.4052544031
  1.4820254766  1.5892303427  1.6446095891  1.7852830383  1.5637057415  1.4147422080  1.3324662632  1.2036399859  1.3716996137  1.5615709214  1.9662373116  2.0527385033  2.7168580626  3.5987208454  4.0896812744  4.4551131353  4.2388054974  5.0830379048  5.5928433307  5.0614914018  4.8097098777  4.3567861379  5.6518058100  5.3231658571  5.6354232069  6.4407965824  3.4457492988  2.9183215012  2.1260324539  2.6313156142  2.1954298289  2.2876592208  1.5698771688  1.3603965704  1.4307257391  1.1740190655  0.8171669604  1.0244978878  1.4213243949  1.8605147360  1.3442665052  1.7030414713  1.1880060221  0.9385975639  0.9226676583  1.0365032034  1.1940098424  1.1177752932  1.3167615359  1.8085204270  1.5006556944  1.0823679122  0.9669722313  0.7307169287  0.8008074651  1.0846800374  1.2575862049  0.7227439917  0.7179059271  0.9255315453  0.9275110062  0.4089466474  0.2372982968  0.2166186623  0.1912078678  0.2025334980  0.1992520098  0.1165117866  0.1415134535  0.2549310786  0.2978906417  0.2594574509  0.2216389509  0.2668900388  0.2747076788  0.3054043333  0.3838357102  0.4936559345  0.5994141057  0.5570854202  0.3777850834  0.2879998841  0.4019059137  0.5241103770  0.5689263660  0.5742361744  0.5791669086  1.0641621952  1.4390286918  1.5236781471  1.4061933076  1.7634900568  1.9798673681  1.5725397547  1.1153405695  0.8036321290  0.8938295544  0.6620310505  0.7335612863  0.7006613582  0.7817018063  1.1315656469  1.5997271717  1.4490405678  1.4705856189  1.8851117599  1.4774409128  0.9984095322  0.9049730593  0.7462921014  0.7847867611  1.0314308803  1.2012362067  1.2502528837  1.0872183398  1.3494423484  1.5752701681  1.4591746100  1.6665676452  1.5844986117  1.7123585811  2.0193288349  2.2082507489  2.7465770096  3.2782020483  3.4499994902  2.8924842526  2.1166141735  2.1102964293  1.9940452276  1.9447882127  1.6637706064  1.5379111829  1.2639098375  1.0215944292  1.1454481701  1.3464202078  1.0323462365  1.1481263833  0.8805155803  0.6684562288  0.6543674137  0.9679851638  1.0440077764  1.0317364745  1.2752425587  1.2727797234  0.9436314207  0.7831167396  0.9179986810  0.6674116166  0.5371888948  0.4783995768  0.5393823950  0.6618360633  0.7702721950  0.7948264048  0.5295633603  0.6466845278  1.0096197542  0.9189438350  0.9679260803  0.9926384046  0.9884667301  1.2536329006  1.3665492353  0.9977167369  1.3203836853  1.2852247250  1.0020619527  0.9403891187  0.6893123682  0.5277049419  0.5756246032  0.5860687747  0.3917201483  0.2866002329  0.2150105043  0.3104491956  0.3111645293  0.3594697177  0.4195671343  0.5783439848  0.4641914718  0.6338584930  0.6662893697  0.9000316173  0.9217474212  1.0737881411  0.8970624139  0.6293557350  0.7474587651  0.6591952643  0.8160808779  0.9829544591  1.2598369381  1.7361866426  2.1335871072  2.1843597657  1.8767124688  1.9076544121
  1.9337892802  1.7782085658  1.8080547101  1.7408917891  1.2071422815  1.3238250156  1.3665979515  1.8942587790  2.4362258249  1.9942000082  2.1126369955  2.7956180137  3.9169172482  4.2178937354  3.5533355133  2.5880511692  3.9119663604  4.8452155454  5.7120547409  5.6432291378  5.5989494806  6.6705323787  6.9342592309  6.5636096290  5.0486055467  3.5019406815  2.2131956565  2.2800158328  2.2003806930  1.7706428610  1.7820700707  1.8486151866  1.5650354993  1.3974873798  1.1806676984  1.1128081871  1.3407058667  1.7322446769  2.2030092073  2.0066227515  1.7841751117  1.4314196737  0.9312615350  0.9611962238  1.2618982472  1.1688974633  0.9432039656  1.5756736519  1.9896995817  1.3190097702  1.0385782746  1.0557763263  0.9455673931  1.1098674822  1.4218930302  1.0417312645  0.6195455057  0.8785921888  0.9651756634  0.7347955559  0.5284785563  0.2693803285  0.1967096062  0.1827424701  0.1925845308  0.1534392925  0.1461977097  0.2051025146  0.2723599936  0.3067088966  0.2796023380  0.2574679903  0.2114524830  0.2757582584  0.4350465423  0.4724223686  0.5255387103  0.6163602143  0.4035577169  0.2788402886  0.3234741253  0.3849324146  0.5009404485  0.3787148414  0.5898235541  0.6761750145  0.6870848863  0.9843455395  1.4613393116  1.6067990560  1.5242529514  1.9426829304  1.6971977094  1.4042033129  1.2310552078  1.0255679376  0.7313834663  0.7397082053  0.8320739158  1.3405349224  1.9353697311  1.5873998147  1.2066562781  1.1862658870  1.4546854921  1.3881782434  1.0480717822  0.7386932160  0.8077948572  0.5748932106  0.7230650810  1.1262464636  1.2837122831  1.5249757317  1.6014713037  1.4010066641  1.2037445204  1.5595656135  1.6272712594  2.0470412160  2.4763751715  2.9918078647  3.4163688884  3.8654424492  3.9787487404  3.8305328284  2.7169211043  2.4694577982  1.8789725614  1.4979508428  1.3382951982  1.1965144670  1.2232924000  1.1484722449  0.9075970565  0.8342525494  0.8587965927  0.9778829791  0.9895338933  0.7609607495  0.8185754828  0.7694916849  0.9022844724  1.1513113010  1.3346035436  1.2120642421  0.9614170370  0.8492989693  0.7353594422  0.5599337705  0.5950106269  0.5022730051  0.5575091623  0.5006713213  0.5902149113  0.7304233754  0.5982719835  0.6617999657  0.8065024767  0.6939606825  0.7030106134  0.7758351432  0.8266134854  1.0372016368  1.0810496185  1.1035977524  1.1070695756  1.4525211547  1.6324573363  1.1431219952  0.8785685890  0.6050308847  0.5970896797  0.5964383287  0.5415958404  0.4050926955  0.2554713527  0.2566159375  0.2566055962  0.2961434138  0.3176625833  0.4112816691  0.4086422301  0.6361141765  0.6465409687  0.6544157625  0.7026347389  0.7513535023  0.5838989672  0.5053649762  0.8453588896  1.0397995004  1.3018534927  1.2261947384  1.3032656228  1.6976623175  2.2054610364  1.3636899226  1.5168631627  1.8008133326  1.6798106191
  1.6699252882  1.5856617241  1.5003331932  1.4681459882  1.3433994503  1.2668548005  2.3043415914  3.5493438027  2.5003473141  3.1043840507  2.9217527801  2.7365337889  2.6818727951  2.3885068661  2.7367948254  3.4250213459  4.4538038065  6.6895403337  7.7824539054  5.6603662750  4.7061732154  5.2573516378  5.1970999678  3.9752589357  2.9240081792  2.5210372997  2.5468093665  2.2264601965  1.5176221157  1.3792379219  1.4889206703  1.2955720581  1.3626710423  1.3400056689  1.3150310287  1.3923490798  1.9042252914  1.9199172469  2.1988168853  2.0934482434  1.4683925996  1.2150068999  1.0993474176  1.1268289656  1.0715220932  1.0174512531  1.2356435845  1.6216524191  1.5940880196  1.0696278596  1.0969239276  1.0724283488  1.0063076993  1.2232734416  1.0142390436  0.9451207169  1.2236852245  0.9371112243  0.7524592742  0.6884407811  0.4329280517  0.2427554447  0.2666873488  0.1880843786  0.1461590856  0.1430884929  0.1835684591  0.2248370225  0.2197169655  0.2562186258  0.2866836439  0.2437025389  0.2660363197  0.4485811789  0.4906761413  0.4714933289  0.4880771061  0.3219991759  0.3159885182  0.3782547782  0.3301224795  0.3676429499  0.4034870711  0.4750930688  0.5367955804  0.5989243715  0.7943704296  1.0092639528  1.2557389506  1.8147121705  1.3928699422  1.3821436619  1.1916149608  1.0739915514  1.1182932409  0.8575148359  0.8883296482  1.3763066703  1.7031410661  2.0649871718  1.9576426462  1.7331006651  1.1229292056  1.0753697703  1.1234603236  0.9929601509  1.0161568964  0.6562835593  0.5347994530  0.7518924703  0.9465219881  1.2700119785  1.3721980547  1.8421669146  1.6117000187  1.2645732336  1.3122136533  1.7294946635  2.1308272005  2.8133376528  3.2775644739  3.5346563992  3.9724538204  4.3565878411  3.8884835956  2.8648107148  1.9713720136  1.6941175668  1.3430969178  1.2040826630  1.3000588909  1.0782313544  0.9084587706  0.8000283697  0.6820502953  0.5816321246  0.7730681965  0.6805686039  0.7147170164  0.6682901842  0.7315159180  0.8669477725  1.0400327328  0.9904074299  0.9995210532  1.2422850847  1.1575426141  0.6820084866  0.4251331786  0.5212029590  0.5008594774  0.5689775825  0.6331176068  0.5700061921  0.5131907235  0.6333894200  0.6353886159  0.7513569658  0.6975278189  0.6626859660  0.6845233165  0.7357696228  0.9409342720  0.9315498748  1.0648597303  1.1544715283  1.6186290098  1.7598554827  1.2898757798  1.0123734415  0.6600282530  0.4634056195  0.5460360789  0.5813650626  0.5043112671  0.2764511865  0.2705626254  0.2918825168  0.2380840726  0.2636983623  0.3370174578  0.4491672141  0.7579925598  0.7609919855  0.7473864919  0.5758664644  0.5500139736  0.4840704390  0.6319047271  0.7658615707  0.9732432012  1.2195838523  1.1188387372  1.6777761070  1.6603197215  1.9427000923  1.6459663374  1.2595518573  1.7985285904  2.1080636766  1.4677518708
  1.4237956806  2.1579647708  1.9831219513  1.8715448886  1.5529021123  2.0597590596  3.3276858987  3.1659844571  2.9809809563  3.6720985455  3.0508069852  3.2113449928  2.8840966194  3.3081685786  3.9098792203  4.2788103988  6.8939251656  10.0048918413  6.9845674207  5.3667792084  4.6559910582  3.5249064920  4.1673191000  2.7731526110  2.4443268333  2.2986997096  1.6340536030  1.2358364551  1.3112587711  1.4615856317  1.5759049413  1.6684150213  1.8690993627  1.5959649385  1.4564461417  1.7824204921  2.0838332629  2.2562918689  2.0315562492  1.5646945263  1.0849314361  1.1990970207  1.3969902566  1.3244588929  1.0403089632  1.0410919339  1.4069536040  1.4960863034  1.1917731527  1.2462304329  1.0658121580  0.7453888118  0.8803467475  1.0613071645  1.2231155289  1.7532638245  1.2724865449  1.0581504534  0.6300147584  0.4726176062  0.4452361146  0.3144594802  0.1822941023  0.1391706488  0.1823872206  0.1917983066  0.1679882421  0.1785901741  0.2694447906  0.2310256696  0.2189976208  0.2740702194  0.4436013773  0.4537239682  0.4073755568  0.3181783416  0.2417600043  0.3270583327  0.3480055410  0.2721401063  0.2706657921  0.3385852469  0.4639208660  0.5226797874  0.6186934473  0.7256723301  0.8319714091  1.0676440307  1.3091406600  1.3048845431  0.8358073255  0.8554602194  0.7911552600  0.9199928843  1.1955622252  1.4337120943  1.5071606509  1.9098575561  2.4769513673  2.1735383741  1.6842724095  1.1896558284  1.5069389847  1.2278374705  0.8733557070  0.8863983175  0.6623124574  0.6932850688  1.1507406234  1.2332586107  1.1831163701  1.6670014027  1.7904992191  1.5154792512  1.5733538990  1.3448422970  2.0873097160  2.3231659846  2.8732080684  3.0653059598  3.7526474025  3.3718823234  3.8032924064  3.4321987360  2.3568305900  1.9211177610  1.4559698988  1.5071541265  1.2768562302  1.1561340932  0.8789229079  0.7025542543  0.5009960214  0.4753148661  0.5291761681  0.4969952361  0.5101366105  0.6113396998  0.5961202552  0.6524174221  0.6780643282  0.7857570338  1.0655564689  1.3364261085  1.3732469709  1.2637041179  0.9949795107  0.5621889571  0.5515391102  0.4855721977  0.5137227060  0.4090601368  0.4677127327  0.5074766449  0.5775671560  0.7314890724  0.9427629291  0.7654515236  0.6194099627  0.6266867546  0.6597936831  0.8417506423  1.1548443467  1.1865741614  1.2345497590  1.7761719704  1.6728847162  1.3128395268  1.1262601676  0.5859056944  0.4382332549  0.4592401376  0.4597745744  0.5843377590  0.4130170985  0.2515797160  0.2694849640  0.3522020539  0.3529591776  0.3903526574  0.4002758945  0.7172755494  0.8456898621  0.6804352078  0.6117784673  0.6003926370  0.5587048179  0.6848487387  0.9027716802  1.1530815145  1.0753167242  1.2462082874  1.4287621204  1.4081264612  1.5683935794  2.2318297392  1.9753467121  2.0983183024  2.2809861108  1.8476449015  1.5433222126
  1.7102917654  1.9489708186  2.2087752370  2.1012071781  2.4675589308  3.8216691853  3.2066185900  3.1126512716  3.5683158420  4.4468948961  3.9930795596  3.0561824099  3.5679944877  4.9239177574  6.9820042565  6.5956949318  8.0515674390  7.8156222667  5.9976680475  4.6634830627  3.4474228160  3.5040820874  2.4499942736  2.0374625616  2.8699977522  2.0513980870  1.5858948585  1.2183313526  1.3896645475  1.4547507451  1.8793084098  1.8282984206  1.6849546077  2.0331278091  2.1041658847  2.7149511410  2.4703146281  2.0389083647  1.8171778621  1.1984278941  1.0347990261  1.0581987654  0.9803348555  1.0492996404  1.1997538829  1.2902717097  1.0279535387  1.1844470972  0.8510059891  0.7362597902  1.1132869626  0.9481976103  1.2559476752  1.4575060079  1.5218869838  1.2304346114  0.8443899536  0.6857019240  0.5905760635  0.5329077912  0.2894150227  0.1936183259  0.1908762012  0.2351781688  0.2626388524  0.2568233529  0.2094536574  0.2607410096  0.2491146262  0.1917708048  0.2807138543  0.4598487954  0.4707442988  0.4033931434  0.3076841845  0.2741519167  0.3548654825  0.3210489212  0.3001211909  0.3135711391  0.3344685475  0.4146671863  0.4899249381  0.5209738775  0.5592183391  0.8081605804  0.7602458199  0.8278204395  0.9083040345  0.6432464440  0.7367685659  0.8012540010  0.8801675209  1.1831238045  1.5690746657  1.7904087177  1.8833860733  2.0965164238  1.5347647533  1.7004603710  1.3514925973  1.6044010376  1.1096450819  0.8471060076  1.0378032390  1.0724786249  1.2162683036  1.3764981186  1.3586391378  1.2600962671  1.4693060346  1.2984741220  1.0195992966  1.3460609125  1.7470830307  1.9712479438  2.2342405653  2.6869513211  3.1539029493  3.2693676283  2.8663916869  2.6663006951  2.1125945201  1.9900849093  1.5001332104  1.4222364848  1.0717988649  0.9436937704  0.8721744425  0.5969298301  0.3552496639  0.3028460249  0.2486276807  0.3376512804  0.5563338701  0.6248491595  0.6209813542  0.5046598424  0.6357131784  0.6737000870  0.9432132962  1.1827338040  1.2359063869  1.1575833712  1.1743471757  1.2100709793  1.1448293717  0.6684451722  0.6612124002  0.6009154222  0.5811827637  0.6014598414  0.5368203650  0.7105683538  0.8883512048  0.9695236053  0.9231860105  0.7356263542  0.6469484324  0.5501895253  0.7532751278  1.0954734631  0.9699338943  0.9083925298  1.1777013374  1.2478440778  1.1381506615  0.8563516610  0.5632029097  0.5193000618  0.5040710622  0.4596716453  0.4900613679  0.6145444959  0.5039727708  0.3530473647  0.4693146450  0.4182274272  0.5223773418  0.5579420446  0.7414798891  0.6307529170  0.5697736911  0.7394028455  0.7098842700  0.7413969527  0.9229802609  0.8606022136  1.0232586255  1.1458435894  1.1182823619  1.1767966808  1.6370662626  2.0474076387  1.8535892496  2.3378410644  2.2915564793  1.6024974374  1.5750994556  1.5094557924  1.5322191695
  1.9009809548  2.3589235950  2.4296572995  2.4693308978  3.7126961107  3.3333889679  3.1246365951  3.5463492775  4.9733459938  3.5125644812  2.6056114862  3.7168060895  5.6408223601  6.8358518067  8.2713456317  7.0722242583  7.4564063423  6.8700693732  5.4401525773  4.7877840888  3.2438195302  2.6143416076  1.9998237160  2.6076475458  2.6426852950  2.1059227142  1.4286300441  1.3726705823  1.2702679899  1.7400448640  1.6396407374  1.9609354463  2.3553962537  1.9957327024  2.5560930977  2.0761039611  1.8832798464  1.7148690640  1.2980822319  0.9733894529  0.8075150071  0.8859970259  0.9981751559  1.1821522715  1.2101433056  1.1422685275  1.0825309754  0.8633598433  0.8087861311  1.0404685778  1.0392273469  1.2006605527  1.4116537201  1.4998073019  1.5487586818  0.8802710618  0.6436156751  0.5874238529  0.6042012602  0.2877513381  0.2333390368  0.1814165963  0.1672051148  0.2420310079  0.3155150567  0.2709934745  0.2276605956  0.2507151020  0.2264713938  0.3099601308  0.4971105659  0.4972366997  0.4176622650  0.3904220370  0.3543511985  0.3698400560  0.3527401904  0.3339824079  0.2861068771  0.3250720358  0.3450947942  0.4232771333  0.4867067311  0.4558708078  0.7143054579  0.6150870717  0.6522587475  0.6952693320  0.5127443507  0.5075094465  0.8361860449  0.8349352211  0.9450153004  1.4570832154  1.4736013584  1.4819811753  1.9696195935  1.8867183304  1.4436735053  1.3225712004  1.3563800686  0.9825564549  0.8872697646  1.2013938377  1.2463280957  1.4904241747  1.3516241449  1.2041939500  1.1314959842  0.9828523624  0.8432617598  0.9706034165  1.2257689039  1.6947142132  2.3000709486  2.3514722098  2.4945656237  2.5109513049  2.7286156339  2.9195431581  2.6943199197  1.6715757069  1.1817699145  1.2675157268  0.9928300038  0.7654184935  0.7584917423  0.6693787492  0.3884737996  0.2719143761  0.2721450257  0.2299809484  0.2364378623  0.4175908164  0.5755409137  0.5848742696  0.4673391190  0.6002766824  0.7404661671  0.7275526764  0.8055796030  1.0323812096  1.2182876908  1.0810222322  1.0827583367  1.0260324610  0.7495418872  0.6303222927  0.6995945858  0.8727788973  0.8356060909  0.7558710356  0.5978179064  0.7222036732  0.7007352276  0.9087555348  0.9766866612  0.9998029793  0.7795149017  0.8677533117  0.9282014185  0.9222825066  0.9195826822  0.8921513652  1.0037133265  1.0293502288  1.0228126734  0.7105160535  0.6719896890  0.6773918139  0.5847898816  0.6128343037  0.6554657061  0.6951022124  0.6325726828  0.5996043432  0.5691533962  0.6123647462  0.6846344323  0.7054186083  0.7046003559  0.7355181051  0.7206270406  0.7728657960  0.8318249303  0.9713299752  0.9746374833  0.9678493630  0.9125711727  0.8683754993  1.1210207626  1.6694271153  2.0832451318  2.9294425072  3.0227042578  2.1896582831  1.2463920215  1.2534924507  1.2560373179  1.2886524895  1.6612241534
  2.6196502358  2.3736568163  2.0120813739  3.5229504041  4.0024444819  3.6943674370  3.9695581201  4.4387093066  4.0404638975  3.6139323380  3.6882091246  4.9103873366  7.3102091881  8.4667124267  7.1434242430  7.6409853794  5.1578897493  4.2615340859  5.6224788030  3.7373086181  2.7152234880  2.5499100907  2.7252752017  2.0471343983  1.6482688561  1.3848629508  1.1359010422  1.3273005065  1.8256980366  2.0189065117  1.8910878324  1.5348720646  1.6580012643  1.9852657315  2.0546614702  2.1039104540  1.6994378139  1.2640573127  0.9422385589  0.9295569347  1.1013728000  1.0413710909  0.9930064228  1.1092140828  1.1775173026  1.3287470729  1.1866360304  0.7918682379  1.0420641810  0.9044295162  1.0772028541  1.2571449561  1.2638739829  1.3665044707  0.9753878243  0.7317908970  0.7421523887  0.5267492333  0.3728296267  0.2286108558  0.2032093642  0.2406070023  0.2189138788  0.2392869002  0.2000760429  0.2079452027  0.2393183411  0.2255146107  0.2669410475  0.3835064714  0.4968485262  0.4943456472  0.4498120576  0.6133980891  0.5283259559  0.5293571202  0.4668175544  0.3746170809  0.3874007715  0.4261454546  0.4642699140  0.5748936843  0.5012238266  0.6332877704  0.6288492271  0.5213082997  0.4255827845  0.3631998231  0.3927153199  0.5655655765  0.5363153053  0.6220159137  1.0046614376  1.3611949339  1.4610954295  1.9216430374  2.4074864816  1.5851241992  1.2846728588  1.3856214945  1.5310425734  1.2474145272  1.1718360274  0.9600816960  0.9324866046  0.9485512509  0.8181538307  0.7468202180  0.8012856383  0.7983625730  0.9644872476  1.1945579915  1.5771654784  2.3139984685  2.4773060936  2.1004602075  1.9778503651  1.5688977194  1.7557115669  1.6842924876  1.6028256902  1.1887413468  0.9766253920  0.8901659166  0.8439719315  0.7534267039  0.6451635253  0.5594756048  0.3498070400  0.3105699228  0.2821844320  0.2626758105  0.3748274660  0.5386819078  0.6384786893  0.6608106598  0.6082852012  0.6599009603  0.4804315560  0.6161727962  0.8822227604  1.1133887562  1.2017997289  0.8490297633  0.9739729394  0.9954553704  0.7645118987  0.7740800613  0.8615777744  0.9270796153  0.6948843283  0.5255453704  0.5646391899  0.5454970858  0.9065928481  0.9135090526  0.9575077656  1.1531853025  0.9817411031  0.7735326383  0.7790587339  0.8516868273  0.7553449918  0.7540331859  1.0118830792  1.0670555542  1.0807941814  0.9762586134  1.1133869558  0.7686789042  0.7487451513  0.8122409742  0.9672850012  0.8903633677  0.9084166703  0.9863809020  0.8125695032  1.2210990549  0.9019826846  0.9260323095  0.8311518665  0.6092478334  0.7162724610  0.9256517145  0.8558682813  0.9567587631  0.8547339458  1.0534012167  1.0954653652  1.3944508267  1.9507098997  2.0796006049  3.3860484844  2.9886280324  2.2284743031  1.7857334472  1.5424464176  1.1945883939  1.1430338631  1.3669730533  2.0698791482
  2.5725311539  2.0839782831  3.1186765930  5.2043224495  4.3331235487  4.0317498419  4.4247145068  5.6880556504  4.7378829727  4.0678639162  5.0053841568  5.5215896282  5.9517200139  4.7328082099  4.3427595843  3.8992607072  3.5191865185  4.7133887218  3.3866848262  2.7459329539  2.4363286751  2.2608335737  1.7290408073  2.0621005852  1.4065454304  1.3043848786  1.9467611622  2.7819917854  3.0980330098  2.4344939399  1.9084238497  1.8534945205  1.7440258411  2.6020530380  2.2162072807  1.7287189954  1.3480542994  1.1169730475  1.1650710826  1.2345620618  0.9527052087  1.1669239765  1.3076558846  1.5753367487  1.3455174130  1.0471962374  0.9270893155  0.8575199633  0.8693946938  1.1399914719  1.7278685131  1.6368036307  1.2001119602  1.1718801767  0.8660950312  0.7811613459  0.5874159743  0.4240351698  0.2902608056  0.3272660300  0.3081219724  0.2242382017  0.2366175823  0.2522851136  0.2913200538  0.1821967097  0.1829734303  0.2298736321  0.2716267113  0.3276247206  0.4468246706  0.4989990564  0.5800584388  0.6306170401  0.5842031363  0.4180562614  0.4693042315  0.4289462632  0.5001594749  0.4647450456  0.4427111425  0.4008556813  0.3500348091  0.3568122575  0.2988395630  0.2870738501  0.3174550737  0.3545017328  0.5159845618  0.6661752923  0.5823196745  1.0018308897  1.6251887728  1.6992189747  1.5105278948  1.7681194880  1.4201156975  1.1576486611  1.0477946171  1.4414192776  1.4712525663  1.3577829803  1.0139143661  0.8152323246  0.7856553468  0.6859702981  0.7726343739  0.9781178480  0.8776671240  0.8107433712  0.9961690448  1.0819558519  1.4361274636  2.1063635594  1.7078050887  1.5317910785  1.0707417576  0.9410212670  1.0226445166  1.0197502875  1.0051643321  0.8306983159  0.8605879283  0.8412885298  0.8515362518  0.7384154789  0.5944090219  0.4422845785  0.3845943334  0.3315391375  0.3794250521  0.4947747196  0.6771277572  0.6470589447  0.6495816471  0.6447560616  0.6567479670  0.4196746268  0.5186675541  0.7044475678  0.7506221337  0.8419802900  0.7967128265  1.1057776052  1.1248252368  1.0383038956  1.1999671156  1.3379113228  1.0668658973  0.7979988659  0.7492318911  0.5232195935  0.6244243565  0.9986174172  1.1197344029  0.9901889319  1.1967220893  1.3684162730  0.8688768812  0.9516157305  0.8939097856  0.5730331537  0.6578167764  1.1013904552  1.2906848136  1.1273851139  1.0986853678  1.1200139364  1.0676210121  1.2649946555  1.0206312242  1.1439316415  1.0214221339  1.0814455741  1.3208744986  0.8922663315  0.9202698634  1.2081554489  1.4775156264  1.2778931038  0.9577540719  0.7922619136  0.7429984509  0.7521732154  0.7836659891  0.8838736688  0.8694800880  1.1076463952  1.4970340376  1.7716098616  2.0273783049  3.0627808191  2.6051603248  2.2637284065  2.5367569251  1.5811208724  1.1274624090  1.0751075197  1.4324903775  1.7214930824  1.7143654685
  1.8206994409  2.5935357011  3.8376421082  3.0977933581  3.7288813320  4.9653778898  4.4881274557  4.4727176304  3.9271762321  3.9192022015  5.2519982162  5.6322620324  4.0921155952  3.4758703653  3.1153041769  4.3725178074  4.3200751999  4.4103173713  3.6225002837  2.0754216815  1.9600381848  1.7309563853  1.8409508850  1.5045860843  1.4854211414  2.3831727905  2.5987539538  3.2108866897  2.4266465227  2.3284768938  1.8249829602  2.2109523599  2.2617163798  1.8746876506  1.8500633933  1.9336363337  1.1056082473  1.1121970735  1.0222495012  0.7722515730  0.9549135166  1.5282177749  1.8546602078  1.5292267228  0.8574028005  0.7533640216  0.8687976327  0.9611183811  1.2709098139  1.6557806799  1.8743101511  1.3945119999  1.1836159616  0.8670719653  0.8216118607  0.6665184728  0.6785953413  0.7366414041  0.4369856995  0.3022882171  0.2011788924  0.2299555341  0.2698827773  0.3445408017  0.2253032940  0.1844117353  0.2265303546  0.2050106057  0.2586148049  0.4018701816  0.5338806542  0.5091618188  0.4845568297  0.5006760045  0.5637758645  0.5102123821  0.4851068473  0.4546937622  0.3900272158  0.3368052106  0.3702143211  0.2774454038  0.2857908332  0.2190230361  0.3398655826  0.3882879815  0.4747137626  0.5083143383  0.7490191913  0.8165006589  1.1513927276  1.1617039324  1.4949447418  1.4748750433  1.3708186383  1.2451549789  1.1275650446  0.9827098065  1.1227500120  1.4654006017  1.4264355390  1.1730733330  1.1952647583  1.2933867399  0.7935193927  0.7942759253  0.9806634108  0.9787887132  0.7171540896  1.0090701818  1.0393885236  1.0114156231  1.3795507477  1.1303289743  1.1373131440  0.7586131658  0.6333206882  0.7189482493  0.6991289930  0.6171560045  0.5874253929  0.5539169517  0.6413239388  0.7785207112  0.5551637793  0.4638538380  0.4621768381  0.5447636413  0.5321529639  0.6660315099  0.4641005259  0.4880668106  0.7607499308  0.7654191557  0.7087986793  0.7978530450  0.5624802838  0.4665602065  0.5017329718  0.5567984352  0.4892442509  0.6470070454  1.0404260640  1.0924759235  1.1816167005  1.4118203625  1.4742348614  1.2122726398  1.1402198271  1.0585186786  0.8010164181  0.7656544039  1.2034698148  1.1944509713  1.1227524914  1.0573556091  0.9713140336  1.0464446732  1.0493524630  0.6773746924  0.5482390744  0.6883128994  0.9642768746  1.1958966872  0.9197221849  1.0814572694  1.2332803763  0.9403014204  1.3512431441  1.1365401716  1.0926293838  1.1011217449  0.9389913209  1.6182033892  1.5811310451  1.3202637041  1.3038070138  1.5397855007  1.5910113209  1.3430162471  0.9767287889  0.9529191007  0.9020785069  0.6876795739  0.6776174169  0.6978656331  1.0086138493  1.3563423871  1.7839523322  2.1685720772  3.6622594519  2.8760202498  3.2051566988  3.3131882180  2.2922739449  1.5465248287  1.7057731968  2.2198463073  2.2337590718  2.6130947701  2.5440581028
  2.8100897225  2.3786300227  2.7873149362  4.1456872321  3.2998981313  2.9970909309  2.7014030039  3.8249872046  4.9409096762  6.0709337857  4.7312263553  4.1147718391  3.2672615460  2.8515631719  5.4724230265  6.5558561365  5.7030091581  4.1670482238  2.9757416882  1.9042199653  2.2192169904  2.1423439151  1.7865974234  1.7715717980  2.1623875629  2.0810023172  2.8214302053  1.9349265514  1.7425491623  1.2765516876  1.4982986204  1.8343680752  1.8969668219  2.1529577997  1.7595016027  0.8380837668  1.0175433233  0.7844472198  0.7996796162  0.9234191957  1.3492410314  1.6108860064  1.5296094424  0.8823295164  0.8369532901  0.9358194879  1.3097043888  1.1776435666  1.3123305120  1.8411391814  1.5277937334  1.3126183194  0.9558512374  0.9440227589  0.8852675497  0.8172899867  0.8326394087  0.5489139754  0.3524882170  0.3093520159  0.2594580675  0.2713770211  0.2954216708  0.3139948974  0.2610149342  0.2681287740  0.2208925881  0.2860961564  0.3701092174  0.4955963792  0.5047835213  0.4325924370  0.4233761941  0.4813718460  0.4394293554  0.5079695433  0.5143215461  0.4126879007  0.3144818732  0.3569017693  0.3021578528  0.3313044743  0.3612175188  0.4090963934  0.4587486029  0.5983660266  0.5352321895  0.7614094415  0.7429437294  0.7674562690  0.8929240520  1.3821288016  1.3456179791  1.3230594393  1.3912673349  1.1772848822  0.8968672862  1.1412856917  1.3724348849  1.5618765008  1.3819853449  1.3011874240  1.4256021209  0.9392221569  1.1310156530  1.0141820477  0.7928551453  0.8706939075  1.0691789635  1.2184424146  1.2308141990  0.9347776046  0.7511807927  0.9199649124  0.8127562128  0.5249428121  0.4710545850  0.5991806426  0.6201217210  0.5362608404  0.4825297231  0.4965622297  0.5814060818  0.5586498431  0.4052507128  0.3920451050  0.5063696286  0.7026500821  1.0006065188  0.7694200758  0.8138379289  0.6982791466  0.6870649301  0.5634075013  0.6292410809  0.6790074484  0.4208455119  0.4502646692  0.5304929537  0.4119559480  0.5630254649  0.6632378875  1.0462442257  1.0837389416  0.9263475719  1.0062030035  1.3305216755  1.0469506569  1.1189199715  1.1312575824  1.0172027738  1.0689315753  1.1203784958  0.9399426832  0.9534872303  0.9160941940  1.0764513773  0.8105918769  0.7916353115  0.6291803571  0.6098416401  0.8599571216  1.1222305713  0.9831190617  0.9189361617  1.2607686455  1.3284472133  1.4299952372  1.1191085826  1.1193265523  0.9282321999  1.0296375070  1.3920442069  1.9074709199  1.9051341603  1.9858712498  1.5255005359  1.5004974949  1.2828115594  1.0790088994  1.0916498723  1.1770230624  0.7562652902  0.6757059421  0.9684184659  1.0592275878  1.5163232203  2.4124484629  2.6739327410  3.2071902981  3.3878074665  4.0534712868  4.5144202664  2.8876247608  1.8100578882  1.9314852327  2.6226889664  2.5636054654  2.9560880724  3.5887153229  2.5964544567
  2.8208968789  3.2736438581  3.3166512681  2.8807951060  3.0154068740  3.3491082040  4.0743642624  5.0526238635  4.4394466656  4.0281071130  3.9263486347  4.1902082047  4.3000235855  5.4570450673  5.6655588386  4.6688011903  3.2826093684  2.0913579263  1.5851665885  1.9809435474  1.9246261719  2.0560641486  1.9483514332  1.8129380338  1.7675378781  1.7603982590  1.7386451658  1.2499694274  0.9422243454  0.9864520028  1.2618455515  2.0078296307  2.1531380387  1.8888994130  1.1354655014  1.2233187536  0.9207031133  0.9200606145  1.1909293496  1.3303941175  1.4782966397  1.0996826099  0.9567773037  0.8404367692  1.0106619412  1.1737708969  1.2366172873  1.4350877137  1.4350843780  1.5540510683  1.3398307784  1.3365927384  1.0500060960  0.9440337463  0.5559053488  0.5676629872  0.4738514453  0.3783000112  0.3390341614  0.2989025156  0.3959829898  0.4160223821  0.4748905643  0.3343941331  0.3506344868  0.2366742497  0.2428281231  0.3905949667  0.5455551409  0.4102003264  0.5088200624  0.4044504417  0.4553930626  0.4783943632  0.5484671013  0.7401084674  0.4469555371  0.4285094693  0.3956618031  0.4537262797  0.5432203576  0.4752210491  0.4628352784  0.4730719751  0.6500651243  0.5927550935  0.6363133205  0.6138850672  0.4987401145  0.5905111937  0.7940176235  1.0991637551  1.2287772686  1.3149830970  1.3024798566  1.1944209958  1.1655574288  1.4870705343  1.3387388827  1.3354479859  1.6601334059  1.9242736841  1.1414983278  1.2984853605  1.0285920936  0.9927697307  0.9927157330  1.2552117244  1.4055616598  1.3582352596  0.7828850488  0.6016735122  0.5202152703  0.7354461773  0.5571866349  0.5246180671  0.6124805240  0.4034312641  0.3129793853  0.3684682112  0.4330321953  0.4843302812  0.4509996683  0.3485558558  0.3501655669  0.5327642434  0.5499509996  0.6785089787  0.8164560682  0.9061617788  0.6290593549  0.6023217165  0.4537416966  0.4589263851  0.4792565441  0.3574597128  0.3450824416  0.3416961464  0.4086475516  0.3981864584  0.6891568425  0.7480696213  0.8488357604  0.8272512976  0.9158441707  0.9185868090  0.9701613273  0.9649257494  1.1838578199  1.1584577337  0.9578230501  0.9896941107  0.7432722308  0.8542936764  1.0331140179  0.9787531635  0.8882477693  0.8031650004  0.9123004885  1.0139168603  0.9452638934  1.1808023797  1.1224824325  1.0551811686  1.4680829056  1.7416262841  1.8593378201  1.7679069308  1.4416314171  1.1423449364  1.2250587065  1.7364746444  2.8410142099  2.2543466285  2.2173289913  2.1405024017  2.0023799957  1.7830438220  1.4707961139  1.4771479393  1.2549559729  1.0738133564  0.9902481495  1.0490020431  1.3340051482  1.5508523640  2.1127678623  2.9137242188  3.0540559336  3.8997985406  3.7188638424  4.5321613767  3.4216380664  1.9979329140  2.0250215355  2.8288197948  2.9498054659  2.6694934774  2.7890916621  3.0044066484  3.3682846527
  3.3149966954  2.9359455728  2.5188421970  2.7866812942  2.4883263817  2.9844477381  3.7376481926  4.5148069283  4.7140463676  3.6253178560  3.7284761799  4.1355012949  4.6030087748  4.5377062428  3.7301370200  2.4530739904  1.7731166267  1.7178509361  2.3577082986  2.2170769104  2.1138200763  2.0690164652  2.0049784119  1.7974960534  1.4488589609  1.3083032149  1.0495795590  0.7656209778  0.7804902864  1.2030052172  1.5027665344  1.7342105591  1.5815449390  1.6100912191  1.4752972819  1.1431014135  1.0804081178  1.1460231252  1.4115882493  0.9376741826  0.9025841623  1.0509673500  0.9650330904  1.3135602021  1.1450565295  1.5806551833  1.3215674828  0.9424940747  1.0120414952  1.1952023748  1.4744932750  1.2976732417  0.8632273706  0.7541083008  0.4940914291  0.4564656408  0.4550793240  0.3221902380  0.3569643802  0.3923525943  0.5373565801  0.5269941602  0.4811910990  0.4417556321  0.3141915243  0.3133971912  0.4013346884  0.4645806687  0.3744705981  0.4782843918  0.5536201349  0.5361972885  0.4169522735  0.5500887974  0.8017242208  0.5518156343  0.4460296729  0.4426346105  0.4989168347  0.4683816700  0.4775656913  0.5528609467  0.5502694621  0.6086406123  0.5968113966  0.5470050144  0.5739429622  0.5332174111  0.6354838418  0.6913569015  0.8900545107  0.7270069250  0.8523928857  1.3905763738  1.1735137340  1.5425053916  1.0722646991  0.9637381811  1.2575916484  1.5617430472  2.2016099210  1.4853133558  1.2705659836  1.0272762822  1.1618881224  1.0683740498  1.0965341788  1.2060914838  1.3764359191  0.9801440830  0.6497077037  0.6512000979  0.6052984675  0.5554129066  0.4835811638  0.4598074852  0.4011857446  0.3434804961  0.3992567941  0.3901515791  0.4401991448  0.3809214682  0.3737139940  0.4724905580  0.4673272749  0.5340708174  0.6400748202  0.5637980839  0.4998376858  0.5268507503  0.4685448582  0.3741982276  0.3472101947  0.3802817599  0.3504196620  0.3029282659  0.3303785650  0.3502578847  0.4633767952  0.9350836208  0.7689870094  0.6603694466  0.8253152352  0.8755883754  0.8147937561  0.8048699181  0.8116261824  1.0733561406  1.2143567716  0.9421019808  1.1253760550  0.8166267042  0.8382212155  1.0876875296  0.8883553794  0.5973695647  0.9890483647  1.1440752915  1.1149144908  1.2329670779  1.1580210816  1.0640701844  1.1005794060  1.3126512015  1.2715208459  1.9665254300  2.0162891418  1.8357901632  1.6062457482  1.5140904750  1.5084944338  2.3128396328  2.1898991199  1.9881223313  1.9672253951  2.5080276362  2.5538680639  2.0101728853  1.5966418346  1.4054189275  1.2953010899  1.2277102351  1.0514455684  1.2703340750  1.5401323923  1.9083018099  2.6306157168  3.4527363867  3.3535245626  3.0666609476  3.1839039305  2.7393175720  2.1385430765  2.0767188355  2.1913432826  2.8979464171  2.2673157568  2.2119935954  3.0624544633  2.9402064930  2.6966159578
  2.7332050585  2.6551598758  2.2768085351  1.8462480522  2.5587286984  3.0758401334  3.7561932737  4.5021797389  3.8784210426  3.0619658386  3.4873549619  3.3048875774  2.8852439288  2.6655290513  1.9962619896  1.6889726252  1.9975905219  2.2916291258  2.1962489805  2.3815377439  2.8554083821  2.4057083599  1.9479287050  1.4149269144  1.1601674531  1.1798895405  1.0012489154  1.0708851734  1.0875225409  1.2429437406  1.3121352817  1.3543833954  1.4273053484  1.2903249621  1.2198622442  1.1094145935  1.1138089052  1.2623246677  1.1706348513  1.1830726358  1.1658796693  1.2185586066  2.0033319247  1.6046287384  1.8329935350  1.4683836950  1.1668929387  1.2807481110  0.9714826976  1.1763785659  1.5639018179  0.9809690204  0.6992360374  0.5296264253  0.5518875290  0.5011814659  0.3902617185  0.4016094153  0.5037455292  0.4786800206  0.4834094168  0.4869720428  0.4002822367  0.3361841100  0.3931194346  0.3061687645  0.3307735440  0.4952604654  0.4920729169  0.6102869496  0.6069027946  0.4452658116  0.5471413074  0.5349695025  0.4816579803  0.4729512460  0.4245497392  0.5321353641  0.4486483070  0.5431407128  0.5431911119  0.5351932394  0.6215032524  0.6209642871  0.6615636295  0.5155540407  0.5398598162  0.7286827653  0.6836772952  0.7685848244  0.8486980809  0.8011639003  1.0826487448  1.1754021543  1.0525951557  0.9938528335  0.7027845122  0.9623089487  1.2136170815  1.3141536571  1.1931355764  0.9736294753  1.2509713904  1.3369404581  1.6041856276  1.2500561119  0.9753304934  1.0410337337  0.7932019925  0.8491083912  0.8507268074  0.7999342407  0.7654369757  0.5278623521  0.4080817907  0.3573335898  0.3599761362  0.3671867336  0.4135030620  0.4153950389  0.3428138899  0.3581710685  0.3708009656  0.4404207227  0.4767901123  0.4561745033  0.4478273730  0.3338035684  0.3005287575  0.3591133445  0.3743465532  0.2880408083  0.2169610687  0.3326040492  0.3021350947  0.2740742455  0.3174231256  0.5409407595  0.9392131052  0.8961833503  0.8608170265  0.9002418224  1.0113959511  1.0866981796  0.9643023195  0.9543982330  0.8866886336  1.0047589895  0.8418585624  1.0844618049  1.0303285778  0.8434236619  0.7960002698  0.7108995273  0.5655653463  0.8719094974  1.2089358088  1.2329062080  1.2143280488  1.1458929488  0.8935990354  0.9744265053  1.3009679446  1.1195819520  1.2057490200  1.5934134002  1.6502049977  2.1390151625  1.6640381066  1.6887581537  2.0601170274  2.0394106475  1.8705676767  1.9406312536  2.3634999068  2.7440817666  1.8166575581  1.4599641794  1.1815498272  1.3242101510  1.4388711325  1.6042062417  1.5740061936  2.0156454796  2.2395809694  2.5844213568  2.6892499625  2.8608012989  3.6251017812  2.7628754670  1.9672151923  2.3734372897  2.9357416142  3.1157952252  3.0541409491  2.6714328874  3.0196509204  2.4603137785  3.0739009073  2.9523907130  2.5067663387
  2.0201250491  2.0515214643  2.1450627607  2.1230213805  3.0879916147  3.6346676193  4.1897827325  3.9363357531  3.6975489391  2.3302324862  1.9293177662  2.0528241835  2.0271509461  1.8948895133  2.0835695072  1.8971021739  1.6043969098  1.6625749251  2.0230115420  1.7241217687  1.7986856390  1.6359706680  1.4811494905  1.2287781290  1.3606406622  1.3032809447  1.1696196955  1.0035130424  0.9879302464  0.9259122843  1.1180374435  1.2356120006  1.1349194544  0.9763688691  0.8581232138  0.9985736438  1.1206607651  1.1820525999  1.0014480356  1.1117925989  1.4635585548  1.7813784485  2.2070533536  2.6562414991  2.8631142999  1.9451730612  1.3580404750  1.0875881848  1.1770867413  1.3555770011  1.1781966672  1.0895558553  0.7537556826  0.6687354408  0.5478582515  0.3873454032  0.3826015469  0.3626357799  0.3990026294  0.3626291017  0.3666729561  0.3509409612  0.3415117048  0.3606977564  0.2815917669  0.2686262823  0.4203973411  0.3773015797  0.4741903971  0.8547639979  0.6397051891  0.7006883865  0.5340324353  0.4782783134  0.4502785711  0.4230232073  0.5803673885  0.5499867429  0.5585857931  0.4645195206  0.5700560277  0.6684670063  0.8488742937  0.8394987905  0.6729403120  0.8146039117  0.7022937525  0.6540923083  0.8355046547  0.8933092456  0.8180722189  0.9136632599  1.0915081068  0.8732243138  0.8513784628  0.7313052324  0.9711485864  1.1705760840  1.1338184401  1.2638459420  1.1008369351  1.0169578434  1.9242377826  1.9953975916  1.4777059031  1.0961499322  0.8233206389  0.7562322375  0.8914973384  0.6979515316  0.6507563153  0.7669161219  0.6447731179  0.4214046032  0.3112760276  0.2679864858  0.3001329280  0.3377261533  0.2989576293  0.3429807537  0.3979795438  0.3756100434  0.4310324872  0.4078537331  0.3169433980  0.3162773070  0.2632691420  0.2872538143  0.3256428401  0.3342845794  0.2792192101  0.2520808089  0.2686435150  0.2697785168  0.3385360651  0.4369863593  0.5036790515  0.8150530988  0.8164539997  0.9197850332  1.2226289421  1.2029896600  1.0087046866  0.9109700002  1.1746805811  1.3940870152  1.2613396525  1.2983055679  1.4351394392  1.3450512247  1.0469130701  0.8582268305  1.1107066982  1.1077252025  0.8251588434  1.0918555805  1.1869659754  1.2512009069  1.1374623326  0.8424028870  0.8421651163  0.9377840682  1.0074287917  1.0516615605  1.1685579037  1.5291121038  1.6296122073  1.2720013750  1.2794378530  1.3582098066  1.9950754584  2.1876639198  1.8126485190  2.5161625149  2.5416960463  1.5736909531  1.3870039293  1.3832644001  1.5221097799  1.3108397826  1.7105410191  1.9387179469  2.1179498171  2.6532159267  2.5881465636  3.1424639127  3.0593545607  3.0830363983  2.7551291109  2.1180778846  2.2978773661  2.4823081776  2.6265482262  2.5280821634  2.7917264208  2.7994860227  2.3572156763  3.1425797589  2.6295106731  2.2761990118  1.7693816029
  2.1400816750  2.5718966205  2.5808829711  2.6233684397  3.5009951886  3.5918773244  4.6126352053  3.6892042850  2.2978656947  2.1027554828  2.1898379909  2.4016450915  2.0562240043  2.2731644139  1.9439741751  1.5421603715  1.6743758197  2.3029512276  2.4550595523  1.6063027418  1.6718586711  1.7409609216  1.5149012222  1.1012675597  1.1151789233  1.0641070092  1.0099200584  0.7576152218  0.6552705034  0.8151956216  0.8903282177  0.9328035289  1.0534198603  1.2453065018  1.0705798531  1.1446900170  0.9642273530  0.9319227168  1.2745505887  1.5885021463  1.4329814243  1.4365575352  1.9200095308  1.9200212785  2.0423800151  1.4245944214  1.1856585355  1.1746489187  1.3633045170  1.3148914583  1.1434173780  1.0167883650  0.6589026745  0.5389564435  0.4244886153  0.2993663879  0.2893504287  0.2998729053  0.2120847121  0.2272974125  0.2166429675  0.2939676719  0.3087686431  0.2950507871  0.2584637611  0.3184057204  0.3325602359  0.3997635870  0.7069717387  0.6987487496  0.7653088069  0.6013809207  0.4171184705  0.3244686784  0.3873067672  0.5071076629  0.5990840751  0.6105533959  0.6436234888  1.0134084716  0.8593710123  0.8210663610  0.7759587192  0.8929917206  0.8665442676  0.8400459794  0.6790787565  0.7482209531  0.8270560824  0.8507997312  0.8510733431  0.8569262885  0.8539466311  0.8237187617  1.0347299836  1.1359025673  1.1149706651  1.0929679229  1.0323503344  1.8001760594  1.2087981387  1.5613207189  2.0432089035  1.2865360162  1.4667031790  0.9090440567  0.7108266531  0.6329855599  0.4939429446  0.6629329806  0.6903446574  0.6499934924  0.5131798592  0.3681210805  0.2909990450  0.2959774934  0.2695825193  0.2279937910  0.2493768347  0.2715702454  0.3178114923  0.3921747074  0.3175156617  0.2252164024  0.2110573880  0.2258845964  0.2963429378  0.2777594854  0.2623947644  0.2983880095  0.2597207585  0.2465516475  0.2913406524  0.4088055379  0.6001038803  0.6681679470  0.8517656742  0.8483185167  0.7904131743  1.2201202474  0.9565096650  1.1442638821  1.1106260752  0.9538093010  1.1239057378  1.1743216518  1.6521852066  2.5495380675  1.6407192904  1.0662102933  1.0622455108  1.4559274874  1.3384673730  0.9478715229  1.0617280557  1.1511425220  1.2492536169  0.9941852298  0.8257046960  0.8618412127  0.7871950596  0.7458408696  0.8456304603  0.9123040428  1.4482147980  1.3717833650  1.1107962142  1.0413627015  1.1951401462  2.1102390235  2.8829655233  2.0310893587  2.0436475073  1.7396932423  1.2957799774  1.0473170714  1.4168110259  1.5805506831  1.5141899055  1.7190792350  1.9152124037  2.1225705459  3.0017604810  3.2057272776  3.8187251745  4.8519344068  3.3614509312  2.7914544527  2.6385863665  2.2064509763  2.4594775157  2.3401529003  2.1500572606  2.3688307701  3.4329534503  3.2357436411  2.3236551848  2.0266495712  1.5592965549  1.8590442420  2.1686388467
  3.0596066115  2.4821353343  2.3008742293  2.7535582763  2.5099339152  3.5904177057  2.5499213431  2.3249285790  2.3595057832  2.0019420298  1.5879492769  1.5725850394  2.0108885221  2.2491410485  1.6943085429  1.8935030932  2.2477886975  2.4828730556  1.9192210356  1.7966351902  1.9039435151  1.2877791806  1.1570852763  1.0768254864  0.9153362392  0.8078851515  0.6689938414  0.5943094364  0.9326389318  0.6701280752  0.8571675943  1.1252221682  1.0772553642  1.1188225841  1.2855565433  1.1320999563  1.3468080336  1.6277733332  1.7194137505  1.8679959758  1.7928122374  1.4254780105  1.9752221436  2.2628242204  1.3876478584  1.4121075238  1.3478956175  1.4004572442  1.6527175652  1.1378663299  1.2277299696  0.7434833508  0.5369746973  0.4780868772  0.4128558816  0.3448849725  0.2395011454  0.1925665888  0.1893759048  0.2193998075  0.2290731973  0.2897585859  0.2927333478  0.2515454686  0.2579031552  0.3787609048  0.4725850291  0.6000039538  0.5743268982  0.5785240032  0.4699562992  0.3920673299  0.3472287615  0.3739710443  0.5216553777  0.5733724616  0.5862102302  0.7710023313  1.1397844537  0.9407288191  0.7529931221  0.7217599784  0.8052644891  0.9573899120  0.8937041698  0.9095751048  0.8345155967  0.6975701620  0.7988605126  0.9981922502  1.0652161797  0.8401915075  0.6334963949  0.7371953297  1.0289771794  0.9444085769  0.9846490654  1.0617903242  1.4153017085  1.1668546470  1.3869655884  1.2237918938  1.2981477896  1.5462668589  0.7857748599  0.5101875255  0.4289280819  0.3586150172  0.5892359396  0.6268871271  0.6963688117  1.0229772819  0.4717821379  0.3476008174  0.2501396543  0.2586239925  0.2483307965  0.1984716702  0.1440508350  0.2525620096  0.2702929086  0.2493930716  0.1629469297  0.1683951910  0.1859099434  0.2901014122  0.3322054291  0.3610408472  0.4151442293  0.3327887910  0.2704175113  0.2978481292  0.3084696670  0.4233269251  0.6671567574  0.7927276755  1.0212976967  1.0127800436  1.2269324253  1.0878256228  1.2910483309  0.9828491494  0.8552896872  0.7985821606  1.0892525587  1.5479915047  1.8060479380  1.2777761718  1.1861966396  1.5567912644  1.5074865616  1.1842837024  0.9579410329  0.8704852160  0.9886931588  1.0183535340  0.8140238859  0.7798213939  0.6779902220  0.6953198789  0.5705594410  0.6412138527  0.8017629434  1.2015139420  1.2380140642  0.9564824297  1.0800791650  1.0645950750  1.7354287865  2.4442103288  1.7673367259  1.3877745150  1.1903646075  0.9923367013  1.0398702371  1.1658566244  1.3610830107  1.7837443921  1.7381013205  1.3447650400  1.7524144600  2.5003532681  3.1317014127  4.3422903185  4.9012842292  3.8317195897  4.3072217674  3.4410145191  2.9396911044  2.7555712540  2.2385485138  1.8113526440  2.4552387651  2.8433339118  2.3756690207  1.6252393927  1.5068696262  1.6187965780  1.9318464461  1.8098429157  2.6160262576
  1.8924994762  1.5731603995  1.6984199839  1.8331908999  2.3218347068  2.2229538557  1.6493207157  2.2015962440  1.4165323650  1.4889777620  1.4788576936  1.9061050364  2.2998350969  1.9086662118  1.8356949984  2.2385203562  2.4803946078  1.4575642823  1.6496659168  1.4502223987  1.0669423165  0.9481154792  0.8288026505  0.7814030065  0.8372644367  0.7847730285  0.6947022555  0.7475047814  0.8278489038  0.8346793698  1.2080390840  1.0959791448  1.1255921834  0.9646218400  1.1136073649  1.4971279027  1.8438876872  2.0639989913  2.0223601275  1.8398304295  1.7231880133  2.2588872566  1.5493904348  1.4168441050  1.6956509706  1.3336647000  1.2341732600  1.4932435309  1.1957053688  1.0889036406  0.9416282342  0.6058042207  0.4210587821  0.4614924668  0.3731910957  0.2134947977  0.1663922797  0.1988798336  0.2489474394  0.2463580414  0.2600567350  0.2264786909  0.2450924185  0.2374217350  0.3364842578  0.5192609233  0.5519694235  0.3932023545  0.4396374650  0.4531335230  0.4536180387  0.3966459759  0.5322515121  0.7205973702  0.7127398272  0.7227277791  0.8740746522  0.7887259130  0.9654219186  0.7767650173  0.6857887515  0.8112216534  0.8090690027  0.9102698614  0.7803617844  0.8729495783  0.8301744993  0.9572457217  0.8068205040  0.8738536413  0.6586013401  0.6047506414  0.7269230110  0.8226516042  1.1163126240  1.0395862249  1.0235288562  0.8413444352  0.7981631548  0.8158770012  0.8624963737  1.2586541416  1.0956583376  0.7736058737  0.5154103864  0.5289923107  0.4664946017  0.5244205918  0.5790891844  0.6857620473  0.7811459843  0.5666777264  0.3964581589  0.2902701474  0.3063572071  0.2192459640  0.2279130825  0.1783467138  0.2160772767  0.2531609543  0.2062499563  0.1573477977  0.1560247835  0.2330608900  0.3342720300  0.4723195490  0.3808593740  0.3107841047  0.3380649839  0.3934535647  0.3796602248  0.3352540108  0.4250399042  0.7225865418  0.9030931900  1.1075770816  1.0998394639  1.3983647859  1.2905045962  1.0991639421  0.8782439598  0.8077134263  0.8277747307  1.2669918907  1.4620888574  1.2742166216  1.3103668496  1.3564032017  1.7744103229  1.6500501630  1.3771625884  1.2087077976  0.9915554891  1.0314422117  0.9837880414  0.8065464939  0.6809619294  0.5932060732  0.4499616340  0.4446181119  0.5961999271  0.7719046101  0.8419659707  0.7131152864  0.7541413084  0.8804452323  0.8210142225  1.5654209711  1.9528272535  1.6027862116  1.1855137085  0.9348335596  0.9263569335  1.2526840140  1.0591254746  1.3276203618  1.5771322177  1.5277400715  1.6831116107  1.6288592400  1.8709421776  2.7400266541  4.3276144166  4.7010792739  3.8197289259  3.2819547753  2.8698762871  2.4933887318  2.1602358110  2.0426783967  1.6456362145  1.4036307771  2.0393209128  2.4364297158  2.0303952377  2.0185762754  1.9027323897  2.5148062745  1.9661423679  1.9486689433  1.8301556761
  1.2057331065  1.1477297301  1.6307480047  1.8311973800  1.9790598625  1.2949980269  1.2898066535  1.0858990731  1.2342635273  1.2325344967  1.8930202149  2.1243579777  2.1990764707  2.0130224882  2.6160684244  2.8863214648  1.6136893255  1.3575469657  1.0723237938  0.7930489599  0.9444158548  0.9465033122  0.8585436570  0.8884188847  0.8478967292  0.6401357703  0.5859862991  0.7680724090  0.8357817197  1.2283672031  1.3862789838  1.2670894647  1.0788283636  1.3968302855  1.6060419836  1.7401073387  1.8686272006  2.0734353823  1.3834965372  1.3990436634  1.8381481217  1.9233532724  1.7498911590  1.4832674746  1.2723048041  1.5987937782  1.8281735006  1.3658436902  1.2149577979  0.7498789277  0.5533222325  0.6569620018  0.6105902101  0.3428982754  0.2130262074  0.2461265663  0.2303373766  0.3097930730  0.2177628710  0.2806374477  0.3007552642  0.2490463628  0.2735222192  0.3696424524  0.5841318937  0.5812989454  0.5069963949  0.5737855369  0.5190557475  0.5011827348  0.4499735964  0.5668935319  0.6239487060  0.8901353203  0.9753090432  1.0820516934  0.9494878879  0.8724477078  0.8986995371  1.0385003865  0.8496376887  0.8531765479  0.8167021269  0.8721535370  0.8531606553  0.7899698056  0.8893154474  0.7374382010  0.5741791585  0.5410172922  0.6314851783  0.5935328730  0.7759050987  0.9759733621  1.0103668656  0.8982792482  0.5883215996  0.6152395777  0.6818205897  0.8552915285  1.2907107131  1.1377183194  0.9662757176  0.6697251616  0.4786953991  0.4523057353  0.5203644587  0.5952696336  0.6156156841  0.5289791682  0.4702573509  0.3239627238  0.2908844077  0.2238878015  0.2407568152  0.2193633434  0.1852356200  0.1914426585  0.1762261738  0.1491029457  0.1488297567  0.1586303361  0.2111463048  0.3161827390  0.3614255216  0.3979765735  0.3120488247  0.3664322377  0.4899767317  0.4986379116  0.4610153669  0.5498350341  0.5122627472  0.7678028506  0.9787074530  1.4544198979  1.7217470998  1.5078283547  1.0076771455  1.2068654777  1.2460083756  1.0279041876  1.0355007821  1.2133787108  1.2705814461  1.2494043913  1.3375867717  1.5888003999  1.4994975257  1.2579500107  1.1670342675  1.2957083692  1.3248672671  1.1213043496  0.6316626848  0.5129103774  0.5476045084  0.4784233299  0.5118492866  0.5725246507  0.5150932734  0.4674664698  0.4899586721  0.5227814388  0.5325587423  0.6707361430  1.0358090587  1.0060844721  0.8455556372  0.7417551206  0.7191772331  0.8456558998  1.0100229690  1.0838654900  1.1742849292  0.9888043248  1.0034851751  1.0934274601  1.4265719101  2.2354316822  3.0641296883  3.9924831046  4.0312673258  3.5055406471  3.3479713062  2.3829811240  1.7658796390  1.5921621906  1.5333140881  1.4139258923  1.1621091002  1.8520373710  2.8195762725  2.5104981844  2.6586339968  2.0957884414  1.9195813646  1.5707502860  1.6587451465  1.6465370025  1.4374765752
  1.1987416053  1.6552325264  1.9040864274  2.0540697024  1.1559042159  0.8083593580  0.7653882033  0.9646702963  1.0646819517  1.3927474866  1.9551521782  2.2914852243  3.0054587552  2.7486334416  2.8643233137  1.5297100962  1.0729723480  0.8374800960  0.9262784598  0.8033023110  1.0531731330  1.1715280683  0.9481684005  1.0102008761  0.6771694105  0.5706899993  0.7382931324  0.9352315046  1.4613715455  1.6522302313  1.5341577726  1.3619043471  1.3138222848  1.7551453146  2.1765111833  2.3739384843  1.6218651285  1.6843566093  1.6224795695  1.7970940313  1.7785746218  1.9628240894  1.3914842191  1.3390365871  1.6539890180  1.8451690283  1.4472959808  1.2251276794  0.7339672103  0.7235726619  0.8125874618  0.7042672715  0.3850619846  0.2726390860  0.2836830138  0.2291730242  0.2422896813  0.2547491145  0.3417736334  0.3558205086  0.3604378019  0.2683621592  0.2822532033  0.3620634779  0.4606213986  0.6026285513  0.5703996918  0.5426155546  0.5106640635  0.4275542982  0.6031674706  0.8653903550  0.8936537622  1.0273837122  1.2307860759  1.4815622170  0.8970300520  0.8250065507  1.2020654387  1.0035391750  0.8489830162  1.0998615987  0.9282597822  0.7336790588  0.7305291909  0.6425431330  0.6794182206  0.6211695074  0.6318884950  0.5121568152  0.4572555165  0.6130606700  0.9818873284  0.9865757720  0.7303126698  0.4986310136  0.7220739339  0.9034231628  0.9783788734  1.2453744190  0.8958493328  1.1234345800  0.8462513966  0.6086686697  0.6961169614  0.6021373325  0.6656063117  0.6574926052  0.6309147459  0.5111354241  0.2525164971  0.2045217839  0.2321954032  0.2817995106  0.2228962498  0.1624947947  0.1363194116  0.1489198274  0.1026989268  0.1335212722  0.1359479733  0.1438365966  0.1903980665  0.2690377076  0.3360179723  0.3652857658  0.4020825614  0.4939842613  0.4626917236  0.5461644967  0.4841977089  0.5039524348  0.7223111832  1.1815076366  1.8441920170  1.3961666475  1.0722458500  1.1191709479  1.4969841835  1.8911664957  1.4358552369  1.3741642569  1.2452968567  1.3785511099  1.0051279429  1.3942634533  1.3615613079  1.6665897017  1.4144552760  1.5279965467  1.8520694858  1.7860907506  1.0963371986  0.7852893860  0.6137195760  0.5558965994  0.5812092121  0.5936122070  0.5498123814  0.4718177078  0.3520363894  0.4121462438  0.4817720412  0.5695933767  0.6441679825  0.7153199598  0.6218404687  0.5520030874  0.5793133729  0.6245943201  0.7488797055  0.9309847986  0.9168198433  0.7954510513  0.7908164995  0.8288235814  1.3272409938  1.6648657314  2.2792814177  2.8523632634  2.6672091299  3.3977418248  3.2818523509  2.8982435546  2.4997980095  1.3530577750  1.2099579178  1.0512221692  1.0764798983  1.1161801066  1.4953802864  3.2422045916  3.1679519553  2.7650483220  2.3450048909  1.2906643550  0.9184692143  1.2466542986  1.7746682983  1.4602708385  1.2467607106
  1.7650064765  1.8844510643  1.9082190079  1.0188020779  0.7518427862  0.7219219096  0.8727649995  1.0358519535  1.4447248478  2.2864732298  2.7142128755  3.5287613038  2.7149355062  2.9111828485  2.1779938681  1.5137103078  0.8997365603  1.1405600875  0.9084516382  1.0442253402  1.4423957295  1.0425584708  0.9727270765  0.7377970438  0.7085573295  0.8116954595  0.7865312876  1.0259638900  1.2620627237  1.6993114893  1.7211652755  1.4979336560  1.3946479972  1.9713385337  1.9504778699  2.0042904243  1.8744827377  1.8418130312  1.6353505912  1.6284243614  1.6746640766  2.0691638605  1.4211320966  0.9993474748  1.0035044771  0.8484917124  0.7374429771  0.6958446106  0.6466267471  0.8691773254  0.6586149363  0.4122933828  0.2906821513  0.2898919231  0.2485464075  0.2431767804  0.3269167084  0.4815527025  0.5272311103  0.3922748558  0.2837325732  0.2687975347  0.3805664258  0.5596051183  0.7313571078  0.5480945363  0.6439073209  0.7520676597  0.6113981126  0.6736678917  0.7752957242  0.9500234191  1.0405211469  1.3506985363  1.3984540019  0.9500704516  1.0216821820  1.0218037114  1.1027928118  1.0517477898  1.0138087405  1.0351790481  0.9196245644  0.8064198433  0.8037318623  0.8928760736  0.8411099662  0.7592994590  0.5735976341  0.4351589802  0.5144431357  0.6585347503  0.5717723667  0.5000092901  0.4416786979  0.6988080139  1.0510160485  0.8824615715  0.8559255018  0.9945258222  1.1207546142  1.1346409526  0.8324532380  0.8709407636  0.9766290985  1.0110739621  0.8280044229  0.6772695220  0.5178938032  0.2697471540  0.2236219696  0.2572358198  0.2862075915  0.2147970575  0.1439223666  0.1180777823  0.1159081411  0.1113456637  0.1434344817  0.1496239669  0.1264619069  0.1495463940  0.2280045134  0.3021011515  0.2823880195  0.3090357559  0.3422316140  0.5456774037  0.5225234231  0.4692715776  0.6463810513  0.7657379333  1.1937368678  1.8330401124  1.4077030553  1.1027399187  1.3223167813  1.6893858550  1.8963514613  1.7608105717  1.5824507732  1.2558050724  0.9789600789  1.1241485996  1.4744689799  1.0099205034  1.4445417739  1.7785518636  1.7491055273  2.0256905744  1.7139719499  1.4288959182  1.1020351739  0.7930163986  0.7467846994  0.5787025923  0.5475781563  0.5043828550  0.3760512154  0.4202784573  0.4908118211  0.6080674838  0.5629281134  0.5188347953  0.6554149493  0.6584657236  0.6060419976  0.5725251542  0.6474601818  0.7364336451  0.7919334383  0.7633779772  0.6344133632  0.4873265899  0.6577779021  1.1259852377  1.4935890782  1.7805459454  2.0808738196  2.0682506503  2.4069288153  2.2265279945  1.9720027292  2.3427219606  2.1086558568  1.5608020488  1.5097274601  1.6504775265  1.6523074585  1.8889946658  2.4280275032  2.6304077478  2.1652620347  2.0805367745  1.3103304270  0.9431568737  1.0432981373  1.4666271020  1.3814184320  1.0084687845  1.1403828326
  1.3183516896  1.8356241375  1.0708287740  0.8293489643  0.7099561476  0.7592274920  1.3796596466  2.1393731304  3.4785361661  3.7291388434  4.1656361310  2.9265303401  3.4026310485  3.1394272295  2.2164637374  1.4554460239  1.3569661286  1.2897481779  1.2253274269  1.0715410186  0.9438812047  1.1309444213  1.2133392375  0.9345175463  1.1382485537  0.9924961040  1.4518601022  1.9468413627  2.0369432709  1.3883124765  1.1430968809  1.3928084933  1.5787873916  2.0773453201  1.7617355929  1.6464702577  1.7192091970  1.8476526434  1.6413876392  1.5735238427  1.4650094552  1.1790320915  0.9901028161  0.6140629492  0.5239055641  0.6750839021  0.8071327179  0.6792398021  0.8707232550  0.6884406038  0.5038987263  0.3422749434  0.3009615803  0.3238449315  0.2646974343  0.3462770244  0.4141039685  0.4597643216  0.3961126844  0.2885912500  0.3513429798  0.4331854025  0.4207512585  0.7273892882  0.6508444122  0.7757539202  0.9546215146  1.2715992575  1.0005704195  0.7859137185  0.8320185364  1.0724621322  1.0871384114  0.7468969258  0.9586089068  1.0002263609  1.0547876614  1.0325255021  0.7671351567  0.6921077974  0.8501984340  0.9963544182  0.8997555626  0.7186305457  0.8092250739  0.8189171545  0.7205642090  0.5765623061  0.4108537759  0.3984044271  0.4390481290  0.4213956650  0.4969805604  0.5904312193  0.7270989372  0.8090140468  0.5621610364  0.6831709107  0.8487331685  1.0281198683  1.1832116087  1.0592982850  1.0738601318  1.2066910742  0.7636065357  0.7145555667  0.5991732964  0.5886704416  0.3825876139  0.2824156037  0.2773186648  0.2971985469  0.1960222678  0.1578931773  0.1225878470  0.0982145331  0.1073887572  0.1414650480  0.1919023543  0.1415769760  0.1732403918  0.2728089591  0.3230238156  0.2930692888  0.2926335826  0.3719573418  0.4849967232  0.3971726186  0.4162834080  0.5937078464  0.7889292322  1.2036250002  1.7492042997  1.2506343575  0.9699137333  1.2481540621  1.5474262948  2.1495067652  2.8224569969  2.0094316656  1.4416869188  0.9419786515  1.2948975293  1.7214814083  1.1580805715  1.2385212143  1.4123007883  1.6900958368  1.4785010258  1.3015288313  1.4021484655  1.0460727844  0.7580543351  0.6253839547  0.5231809894  0.5056479095  0.3980526498  0.3967618521  0.3439576223  0.3286120224  0.4470159500  0.4109903597  0.3816941818  0.5383105464  0.6220666086  0.7254411138  0.6905545651  0.7468339079  0.5974108146  0.6937830483  0.7349877889  0.6323400013  0.6294259742  0.8926605833  1.0481919291  1.3984857399  1.9760931766  1.8658068928  1.7284872490  2.6270613091  1.9063071553  1.6810809688  1.6837042391  2.3227820728  2.6465979873  2.4940059500  2.3421971028  2.0842676207  2.0570337801  2.2883196740  2.0457960186  2.2548677326  1.6316187610  1.4125965211  0.9861934233  0.8937814608  1.3722263021  1.3150798901  1.1261913908  0.9358185179  1.0706952898
  1.4813067606  1.1385272829  0.9549516339  1.0596907358  0.9479830644  1.6065959993  2.8405136580  4.1176391666  4.4248794810  3.8627410584  3.6468567216  3.0367872284  2.0895152431  2.0121113735  2.0307769543  1.8596469860  1.3484187862  1.4048190429  1.0500619336  1.0082120961  0.8854722710  1.1281469442  1.3611271220  1.3257224068  1.5877930007  1.6642864556  2.1816775852  2.2705083693  1.3221855625  0.9419478281  1.2797838983  1.3186694347  1.7565223907  1.4673616002  1.2719483922  1.3531611716  1.6712445040  1.6817220204  1.4353026745  1.1521322656  0.7236070349  0.7832258214  0.6984600428  0.5532674635  0.6280731213  0.8260672767  0.7230495604  0.7466081036  0.6424181999  0.4980762253  0.3643382815  0.3709868508  0.3935483193  0.4252225648  0.4168112836  0.4456327179  0.3489519227  0.3995051401  0.4420073109  0.4653956041  0.5946678827  0.5400799409  0.5645370035  0.6903179220  0.7782473568  0.7768948432  1.1522675367  0.8787761735  0.6134547243  0.6330757785  0.7957467000  0.7191343891  0.6434379979  0.7588128467  0.6364045953  0.6320740800  0.8193510597  0.8443648902  0.7705780585  0.7747262278  0.9697115215  0.8800463146  0.7043633832  0.7947807096  0.6088662491  0.5835611500  0.3602993879  0.3418482872  0.3982526223  0.4355320733  0.3502984767  0.3864580069  0.4700661955  0.6960311633  0.6056309130  0.4656485373  0.5908290974  0.9027885350  1.4942756884  1.4517878854  1.3163687291  1.2763701282  1.0786884973  0.6519760470  0.5950587374  0.5420984288  0.6064565379  0.4630107331  0.4194941443  0.3773622423  0.2661716603  0.1762868220  0.1793171790  0.1674282401  0.1384746698  0.1305840278  0.1661128365  0.1824384310  0.1722678449  0.2275758047  0.2101980520  0.2218459368  0.2932458379  0.2777692717  0.3114820949  0.3037934479  0.3108792639  0.4345169238  0.4143429766  0.5420266544  0.8359584513  0.9971019124  1.1315027905  1.2066718195  1.1830155843  1.7595222526  2.7362057220  2.6537016373  2.0139557913  1.9768043963  1.6498752172  1.5609172834  1.9352008065  1.5937277002  1.2635673420  1.3641475095  1.4229385815  1.2061706786  1.2348142276  1.2103014069  0.7910783294  0.7112923244  0.4723141340  0.4610932784  0.3928969935  0.3729418670  0.5065794207  0.3785637517  0.2907732944  0.3180682932  0.3827462804  0.4960193451  0.6538885519  0.6173663259  0.6244086364  0.6310417458  0.6242073233  0.7508959810  1.0201075093  0.6653229875  0.7793521317  0.6851611017  0.9290980271  0.8775489240  0.9601760830  1.2521248621  1.2547862713  1.3767881028  1.8692500724  1.8203273563  1.4555628010  1.4839264371  1.4975819575  1.9373199193  1.8883630579  1.7808533142  1.8982276842  2.0704288748  1.6190958443  1.9646484562  1.6059565295  1.3990760253  1.2912854994  0.8890118331  0.7683391512  1.3129612884  1.1425333593  0.9339105663  1.0306677629  0.9775159597  1.3583664225
  1.3718123951  1.2291961032  1.5038642156  1.9660009030  2.4851133421  3.4372500687  5.7978557845  3.7215100613  3.1129052980  3.7686543560  3.0846830258  2.5294117914  2.1848739165  2.8824673408  2.4052827996  1.7069668924  1.0613735994  0.8110621977  0.7760438444  0.7295614507  0.7600473562  1.2901977298  1.3916019987  1.4002691034  1.5786828624  1.6376309285  1.8783326966  1.3610510948  1.3784871177  1.4416066445  1.2532208115  1.4295741857  0.8532321745  0.9947020186  1.0219961622  1.8397963154  1.8481169933  1.2559616330  0.8919561301  0.6771202394  0.7864546846  0.7461252291  0.5843365770  0.6154494433  0.7197025479  0.6331387556  0.7001418565  0.7094675048  0.5534913014  0.3826638453  0.4024243108  0.4283947040  0.6221303690  0.6840140001  0.7095276126  0.5108127915  0.4715118804  0.5385415259  0.7493683292  0.7534357002  0.7232522186  0.5088137399  0.4806172986  0.5560443109  0.6380284515  0.7538696736  0.6477754871  0.5811100150  0.6896746888  0.7352231306  0.6997988156  0.7950832281  0.7749546355  0.6549734400  0.6369062828  0.6821086339  0.8078895189  0.5921801276  0.5835313089  0.7357644965  0.8330133175  0.6854213756  0.6092899882  0.5114542391  0.5255884727  0.3746139232  0.4319772980  0.7281872842  0.5948871497  0.4564178485  0.6039652913  0.5538424037  0.6240635000  0.6134990885  0.5690299943  0.5972559826  1.0046678309  1.3215606707  1.4365783375  1.2904772367  1.0682313987  1.1504670556  0.7573362616  0.5499992534  0.5974255176  0.5794890245  0.4775168189  0.4187917997  0.4038903072  0.2564171791  0.1771690340  0.1484567728  0.2145079442  0.1522133478  0.1488830106  0.1933883038  0.2030511446  0.2323042782  0.2513339633  0.1750523304  0.2635168650  0.3454865757  0.3235716615  0.2683239052  0.2245467398  0.2778529283  0.3972489771  0.5222370704  0.5430727197  0.8421706700  1.0235873502  0.9408480117  1.0904226895  1.2188866861  1.5489289355  1.8375322057  1.6578198728  1.3397752973  1.7363158256  1.7569661901  1.5034126701  1.6411089859  1.7644990706  1.5562491832  1.2117159322  1.1809391476  0.9945431180  0.9375721164  0.8064867395  0.6934810052  0.5750767955  0.4978837248  0.4479444902  0.4244463019  0.4067879983  0.3874256144  0.3585264322  0.3956767577  0.3837170199  0.3133470039  0.4252970452  0.7009398545  0.6533927622  0.8149174149  0.6650773292  0.7193119595  0.8154314236  1.1337460140  1.0076878302  0.7862647393  0.5460022738  0.5324362777  0.6225229112  0.7450605383  0.7608037285  0.9838855790  1.1787963377  1.3540797528  1.3367780659  1.0345639661  0.9186811336  1.2314514366  1.3143116191  1.3185791174  1.3478355717  1.6034558443  1.5463007354  1.6894173403  1.9899336429  1.5890808761  1.3160901698  1.4801517155  1.2523788193  0.7990727641  0.9207473526  0.8486254278  0.9776866916  1.1623488547  1.1023214963  1.3984342097  1.3518996628
  1.2718787576  1.5277446250  2.3351295064  3.2600465642  3.5686888800  3.6323084333  3.5291697388  2.6520965896  2.3996614239  1.9682239047  2.1373763778  2.7584975767  2.6481021574  3.0703018826  1.9121320322  1.0808060345  0.7065339351  0.7493817606  0.7536122747  0.7751356136  0.9976812814  1.1414799055  1.0664899801  1.1529119537  1.2568790839  1.6924811420  1.0295194402  1.2524880127  1.5788392627  1.1632363942  0.8785384455  0.5604486538  0.8967074403  1.0294989345  1.6175605224  1.2718661120  0.8784664115  0.7644111170  0.6674548112  0.7185130090  0.6858069409  0.6893087615  0.8203031476  0.7180506833  0.6565627172  0.7726410993  0.6325032634  0.5026097622  0.4078018732  0.4310201753  0.5823138229  0.7102095537  0.6369700986  0.8383746203  0.8474057918  0.5522594151  0.6836986269  0.8603154666  0.9021947626  0.7070661362  0.5251208193  0.4340423984  0.4670924609  0.5896225926  0.5959631904  0.4601998168  0.4996174324  0.8924966354  0.8926163548  1.0369681708  1.0258761405  0.9822304555  0.6311853561  0.6336864505  0.6494147468  0.6153025261  0.6887346635  0.4210461170  0.4329324965  0.5264051451  0.5864348418  0.5774528022  0.6732838219  0.6631561733  0.5778665376  0.7452507778  0.8940281792  0.9300183031  0.8539069755  1.1350748374  0.8377513019  0.8610349314  0.8608554460  0.7954604070  0.8077605549  0.7711593799  1.3520655328  1.7399352416  1.2831696389  0.8523165558  0.8277790441  0.9416369076  0.8444354221  0.5451584403  0.5502434894  0.4214000520  0.4084274619  0.4615010652  0.3107201681  0.2370717314  0.2158388982  0.1958742289  0.1688989467  0.1779540614  0.1746024753  0.1739046986  0.2557246876  0.2806113027  0.2566485588  0.3482883790  0.3341228280  0.3080759402  0.2943161121  0.2386037438  0.2851874526  0.4401437269  0.5715674601  0.6788130204  0.7941993342  0.9474648889  1.1710946568  1.3462434126  1.1567746120  1.4507205590  1.4951317370  1.3320534557  1.0595754033  1.1580416800  1.2304110575  1.5695523890  1.6082314662  1.5632972205  1.3170782716  1.1183188638  1.0837633697  0.9671492082  0.9163703929  0.7355530621  0.7328350163  0.6506776667  0.5602517889  0.5810624212  0.4522284999  0.4161076657  0.3619343386  0.3269198039  0.2914810351  0.2345949878  0.2192960708  0.3850845044  0.5012900305  0.6858819160  0.7299755812  0.7621986429  0.7789396145  1.0778157101  1.3086754284  1.4388017501  0.9495044538  0.6832258776  0.7168851033  0.7346977674  0.7476616137  0.7670201970  0.8519334129  1.0048609158  1.0322572193  0.7272865439  0.6803056581  0.6423499926  0.6871448724  0.9073550401  1.2937690983  1.6156320533  1.6146203228  1.4863237676  1.3013511136  1.3433768935  1.2495461827  1.1078463477  1.2158546872  1.1722961860  0.9198663856  0.5959897739  0.6094579242  0.7180672128  1.0956771672  1.2403594418  1.2495405987  1.2191557379  1.0794058702
  1.3576167472  1.7943179002  2.1438438832  2.5049120461  2.5874459993  2.5757923431  2.5165159041  2.0811033499  1.8390872241  1.7308768309  1.7797177787  2.0045028863  1.8441835381  1.3842787834  1.1917066167  0.9050928938  0.9962955706  1.0105478656  0.9962149303  0.8736727763  0.9832247764  0.9229394994  0.9732956048  0.9574654803  1.0094849082  0.9040780763  1.0882283109  0.8726406455  0.8004838833  0.6786722921  0.7536721093  0.9234960329  1.2240942471  1.6115497312  1.4865154185  1.1951207442  1.0045974077  0.7783063874  0.7580315573  0.7380845252  0.5838625479  0.5656414938  0.7735411905  0.7868775587  0.7045210286  0.6405160494  0.5290600131  0.4454153760  0.6779634675  0.7580967547  0.6641388313  0.4720001963  0.5525083908  0.7621462948  0.4942862234  0.5546737392  0.7101550615  0.8206377265  0.6219890779  0.4324749032  0.3413464299  0.3564211083  0.5440864301  0.7294766202  0.6027830253  0.6197677099  0.6829085776  0.8239168787  1.0232824517  0.8864717071  0.9221993690  0.5902488055  0.5432059344  0.6077014007  0.5201384047  0.5645788787  0.4664389883  0.5097014246  0.5303059414  0.5723684797  0.6606025542  0.6945288845  0.7009483743  0.5461126369  0.7429888603  0.7059205945  0.9534438369  1.1491506482  1.3525215443  1.1021326564  0.8511863033  1.0166513506  1.2773152541  1.0949763059  1.1551724761  1.5083356267  1.5807714921  1.5549320788  1.1353919474  0.8669981612  0.9058940534  0.8042898560  0.5027835464  0.3997846906  0.4714916691  0.4851399818  0.4666612064  0.4900928925  0.3807060342  0.2585190505  0.1976425553  0.2119144888  0.1680172032  0.1401035188  0.1963523758  0.2778293934  0.2986231938  0.3618963858  0.3023621154  0.3232158848  0.2971902024  0.3087759697  0.3371962953  0.3481309707  0.3899641752  0.4182210651  0.6808523143  0.7500195921  0.8365476981  1.5714108654  1.4454803539  1.5748181703  1.7280721662  1.5294419125  1.0310369333  0.8151550914  0.9231938409  1.0510253227  1.2472744468  1.1490257693  0.9794790939  0.9703645483  1.2408616562  1.2382421558  1.1757002034  1.0515932352  0.7196037286  0.6866967105  0.5246564383  0.4357383577  0.5535504562  0.5850215241  0.4621129259  0.4735030311  0.4169612525  0.3660989837  0.2553340071  0.2425582767  0.3702391239  0.4153287510  0.5487941837  0.6637885073  0.6321083947  0.8118760906  0.8723753991  1.0777980264  1.3596155617  0.8582269380  0.8268106753  0.9974574688  0.7360557096  0.8191111267  0.6959168720  0.5739187446  0.6975324151  0.5477988748  0.3484981609  0.4856141912  0.5327155374  0.6513791403  0.9280586029  1.2956784811  1.4708182004  1.5579029096  2.1927345023  1.8178642116  1.3542881455  1.0251760408  1.0410621049  1.0074735865  0.9735406950  0.7892429548  0.7370840650  0.7423842644  0.6516301508  0.8417019192  0.9303539790  1.0918652518  0.9023473371  0.9331211497  1.2518244165
  1.7533054763  1.3456359058  1.5132090276  1.9443328751  2.5287083034  2.4860169322  1.6914479740  1.7458839532  1.4535122369  1.4143038054  1.3195066591  1.2639866654  0.9904974839  0.8123463926  0.9582830360  0.9986103738  0.7906687902  0.8735057447  0.7962615387  0.8980178374  0.8208354974  0.7680518293  0.7732176181  0.7839282054  0.8721623284  0.6830682419  0.6675971585  0.6309667839  0.8155741688  1.1029630333  1.7000014810  1.9940151772  1.7904618508  2.0105661453  1.8490716852  1.1097680093  0.9477139110  0.8183764131  0.8956519333  0.7175598530  0.6277164064  0.8133338655  0.7592969744  0.6428763718  0.7350343870  0.5544332924  0.5641555683  0.8349734180  0.9153799876  0.6138185129  0.4534893311  0.4604633498  0.6825586683  0.4800113383  0.5089990636  0.7264097015  0.8397546333  0.6016058781  0.3782892062  0.3016096115  0.2518582571  0.3269754192  0.6401835738  0.5852533277  0.6176077394  0.5451982672  0.5960092308  0.7602745407  0.8942089446  0.6705053346  0.4106574934  0.5171184299  0.5621710197  0.4232721307  0.4379420532  0.4882127709  0.5309711093  0.5296518576  0.5459254471  0.7018669457  0.6608036689  0.6614768806  0.6233841402  0.8822392934  0.9518181024  0.7484450959  0.8655629968  0.9283208479  0.9871102439  0.8464300894  0.8255474589  0.7940551946  1.1921569722  1.5049515957  1.3630670385  1.5001682167  1.7768123710  1.7149879345  1.0966678331  0.7666849806  0.7438471427  0.5790476079  0.4639198261  0.4189203140  0.4315218920  0.5681814120  0.4277814126  0.3417281780  0.2891454410  0.2097987559  0.2135920713  0.1670305515  0.1506327229  0.2000753259  0.2640996355  0.2758507761  0.4252687567  0.4106750272  0.3358139468  0.2997395602  0.2815199845  0.3733952109  0.3325085640  0.3754788208  0.5384758134  0.6977421511  0.7294677741  0.9044187251  1.1396194058  1.2743996707  1.6665293626  1.8118703630  1.4574663689  1.0534239061  0.9957678987  0.9236647408  0.8270494600  0.7431395088  0.7088859035  0.7772753457  0.9360820753  1.3445807643  1.3937931413  1.5019574932  1.5543580136  0.9641543438  0.8479507403  0.6053945035  0.5381922947  0.5056140800  0.5281963935  0.4370928904  0.4316465179  0.3903518557  0.3191028619  0.2468601117  0.3512933057  0.3268534004  0.3543370725  0.4697423287  0.4826452474  0.5546771886  0.7538908206  0.9016766875  1.0454545940  1.0197078183  0.8630636188  0.7905433245  0.8992225174  0.8317382397  0.9324393902  0.6736040051  0.6032279237  0.5373242231  0.4428812026  0.2764755336  0.2857671968  0.3837944158  0.8071295164  1.0041244973  1.0242196313  1.3371479084  1.5112703644  1.5519733716  1.5820717039  1.3156595815  1.0758056336  0.5946022179  0.7360266214  0.7370949118  0.8400770104  0.7125487628  0.8550670606  0.8952410406  0.9203908137  1.2702968850  1.3620025326  0.8960551149  1.1009595748  1.3752974567  1.5796527019
  1.3495235626  1.2192316909  1.5949229265  2.1046255847  2.2822602382  1.5411548793  1.2834634503  1.1657688798  1.0374481368  1.0519250878  1.0931569044  0.7432858625  0.7025445059  0.6026971319  0.7540607935  0.8444157451  0.8953635580  0.8974165648  0.8722341425  0.8729741795  0.7529858417  0.8352694407  0.8561150672  0.6709770889  0.6246587426  0.6777856503  0.8274337465  0.8020975929  1.1779708228  1.9107585754  2.1757443925  1.7520561699  1.6235239223  1.4020893533  0.9059747162  0.8577075713  1.0467932139  0.9307359563  0.6395872983  0.5986128424  0.7504895084  0.7860611778  0.7853001381  0.9480793476  0.7738098650  0.7066444786  0.7541167723  0.7178257553  0.6505829102  0.4937585468  0.4421379590  0.6163022776  0.5534233960  0.5898899319  0.7631130882  0.7810804046  0.5839105000  0.4153460491  0.3456639174  0.2892191161  0.3857244142  0.5485855265  0.5560310444  0.6139716790  0.6309744560  0.6847672611  0.5154806087  0.6092928134  0.4536567702  0.3975666140  0.4239461672  0.3682896573  0.3109599658  0.3868838290  0.4022178844  0.4720517457  0.5179681486  0.4388324670  0.4988898191  0.6480165216  0.7197416852  0.7548820448  0.8575145879  0.9366088861  0.7319073931  0.8687791978  0.7905139863  0.9600934620  0.8346657918  0.7573815862  0.8104163676  1.1007792403  1.1547062121  0.9617557943  0.8507120780  1.3579482997  1.3213580586  1.2688671321  0.9606141159  0.7540373841  0.6872366218  0.5256781284  0.5233494811  0.3508624874  0.3739252701  0.3676946424  0.3218802968  0.3196503428  0.2425160031  0.2185615223  0.1953948269  0.2005189175  0.1847518948  0.2194328553  0.2924439834  0.4441203061  0.4885080096  0.4412226032  0.3590732518  0.3812023300  0.4410288721  0.4065217950  0.4861944599  0.6131480076  0.5869143803  0.6621081644  0.6488556090  0.7293944167  0.9004754055  1.6545611836  2.0862258165  1.1778409910  1.1216824673  1.3485827768  0.9341545752  0.8253761920  0.7195674881  0.6286105890  0.7837051398  0.9165739364  1.1642672837  1.4585389057  1.7902334162  1.3806525362  1.0904502033  0.7514126236  0.5560260278  0.5205000169  0.4977456561  0.5546441990  0.5019998103  0.4971479158  0.3741494676  0.2673113822  0.2959816431  0.3602687891  0.4227750005  0.3554873435  0.3483195070  0.4071607181  0.5365454691  0.7711055729  0.8614866222  1.0526479134  0.9492042463  0.8537431663  0.9421529246  0.7870362792  0.9327551007  1.0473018647  0.7514551059  0.6548648845  0.5154367670  0.3937214075  0.3248376879  0.3417883247  0.5003812936  0.5826639321  0.8840228823  0.7317468344  0.9531899985  1.4875865794  1.3711806462  1.4685901432  1.2285684140  1.0989634263  0.7580288609  0.6387187474  0.6917947449  0.8050179097  0.4958885528  0.6877881430  0.9470998699  1.1101875604  1.4310812267  1.3163680049  1.0055558105  0.9241111294  1.2383400168  1.4550229572  1.4894661631
  1.3639949728  1.6920861395  1.6079531079  1.4010529851  1.1014701042  0.9032520144  0.7166205017  0.6609804561  0.9889981005  0.7665541227  0.5294782041  0.5116231839  0.6096763039  0.5759969819  0.8040504333  0.9946451168  1.0172868589  0.7813128827  0.8678604931  0.9574648691  0.7599787245  0.6422513045  0.5098658926  0.7266059117  0.8311368883  1.1205898020  1.0914992207  1.0404081893  1.0624993859  1.7389654484  1.7262575349  1.2140472522  1.0264709291  0.7725980211  0.8513194564  0.6794948563  0.6452735186  0.6213952452  0.5558221287  0.6823477142  0.7706897095  0.8950054922  1.0551162616  0.8807591872  0.6595469477  0.5360707762  0.5649636255  0.4916042052  0.4410497677  0.4886726104  0.5279816614  0.5797059350  0.6186804168  0.6664656582  0.6503793907  0.6742867226  0.5256900973  0.3355205325  0.2997894775  0.4620210747  0.6853405025  0.7529792391  0.7017521760  0.8006053790  0.7531047909  0.5072201893  0.5050315462  0.3948947675  0.3018614531  0.3172656827  0.2517824258  0.2281141975  0.3337114064  0.2908841465  0.3263985368  0.4943495123  0.4611673101  0.6401482096  1.0660113050  1.0827423575  1.1184817475  0.9905647418  0.8767834717  0.9126862724  0.7643876985  0.8279621929  0.8498092595  0.8337485902  0.8416725533  0.8694096089  1.1545753459  1.3642185986  0.8190666997  0.7728231255  0.9665957827  1.0597889108  0.9449587145  0.9089720985  0.6721189538  0.6666275340  0.4306990883  0.4822855845  0.3813523313  0.3684004283  0.3981980174  0.3462720612  0.3216203912  0.2464746892  0.2289125846  0.2584967251  0.2094330307  0.2041841093  0.1950621164  0.3292535489  0.7036772531  0.5627559111  0.5850373741  0.6696697300  0.5934872511  0.6084669721  0.6476495967  0.6394880571  0.5984341129  0.5207063283  0.6996201750  0.5862908824  0.5950636284  0.7352098951  1.3382698421  1.9023186725  1.2840317380  1.2195685032  1.1572516551  1.1968569681  0.8951446990  0.7527565336  0.7089159766  0.8819065169  0.9999000529  1.2126603573  1.5691025086  1.2239217285  0.9302379101  0.8509746398  0.7105443874  0.5642069390  0.6579468521  0.5815173350  0.5347946661  0.5644644297  0.5844415595  0.4821994432  0.3682935025  0.4000397455  0.4022495065  0.4364219656  0.3609240989  0.4091517459  0.4027404845  0.4320293147  0.5225624545  0.5637810291  0.7328213099  0.8566663955  1.1077345865  1.2599344282  1.0264735587  1.0208179012  0.9968528492  0.9572125824  0.7471932614  0.5811140059  0.3513118282  0.2857354012  0.3553018093  0.4245137577  0.5062401308  0.8082933583  1.0394420990  1.1059474229  1.8020712895  1.9451676488  1.4209649080  1.4551405759  1.1103183107  1.0120915781  0.6570702294  0.5460278040  0.4512807616  0.4219768364  0.5786437573  0.7473711664  0.8128110980  0.8977511217  0.8043099420  0.8612317535  1.0711301299  0.9279689653  0.8339013050  1.3488361170  1.2979756671
  1.1967520604  0.8944474273  0.8168668685  0.9105376381  0.9766716320  0.7690691535  0.6519392523  0.6822442927  0.6903114179  0.5940638060  0.5015999465  0.4824220565  0.5646973474  0.5439132656  0.8467302137  0.6410557432  0.5211175513  0.6230716481  0.6957642526  0.6322743476  0.6495574018  0.6091035869  0.6881172472  1.0649784162  1.5431075086  1.4332344142  1.1224450801  1.2110009293  1.0512762600  1.2329328068  0.9824090215  0.9076642365  1.0051099527  0.7880434551  0.6400219074  0.6871424547  0.8300356976  0.9824015516  0.8819274506  1.0801665424  1.3430712567  1.4367382311  1.0052863525  0.9145820003  0.7340178376  0.6130695440  0.4960599435  0.5326077553  0.5008077440  0.4648707663  0.4583758013  0.5838371761  0.4529918490  0.4838207837  0.6382662049  0.5497703372  0.4068924627  0.3052800195  0.4014845483  0.4736291439  0.5805414214  0.4797184970  0.6609587751  0.5776933384  0.3872302131  0.3859533965  0.5133202763  0.3868506893  0.3202619673  0.2416022931  0.2367872429  0.2965181159  0.2657646063  0.3284788933  0.4971731282  0.5438946723  0.6497476463  1.1946417803  1.3145764298  1.1144725359  1.1480413895  1.1481928938  0.8193080630  0.8771577974  0.7929751195  0.7463238444  0.7477402394  0.8257840176  0.9595579320  1.0977907458  1.0652946177  0.9475153874  0.7267391873  0.6260837881  0.6473082687  0.7072695413  0.6755700867  0.5267597154  0.5042171177  0.3382744046  0.4098316505  0.4807227149  0.3406932736  0.4468085636  0.4242078744  0.2712081245  0.2914251300  0.3544811810  0.2798318340  0.2313886285  0.2309452917  0.2221013240  0.3072302410  0.5456631534  0.6746114828  0.8549130126  0.8923864159  0.7644088919  0.8229472037  0.7338858691  0.6609803262  0.5975082168  0.7997990053  1.0182398071  0.7669256631  0.5639459081  0.8707322834  1.4082970701  1.4517181802  1.1488225891  1.1928100407  1.2715225957  1.2866611910  1.1872834190  0.9097051476  1.0359389329  1.0306430658  1.0419345752  1.1503523101  1.2925841002  1.4219656530  1.0011185048  0.8791968983  0.9264904227  0.5216371331  0.6624464718  0.5420093040  0.4343382613  0.5327693746  0.5143356897  0.5396934533  0.4719112848  0.5811309870  0.7059589991  0.6648078969  0.5285204599  0.3807854647  0.3794089956  0.4521156495  0.6139417183  0.6686760220  0.5888629372  0.7012204233  1.0719412845  1.4675648682  0.8644229033  1.0308905975  0.8891911465  0.8866446487  0.8180772437  0.5025260122  0.3748999444  0.3763343227  0.3517703949  0.2958396231  0.4288264102  0.5916547393  0.9674340895  1.4630017699  1.9084140126  1.6583368852  1.5787816854  1.4856511308  1.2664783454  0.9930864140  0.7047335733  0.4582246243  0.4029887360  0.5386828630  0.3978239777  0.4478489798  0.6558847609  0.5972877817  0.7357542093  0.9429513607  0.9699204246  0.8165922512  0.7500646424  0.9728605676  0.9540568083  0.9901516800
  0.7797043769  0.5103870815  0.6633406300  0.7202184720  0.8296178970  0.7223407084  0.6621516230  0.5638261881  0.5694019188  0.5492524085  0.5307868034  0.4498949228  0.5261449132  0.5952468944  0.5602699732  0.3821390657  0.3472921061  0.3807856279  0.5680906395  0.5817569445  0.4913691301  0.4931178290  0.8684473788  1.4182305140  1.4242073761  1.1149972531  0.8243289035  0.7324153629  0.7808875989  0.7376628535  0.9734390249  0.9992144675  0.7918591216  0.5743643518  0.6270795800  0.8297685407  0.9054230456  1.0091785602  1.2579325667  1.4723155381  1.9087203981  1.6231938303  1.2256116274  1.0261915269  0.7600859004  0.5049396982  0.4436826950  0.4278950572  0.3399761537  0.4377725647  0.5622588364  0.3750534545  0.4753392680  0.4719471635  0.4274545940  0.3475805414  0.2869997267  0.3481562070  0.4428816788  0.5018649006  0.4749883961  0.5033224899  0.4491416355  0.3668308033  0.2770007328  0.3726495794  0.3628061117  0.3208931162  0.2716764657  0.2736768490  0.3882904189  0.4377605159  0.3606325703  0.4442569651  0.5563642721  0.7888603638  1.2643973625  1.3214663519  1.2730284507  1.2480950049  1.0583821562  0.9410324302  1.0569347415  0.8614710614  0.7434126925  0.7509322928  1.0561090674  1.4489244525  1.0668992534  0.8448975279  0.7558094051  0.6815207516  0.5011137690  0.5463292533  0.6458274804  0.5281791852  0.4900844584  0.3945022702  0.3765621975  0.3544868048  0.4764533958  0.4767560467  0.5368690577  0.4900308846  0.3476328921  0.3190487775  0.3053052164  0.3045896070  0.2861989087  0.3104548064  0.2776995034  0.3380748394  0.4769248902  0.6873614452  0.9555643449  0.9304246837  1.0816734469  1.1337764183  1.1055964102  0.8129786224  0.8828375340  1.0906991894  1.2791413224  1.0504351170  0.6937066708  0.9598951339  1.0453791092  1.1123741182  0.8655973436  0.9013170557  0.8699559682  1.2006486962  1.4802176483  1.4287551313  1.5990319083  1.7919176569  1.7822286145  1.4261042435  1.3932079641  1.4073952080  1.1092346404  0.8595253677  0.9858694321  0.5779706144  0.4360245216  0.4096900854  0.5266632648  0.4583474333  0.4246633534  0.4381179337  0.5888446203  0.7543499735  0.8471215105  0.8895582761  0.8082053398  0.6636998411  0.5568310421  0.5748137454  0.7589530901  0.6402159324  0.6016171887  0.5448041663  0.6677445987  1.0064295734  0.9157565601  1.0935470345  1.1165574149  0.9155835698  0.6788525990  0.5256682914  0.5117619965  0.5368559764  0.3723418029  0.2983771565  0.2928345928  0.4315288851  0.6416550138  0.9909054952  1.2616808154  1.2100233433  1.3864040303  1.5085242356  1.2753377786  1.0395941107  0.9700569335  0.7560796273  0.5709503680  0.4835702046  0.4443215035  0.4160963857  0.5839650071  0.6184168438  0.7275425138  0.9050652963  1.0159564365  1.0172525520  1.0832515736  1.0472509984  0.8027005347  0.6929214629  0.6717481303
  0.5239344551  0.5088097598  0.5557715437  0.6063520869  0.7125841278  0.5436408510  0.5234566875  0.5174691880  0.4787480038  0.4583713983  0.3961091505  0.4415368865  0.3975245316  0.3555111821  0.3656763630  0.3921474720  0.4901221970  0.5517745727  0.5518784092  0.4268174233  0.5899202891  1.0104049710  1.2993705858  1.7456341072  1.2577847371  0.8982778529  0.6082891101  0.6838760637  0.8491326379  0.8106418048  0.5911863116  0.6454714875  0.5941846623  0.7390980252  0.7943697034  0.7071124025  0.9021447199  1.1854817189  1.3914533897  1.7518722372  2.1556419719  1.6252190741  1.0065949589  0.6628855448  0.4280853980  0.4028375621  0.3645250168  0.3303257681  0.4269024114  0.5130124720  0.5962600435  0.6487160682  0.6262648350  0.5732504654  0.3892829570  0.4290931482  0.4283971867  0.3321485302  0.3553857302  0.3852844374  0.3659830455  0.3487392144  0.2926863675  0.3263249698  0.2997009652  0.2897071593  0.2803921951  0.3111833270  0.3619704452  0.4588040039  0.4406259574  0.3514419572  0.3794385279  0.4870529046  0.8746935902  1.2242928373  1.4883665208  1.8167877602  1.9163632053  1.1222272633  0.8567268197  1.0704530844  1.0883435534  1.0103474983  1.1057535846  1.2065210819  1.4859035112  1.5228431457  1.1675800751  0.7695237605  0.6470666046  0.5041576684  0.6393504285  0.8048134833  0.6255813613  0.5512936635  0.4004995117  0.3586611762  0.5257936923  0.7142909526  0.6100631782  0.5020214775  0.4320302553  0.4166571727  0.4245468615  0.3556552590  0.3794599725  0.4293526952  0.4805718984  0.4062105544  0.3233778693  0.4306106288  0.6180927167  0.8824553001  1.0818889216  1.3499756839  1.2549052424  1.0525023743  0.8270001377  0.7628188304  0.9984487200  1.3256874689  1.3049615285  1.0150702124  0.9392147802  0.9618138525  0.8351991040  0.8368006683  0.6208042256  0.6876300908  1.0255148942  1.0001557426  1.1283030945  1.4521937615  1.8023592120  1.4381987771  1.0678700627  1.1916875313  1.3409523735  1.0404118079  0.9302056196  0.7181855850  0.5097811564  0.3797874462  0.4260760826  0.4071993324  0.3566359007  0.3951083012  0.5054845586  0.6987137231  0.6412319278  0.9888706331  0.9294586707  0.8222253049  0.7161457728  0.5627935597  0.5489320273  0.7663181089  0.6573930412  0.6312918753  0.5523985671  0.5459338189  0.7100182414  0.7300498449  0.9331149696  0.7918005986  0.7314776582  0.6754482564  0.4624189568  0.4869455334  0.6105687547  0.4700190807  0.3615041930  0.3141338990  0.3600235583  0.3899733104  0.5231379862  0.7749943476  1.1290486322  1.2158003031  1.5046090726  1.2673189708  0.8733037101  1.2510000430  1.0594966617  0.6265944175  0.3663008976  0.3802724524  0.5116177044  0.5472097490  0.7385058598  0.7234739790  0.6875587533  0.8812110027  0.8391444297  0.9575898917  0.7040254858  0.6936610948  0.5794052925  0.5119334997  0.4666763771
  0.4320700113  0.5007395914  0.5343499189  0.4308977443  0.4007905788  0.5864692302  0.4678183665  0.4765587671  0.4617618871  0.4235081263  0.3879247452  0.4842962602  0.5732651360  0.5646106843  0.4457870609  0.4485026606  0.4795354944  0.4553104627  0.5166479463  0.5644842289  0.7087938788  0.9561016400  1.1809396568  0.8793355172  0.8284415549  0.5223201902  0.6655936842  0.7697982199  0.5836599453  0.4589497023  0.5145840970  0.6597685204  0.8626956668  0.7179591841  0.7452071101  0.8123520798  1.1587147873  1.1309269793  1.9695028234  2.9780402221  1.7452216013  1.0567504048  0.7094997264  0.5750353027  0.4542557247  0.3617831245  0.3325949434  0.2955330535  0.5173562013  0.6314735780  0.7398680905  0.7704766673  0.7387402324  0.5146787365  0.5876598240  0.3597322684  0.2915098476  0.3249616850  0.2484922086  0.2691544405  0.2719095215  0.2175904191  0.2617162749  0.2822706267  0.2178070525  0.2425043632  0.3038109208  0.2928909972  0.3034117763  0.3832600133  0.3673214443  0.4371139895  0.5137345097  1.0015808451  1.3076147002  1.6716314084  1.9486471068  2.0506099965  1.2410296494  1.0957849323  1.2246879779  1.1866595435  1.3692409345  1.3632056655  1.0734473584  1.2106270957  1.5184834704  1.2219100390  1.0201151736  0.6999537758  0.5621208750  0.5159976789  0.7019243841  0.7689233449  0.5772880730  0.5640760189  0.5255664864  0.7799378044  0.7877756777  0.5430819268  0.5568262252  0.6681362256  0.4964298059  0.5250348603  0.5481111929  0.5446737357  0.6495372193  0.6216700776  0.4853022644  0.2801782263  0.3564399323  0.5573303414  0.7624412339  1.0342524136  0.9433660494  0.9808794494  0.8490601579  0.9968544421  0.9841580275  0.8972347294  1.3992346269  1.7165144386  1.4607689885  1.3722576685  1.0521272729  0.7682304046  0.7537574412  0.6318017575  0.8872419692  1.1843093539  1.3306705263  1.3570896159  1.6977845448  1.7470048879  1.5934253111  1.0706365606  0.8949854563  1.2110853690  1.3676507955  0.8828561008  0.7558139335  0.7726228701  0.5949103329  0.3899962931  0.2950541753  0.3097447509  0.3604810316  0.4601422167  0.4471382755  0.4583583783  0.6207636058  0.8458590371  0.7843330557  0.5157761628  0.4352268598  0.5126701598  0.6959257810  0.5463262428  0.7693141603  0.9117944820  0.6340744438  0.6997006818  0.7192137006  0.8001028220  0.7299461242  0.7708874489  0.6586784455  0.4233837526  0.5033523939  0.6478563602  0.5836492694  0.4894626237  0.3530973147  0.3301443667  0.3480098176  0.4930683120  0.6350236423  0.9090213758  1.0878432480  1.2795883377  1.2539728073  1.1120732666  1.1685664163  1.1388537827  0.9656901371  0.5973280186  0.5028760781  0.5507668132  0.5483227271  0.7326863314  0.7830875440  0.7368114837  1.0571644908  0.8894388243  0.6279519623  0.6430620732  0.6867931501  0.5850759959  0.5923147778  0.4712795311  0.3623942412
  0.4224576080  0.4041640138  0.4378806616  0.4041648024  0.4147637381  0.4995469117  0.5498866802  0.5758088209  0.4578177361  0.3549824379  0.5325075146  0.7973513429  0.5810003103  0.4898775669  0.4760024974  0.4323263077  0.4333059847  0.5831876782  0.6087689437  0.5656048116  0.6831651110  0.8213841951  0.6920114354  0.7759637916  0.8371075243  0.7917099760  0.6837170568  0.5485844674  0.4170825256  0.4561839920  0.7113169423  0.7854519989  0.6807783436  0.9436978306  0.8914234748  1.1458173429  1.3458385760  2.3394971817  2.0258467893  1.2713534708  1.2057213191  0.9780511354  0.6758389740  0.4822198990  0.4318288666  0.3571535832  0.3269133586  0.5237288049  0.6280042653  0.6546483124  0.7543156519  0.6096821656  0.4507793539  0.4064899458  0.3177316439  0.2934426725  0.3865480993  0.3837276396  0.2783623988  0.2205700651  0.1841627969  0.1848104246  0.1858901660  0.2268472708  0.2344168739  0.3357687303  0.3053530190  0.2808870149  0.2573805993  0.4197963663  0.4647548056  0.5796440170  0.9471983531  1.1251768644  1.1534828866  1.5917885877  1.9035494207  1.4006441397  1.3841953756  1.3488761528  1.3631075295  1.2322485936  1.4249098269  1.1512087509  1.1521766721  1.0952319146  1.1200920326  0.9189958142  0.8525969839  0.6807508525  0.7313760572  0.7628176604  0.9605613322  1.0540473561  0.9737327628  0.8213810971  1.0527005145  0.8158439655  0.6773918964  0.5889537558  0.6287184015  0.5441072258  0.6526759049  0.6341234954  0.5790193222  0.8052564513  0.6712763183  0.6230770258  0.5003627289  0.4710043503  0.6145993185  0.6040288905  0.5358644132  0.5785682068  0.6914618365  0.7410943952  0.8739185681  0.8570283303  1.0104170688  1.4320064478  1.8345506870  2.0481203340  1.9753268819  1.5066882133  1.1300889258  0.9022149528  0.7145247613  0.9911830353  1.5250807604  1.7763058768  2.4702162540  2.4623395535  1.7595846018  1.7938027893  1.2146204423  0.9766944419  0.9787153744  0.9937132108  1.1459692049  0.7545551956  0.7580487231  0.5522379495  0.3716494004  0.3526503123  0.3009924238  0.4444696320  0.3404711343  0.3891047230  0.4767129142  0.5115030421  0.5407009390  0.6236968791  0.4362068435  0.3684194570  0.5596834658  0.5906169516  0.7180709417  0.6712293227  0.6421471535  0.5780031644  0.5240438109  0.5771300569  0.7767042711  0.6324121829  0.6379384859  0.5397380294  0.4555543134  0.5661842006  0.5858604613  0.5824514145  0.5627053852  0.4409217880  0.3657092438  0.4744261432  0.5713540245  0.5059413166  0.6096964458  0.8144847220  1.0030487471  1.0646740702  0.9568415342  1.1972693974  1.1362185351  0.9677105240  0.7618292185  0.7215840348  0.6919996588  0.6623450405  0.7197981871  0.7433835555  0.7203070194  0.9799944583  0.7761748355  0.5552660395  0.5495799886  0.5705251930  0.6149916127  0.6766859805  0.4569745461  0.3741582068  0.4142389147
  0.4564536484  0.5699297063  0.4870357685  0.5770221168  0.7073245570  0.7526859539  0.7814461119  0.6021072100  0.4559720532  0.5726515206  0.6107446511  0.5552057223  0.4631551928  0.4464528551  0.4456399763  0.4055081320  0.4389922693  0.5292404287  0.5504960265  0.5712795106  0.5176414104  0.7122271746  0.6876248658  0.9481964322  0.9667834987  0.6819718792  0.6197549647  0.4965359606  0.5285760542  0.5426556529  0.5206904818  0.6367939196  0.5727476620  0.9157254863  1.1587167477  1.1713591834  1.7090373149  1.5673422686  1.2357025147  1.0735600340  0.8441344702  0.8599748031  0.7411896399  0.4805686505  0.3749941497  0.5313521657  0.6048495994  0.5575933461  0.7474184803  0.5858591160  0.4874071508  0.3799243346  0.4139821719  0.3035244859  0.3703759668  0.3964807193  0.4465910641  0.2354132640  0.1726367733  0.1818895750  0.2045706789  0.2538584554  0.3664054177  0.3474831623  0.3829887337  0.3319206419  0.3026117624  0.2513806422  0.2971288652  0.4009632575  0.5734195734  0.6696966017  0.7321560385  1.2716747834  1.5859455157  1.7552225713  1.5080817615  1.2002714107  1.3323822973  1.8444981962  1.7933147265  1.9142187109  1.5228442819  1.2084620297  0.8216809485  1.1659102986  1.1494667240  1.3694162574  1.1464445379  1.0272100539  1.0235517777  0.8250843884  1.1758147047  1.7084755592  1.6474809349  1.1548025422  0.9203007403  0.8955616278  0.6860303136  0.7006336840  0.8471234460  0.7138830252  0.6683664242  0.7172310571  0.6493026389  0.6538563502  0.7584697164  0.7719459320  0.7509672838  0.7673332193  0.6370227783  0.6939059749  0.5599379114  0.6535731505  0.6580991180  1.0019089325  1.0166167571  0.9343255763  1.2129276446  1.4663219692  2.4590637299  2.2894323767  1.6900609758  1.3041794474  1.1807298495  1.2682155987  1.5995636953  1.5732941774  2.4399464995  3.4924022755  2.7418234878  1.7616742539  1.5788697885  1.1235069471  1.2729341807  1.1615067946  1.3358816151  1.3516093075  0.7957388806  0.6009264948  0.3805234360  0.3574175666  0.3583096282  0.4024034419  0.4313256428  0.3469480406  0.4181881104  0.3719418534  0.3392924418  0.4100353017  0.4430287750  0.3797430928  0.3730599731  0.5857535143  0.6513719463  0.5925635370  0.7652518824  0.6219278528  0.4750747376  0.3456444487  0.3680683271  0.4965833178  0.5151931349  0.4287727972  0.4086145855  0.4835326677  0.7168165077  0.6462610342  0.5120077984  0.5270064371  0.5044894745  0.4009712721  0.4647902134  0.5215372051  0.4504023860  0.6928607562  0.8885803186  1.2020968380  0.9781777266  0.9570051615  1.2253814819  1.1837240522  0.7325892491  0.6709674208  0.7027758884  0.5853728874  0.5079108432  0.5153360790  0.5171747696  0.6237096917  0.8674303488  0.5780863108  0.5246138665  0.5988502296  0.5670821850  0.4880180932  0.6015889190  0.5414769343  0.5146319443  0.5414165197  0.5791831318
  0.7829988506  0.8844150434  0.9832074881  0.8028167877  1.1139616111  1.0094706705  0.9520565923  0.7738912677  0.6627600834  0.4856074582  0.4052110286  0.3463178551  0.4645876202  0.4313109730  0.3822836315  0.5211224041  0.6497502287  0.4238084036  0.5068203969  0.5419504411  0.7893762890  0.5888112075  0.8442671069  0.8217188950  0.6250731326  0.6190941254  0.4889923461  0.4151033160  0.3946134071  0.4397080087  0.7046517287  0.6796162875  0.8711849780  1.2581216836  1.1554744661  1.4008610364  1.1887630657  1.2092178922  1.1665002804  0.9107288327  0.9084592929  0.6801231043  0.6188929714  0.6313135773  0.7673135883  0.8418805605  0.7857681849  0.6711103809  0.4274213460  0.4016287428  0.4281479900  0.4071560670  0.4645764443  0.3410642265  0.3146394937  0.4287070863  0.3110957641  0.1699893132  0.1762084396  0.2079959941  0.2897611164  0.3490365987  0.2849556315  0.2947024712  0.2733470388  0.2722822920  0.3377394244  0.3161531968  0.3832435726  0.4189950923  0.4314599295  0.6497519032  0.9012989695  1.1762392033  1.5003010341  1.4500390167  1.4335936629  1.7932835142  2.2362258477  1.8004975684  1.5214548709  1.1032459981  1.0910722716  1.2453764486  1.1864306692  1.2855634941  1.2155997163  1.4004002895  1.1723684038  0.9804315364  0.9579164349  1.2387019405  1.5306905961  1.6468919863  1.2219366595  1.1539270077  1.1636786907  1.0454281795  1.1404063474  1.1441111243  1.0070620530  0.9792480274  0.8165257796  0.8027949695  0.8206726668  0.8335850341  0.8437432342  0.8510808121  0.7169234465  0.6746762656  0.6332656407  0.5557710788  0.6029440953  0.7643759713  0.9094425500  1.1374330612  1.0809893151  1.0718724242  1.6180676464  2.2216051054  2.1290606216  1.9258604465  1.7870115676  1.7890601693  1.7268536400  1.8168397981  2.2383432131  3.0611908706  3.2699706759  2.9017064294  2.3313950631  1.8880009640  1.2886665867  1.3711890050  1.2515811152  1.6628196962  1.4590486423  0.8330699295  0.5994273809  0.4690773702  0.3974398927  0.3927151695  0.4055100521  0.4509979941  0.4175403621  0.4122300166  0.3549528431  0.4159015304  0.4352738857  0.4747044254  0.4202025888  0.4232544765  0.4503607431  0.5559882918  0.5448510131  0.6032899348  0.5762474127  0.5139397763  0.3844826129  0.4632446482  0.6698486105  0.6569407613  0.4726704425  0.3505219401  0.4176802469  0.6352212660  0.6649097517  0.6452444362  0.5988886954  0.5642239717  0.4441406632  0.3715093760  0.4653538429  0.5055439318  0.7664471391  0.9539465008  0.9895007706  0.8381494693  0.8516513300  0.9133234189  1.0078921574  0.6234767442  0.5543982097  0.6522363116  0.5781907169  0.4468604987  0.3505489038  0.4012681727  0.4716552340  0.6448857782  0.7253233792  0.7046059154  0.6109761278  0.5486722691  0.5477136476  0.7279725714  0.8945718954  0.7872352726  1.1592693815  1.2153637411  1.2165137227
  1.4458040317  1.2016999130  0.9930588786  1.1392119259  1.0499123544  0.8636328764  0.7695275833  0.5992445868  0.3637379668  0.2763483136  0.3685148481  0.5020582692  0.3897872225  0.4477000703  0.6277140425  0.7563918462  0.7512972698  0.7030237176  0.6634853555  0.5560892397  0.5796280160  0.7614973100  0.6314203060  0.6421099087  0.5343702244  0.4929594394  0.3319666047  0.3358637161  0.4388215835  0.5155760597  0.6454993123  0.9342471747  1.3712983747  1.4725298743  1.4257385261  1.1443349931  1.0254120793  1.3454863372  0.9886454133  0.8113491884  0.8089528926  0.6531537885  0.9189858405  1.1091983766  0.6544155975  0.8942388094  0.9370712236  0.6340446105  0.4753309815  0.3604763076  0.4481574443  0.5373621662  0.3553737583  0.4095157000  0.3664994007  0.2987388214  0.2260730448  0.2607848018  0.2764600729  0.3129347503  0.3059337861  0.3581288997  0.3531133040  0.2525343847  0.2967940858  0.4088660635  0.3990844299  0.3739205895  0.4998321772  0.5372292154  0.6233558030  0.7392043883  1.0838691535  1.2282600976  1.2743758720  1.5872855397  2.1046594382  1.8786198461  1.6950881509  1.7202043335  1.0606295688  1.2524957478  1.5649095784  1.2096036954  1.0173185780  1.1806003398  1.6394240879  1.4374582822  1.4110555837  1.5129598269  1.2853743899  1.4652931544  1.5507372644  1.4171384403  1.1175327694  1.0933889541  1.3493604144  1.4699712824  1.4999259399  1.2967440001  1.1003632414  0.7997164098  0.9252206641  0.9473754463  0.7813673868  0.7148118554  0.8119340429  0.6873562195  0.8036491334  0.7859148182  0.6797495868  0.6226075560  0.7696259316  0.9363732710  1.1299935026  1.0328255904  1.1700013888  1.3229294151  1.8667418740  2.0264027536  2.2681908921  2.4194272071  3.1606917070  2.6410548272  2.0091862404  3.7543746556  3.4876815989  3.9962208262  3.7906458478  2.4831210334  2.2248233188  1.4122864880  1.3089167186  1.3005085186  1.6420696727  1.5927260135  1.0486102605  0.9103681608  0.7270416753  0.6881095450  0.6465105533  0.4880097046  0.5927084294  0.6101866913  0.4691607212  0.5645285044  0.5718248644  0.4902617104  0.5251785409  0.5360186977  0.3502513255  0.3576867435  0.4896199874  0.3954960215  0.4279462948  0.4284241694  0.4680065859  0.3535862171  0.5595831720  0.5943533042  0.5923646877  0.4467930610  0.4730933021  0.6306996350  0.5219394809  0.6184494683  0.6557747127  0.6327647083  0.5787522376  0.4266100846  0.4058161350  0.5582212817  0.5496475455  0.7194629900  0.8962804559  0.8434666245  0.6886306715  0.6556368954  0.6006659639  0.7589714873  0.5424353858  0.6160789192  0.7693170849  0.8851187220  0.5716483914  0.3816827428  0.5198790833  0.7608707168  0.8497436791  0.6693444923  0.7102604933  0.6190144261  0.7245516142  0.8558339130  1.4211044307  1.4934279320  1.1850989560  1.4668387875  1.4804809063  1.2623100655  1.2247004905
  0.9995853552  1.0393955893  0.9963900552  0.8547245787  0.7562328929  0.7443729666  0.5342616856  0.3284988785  0.2707923814  0.3611106850  0.4511371836  0.6419749343  0.5885286448  0.5791677962  0.7036040925  0.8818816291  0.9178637659  0.6891374850  0.4739012687  0.6147575414  0.5952663422  0.5393984811  0.4478241584  0.4146751338  0.4035496938  0.3416757181  0.3255073763  0.4460141579  0.5087949130  0.4521809517  0.7371193273  1.0357948941  1.3205998666  1.1447288710  0.8981601016  0.9199356311  1.1099805676  1.1225017500  0.8626976031  0.8274455613  0.7962612700  1.0170219240  1.0154198205  0.6864832016  0.7199095833  0.9528243276  0.7235895223  0.5599169385  0.3280798802  0.3845433049  0.3806277432  0.3984428525  0.4113959323  0.3305279662  0.3072079091  0.4271496382  0.4257827049  0.4143715978  0.4203813360  0.3774697123  0.3894694642  0.3743102718  0.3230402430  0.3575470441  0.3811486275  0.4999631522  0.4559011908  0.4780639854  0.5574327442  0.7083192657  0.7771954498  0.9983009903  0.9485191119  1.3142752289  1.7612364352  1.9045345270  1.7240913941  1.1221111005  1.2170787267  1.0961703217  1.2431914008  1.5573115656  1.3835634899  1.3343419636  1.4279359159  1.5431822821  1.2101839357  1.1335746145  1.3849967221  1.5649610785  1.6340134068  1.7888377093  1.4549797043  0.9917423012  1.1904096222  1.4244373816  1.4406937389  1.6005855911  1.3064314302  0.8540531930  0.9146819840  1.0828495950  1.0106496611  0.9546471617  0.5876210539  0.4893311097  0.7883930342  0.9206329061  0.8361087324  0.7441742008  0.9034123142  0.8850578787  1.2669428945  1.1073286066  1.2124979958  1.8000887495  1.9104419281  2.3189864074  3.0515951765  2.4715478417  2.5192871948  2.6915308946  2.9639384579  3.4763266694  5.2054186797  5.0303623160  5.5486660748  4.9844065315  3.1873866240  2.2709485675  1.5323141953  1.1892637950  1.9698766236  1.7733706489  1.6717727511  1.0782466552  0.9977785175  0.8818701413  0.9985801083  0.7750875977  0.5235451996  0.7479977913  0.7343821903  0.4357192730  0.4208820849  0.5487895045  0.4463239913  0.4097764420  0.4149684012  0.3781436914  0.3963034920  0.4353679190  0.3496935111  0.3811135498  0.3586915938  0.4200296699  0.4097328201  0.5659164256  0.6558000124  0.6554792681  0.6310669398  0.6178161295  0.7010121500  0.6379732105  0.6236816331  0.6101447032  0.6253949397  0.7040067555  0.5008972788  0.5585625134  0.6260711931  0.5993612655  0.7935145702  0.8804656968  0.7915172861  0.6535864270  0.6040157897  0.5523596802  0.6885744140  0.5684607083  0.5847697867  0.7119825262  0.8221761751  0.7987897735  0.6884157331  0.7415618399  0.7898800667  0.8323321011  0.8312080976  0.8235607906  0.7683814076  1.0025783880  1.7680485401  1.9748980600  1.6994957089  1.5056173243  1.1827379683  1.1434958800  1.0115803047  1.0529406932  1.0304867552
  1.0622707102  1.0221060998  0.7487301767  0.5672450107  0.4226088708  0.3267066088  0.3234072587  0.2742652525  0.2667670013  0.4408622343  0.5200829107  0.6018500312  0.6791966334  0.8332976843  0.9500345701  0.7711950223  0.5233700963  0.5757949248  0.7043076581  0.6719429819  0.4882859811  0.3885052026  0.4266423214  0.4011095547  0.4910225029  0.3950451431  0.4406994023  0.6192487363  0.6414211032  0.7346411635  0.7822860182  0.8622032376  0.9908017332  0.7105114396  0.7483363436  0.7739680717  1.0202152568  0.8952178422  0.7400707665  0.6871128951  0.8258333815  0.6704684603  0.6733167020  0.5942406966  0.6835870769  0.5920368360  0.3720596518  0.2705973103  0.2610341507  0.3120807539  0.3744047680  0.3561815823  0.3273760221  0.3311838775  0.4575880996  0.4968533833  0.5542144348  0.5528446231  0.4440238989  0.3723827345  0.3603499193  0.2815557176  0.2710144667  0.3345022917  0.5638774743  0.5372161968  0.6145368558  0.7204419928  0.6689923967  0.7844457777  0.9067740824  0.9752631940  1.3442840416  2.4757364792  2.3714087293  1.8839378457  1.1995211281  0.9782688141  1.1463212513  1.4902816083  1.8275437001  1.6643005795  1.8798683958  1.7884510300  1.1389270983  1.0758289442  1.1022169184  1.2629631584  1.9405570977  1.9860972568  1.9327594076  1.4909573567  1.0354851537  1.2454122690  1.3368889252  1.3434741771  1.4169851442  1.1416501674  0.9974378078  0.9262126726  1.3026853419  1.1067005354  0.8526772061  0.5460167768  0.4892096416  0.6626355268  0.8907687459  0.7543437704  0.7170054515  1.0417546319  1.0199025915  1.2591307780  1.3198580703  1.4526103427  2.0768660089  1.8729325343  2.5688518279  2.7830892406  2.1297219595  1.5695729626  1.9380457719  3.1381968830  4.3919506956  5.3030564514  7.3094079246  4.1716464338  3.0065269209  2.4494059183  1.5778902416  1.3720043392  1.6920820932  1.9734177970  2.2324310883  1.4862990291  1.1787359121  1.3600862504  1.2243890904  0.9990711139  0.7649510819  0.5542695875  0.6922653512  0.7249817978  0.4616638497  0.3647078925  0.3727790388  0.3231299456  0.2768387083  0.2963874798  0.2260376023  0.2935729583  0.3395151379  0.3979186379  0.4301587396  0.4366714919  0.3795686283  0.5149150490  0.6089502737  0.6074128833  0.6982012770  0.8703077901  0.8786459812  0.6970478044  0.7404535957  0.7198891486  0.7379437150  0.8557012852  1.0797464723  0.8365589011  0.7604161367  0.7986121489  0.8512691094  0.9007188795  0.8496894229  0.8861547123  0.7264572768  0.6402603617  0.5737926984  0.5916023058  0.6250465997  0.6991726414  0.7553601003  0.6232514702  0.7726184940  0.8578082889  0.6823188678  0.5953080245  0.5881253763  0.7163765342  0.7497847449  1.0132149763  1.0854699226  1.7432794599  1.7058933101  1.7698707722  1.9222431997  1.3552310967  1.2342972774  0.9959004806  0.8027049385  0.8080363707  0.8584063113
  0.9808775767  0.6278795081  0.5688359196  0.4294602729  0.3704802217  0.3048344192  0.3272072845  0.2579794255  0.4116307399  0.4437355066  0.6396034175  0.9522056855  0.9156987643  0.8556538102  0.8560152375  0.7681650005  0.7552312624  0.7472905125  0.7152617857  0.5000092817  0.4084404157  0.4012029109  0.4538441554  0.5017879700  0.5042644690  0.4700841814  0.5914428854  0.7923145512  1.1947482826  0.9411026045  0.7621705492  0.8404992507  0.9432111404  0.8178477361  0.8801055181  0.7631280548  0.8853761261  0.7753330725  0.6467021267  0.6689474882  0.5898511063  0.7161586342  0.6041842821  0.4869468667  0.3708941033  0.3693712303  0.2320073243  0.2718772332  0.3482758919  0.3670616256  0.4185528205  0.4395846236  0.5873462599  0.6215308687  0.6114558089  0.8345510787  0.6644330608  0.4288803981  0.3733041647  0.3263223108  0.2687202468  0.2982643639  0.3196981662  0.4225053223  0.5105535448  0.6968018314  0.8320790859  0.8401675164  0.9047839979  1.0550673354  1.1456890086  1.7047638694  2.0615586790  2.2364655155  1.8370789500  1.5601583044  1.0611536900  1.2115875710  1.4087914844  1.3883162136  1.5300534428  1.8698872169  1.5180686929  0.9157502911  0.7152293862  0.7051352820  0.7583465653  1.1919752538  1.2969485035  1.3605674503  1.2204131150  1.3242534495  1.1991595137  1.1585100497  1.4273654680  1.1858001676  0.9481080437  1.1319243913  1.2845732447  1.0982422642  0.8442150073  0.7005779658  0.6521470758  0.6871639525  0.7039663743  0.6833336636  0.7992171822  0.8507605837  0.9289794702  0.9000365848  1.1116467092  1.3247038210  1.8121428933  1.9547966825  2.0819036590  2.5014544937  1.8079354027  1.7959647281  1.8238323094  1.9689442295  3.2761310639  3.2674133682  3.0845882933  4.3283482980  3.7264264870  2.3887936333  1.6673514312  1.6995864528  1.2505984258  1.4932939423  1.7615287590  1.5615452364  1.7744641035  1.4644862706  1.7065341461  1.6082983837  0.9683608813  0.7014258015  0.6449767458  0.6989556357  0.7594416357  0.6383653937  0.5078446077  0.4432124924  0.4133512562  0.2996308811  0.2369147468  0.1884646219  0.2325310368  0.1980146932  0.2869540640  0.4084086654  0.3871653191  0.4341126769  0.5589010293  0.6087262374  0.4910779767  0.5345354885  0.8602872938  0.7935579245  0.7232674525  0.7562377762  0.9822375721  0.7063345146  1.1532398910  1.6341521797  1.2751594497  1.0415499484  1.0027327043  1.1001783402  1.0591357724  0.8815636632  0.6989859294  0.5499882867  0.6362391330  0.6026393634  0.5702058604  0.7218247272  0.7275871735  0.5985398195  0.4983894337  0.6101856445  0.8081193750  0.6609038806  0.6903289129  0.6587447496  0.7353033946  0.8426797792  1.1741658825  1.7618703309  1.8400639935  1.6142870142  1.5454351582  1.6804563138  1.5364262656  1.2673057682  0.8087579087  0.7937565487  0.8403835498  0.8370604069  1.0217550145
  0.7297900525  0.5648036483  0.4397007323  0.4789918100  0.3802477251  0.4231616062  0.3092917443  0.5783264023  0.6532502201  0.8006470320  0.9499058188  0.8984014606  0.8906136803  0.8927658243  1.1448773853  1.3419777990  0.9641299832  0.6661462355  0.4752478987  0.3952564071  0.3871121613  0.3588993799  0.4768920893  0.5372310236  0.4480855128  0.5818872226  0.6699969127  0.9815813975  0.9775003420  0.8390941097  0.9760232976  1.1191446338  1.0241684755  0.9635981615  0.9851822420  0.8679401419  0.8547225689  1.0169808820  1.0847583974  0.8609726166  0.6129794584  0.6021480661  0.4089666577  0.3294950594  0.3559438253  0.2361353327  0.2391139026  0.3432355597  0.3281276782  0.4411887176  0.4365494168  0.7183400332  0.8091095733  0.8941626609  1.0219533517  0.7024834622  0.3744871640  0.3700736017  0.3320182431  0.2879093000  0.2636770803  0.3374457410  0.3010472742  0.5022299181  0.7343029685  1.0891406913  1.7934136999  1.6693750153  1.6428290365  1.8708510731  2.0677343752  2.0012286069  2.0065611314  1.6703659050  1.5989810525  1.3118371566  1.1780369945  1.1194204581  1.0667735131  0.8666304849  1.3161776933  1.1771831547  0.8391383991  0.6828928742  0.6150092280  0.6750597004  0.9950550330  1.2959684404  1.1574070254  0.8794428560  0.9230692145  1.1777252484  1.3214152976  0.9735840469  1.1351489893  1.1223149511  1.1727775531  1.3665955527  0.9836800221  0.8146496295  0.7416507640  0.6314451154  0.7624929747  0.9135402400  0.8018930297  0.8356981171  1.0173676104  1.1018036797  0.7670796920  0.8854857047  1.0828359256  1.6901455044  2.6232459472  2.3850565785  2.2196984482  1.7357755708  1.6421274327  1.9805298306  2.1690533630  2.9292116989  3.2206301371  3.3647228167  4.0024545387  2.3017105409  1.9790988097  2.3475512523  1.9038461205  1.2064280674  1.1337293797  1.3691427081  1.1255188200  1.5015173506  1.6178116279  1.8295949174  1.7928031494  1.2985677362  1.1408014455  0.8959163702  0.7425501379  0.6697237804  0.4611938265  0.4420087840  0.4194963254  0.3471701289  0.3257888991  0.2260296503  0.2204260829  0.1896368814  0.2211511761  0.2850085603  0.3890025073  0.3731617678  0.4456297862  0.5330957104  0.5176442439  0.5604330756  0.5797608102  0.7025494106  0.9581765981  0.9642208328  0.7637955661  0.6742386267  0.6930567748  1.0375954875  1.4666122338  0.8455992835  0.9678476146  1.4939716186  1.2543951148  0.9665278888  0.7124565343  0.5743185239  0.5507383362  0.5969421526  0.5205312398  0.4912057920  0.5146538203  0.5240895116  0.5920002567  0.4698814320  0.5379019452  0.9244768400  1.3265092626  0.9248410826  0.7860906405  0.8555393187  1.4128835448  1.6756197243  2.0129560501  1.9312366067  1.3668435014  1.1237534691  1.0182707490  0.9608394593  0.9809509660  0.8510381888  0.7232030134  0.7307858697  0.7761615512  0.9927387678  1.0009402594
  0.7031673145  0.7260386579  0.5927888382  0.6654355405  0.5430165036  0.5247559484  0.6964375195  0.9402522744  1.1089674301  1.2649000011  1.0938329347  0.8659092244  1.0059993075  1.2234457677  1.3543287354  0.9892028932  0.7989394566  0.7543021036  0.5653378947  0.4810472668  0.4051832504  0.4574453645  0.5676297737  0.5891387444  0.4634157112  0.7010677325  0.8305851468  0.6960119102  0.6950141677  0.9317923254  1.0943824121  0.9474979452  1.0537476201  1.2537059696  1.0582006087  0.9364970272  1.2979447276  1.2211846621  0.9288232920  0.4929564283  0.5492777100  0.3705932059  0.2501971027  0.2807925638  0.1874466753  0.1717713995  0.2247988313  0.2464627296  0.3912411367  0.5470024177  0.5572895473  0.6505587824  0.6436116412  0.6456447688  0.5197918608  0.3577951611  0.3188993903  0.3250809437  0.3789263508  0.2462994109  0.2657089593  0.3292541190  0.6301956886  0.8753185397  1.1866952137  2.1003917757  2.3037860351  2.0854641086  2.0591260789  2.3004426350  1.9731341556  1.9313237376  1.9586126828  1.5414599487  0.8703326016  0.9632665973  1.0782984358  0.9495434338  0.8443802935  1.1041197695  0.7710491600  0.6900041235  0.5678309980  0.6459160526  0.6985990723  0.8918696001  0.8961237551  0.7333846710  0.6821817243  0.9372843123  0.9426962502  1.2648117372  0.8943976202  0.6482585025  0.8352457767  1.0387362695  1.3471447426  1.1615251511  0.8209668206  0.5857499163  0.6363345792  0.6819182038  0.8343141797  0.8501499877  0.8733896327  0.8701011054  1.1565165447  0.9424724244  0.9626332157  1.1087021267  1.3904774864  1.5534510557  1.7865367910  1.7550580830  1.3249891523  1.8673185417  2.2722282010  2.8350429735  2.8120359788  3.0564683201  3.6706039417  3.5726830247  2.2889903400  2.0955920457  2.0223892905  1.4742207182  1.0015594341  1.0485156335  1.1543972949  1.3736528361  1.9724772509  1.8900626031  2.2935956774  2.2535333053  2.1008819120  1.3982476587  1.0667989797  0.7418910387  0.6505614822  0.5747505241  0.5214448581  0.4283067219  0.3536062676  0.3129308905  0.2742373255  0.2139387420  0.2027238505  0.1989564870  0.2557566510  0.4121718769  0.3938886523  0.4508747216  0.5426406090  0.4618735403  0.4295235311  0.7036068900  0.8710861005  1.0999685085  0.9173098424  0.7947597028  0.7923985483  0.8714241345  1.2350146940  0.9749837382  0.8026244869  0.8976889500  1.2321378320  1.0838003402  0.8787989545  0.6966813733  0.5380709951  0.4526761989  0.3216784068  0.3985435611  0.5109427952  0.6216737129  0.8091454674  0.6676997791  0.8075405652  0.6929354494  0.7613108286  1.0584062621  1.0133149854  0.9094182203  0.9635481768  1.1538557814  1.7322342310  2.2831006625  1.8726299117  1.7268373042  1.2398877224  1.0883681477  0.8764612615  1.0531013429  1.0364478103  0.7416632840  0.7653879327  0.8810672962  0.9140119974  0.7891519476  0.8237315548
  0.8728651055  0.7234798987  0.6922880975  0.6959150821  0.7475221785  0.8473258623  0.9342986056  1.4467810397  1.6295653789  1.4637214353  1.2492382136  1.0255431746  1.1465125213  0.9274317417  0.7310195202  0.7121972520  0.7821434537  0.8364555379  0.7312483966  0.6439108034  0.4548200246  0.6746098048  0.6766307694  0.5828792516  0.7194204373  0.8516805073  0.7307007030  0.7420316580  1.0456267585  1.3312821203  1.1578842110  1.1102033801  0.9717050433  0.8691624010  1.1749845495  1.1046114701  1.3090669339  1.0352505022  0.6476274468  0.5165362361  0.4160704147  0.2660569256  0.2447566273  0.2285599638  0.1799092133  0.1683082421  0.2862601416  0.3387577576  0.3829914705  0.3904216892  0.4788774660  0.4400964309  0.4771589229  0.4924183992  0.4640864429  0.3623491862  0.3738254782  0.3348084192  0.2862281636  0.3298138991  0.4400630280  0.5711490291  0.9718190607  1.5271916700  1.6371170136  1.9734923208  1.5220530437  1.4705555861  1.3465127629  1.5508438731  1.4815353854  1.3596363930  0.9438261149  0.5695739476  0.7854859944  0.9628242365  1.0677308687  1.1664492159  0.8551773527  0.7506673133  0.8227707927  0.6755754501  0.6136268550  0.8017590475  0.8631451686  0.7352143388  0.5729485526  0.7289938883  1.0099643207  0.9824507916  1.3408784223  1.1582631184  0.9276020295  0.9649573090  0.9778029615  1.2492536554  1.3857578161  0.9442945254  0.7532199924  0.5693725769  0.8317047321  0.8556897447  0.7731165813  0.9934630765  1.0540003027  1.3130956283  1.0808786843  0.9982636039  1.0510897769  1.1813405484  1.2102484756  1.4375992429  1.4662332896  1.5788734492  1.8982327196  2.0716803172  2.7830278482  2.4236214547  2.8177400199  3.0347225356  3.3095264585  2.0631047522  1.8028834481  1.5816311818  1.1605691269  0.9139496110  0.8175859492  1.0147891323  1.3601567303  2.3691025594  2.2900429921  2.0200424156  1.8960780033  1.5879637243  0.9873054913  1.0074397973  0.7492177134  0.6610014336  0.6826320298  0.7501359752  0.6117967293  0.5483083001  0.3542297302  0.2553562609  0.2054696366  0.1789272450  0.1818984196  0.2636493735  0.3279388961  0.3973812190  0.5075294588  0.5003658988  0.5480797211  0.5824840627  0.7558163440  0.7712097866  0.9702301151  1.2249322114  1.2523739856  1.2174309029  1.0415943937  1.0700163105  0.8880049704  0.7861775113  1.2299581325  1.5902137021  1.3065565900  0.8739842943  0.9272198600  0.7644871753  0.6268878259  0.5220383130  0.4447740565  0.6451404550  0.8047030003  0.8501973723  0.9602692974  0.8458088581  0.8292058754  1.0337837238  1.2151694081  1.2845917751  1.0885079225  1.0270168367  1.0621958871  1.5412238199  2.3234042555  2.7463329733  2.9809844044  1.6662486248  1.1731845221  1.0137368610  1.1119964465  0.9180432205  0.5931596949  0.7165441094  0.7448205961  0.8750405909  0.9497514624  1.0271758260  0.9302943158
  0.7740121198  0.5951794153  0.6811145391  0.8410120914  0.8699557604  0.9475319090  1.2248027567  1.4541027363  1.5263811460  1.5274652638  1.2143913456  1.2698670769  1.0077112066  0.7568734960  0.4920065301  0.5425682668  0.5724485510  0.7454239794  0.6205543379  0.7599234019  0.9346603044  0.7336255568  0.5046276791  0.5190163227  0.7102426394  0.7519498679  0.7314772057  0.9887037170  1.1600439792  1.1510315583  1.0793544368  0.9424349694  0.9200877950  1.1762405956  1.0986463456  0.9166708141  0.8204617113  0.6356189711  0.5038735711  0.4320411904  0.3023856336  0.2289048429  0.2436589293  0.1841978805  0.1526293077  0.1988283667  0.3247650475  0.3112182419  0.3554253357  0.3540106081  0.4892472008  0.5519387199  0.6939109175  0.4435114015  0.3306802768  0.3771453938  0.4720282290  0.4373359077  0.4817258920  0.5502674572  0.6985808957  0.7038029971  1.1777239739  1.5095331453  1.7048952852  1.4268600109  1.2132938770  1.3700065960  1.3361754669  1.2000594354  1.0091377234  0.7817679482  0.6344847026  0.6932562910  0.7030210456  1.2593770207  1.7041231639  1.0254747161  0.8460755207  0.9744209092  0.9051085762  0.8314924334  0.9218311023  0.8197273045  0.7054066785  0.6532437535  0.8479517953  0.9957262469  0.8718971615  0.9960856752  0.7819478980  0.8356780975  0.9575672882  0.7400391557  1.0953676230  1.1962464599  1.0515779161  0.8043362058  0.5669330492  0.6816625101  0.6979560651  0.8134115797  0.8880485995  0.9260553268  0.8837110212  1.0062227150  0.9394495093  0.9472406740  0.9265344971  1.0205202166  1.3343844494  1.4722235845  1.9753642948  2.2357906106  2.4268706257  2.8670337677  2.9790774045  2.9687962472  2.7737705502  3.1781467617  2.4890682145  1.9102113991  1.9277374974  1.2156857914  0.8240456780  0.9933736908  1.0208542297  1.4115984961  2.2199648574  1.6963376445  1.4410162595  1.8791544568  1.4674394992  1.0729853798  0.7916080761  0.7570379298  0.7570556630  0.7524390554  0.6679186265  0.6007279442  0.5624792509  0.4697839462  0.2873879636  0.2927209162  0.2009918803  0.2183455022  0.2212345704  0.3645834273  0.4994826970  0.5816590886  0.4805364329  0.5943484181  0.5940005708  0.5842356564  0.7696348206  0.7398498276  0.9448000085  1.1966974920  1.2524145286  1.2075092237  1.4131545600  1.1807296216  1.0114775814  1.3555693128  1.3550531868  1.5624060364  1.2393349240  0.8827572181  0.8135584321  0.8062059433  0.6605865489  0.7250157983  0.7480260948  0.8587540431  0.8134298101  0.9132294322  0.7429960516  1.0104562322  1.2965985470  1.2595521964  0.9244882119  0.9756009557  1.3694628581  1.1783513150  1.2590708338  2.1475657320  3.9442823380  3.5707644740  1.7461256308  1.0706277387  0.8878486226  1.1604994494  0.8588918277  0.6067195108  0.7208254032  0.6743037074  0.9309112852  1.1111078106  0.8710862582  0.7450137388  0.6312017245
  0.6350547730  0.6975594262  1.1244555366  1.0031007627  0.8471582374  0.9174127719  0.9232976022  0.9052343305  1.0818000376  1.1100442579  0.8593833972  1.0044278753  0.5852461871  0.5335378759  0.5089048660  0.4398338785  0.5793539679  0.7244518164  1.0507685260  1.1894960531  0.8559431811  0.5547412048  0.5359584376  0.6935637741  0.7153531693  0.8783046271  0.7412980416  0.7698480950  0.8367517856  0.9338158789  0.9040060434  0.8719969317  0.9710449859  0.9144322441  0.6214633421  0.5362569217  0.4914588807  0.4329358330  0.3251840265  0.2411549729  0.2109265673  0.2576546970  0.2671519526  0.2111248732  0.2081247126  0.2542966629  0.2664488526  0.3536057772  0.3398235638  0.3558048560  0.4858486107  0.4753642479  0.3357517338  0.4202302773  0.4589604485  0.3908672511  0.5338017764  0.6513958292  0.6080749565  0.6632314161  0.6002417759  0.8682702594  1.2235962460  1.2498164851  1.1870100422  1.1038494832  1.1492754697  0.8870593652  1.0149529480  0.9457954336  0.9868188058  0.9768400921  0.9513658060  0.9725286206  1.3654232189  1.5328060485  1.1385604982  0.8873188436  0.8920367200  0.9297781897  0.7179594445  0.8501765399  0.8561664512  1.0049475971  0.9555355392  1.2456146487  1.1707452776  0.9486511017  0.9090126455  0.9930985516  0.8309310195  0.7608096596  0.6121073918  0.9054989016  0.8808261973  0.9040988710  0.7356885843  0.4708119580  0.5032682956  0.6074610666  0.7032101332  0.7570431374  0.7364443298  0.6101525369  0.5813282997  0.6314255256  0.7300268444  0.6746097735  0.8613159949  1.2060692071  1.2788835570  1.6044002762  2.2499440546  2.4451352358  2.7541342193  3.8055126816  2.9136261660  2.5016426804  2.0549870006  2.7053495831  2.8152461996  1.8034054996  1.1635030633  0.9172129837  0.9089331298  1.1018311336  1.0338141354  1.3924980609  1.3055480328  1.0110022542  1.2148251644  1.3443657535  0.7776597294  0.6851732503  0.7193667745  0.7192626718  0.8373873651  0.6219480639  0.6542771234  0.6180393474  0.4648664086  0.3758788457  0.3772689826  0.2827793108  0.2187354164  0.2310729264  0.3234229893  0.4293125127  0.5762300943  0.4295017818  0.4184411908  0.5149186555  0.4925356121  0.6945150122  0.8493009687  1.1912916829  1.1422805942  1.4465886647  1.7978256225  1.4800908506  1.2353971785  1.2247132925  1.7072670112  2.3181074927  1.9996627170  2.1704371792  1.2184999467  1.3152500716  1.1331290486  0.7176126060  0.7896502820  1.0210891883  1.1632757248  1.2123305507  1.0661571967  1.1256630336  1.1853810190  1.3733619364  1.1032358090  0.8745352757  1.2104208614  1.9679219175  1.9733007473  1.7019963908  2.7233344232  2.6936240275  2.9601473156  1.8908197931  1.4638762100  1.4117051032  1.3396019169  0.9074912781  0.8200483581  0.7113646738  0.7347387209  0.8163164395  0.9131240923  0.8403673003  0.7246549648  0.6360986412  0.7005157696
  0.9259935234  1.0769379214  0.8704493228  0.6174833562  0.8500544603  0.9387395800  0.7068966264  1.0134996983  0.8575416859  0.7289799542  0.8277136417  0.6932498795  0.6102323783  0.5491590417  0.4873576645  0.4761054505  0.5983641678  0.8187095637  0.9757536741  0.8161981358  0.7956901919  0.6465572296  0.6348313908  0.8733591152  0.9923546731  0.9157967802  0.6663231927  0.6061127023  0.5484269135  0.5808759662  0.6214596586  1.0544509387  1.0598464228  0.6687234755  0.4974731090  0.4529810237  0.3545764481  0.2381685984  0.2401689542  0.1731045017  0.1985168776  0.3039800673  0.2453089910  0.2002280204  0.2285895759  0.3102360407  0.3399052611  0.3059063980  0.4104652355  0.3973986012  0.3334429746  0.3073355825  0.2515548654  0.3197022944  0.2938325571  0.4432625269  0.5214221956  0.6328598567  0.7531483771  0.7535207090  0.6894837137  1.1620070182  1.2255014605  1.1571034716  1.0322994471  0.7794337193  0.6399545252  0.6900419349  0.7151267380  0.9701407841  1.0815770181  1.0422615976  1.2451613018  1.0294152854  0.9483331746  0.9543785827  0.8264896831  0.6666265672  0.6998228765  0.6214271367  0.7105724035  0.8605048194  1.3708117447  1.4851755201  1.2205518842  1.2659557573  1.2064068960  0.9893029793  1.0451543389  0.9710406378  0.9587553675  0.8466333594  1.1261744776  0.9943276349  0.6980058489  0.6234586938  0.3992450117  0.3891882237  0.6615254948  0.7326103999  0.6460505083  0.5977495977  0.5358090239  0.5390425420  0.6904449058  0.6691836896  0.8428318229  1.0268689969  1.1857649685  1.5529931949  2.4433526447  2.2088631902  1.6540993898  2.6983073093  2.8798319836  2.7404639252  1.9601713723  2.0254299641  2.4584877621  2.7195776439  1.9740703970  1.4525784893  1.1703745426  1.2235215313  1.1870541485  1.3786431810  1.2407643814  1.1002551049  1.0306969119  0.8401865917  0.8043090646  0.6189450913  0.6646470206  0.8140123982  0.5738422176  0.7099626779  0.5693213302  0.7209812189  0.8810219232  0.6248025618  0.5100042770  0.4766069961  0.3108511805  0.2727230301  0.2913554276  0.3215447858  0.4024467427  0.5008701628  0.4244521369  0.4168836541  0.5220703202  0.5332437620  0.6204615700  1.0047496219  1.2643684906  1.4434608646  1.7286158514  1.7840786793  1.7851397974  1.4402547255  1.5421800391  2.6366076792  2.9869450882  2.1875054836  2.3360422308  1.6457522890  1.5025845379  1.4989195700  1.0340137234  0.9036970805  1.1800936086  1.3967530028  1.3339985358  1.2085082235  1.1289224368  0.8357449620  0.8935371702  1.0867683149  1.1176558233  1.3993317323  2.0976896799  1.9873529575  2.0435731069  3.0790575333  1.9792307980  2.5125241875  2.3628592521  2.0248857273  2.1010966807  1.5930596427  1.3493444129  1.1564212164  0.9595131293  0.7194688364  0.6977303748  0.7667632699  0.9395649201  1.2746154008  1.3018420327  1.0252727121  1.5354770982
  1.4178324192  0.9251588639  1.0242103689  0.9537211518  0.8151788727  0.7026521033  0.7364118257  0.6371690216  0.6714848950  0.5507833189  0.6120911565  0.6600150660  0.5319179420  0.4895269248  0.4685427348  0.5241337707  0.8802886950  0.9143869653  0.7403250065  0.5936032071  0.5906269781  0.6348329537  0.7412236654  0.8594470460  0.8572481399  0.6825003410  0.6064035162  0.6003757097  0.5263712796  0.5834469980  0.9705490314  0.8695451096  0.5547003213  0.4300555079  0.3951440814  0.2743152543  0.2973918881  0.2363609531  0.2055019388  0.2052569433  0.2859179425  0.2131171970  0.1575989013  0.1812379154  0.2493472396  0.2781623739  0.3621279831  0.4225440445  0.3182377556  0.2706243560  0.3202249586  0.2730332602  0.3544785563  0.4136473705  0.4268302074  0.5405599623  0.7483468517  0.5650519993  0.4885526279  0.5847769992  0.9535008040  0.9005370402  1.1519150038  0.9332804918  1.0172620475  0.6877293799  0.4961429522  0.7375286052  1.5255932526  1.6261330860  1.3451605160  1.2227043369  0.7966262195  0.7324335460  0.7287755643  0.7231583107  0.6418721621  0.6721953645  0.6911510805  0.7789009127  0.8962683953  1.0704226388  1.1289339590  0.9819179407  1.1228649199  1.1834053131  1.0344250815  0.8301279011  1.1001193513  1.1984060780  0.9524818664  1.1552626779  1.0017015747  0.6997208335  0.6062717553  0.4767944918  0.4342827332  0.6510969213  0.8645836722  0.6427627726  0.5231860227  0.5829632189  0.6418996558  0.8364257763  0.9938741372  1.4756635156  1.7277845374  1.6708907954  1.9320007039  2.6675036037  2.7463715864  2.3070715688  2.8182031953  2.2443683012  1.7301088117  1.5401177501  1.8168033074  3.0478908237  2.9079872715  3.0757035831  2.3788833822  1.8060161781  1.7116230643  2.0162028354  1.4688280769  1.0250425094  0.8215368901  0.8332883330  0.8150323730  0.7884850406  0.7759772271  0.9040302403  0.8114128161  0.5895137400  0.6060725581  0.6188238049  0.7265420894  0.9921366565  0.7999684143  0.7277632338  0.4432796113  0.4124203799  0.4429110858  0.3722159522  0.3413196755  0.4114489908  0.4932601244  0.5117872759  0.6325907605  0.6288807311  0.5498998975  0.5827756011  0.9706206853  0.9612599709  1.6256806091  1.6877253049  2.0589849877  2.3670631765  2.2713912816  2.5582661235  3.3608799283  3.8376182059  3.0039549147  2.0983471787  1.9801683819  1.8022263502  1.4260939051  1.1436926025  1.0782514788  1.7493971811  1.3703454791  1.1218812709  1.1412326599  0.9428698027  0.9465237834  0.8401271640  1.1557049524  1.5923358953  1.8684504657  2.3425816826  2.2120688057  1.9587624206  2.2287107099  1.8173676978  2.1130287124  2.3200004410  2.5981086750  2.7573549025  1.9304625697  1.5577118134  1.8942705013  1.3494222548  0.8308563903  0.6494850510  0.9859206087  1.3406837050  1.6929362092  1.7645769153  1.6393486111  1.6726300887  1.6407099984
  1.2056463544  0.8957762530  1.0408496476  0.9764684094  0.9670976311  0.5729567045  0.5024288717  0.6515934905  0.4919411608  0.5613624036  0.5717463751  0.5663259210  0.4763690806  0.5085316166  0.5679488312  0.6983950970  0.7868934838  0.8217791562  0.5839179739  0.4749570098  0.6394885586  0.5712930853  0.6484261198  0.7612905701  0.6889344398  0.5371125623  0.6403114747  0.5455791356  0.4617281651  0.6290263734  0.7206892118  0.5904624093  0.4807761653  0.3237216413  0.3189795853  0.2279446695  0.1901209079  0.2089503548  0.1879956106  0.1978876180  0.2435282466  0.1962538683  0.1895917352  0.2787851312  0.3186021084  0.4176128329  0.3888370565  0.3308113903  0.3221403001  0.3300090116  0.3240536825  0.4015856886  0.3634148433  0.4531755575  0.5986210197  0.5499441435  0.4289730709  0.3916651924  0.5766499049  0.9932826290  1.0833052018  1.4573409536  1.2268046342  1.2035858026  0.6153112339  0.5110172228  0.7526839236  1.3550988530  1.3145283929  1.5612276801  1.7147138321  1.5696547520  1.0998898419  0.9167962666  0.6206129778  0.5080443564  0.6228934599  0.7517943761  0.8444059349  0.9160616409  0.7677828146  0.8638040845  1.1598883561  1.0519494652  1.0310254893  1.0648223669  1.0630577345  1.1356065102  1.4156390693  1.0321833258  0.8916904334  1.0608368967  0.7602694681  0.8516064977  0.5619598869  0.4769127044  1.0211767047  1.0681217073  0.9181900947  0.5982848711  0.5250567313  0.7195080388  0.9154739443  1.6708016453  2.0757442665  2.5765105098  3.1998607968  3.2156980546  3.4234001544  3.2055978768  2.7901991200  2.2735946709  2.0755224711  1.6242896120  1.5645449381  1.6292658828  2.6237993127  2.3410641731  2.4737289754  2.1033222025  1.5333640910  1.3943033443  1.6668451069  1.3933847934  1.1747162995  1.1071912510  0.8995978585  1.0629505625  1.1265525780  1.0041415028  1.0391103380  0.8245392236  0.6773609823  0.8790998428  0.9315255004  0.8064133646  0.9934788276  0.8097201843  0.7489405653  0.5204177825  0.4708670420  0.5860911984  0.5318524956  0.4852221019  0.4798209871  0.5004969964  0.5643340208  0.6451239514  0.6042863507  0.6558921003  0.9537420403  1.3054225376  1.2499889525  1.3829746724  1.8900509714  2.4752789598  2.5290743728  2.2245696319  2.5249818139  3.5029130920  4.0267446017  2.8510164743  1.7877433415  1.3799752822  1.5633815723  1.1815519358  1.2091251824  1.3167998242  1.2431946721  1.2888245536  1.5102088012  1.4564743964  1.7462090182  1.2634645509  0.9664306018  1.2477468916  1.5208514757  1.6456787452  2.5996190274  2.6747385974  2.2240091251  2.0135435179  2.1746670649  2.0151246813  2.5615464480  2.9798346186  3.2274956053  2.2887674394  1.9928899828  1.6878168450  1.0786554540  0.9580507089  0.9118060275  1.0662170106  1.3667788664  1.1853203282  1.1200599836  1.5575056435  1.3243618623  1.4146135481  1.3330443448
  0.8999993821  0.8782884132  0.7992482298  0.6978194487  0.5415405087  0.4280871353  0.5029152861  0.4518398936  0.5961020900  0.4332271838  0.4703805078  0.5568058003  0.4515744530  0.4565266697  0.5975006772  0.6270694359  0.6313118077  0.7623628835  0.5148122623  0.4473003804  0.5454383802  0.6809337585  0.6301867084  0.6695568460  0.7328360214  0.6962661653  0.5468059356  0.4767595503  0.6250164759  0.5691518239  0.4934927501  0.4100943469  0.2889664638  0.3020130933  0.2840246505  0.2566288409  0.3288993400  0.2444785416  0.1852596967  0.1929644716  0.2507812172  0.2710397010  0.3203073617  0.4112172021  0.3693056690  0.3155712368  0.2912054473  0.2947375569  0.2609164755  0.2415048995  0.3263466470  0.3748792058  0.4304116115  0.3821470620  0.3943508397  0.4560043162  0.5077435490  0.5577257075  0.8559257600  1.2593628357  1.6820252500  1.7480693131  1.2332176063  0.8006286934  0.6059428616  0.6347806101  1.1445698361  1.3608704996  2.6086848275  2.1167914721  2.1138908347  1.6551288999  1.0012970107  0.6420709356  0.4396647233  0.4434050987  0.5329991164  0.6576165613  0.7321824935  0.6690705985  0.7759024311  1.2865348431  1.1189885818  0.8017431312  0.7075307355  1.0614923651  1.4980089926  1.6944972073  1.3363080982  1.0952793059  0.9553815658  0.8323399777  0.8721185033  0.7908039464  0.6100945742  1.2653333837  1.7290464863  1.1788876833  1.0823618969  1.0663791107  1.0999112903  1.3730783126  1.8411147592  2.5689601403  3.0366660803  3.7382416551  4.4024143760  4.2207813450  3.8113187214  3.2367899287  2.4697287150  2.1753534641  1.4826062206  1.3890925564  1.3485283823  1.7172792926  1.7547537854  1.6127154436  1.7137653257  1.4078584405  1.3950248962  1.6791255378  1.6231767057  1.1842139542  1.2150250755  1.0065898343  0.9456066240  0.9773448539  0.8210031965  0.8357355898  0.9679035178  0.9494749398  0.9105425107  0.8974464383  0.8216784711  0.9732702847  0.7575895599  0.6123636131  0.6375455989  0.5628255714  0.7228766565  0.5164150277  0.5116282888  0.5737828201  0.5674273349  0.7597414213  0.6542961298  0.6705047643  1.0319905417  1.2878656336  1.3741303720  1.4861895230  1.4301694678  1.5257900054  2.3301825458  2.8494399790  2.0988701488  2.5121670808  3.0183376392  3.0741837116  2.1483783283  1.4611212808  1.1532384055  0.9474659010  1.2201513751  1.0976677135  1.0109425306  1.3436734965  1.1702766113  1.3021361497  1.1150474652  1.1467982546  0.9469269652  0.8842778182  1.0352707432  1.2756205136  1.6979750483  2.4837214132  2.8274733814  3.1680092387  2.6154216121  2.3391132577  2.5552643359  2.6091667991  2.7087790453  2.7504862099  2.7898429059  3.4590970933  1.8816109200  0.9575160590  0.9570619469  1.2539480280  1.4097121493  1.0749973103  1.1023963384  0.8448869793  1.1069369720  1.1921222016  1.2132176515  1.1131822470  0.8609402638
  0.7442617021  0.7254264701  0.9316737406  0.5904534387  0.4766297151  0.5660881408  0.5630232486  0.6393599517  0.5905384468  0.3661702737  0.4058400758  0.3782800329  0.4247857411  0.4451938451  0.4253927023  0.4806564931  0.5986893061  0.4800900866  0.4105142002  0.4248058345  0.4900886125  0.5063490168  0.6372395720  0.6242604401  0.5565285577  0.4866221122  0.7191300721  0.5421395475  0.4130032058  0.3934566430  0.3327701888  0.2970338747  0.2679286224  0.2891797894  0.2645229838  0.3319129480  0.2710256200  0.2445723228  0.2147456215  0.2362223340  0.2436872603  0.3476723547  0.3371621627  0.3879160516  0.2930837214  0.2568199848  0.3091178922  0.2546212368  0.2891227729  0.2772384121  0.2890738236  0.3138800439  0.3290091852  0.2756570509  0.2923505947  0.4075180832  0.4459452230  0.9801101236  1.2610150903  1.6502516614  1.3441547970  0.9814135286  0.8339362772  0.6939612260  0.7190990349  1.2023484910  1.4901261396  2.6640855358  2.7617181192  2.2803518875  1.5586067130  1.0259987543  0.8595633589  0.5438869285  0.5898089974  0.6318419441  0.7074176013  0.8911606117  0.8358425592  1.0077652764  1.2972460704  1.1130925950  0.6483364983  0.5280785866  0.7185681920  1.0979678064  1.3241419849  1.1717846963  0.8613900693  0.9973438808  0.8840829236  0.7623678915  0.6779916078  0.7351413145  1.0481212093  1.4069750090  1.1590716567  1.3524863486  1.0821899090  1.1290670560  1.5830719258  2.0603401793  2.9053828422  3.3372944718  3.9499266264  4.8138219829  4.1535255552  3.3127505077  3.5837901367  2.4857898692  1.9415107834  1.3644080717  1.2953078682  1.2395852013  1.2668111133  1.4489304312  1.2497391311  1.7336146023  1.7861834748  1.4690976867  1.5635813205  1.3151950032  1.2066302603  1.2388407611  1.1925238146  1.2474682271  1.2378819929  1.2680266225  1.0460950458  1.0861818311  0.9394044300  0.8397640685  0.8853334119  1.0472080131  0.9426633842  0.8565862465  0.7972968095  0.9576549852  0.6075163357  0.6871712412  0.6818572665  0.7387675975  0.7341727508  0.9075299471  1.0103606817  0.8669514589  0.9465693065  1.3478589758  1.5684281207  1.6770099947  1.5169187954  1.3594516429  1.4578557112  1.7824212894  2.1797591020  1.7299075922  1.8391766811  1.9860115348  1.6712705036  1.3069068980  0.9335011397  1.0061345094  1.1169643357  1.1025566004  1.1169272259  1.1710131992  1.2286571938  0.9766232241  1.0348376010  0.9733565120  0.7496291200  0.8042972491  0.7457792902  0.8110976908  1.1848369438  1.9341763615  2.1204288005  2.5626683930  2.8314799926  2.7270718542  2.4432709367  2.8844284069  3.7059669424  3.4794897562  2.7100392555  2.4396716877  2.9030997942  2.1983132648  1.8970300790  1.1671782738  1.0014237021  1.0435156666  0.9065613464  0.9924574716  1.1507826003  1.2787144598  1.1630681921  1.2932903575  1.3277111647  0.9289217540  0.8796783528
  0.9544190671  0.8241284128  0.4810117224  0.4667744349  0.6040635919  0.4959503446  0.3978878076  0.3782940945  0.3196430113  0.3904466594  0.4101254695  0.4248861453  0.4838383199  0.3353619312  0.3601783568  0.4422074775  0.3913358514  0.3194838868  0.2790867680  0.3569888061  0.4737384847  0.5201990633  0.4956246829  0.3730107661  0.4483944021  0.7432196549  0.5491544745  0.3054798725  0.2359097731  0.2569965707  0.2813593458  0.2348167866  0.2535108218  0.3385323418  0.3394703824  0.2880250815  0.2509711992  0.2561855304  0.2229809653  0.2140490416  0.2652918925  0.2936499653  0.2543933219  0.2648700241  0.3410652859  0.3282628369  0.3319285857  0.2589294896  0.1938401363  0.2331295152  0.3114902129  0.2554196949  0.2174929186  0.2510439762  0.2903024667  0.4642441384  0.9249631148  1.2199048969  1.0932456745  1.0350594634  0.9418319605  0.8023663240  0.7001626214  0.7961886701  1.5590741968  1.9217815781  2.2364180593  3.2926299210  1.9017652596  1.6171472486  1.3291331983  0.9859314916  0.6173631606  0.5510491637  0.6916463644  0.9121436660  1.1843155047  1.1960709467  1.2626586305  1.1785454249  1.1501111448  0.7152846844  0.5236553083  0.5048344451  0.9295677243  1.1652740842  1.4716793888  1.2388052017  1.0878154070  0.9313783223  0.7703797898  0.8315597553  0.7291294445  1.0322908936  1.1381635287  1.1312145877  1.4267244641  1.3258888806  1.4087375561  1.5174851254  1.7208036377  2.3488736523  4.5731416761  6.2160033797  7.7658509541  5.0462324113  3.3136733658  3.0098890951  2.5885356924  1.9025733936  1.2992067077  1.0574940083  1.1897552099  1.5209226518  1.3707484640  1.3413333683  1.2545750016  1.3532979606  1.5215442643  1.2042054913  1.2134257579  1.0331575695  1.1416200303  1.0841461345  1.3811257835  1.1591252054  1.1063215543  1.2122872101  1.2283277314  1.0582790245  0.9870039477  1.2385144049  1.5963640902  1.2075830525  1.2170970431  1.2423867880  1.1056703654  0.9333581447  0.7767800750  0.9798495592  0.8332948218  1.0153612500  1.0451418046  0.8232819936  1.0487877642  1.2747157834  1.3503873160  1.7828165844  2.1061717805  2.2545701197  1.9922625605  1.6899242451  2.0526680626  1.5659440200  1.3528975301  1.2180448341  1.1472330434  1.0336356557  0.8652918754  0.9786877634  1.0478907922  0.9945262385  1.0723691573  1.3553815196  1.1368603354  1.0478375267  0.7912548496  0.9254211850  0.7869418065  0.7901391942  0.9444648040  0.7953346113  0.8484007157  1.1392332418  1.3260662577  2.0649210078  2.1443562751  2.1372670943  2.2322382892  2.6988558674  3.2190894063  3.3238101750  3.5532479562  2.8356341963  2.2667021036  2.6197120709  2.4504957433  2.6127190775  1.3952706109  0.9265990077  0.8391214290  0.9958215318  0.8809489016  1.2915514850  1.4337176295  1.2784526708  1.4079128880  1.4119033872  1.1774781120  0.8915284027  0.8993833842
  0.7258834782  0.4875963733  0.4316113102  0.5878204725  0.3562749739  0.2579629597  0.2157436301  0.2323119841  0.3670006936  0.2811200931  0.3997632319  0.4487058431  0.3123265092  0.3482536646  0.2982546576  0.3355312358  0.2740898046  0.2760202374  0.4610495300  0.5838017088  0.5883053978  0.5250936874  0.5327123388  0.5507104660  0.6630533458  0.5198061902  0.2996444465  0.2699607278  0.2442680878  0.3455989293  0.3774150791  0.3877372910  0.4231940051  0.2973598583  0.2750100457  0.2332400734  0.2596620752  0.2137194869  0.1634427710  0.1958085426  0.2302145521  0.2237539144  0.2600489536  0.3168601265  0.2889553929  0.2603962498  0.2600237436  0.2178165284  0.2611329023  0.2558064485  0.2403745032  0.2471194767  0.3228282919  0.4211207356  0.6446450244  0.8591590567  1.0732433579  1.0794941996  0.7569523657  0.7175552761  0.7505541050  0.8383608852  0.7430864258  1.5036412338  2.0101019894  2.2946327819  2.1970026221  1.7127950445  1.6543323100  1.4479120901  1.1428805695  0.6574269484  0.6749414517  0.6839089129  1.3762863265  1.3564970369  1.3190581478  1.2963060799  1.0764087279  1.1041383958  1.1288999861  0.7566272875  0.6233763872  0.9029577794  1.1755015639  1.2307210822  1.5230408029  1.6650186169  1.2502017371  1.2869873769  1.4099846399  1.1507413913  0.9752196326  0.9131968307  1.3549037242  1.3925873509  1.7425498609  1.9138753236  1.7566601660  2.1613790263  3.0683117960  4.8882578614  5.0753156805  7.1077781115  6.0600940952  3.8604737136  3.6855650855  2.3825617646  1.6608199080  1.1004107627  0.8983683703  1.0509301487  1.1435679543  1.4455481450  1.1896433140  0.9609352605  1.2711648562  1.0811911357  1.1622032942  1.0665300565  1.0839988690  1.2758698640  1.4308721282  1.5332268026  1.4922181025  1.0370822494  1.0539217178  1.5327065203  1.2735497046  1.7131806396  1.7344957430  1.7208460455  1.6029047436  1.4557463985  1.4895466388  1.1013293894  1.0711583731  0.8180193901  0.7089577553  0.7241618591  0.8751531354  0.8267410962  0.9127613403  1.2252783969  1.2361453913  1.2369899487  1.7217420954  2.2987181831  2.1678919936  2.2169258732  2.2899149693  2.8161817515  2.3071575723  1.5201978114  1.1869860525  0.9077618462  0.9847878819  0.8664819070  0.9210224122  0.8616122847  0.8357306551  1.1312218908  1.0508101682  0.8689191185  0.8427771465  0.7103009283  0.6985922961  0.5913357762  0.9738633910  1.3388954654  1.0370386416  0.9423595665  1.0576311936  1.5599635914  1.9373338559  1.5543920562  1.6501778257  1.9371840323  2.0649348402  3.1920831378  3.4426232300  3.6368031106  3.0282202596  3.2238756552  2.7144824604  2.7995517232  2.0686529969  1.5060855780  1.0984786134  1.0272372286  1.0074892752  1.0903080178  1.3036088409  1.1685483349  1.3555645274  1.3762887051  1.0377462431  1.2503130380  1.1015613731  1.1440799769  1.0157944413
  0.6346346932  0.5702621983  0.5819242624  0.3194219380  0.2811390667  0.2385468132  0.2346672824  0.3484603350  0.3579293751  0.4460913343  0.4210622484  0.3801086356  0.2699667646  0.1970840854  0.2193443458  0.2878176875  0.3696826505  0.4214069345  0.5292350236  0.5310625869  0.4460931486  0.4207529551  0.4212065418  0.4069852557  0.5379173395  0.5298024556  0.5033638082  0.4748240038  0.6397609505  0.5614000246  0.5781261449  0.3995579280  0.3001215245  0.2819114429  0.1951653865  0.1416041485  0.1559737174  0.1665848041  0.1699238054  0.2011696543  0.1984877325  0.3063730530  0.2624868725  0.2423829552  0.2322471449  0.1625173797  0.1828032293  0.2545345838  0.3030506790  0.3459566827  0.3057394714  0.4400575059  0.6175053855  0.8504571320  1.2340388346  1.1062326417  1.0978184013  0.8641380052  0.5563381508  0.5442969246  0.6243544515  0.6724027823  0.9200038165  1.4660154693  1.5252158556  1.6735737893  1.6582687640  1.6531412131  1.5724134106  1.1489359516  0.8561516020  0.8067223165  0.9845053332  1.3677828832  2.2588225126  2.1691202579  1.5855579257  1.2836306788  1.6000768257  1.0888959879  1.0610156827  1.0246388137  1.2487946135  1.2036542264  1.3121661987  1.4145472834  1.6154908404  1.9528563702  2.0279262715  1.8186780938  1.4922907077  1.3079311807  1.2955661447  1.3370462071  1.8859377392  2.8965441843  2.7385382498  2.5090081591  2.8608228502  2.8381651728  3.2817531639  4.0212877448  5.0702749412  5.3554244070  4.6135358077  2.9816714613  1.8749443564  1.4838808812  1.6308203955  1.1359633281  0.9018935405  0.9530938361  1.1405717238  1.0578010611  1.0270365157  1.0606749952  1.3171151398  1.4880483563  1.4237925542  1.6197423576  1.4834217457  1.6778363070  2.0381992623  1.7630626184  1.2585222133  1.4392559234  1.5700408434  1.5594467975  2.4741407147  2.2060377397  2.5845836088  2.1480805275  1.8265189666  1.8080752217  1.8633438899  1.4013994761  0.7017908233  0.5458836013  0.6249534131  1.0120122824  1.1369752928  1.2097118407  1.4101186452  1.3558646083  1.2202937235  2.0384810955  2.7731363799  2.2796201688  2.0752479917  1.9327562372  2.2519716467  2.5287366467  2.1311701124  1.3014643343  1.2072825158  1.1916261364  0.8457015369  0.7461920292  0.7237951805  0.8913462808  1.1039422936  1.0629820937  1.0426301011  0.9750385988  0.8228535585  0.7042941427  0.6367196103  0.7425679362  0.9976505569  1.4511455844  1.0466076702  1.0759765069  1.4120791223  1.8569785368  1.7294946555  2.1089271379  1.9468811793  2.5020305040  3.5346224673  3.0832590041  2.3695018041  2.2356055561  2.4352902499  2.8828823340  3.1087927104  2.3294729199  1.6479608483  1.5965036508  1.1355775758  1.0868666310  1.3282772029  1.2010517584  1.3540649921  1.5548699774  1.4566054989  1.3405623722  1.5255196980  1.3879063883  1.3103622623  1.1840625997  0.8845469381
  0.6716758463  0.6271212612  0.3891562023  0.3492410043  0.3536401219  0.2619557149  0.3102719757  0.4449694778  0.4949487889  0.4574628208  0.2569048722  0.2241672668  0.1770066773  0.2217796032  0.2845278683  0.3362459914  0.3571413759  0.3718463864  0.3404011725  0.4637942138  0.3181132246  0.2925784782  0.4859558031  0.4813211539  0.4739476820  0.5510943138  0.8500488474  0.5803624566  0.5351188829  0.6798921293  0.4838811132  0.3078352346  0.2393294480  0.1838242224  0.1506583880  0.2007178076  0.1793666354  0.1287359263  0.1494534522  0.1772005007  0.2511182179  0.2792239834  0.2694324853  0.2523986724  0.1948736572  0.1861099532  0.2360220207  0.2558440062  0.3446771803  0.3970496203  0.4758694709  0.6050080607  0.8039737642  1.2728436817  0.9780142372  0.7879354615  0.6299816692  0.3842157632  0.3735413438  0.5730830906  0.8501668904  0.8431963881  1.1913506333  1.2748804610  1.6995467222  1.3810868774  1.4202571810  1.4378147910  1.2195722810  1.2779296130  1.3769256965  1.9130560839  2.2066674103  2.4619567333  1.7113963495  1.5399425242  1.5324659683  1.4563684912  1.1130015660  1.2074492322  1.4610920359  1.3641493252  1.3181928145  1.2607452706  1.2874391013  1.0257457192  1.4720451910  1.5570377376  1.4249641322  1.3318260018  1.4242995814  1.1748592895  1.2617154497  2.0510902241  3.2399599781  2.7565591740  2.3799422410  2.3194581242  2.0871404760  2.3346753852  3.3322984579  3.9937193831  3.1335156004  3.2615300322  2.2532860443  1.5055452711  1.5250986541  1.2682969583  1.0798489889  0.8962804200  0.9535698629  1.1378819712  1.2876951573  1.1191511910  1.4138669675  1.6155686476  1.3804658310  1.6718354822  1.7191200720  1.7304514095  2.1018547290  3.3155185807  2.5718399508  2.3660006967  2.2584132855  2.2249563263  2.2148284770  3.0307136173  3.6094865387  3.3433518758  2.6247396403  2.1000479700  1.7124307498  1.9858629521  1.2019211367  0.8639324082  0.6290405824  0.6281711057  1.1906362655  1.3336258143  1.2787293598  1.3426895655  1.3559207386  1.3296548976  1.6418564231  2.0408161458  1.6211876359  1.9483140810  2.3699144202  1.9588693196  2.4866607877  1.9252271159  1.7094173987  1.5982054594  1.3598334682  0.8370962831  0.8894043970  0.9381679338  0.9211430971  1.3966582714  1.2131351426  1.0458620636  0.9700002027  0.7250956421  0.8889200565  0.6629257907  0.6814194648  1.0374944437  1.2261502609  1.4930701092  1.4914183458  1.6059877761  1.7942668192  2.2586183147  1.9788803125  1.8930075773  2.2591373548  3.3288256663  2.5060691827  2.5322795286  2.3385944345  2.4945304070  3.6894076088  2.9688494532  2.5648744202  2.0025650392  1.6343951779  1.2915608355  1.2373063490  1.5515700794  2.0677921605  2.0741897668  1.5720156149  1.6907212447  1.6523004947  1.5513648821  1.3450354130  1.1835509899  0.8090068875  0.6805341921  0.5693238382
  0.5673406585  0.3546552993  0.3083351158  0.2983300243  0.2568640895  0.3102707638  0.2658586931  0.2711565974  0.3873497845  0.3449498816  0.2424555520  0.1613803148  0.1857270203  0.2530094269  0.2300503465  0.2324034347  0.2802962015  0.2597703859  0.3402668961  0.2611659108  0.2650944464  0.5540940053  0.4766065038  0.4801947717  0.6143257056  0.7982456370  0.6513160914  0.5645271767  0.6335933655  0.4752169713  0.5020134911  0.2609431225  0.1690240913  0.1612818890  0.2236390965  0.1973376101  0.1268989740  0.1380037118  0.1604487104  0.2490750297  0.3428870101  0.2421382849  0.2795796408  0.2836623366  0.2672421816  0.2907368804  0.2555582695  0.3324510916  0.5152145465  0.4996346067  0.5677198506  0.5998405347  0.6562594410  0.6014226374  0.5047594908  0.4512098650  0.3966099213  0.5911391371  0.6235204709  0.7251319175  0.8624019016  1.2168724252  1.4699725027  1.6766476245  1.4065343575  1.3891451785  1.3739301664  1.3603859839  1.3170879999  1.4807396253  1.7223792365  1.8657301414  2.4007331750  2.1570264583  2.1081154360  1.7703411685  1.3421513479  1.4927548219  1.5281943990  1.4137891373  1.6119323785  1.6816251514  1.4839879503  1.3559361619  0.9990029641  1.0037995334  1.2713636791  1.3847675112  1.5168908349  1.3339833201  1.4058768489  1.6431540580  1.9723076246  2.3485824342  2.2124036207  2.0015578246  1.7614592908  2.0567516357  2.3336342870  2.4450408472  2.9865684963  3.0876624859  2.1167015660  2.1038890969  1.4871120053  1.2382148803  1.0000895824  0.9732817843  0.9774899098  0.9765493935  1.0419685063  1.1917846975  1.4583221104  1.6649649655  1.3963613685  1.5813059486  1.6092102423  1.7997910180  1.9847481154  3.0541313433  3.9552410255  3.4062745295  2.8815282176  2.1826166190  3.2132534992  2.1319852467  2.5641782869  3.3389897616  3.0561580135  3.1140833294  2.8748557598  1.9673664987  1.6873162392  1.8004609736  1.2062134890  0.7491489117  1.0129633521  1.3533537166  1.3665047296  1.6944813603  1.4666113764  1.5834566546  1.6934495327  1.7186490168  1.4837139834  1.1382877893  1.7141172097  2.2136590379  2.1089911972  2.6000507948  2.4645052507  3.0454558790  2.3484845682  1.4678466720  1.1465421689  1.1181689191  0.9460055930  0.6816580173  0.7994047740  1.0151790978  1.1466448568  0.7755639200  0.5368079629  0.6779082597  0.7587522527  0.6479880097  0.8778403019  1.1168371002  0.9488254955  1.2858212659  1.2956282262  1.6782941685  2.1591281674  2.1231090856  1.8775143037  2.2853279806  2.9778565246  2.5647438892  2.4234141637  2.2822928281  2.7934536470  3.3269426767  2.2075637295  2.0438767545  1.5893234796  1.8604711872  1.3773633638  1.2623551793  1.5446738833  2.2476553661  2.4976304536  1.9292090653  1.9661750417  1.8472642666  1.5665787662  1.0718928837  0.8245396276  0.7735487059  0.5599453463  0.3803850882  0.3941438734
